1:           0.253765178  2.009361e-01 1.000000e-09 5.452987e-01 1           
2:           0.675653814  1.000000e-09 1.000000e-09 3.243462e-01 1           
3:           0.889840810  1.000000e-09 1.000000e-09 1.101592e-01 1           
4:           0.875738413  1.000000e-09 1.000000e-09 1.242616e-01 1           
5:           0.693670205  1.000000e-09 3.063298e-01 1.000000e-09 1           
6:           0.970278713  1.000000e-09 2.972128e-02 1.000000e-09 1           
7:           0.000000001  1.000000e-09 1.000000e-09 1.000000e+00 1           
8:           0.000000001  2.892793e-01 1.000000e-09 7.107207e-01 1           
9:           0.908186090  2.615104e-02 1.976971e-06 6.566089e-02 1           
10:          0.000000001  4.390155e-01 1.000000e-09 5.609845e-01 1           
11:          0.000000001  1.000000e+00 1.000000e-09 1.000000e-09 1           
12:          0.912385007  1.000000e-09 1.000000e-09 8.761499e-02 1           
13:          0.586247011  1.000000e-09 1.000000e-09 4.137530e-01 1           
14:          0.999999997  1.000000e-09 1.000000e-09 1.000000e-09 1           
15:          0.864622345  1.000000e-09 1.353777e-01 1.000000e-09 1           
16:          0.507291037  2.336813e-01 2.590277e-01 1.000000e-09 1           
17:          0.963883637  3.611636e-02 1.000000e-09 1.000000e-09 1           
18:          0.901950606  1.000000e-09 1.000000e-09 9.804939e-02 1           
19:          0.733795062  1.000000e-09 2.662049e-01 1.000000e-09 1           
20:          0.694279900  3.057201e-01 1.000000e-09 1.000000e-09 1           
21:          0.691436388  3.085636e-01 1.000000e-09 1.000000e-09 1           
22:          0.519636219  1.000000e-09 1.000000e-09 4.803638e-01 1           
23:          0.000000001  5.981311e-01 4.018689e-01 1.000000e-09 1           
24:          0.609906363  3.900936e-01 1.000000e-09 1.000000e-09 1           
25:          0.932652012  1.000000e-09 6.734799e-02 1.000000e-09 1           
26:          0.000000001  2.069333e-01 1.000000e-09 7.930667e-01 1           
27:          0.230980893  7.690191e-01 1.000000e-09 1.000000e-09 1           
28:          0.217758089  3.027870e-01 1.650572e-01 3.143977e-01 1           
29:          0.427950593  3.780392e-01 1.940102e-01 1.000000e-09 1           
30:          0.658378569  3.416214e-01 1.000000e-09 1.000000e-09 1           
31:          0.539172147  4.608279e-01 1.000000e-09 1.000000e-09 1           
32:          0.557764960  1.000000e-09 4.422350e-01 1.000000e-09 1           
33:          0.616820636  3.831794e-01 1.000000e-09 1.000000e-09 1           
34:          0.740015680  1.000000e-09 1.616087e-01 9.837559e-02 1           
35:          0.866625912  1.000000e-09 1.333741e-01 1.000000e-09 1           
36:          0.999999997  1.000000e-09 1.000000e-09 1.000000e-09 1           
37:          0.999999997  1.000000e-09 1.000000e-09 1.000000e-09 1           
38:          0.701418784  1.673279e-01 1.000000e-09 1.312533e-01 1           
39:          0.417638530  4.748618e-01 1.074997e-01 1.000000e-09 1           
40:          0.000000001  1.000000e-09 1.000000e+00 1.000000e-09 1           
41:          0.995149434  1.000000e-09 4.850564e-03 1.000000e-09 1           
42:          0.736250098  1.000000e-09 1.606294e-01 1.031205e-01 1           
43:          0.000000001  1.000000e+00 1.000000e-09 1.000000e-09 1           
44:          0.000000001  1.000000e+00 1.000000e-09 1.000000e-09 1           
45:          0.000000001  4.079907e-01 5.920093e-01 1.000000e-09 1           
46:          0.000000001  1.957662e-01 1.384104e-01 6.658234e-01 1           
47:          0.000000001  1.000000e+00 1.000000e-09 1.000000e-09 1           
48:          0.000000001  6.050869e-01 3.949131e-01 1.000000e-09 1           
49:          0.000000001  4.216391e-01 5.783609e-01 1.000000e-09 1           
50:          0.000000001  1.000000e+00 1.000000e-09 1.000000e-09 1           
51:          0.000000001  6.088503e-01 1.000000e-09 3.911497e-01 1           
52:          0.000000001  1.000000e+00 1.000000e-09 1.000000e-09 1           
53:          0.000000001  1.000000e+00 1.000000e-09 1.000000e-09 1           
54:          0.000000001  1.000000e+00 1.000000e-09 1.000000e-09 1           
55:          0.000000001  1.000000e+00 1.000000e-09 1.000000e-09 1           
56:          0.000000001  4.108938e-01 5.891062e-01 1.000000e-09 1           
57:          0.000000001  1.605598e-01 8.394402e-01 1.000000e-09 1           
58:          0.000000001  1.000000e-09 1.000000e-09 1.000000e+00 1           
59:          0.000000001  2.840576e-01 1.000000e-09 7.159424e-01 1           
60:          0.000000001  1.000000e-09 1.000000e-09 1.000000e+00 1           
61:          0.000000001  1.000000e-09 1.064500e-03 9.989355e-01 1           
62:          0.000000001  1.000000e-09 6.759903e-01 3.240097e-01 1           
63:          0.000000001  1.267634e-01 1.819382e-01 6.912984e-01 1           
64:          0.000000001  1.000000e-09 1.000000e-09 1.000000e+00 1           
65:          0.725845236  1.000000e-09 1.000000e-09 2.741548e-01 1           
66:          0.847303245  1.526968e-01 1.000000e-09 1.000000e-09 1           
67:          0.187146789  1.000000e-09 1.048285e-01 7.080247e-01 1           
68:          0.000000001  1.000000e-09 1.000000e-09 1.000000e+00 1           
69:          0.923603376  1.000000e-09 1.000000e-09 7.639662e-02 1           
70:          0.844019554  1.000000e-09 1.000000e-09 1.559804e-01 1           
71:          0.000000001  1.000000e-09 1.000000e+00 1.000000e-09 1           
72:          0.000000001  5.436398e-01 1.000000e-09 4.563602e-01 1           
73:          0.000000001  1.000000e-09 4.319851e-01 5.680149e-01 1           
74:          0.000000001  2.199217e-01 7.800783e-01 1.000000e-09 1           
75:          0.000000001  2.748353e-01 1.568216e-01 5.683431e-01 1           
76:          0.000000001  1.387953e-01 6.267668e-01 2.344379e-01 1           
77:          0.000000001  1.000000e-09 1.000000e+00 1.000000e-09 1           
78:          0.000000001  1.000000e-09 1.000000e+00 1.000000e-09 1           
79:          0.000000001  1.000000e-09 1.000000e-09 1.000000e+00 1           
80:          0.560047153  4.205859e-01 1.000000e-09 1.936698e-02 1           
81:          0.000000001  1.927792e-01 3.051827e-01 5.020381e-01 1           
82:          0.000000001  1.000000e-09 1.000000e-09 1.000000e+00 1           
83:          0.000000001  8.792763e-02 1.000000e-09 9.120724e-01 1           
84:          0.000000001  1.000000e-09 6.596708e-01 3.403292e-01 1           
85:          0.000000001  4.832705e-01 1.000000e-09 5.167295e-01 1           
86:          0.000000001  1.921746e-02 1.864064e-01 7.943762e-01 1           
87:          0.000000001  1.000000e-09 1.000000e+00 1.000000e-09 1           
88:          0.707793280  1.000000e-09 2.014423e-01 9.076447e-02 1           
89:          0.000000001  1.000000e-09 1.000000e-09 1.000000e+00 1           
90:          0.549893894  1.000000e-09 1.000000e-09 4.501061e-01 1           
91:          0.000000001  1.793166e-01 8.206834e-01 1.000000e-09 1           
92:          0.000000001  5.646181e-05 9.999435e-01 1.000000e-09 1           
93:          0.000000001  1.000000e-09 1.000000e+00 1.000000e-09 1           
94:          0.000000001  1.179741e-02 5.684610e-01 4.197416e-01 1           
95:          0.000000001  1.000000e-09 1.000000e+00 1.000000e-09 1           
96:          0.000000001  3.951152e-01 1.000000e-09 6.048848e-01 1           
97:          0.000000001  1.000000e-09 1.000000e+00 1.000000e-09 1           
98:          0.000000001  1.000000e-09 1.000000e-09 1.000000e+00 1           
99:          0.000000001  1.310565e-01 2.919231e-01 5.770204e-01 1           
100:         0.000000001  1.000000e-09 3.301809e-01 6.698191e-01 1           
101:         0.000000001  4.318538e-01 2.860781e-01 2.820680e-01 1           
102:         0.897787080  1.000000e-09 2.841220e-05 1.021845e-01 1           
103:         0.518548027  2.642603e-01 1.000000e-09 2.171916e-01 1           
104:         0.999999997  1.000000e-09 1.000000e-09 1.000000e-09 1           
105:         0.999999997  1.000000e-09 1.000000e-09 1.000000e-09 1           
106:         0.755381659  9.124765e-03 2.354936e-01 1.000000e-09 1           
107:         0.905992885  1.000000e-09 1.000000e-09 9.400711e-02 1           
108:         0.999999997  1.000000e-09 1.000000e-09 1.000000e-09 1           
109:         0.990381415  9.618583e-03 1.000000e-09 1.000000e-09 1           
110:         0.786892676  1.000000e-09 2.131073e-01 1.000000e-09 1           
111:         0.891021382  1.000000e-09 1.089786e-01 1.000000e-09 1           
112:         0.870001878  1.000000e-09 1.299981e-01 1.000000e-09 1           
113:         0.999999997  1.000000e-09 1.000000e-09 1.000000e-09 1           
114:         0.767790661  1.000000e-09 2.322093e-01 1.000000e-09 1           
115:         0.951313453  1.000000e-09 1.000000e-09 4.868654e-02 1           
116:         0.999999997  1.000000e-09 1.000000e-09 1.000000e-09 1           
117:         0.840855325  1.000000e-09 1.000000e-09 1.591447e-01 1           
118:         0.491436086  1.522727e-01 3.515846e-01 4.706613e-03 1           
119:         0.806972522  1.000000e-09 1.930275e-01 1.000000e-09 1           
120:         0.796746316  2.032537e-01 1.000000e-09 1.000000e-09 1           
121:         0.650442146  1.000000e-09 3.495579e-01 1.000000e-09 1           
122:         0.796260507  1.000000e-09 1.000000e-09 2.037395e-01 1           
123:         0.688090055  5.484711e-03 1.000000e-09 3.064252e-01 1           
124:         0.771258146  1.000000e-09 1.532030e-01 7.553887e-02 1           
125:         0.908880079  1.000000e-09 1.000000e-09 9.111992e-02 1           
126:         0.821303104  1.000000e-09 1.000000e-09 1.786969e-01 1           
127:         0.999999997  1.000000e-09 1.000000e-09 1.000000e-09 1           
128:         0.767988154  2.320118e-01 1.000000e-09 1.000000e-09 1           
129:         0.999999997  1.000000e-09 1.000000e-09 1.000000e-09 1           
130:         0.999999997  1.000000e-09 1.000000e-09 1.000000e-09 1           
131:         0.000000001  1.000000e+00 1.000000e-09 1.000000e-09 1           
132:         0.000000001  1.000000e-09 1.000000e-09 1.000000e+00 1           
133:         0.000000001  1.000000e-09 1.000000e-09 1.000000e+00 1           
134:         0.000000001  1.000000e-09 9.999876e-01 1.239952e-05 1           
135:         0.000000001  1.000000e-09 2.627829e-01 7.372171e-01 1           
136:         0.000000001  1.000000e-09 1.000000e-09 1.000000e+00 1           
137:         0.000000001  7.124071e-01 2.719765e-01 1.561634e-02 1           
138:         0.000000001  2.234053e-09 1.000000e+00 1.000000e-09 1           
139:         0.000000001  1.000000e+00 1.000000e-09 1.000000e-09 1           
140:         0.000000001  1.000000e-09 1.000000e-09 1.000000e+00 1           
141:         0.000000001  2.276367e-01 3.785139e-01 3.938494e-01 1           
142:         0.215128681  1.000000e-09 7.848713e-01 1.000000e-09 1           
143:         0.000000001  1.000000e-09 2.522153e-01 7.477847e-01 1           
144:         0.000000001  1.000000e-09 2.437737e-01 7.562263e-01 1           
145:         0.000000001  1.000000e-09 1.000000e-09 1.000000e+00 1           
146:         0.000000001  5.637467e-01 2.345904e-05 4.362299e-01 1           
147:         0.000000001  2.793276e-01 3.127567e-01 4.079157e-01 1           
148:         0.000000001  1.000000e-09 1.000000e-09 1.000000e+00 1           
149:         0.000000001  1.000000e-09 7.048283e-01 2.951717e-01 1           
150:         0.318587528  1.000000e-09 3.426860e-01 3.387264e-01 1           
151:         0.000000001  3.598228e-01 1.000000e-09 6.401772e-01 1           
152:         0.000000001  2.871567e-01 7.128433e-01 2.291422e-08 1           
153:         0.000000001  1.000000e-09 1.000000e+00 1.000000e-09 1           
154:         0.000000001  1.000000e-09 1.000000e-09 1.000000e+00 1           
155:         0.000000001  4.571977e-01 1.000000e-09 5.428023e-01 1           
156:         0.129736695  3.131794e-01 5.570839e-01 1.000000e-09 1           
157:         0.000000001  2.342458e-01 7.058158e-01 5.993844e-02 1           
158:         0.000000001  1.000000e+00 1.000000e-09 1.000000e-09 1           
159:         0.297459752  1.000000e-09 1.000000e-09 7.025402e-01 1           
160:         0.000000001  6.512823e-01 1.000000e-09 3.487177e-01 1           
161:         0.000000001  1.000000e-09 1.000000e-09 1.000000e+00 1           
162:         0.000000001  1.000000e-09 1.000000e+00 1.000000e-09 1           
163:         0.015304520  8.076605e-02 4.359513e-01 4.679781e-01 1           
164:         0.000000001  1.000000e-09 2.794641e-01 7.205359e-01 1           
165:         0.150443785  1.000000e-09 4.126679e-01 4.368883e-01 1           
166:         0.000000001  1.000000e-09 3.777315e-01 6.222685e-01 1           
167:         0.000000001  1.000000e-09 1.000000e+00 1.000000e-09 1           
168:         0.000000001  9.243924e-02 4.834261e-01 4.241346e-01 1           
169:         0.000000001  1.000000e-09 1.000000e+00 1.000000e-09 1           
170:         0.000000001  1.000000e-09 7.786085e-01 2.213915e-01 1           
171:         0.000000001  1.000000e-09 1.000000e-09 1.000000e+00 1           
172:         0.000000001  1.000000e-09 1.000000e-09 1.000000e+00 1           
173:         0.000000001  5.015524e-01 4.984476e-01 1.000000e-09 1           
174:         0.000000001  1.000000e-09 1.000000e+00 1.000000e-09 1           
175:         0.000000001  1.000000e+00 1.000000e-09 1.000000e-09 1           
176:         0.000000001  7.719911e-01 1.000000e-09 2.280089e-01 1           
177:         0.000000001  1.000000e+00 1.000000e-09 1.000000e-09 1           
178:         0.000000001  1.000000e+00 1.000000e-09 1.000000e-09 1           
179:         0.000000001  1.000000e+00 1.000000e-09 1.000000e-09 1           
180:         0.000000001  1.000000e+00 1.000000e-09 1.000000e-09 1           
181:         0.000000001  1.000000e-09 1.000000e+00 1.000000e-09 1           
                 
                 
1:           3.574164e-01 2.461221e-01 0.000000001  3.964615e-01 1           
2:           1.000000e-09 1.000000e-09 0.999999997  1.000000e-09 1           
3:           5.516001e-01 1.000000e-09 0.448399917  1.000000e-09 1           
4:           1.000000e-09 1.000000e-09 0.999999997  1.000000e-09 1           
5:           4.601369e-01 2.408264e-01 0.299036746  1.000000e-09 1           
6:           6.383472e-01 1.000000e-09 0.361652844  1.000000e-09 1           
7:           1.000000e-09 1.000000e-09 0.999126295  8.737028e-04 1           
8:           1.000000e-09 5.174538e-01 0.000000001  4.825462e-01 1           
9:           7.536734e-01 1.000000e-09 0.246326646  1.000000e-09 1           
10:          1.713827e-02 5.004440e-01 0.000000001  4.824177e-01 1           
11:          1.000000e-09 1.000000e-09 0.000000001  1.000000e+00 1           
12:          6.369862e-01 1.000000e-09 0.363013750  1.000000e-09 1           
13:          8.758659e-01 1.000000e-09 0.124134064  1.000000e-09 1           
14:          5.807307e-01 1.000000e-09 0.419269323  1.000000e-09 1           
15:          2.652802e-01 1.000000e-09 0.622164397  1.125554e-01 1           
16:          1.000000e-09 1.000000e-09 0.712948630  2.870514e-01 1           
17:          1.000000e-09 1.000000e-09 0.999999997  1.000000e-09 1           
18:          5.185009e-01 1.000000e-09 0.481499132  1.000000e-09 1           
19:          1.137294e-01 1.214602e-01 0.764810340  1.000000e-09 1           
20:          8.138460e-01 1.000000e-09 0.000000001  1.861540e-01 1           
21:          1.504931e-01 2.789148e-02 0.702339223  1.192762e-01 1           
22:          5.416681e-01 4.563405e-01 0.001991415  1.000000e-09 1           
23:          1.000000e-09 2.520906e-01 0.437290699  3.106187e-01 1           
24:          1.000000e-09 1.000000e-09 0.820232355  1.797676e-01 1           
25:          4.767540e-02 1.000000e-09 0.952324596  1.000000e-09 1           
26:          1.000000e-09 1.000000e-09 0.000000001  1.000000e+00 1           
27:          3.726165e-02 1.000000e-09 0.453646393  5.090920e-01 1           
28:          1.000000e-09 1.103514e-01 0.336496892  5.531517e-01 1           
29:          1.432082e-01 1.230543e-01 0.445975527  2.877619e-01 1           
30:          6.672740e-01 1.000000e-09 0.000000001  3.327260e-01 1           
31:          3.417676e-01 1.000000e-09 0.541754079  1.164783e-01 1           
32:          5.482240e-01 4.517760e-01 0.000000001  1.000000e-09 1           
33:          1.000000e-09 1.000000e-09 0.571633446  4.283666e-01 1           
34:          3.291030e-01 1.472115e-01 0.523685474  1.000000e-09 1           
35:          1.000000e-09 1.000000e-09 0.999999997  1.000000e-09 1           
36:          3.514361e-01 1.000000e-09 0.648563915  1.000000e-09 1           
37:          1.000000e+00 1.000000e-09 0.000000001  1.000000e-09 1           
38:          1.000000e-09 2.357952e-01 0.764204832  1.000000e-09 1           
39:          3.346769e-01 1.000000e-09 0.008843638  6.564795e-01 1           
40:          1.000000e-09 1.000000e-09 0.999999997  1.000000e-09 1           
41:          5.166473e-01 1.000000e-09 0.483352668  1.000000e-09 1           
42:          2.807615e-01 1.000000e-09 0.479429446  2.398090e-01 1           
43:          1.000000e-09 1.000000e-09 0.000000001  1.000000e+00 1           
44:          1.000000e-09 1.000000e-09 0.000000001  1.000000e+00 1           
45:          1.000000e-09 1.000000e-09 0.000000001  1.000000e+00 1           
46:          1.000000e-09 2.802737e-05 0.099421062  9.005509e-01 1           
47:          1.000000e-09 1.000000e-09 0.962036050  3.796395e-02 1           
48:          1.000000e-09 4.694361e-01 0.530563854  1.000000e-09 1           
49:          1.000000e-09 6.172718e-01 0.000000001  3.827282e-01 1           
50:          1.000000e-09 1.000000e-09 0.000000001  1.000000e+00 1           
51:          1.000000e-09 6.242345e-01 0.000000001  3.757655e-01 1           
52:          1.000000e-09 1.000000e-09 0.000000001  1.000000e+00 1           
53:          1.000000e-09 2.634167e-01 0.000000001  7.365833e-01 1           
54:          1.000000e-09 1.000000e-09 0.000000001  1.000000e+00 1           
55:          1.000000e-09 1.000000e-09 0.000000001  1.000000e+00 1           
56:          1.000000e-09 1.000000e+00 0.000000001  1.000000e-09 1           
57:          1.000000e-09 6.889778e-01 0.000000001  3.110222e-01 1           
58:          1.000000e-09 1.000000e+00 0.000000001  1.000000e-09 1           
59:          1.000000e-09 1.000000e-09 0.000000001  1.000000e+00 1           
60:          1.000000e-09 1.000000e+00 0.000000001  1.000000e-09 1           
61:          1.000000e-09 1.000000e+00 0.000000001  1.000000e-09 1           
62:          1.000000e-09 4.285879e-01 0.000000001  5.714121e-01 1           
63:          1.000000e-09 5.115092e-01 0.000000001  4.884908e-01 1           
64:          1.000000e-09 5.769790e-01 0.000000001  4.230210e-01 1           
65:          1.000000e+00 1.000000e-09 0.000000001  1.000000e-09 1           
66:          1.000000e-09 1.000000e-09 0.999999997  1.000000e-09 1           
67:          1.000000e-09 8.213499e-01 0.178650127  1.000000e-09 1           
68:          1.000000e-09 1.000000e+00 0.000000001  1.000000e-09 1           
69:          2.426886e-01 5.818121e-02 0.699130181  1.000000e-09 1           
70:          5.731572e-01 1.189227e-01 0.307920065  1.000000e-09 1           
71:          1.000000e-09 2.729249e-01 0.000000001  7.270751e-01 1           
72:          1.000000e-09 3.495069e-01 0.000000001  6.504931e-01 1           
73:          1.000000e-09 5.689351e-01 0.000000001  4.310649e-01 1           
74:          1.000000e-09 4.265065e-01 0.000000001  5.734935e-01 1           
75:          1.000000e-09 5.035196e-01 0.000000001  4.964804e-01 1           
76:          1.000000e-09 2.675822e-01 0.000000001  7.324178e-01 1           
77:          1.000000e-09 3.667308e-01 0.000000001  6.332692e-01 1           
78:          1.000000e-09 2.676406e-03 0.162716120  8.346075e-01 1           
79:          1.000000e-09 6.341739e-01 0.000000001  3.658261e-01 1           
80:          7.033943e-01 1.000000e-09 0.000000001  2.966057e-01 1           
81:          1.000000e-09 4.471696e-01 0.000000001  5.528304e-01 1           
82:          1.000000e-09 1.000000e+00 0.000000001  1.000000e-09 1           
83:          1.000000e-09 5.362991e-02 0.000000001  9.463701e-01 1           
84:          1.000000e-09 1.000000e+00 0.000000001  1.000000e-09 1           
85:          1.000000e-09 3.473586e-01 0.000000001  6.526414e-01 1           
86:          1.000000e-09 6.589090e-01 0.000000001  3.410910e-01 1           
87:          1.000000e-09 6.108697e-01 0.180634313  2.084960e-01 1           
88:          5.608466e-02 1.000000e-09 0.697323318  2.465920e-01 1           
89:          1.000000e-09 1.000000e-09 0.000000001  1.000000e+00 1           
90:          4.536052e-01 1.348717e-01 0.411491763  3.136540e-05 1           
91:          5.952853e-02 1.102172e-01 0.000000001  8.302543e-01 1           
92:          1.000000e-09 1.814709e-01 0.000000001  8.185291e-01 1           
93:          1.000000e-09 4.014147e-01 0.000000001  5.985853e-01 1           
94:          1.000000e-09 6.246916e-01 0.000000001  3.753084e-01 1           
95:          1.000000e-09 4.821010e-01 0.151160184  3.667389e-01 1           
96:          1.000000e-09 4.442913e-01 0.000000001  5.557087e-01 1           
97:          1.000000e-09 2.094764e-01 0.000000001  7.905236e-01 1           
98:          1.000000e-09 1.000000e+00 0.000000001  1.000000e-09 1           
99:          1.000000e-09 4.945536e-01 0.000000001  5.054464e-01 1           
100:         1.000000e-09 5.095955e-01 0.000000001  4.904045e-01 1           
101:         8.123242e-02 2.834301e-01 0.000000001  6.353375e-01 1           
102:         1.000000e-09 1.045465e-01 0.895453465  1.000000e-09 1           
103:         2.534544e-01 1.000000e-09 0.450665368  2.958803e-01 1           
104:         1.000000e-09 1.000000e-09 0.999999997  1.000000e-09 1           
105:         2.661609e-01 1.000000e-09 0.733839120  1.000000e-09 1           
106:         8.180116e-02 1.000000e-09 0.780415674  1.377832e-01 1           
107:         2.964026e-01 7.369709e-02 0.629900323  1.000000e-09 1           
108:         2.945701e-01 1.000000e-09 0.705429897  1.000000e-09 1           
109:         1.888506e-01 1.000000e-09 0.811149448  1.000000e-09 1           
110:         1.709880e-01 7.091653e-02 0.758095465  1.000000e-09 1           
111:         1.000000e-09 1.000000e-09 0.999999997  1.000000e-09 1           
112:         1.000000e-09 8.962430e-02 0.910375696  1.000000e-09 1           
113:         2.807122e-01 1.000000e-09 0.719287819  1.000000e-09 1           
114:         3.193142e-02 2.491865e-01 0.718882057  1.000000e-09 1           
115:         1.956391e-01 1.000000e-09 0.804360856  1.000000e-09 1           
116:         2.973520e-01 1.000000e-09 0.702647951  1.000000e-09 1           
117:         1.000000e-09 1.000000e-09 0.999999997  1.000000e-09 1           
118:         1.000000e-09 1.271622e-01 0.531571411  3.412664e-01 1           
119:         1.000000e-09 1.000000e-09 0.999999997  1.000000e-09 1           
120:         1.000000e-09 1.000000e-09 0.999999997  1.000000e-09 1           
121:         1.000000e-09 1.000000e-09 0.809850502  1.901495e-01 1           
122:         2.469872e-01 4.354689e-02 0.709465930  1.000000e-09 1           
123:         7.828524e-01 1.554923e-01 0.000000001  6.165536e-02 1           
124:         1.000000e-09 1.583634e-01 0.841636577  1.000000e-09 1           
125:         2.676596e-01 2.958238e-02 0.702758051  1.000000e-09 1           
126:         1.000000e+00 1.000000e-09 0.000000001  1.000000e-09 1           
127:         1.000000e-09 1.000000e-09 0.999999997  1.000000e-09 1           
128:         6.716164e-01 1.000000e-09 0.157127092  1.712565e-01 1           
129:         7.768014e-01 1.000000e-09 0.223198644  1.000000e-09 1           
130:         1.000000e+00 1.000000e-09 0.000000001  1.000000e-09 1           
131:         1.439273e-01 1.000000e-09 0.000000001  8.560727e-01 1           
132:         1.000000e-09 1.000000e+00 0.000000001  1.000000e-09 1           
133:         1.000000e-09 1.000000e+00 0.000000001  1.000000e-09 1           
134:         2.456187e-01 7.543813e-01 0.000000001  1.000000e-09 1           
135:         1.000000e-09 6.624590e-01 0.000000001  3.375410e-01 1           
136:         1.000000e-09 1.000000e+00 0.000000001  1.000000e-09 1           
137:         1.000000e-09 1.000000e-09 0.000000001  1.000000e+00 1           
138:         1.000000e-09 1.980020e-01 0.000000001  8.019980e-01 1           
139:         1.000000e-09 1.000000e-09 0.000000001  1.000000e+00 1           
140:         1.000000e-09 2.742108e-02 0.493277983  4.793009e-01 1           
141:         1.000000e-09 5.480058e-01 0.000000001  4.519942e-01 1           
142:         1.000000e-09 4.006035e-01 0.413611862  1.857846e-01 1           
143:         2.131707e-01 4.995393e-01 0.000000001  2.872900e-01 1           
144:         1.000000e-09 1.000000e+00 0.000000001  1.000000e-09 1           
145:         1.000000e-09 7.756147e-01 0.224382241  3.082277e-06 1           
146:         1.000000e-09 1.000000e-09 0.000000001  1.000000e+00 1           
147:         1.000000e-09 1.000000e-09 0.000000001  1.000000e+00 1           
148:         4.728022e-01 8.072295e-05 0.000000001  5.271171e-01 1           
149:         1.000000e-09 4.438174e-01 0.000000001  5.561826e-01 1           
150:         1.000000e-09 7.296058e-01 0.270394174  1.000000e-09 1           
151:         7.318392e-01 2.681608e-01 0.000000001  1.000000e-09 1           
152:         1.192821e-01 2.489369e-01 0.000000001  6.317810e-01 1           
153:         1.000000e-09 1.000000e-09 0.000000001  1.000000e+00 1           
154:         1.000000e-09 5.496840e-02 0.000000001  9.450316e-01 1           
155:         1.000000e-09 3.915884e-01 0.000000001  6.084116e-01 1           
156:         1.000000e-09 1.000000e-09 0.153354005  8.466460e-01 1           
157:         1.000000e-09 6.799817e-01 0.241059295  7.895899e-02 1           
158:         1.000000e+00 1.000000e-09 0.000000001  1.000000e-09 1           
159:         1.000000e-09 7.252880e-01 0.274712012  1.000000e-09 1           
160:         1.000000e+00 1.000000e-09 0.000000001  1.000000e-09 1           
161:         1.000000e-09 1.000000e+00 0.000000001  1.000000e-09 1           
162:         1.000000e-09 3.354871e-01 0.000000001  6.645129e-01 1           
163:         2.124756e-02 5.919321e-01 0.143905756  2.429146e-01 1           
164:         1.000000e-09 8.024987e-01 0.000000001  1.975013e-01 1           
165:         1.000000e-09 8.991034e-01 0.100896612  1.000000e-09 1           
166:         1.000000e-09 1.000000e+00 0.000000001  1.000000e-09 1           
167:         9.692153e-02 5.608302e-01 0.000000001  3.422482e-01 1           
168:         1.000000e-09 7.640816e-01 0.000000001  2.359184e-01 1           
169:         1.000000e-09 1.000000e+00 0.000000001  1.000000e-09 1           
170:         1.000000e-09 1.000000e+00 0.000000001  1.000000e-09 1           
171:         1.000000e-09 1.000000e+00 0.000000001  1.000000e-09 1           
172:         5.928005e-01 1.000000e-09 0.000000001  4.071995e-01 1           
173:         1.000000e-09 1.000000e-09 0.000000001  1.000000e+00 1           
174:         2.044890e-01 7.955110e-01 0.000000001  1.000000e-09 1           
175:         1.000000e-09 1.000000e-09 0.000000001  1.000000e+00 1           
176:         1.000000e-09 1.000000e-09 0.000000001  1.000000e+00 1           
177:         1.000000e-09 1.000000e-09 0.000000001  1.000000e+00 1           
178:         1.000000e-09 1.000000e-09 0.000000001  1.000000e+00 1           
179:         1.000000e-09 1.000000e-09 0.000000001  1.000000e+00 1           
180:         1.000000e-09 1.000000e-09 0.000000001  1.000000e+00 1           
181:         5.902699e-07 7.312658e-01 0.268733603  1.000000e-09 1           
                 
                 
1:           0.0000000010 5.382905e-01 3.736140e-01 8.809544e-02 1           
2:           0.0000000010 1.000000e-09 1.000000e-09 1.000000e+00 1           
3:           0.0000000010 1.000000e-09 4.248811e-01 5.751189e-01 1           
4:           0.0000000010 3.171641e-02 1.000000e-09 9.682836e-01 1           
5:           0.1211614065 7.165797e-02 1.000000e-09 8.071806e-01 1           
6:           0.0000000010 1.000000e-09 2.618569e-01 7.381431e-01 1           
7:           0.0000000010 1.000000e+00 1.000000e-09 1.000000e-09 1           
8:           0.5657365467 1.002249e-09 4.342635e-01 1.000000e-09 1           
9:           0.1193146690 1.000630e-09 1.000000e-09 8.806853e-01 1           
10:          0.3453204097 1.000000e-09 6.546796e-01 1.000000e-09 1           
11:          0.8264450774 1.000000e-09 1.735549e-01 1.000000e-09 1           
12:          0.0000000010 3.179477e-04 4.004492e-01 5.992328e-01 1           
13:          0.0000000010 1.000000e-09 4.403351e-01 5.596649e-01 1           
14:          0.0000000010 1.000000e-09 3.007414e-01 6.992586e-01 1           
15:          0.1194733888 1.000000e-09 1.000000e-09 8.805266e-01 1           
16:          0.1394877106 1.000000e-09 4.479430e-01 4.125692e-01 1           
17:          0.0000000010 1.000000e-09 1.000000e-09 1.000000e+00 1           
18:          0.0000000010 1.000000e-09 2.437453e-01 7.562547e-01 1           
19:          0.2145790143 1.000000e-09 1.000000e-09 7.854210e-01 1           
20:          0.0000000010 2.275693e-01 2.240110e-01 5.484197e-01 1           
21:          0.0000000010 7.078631e-02 1.000000e-09 9.292137e-01 1           
22:          0.0000000010 5.767241e-01 1.000000e-09 4.232759e-01 1           
23:          0.0000000010 1.000000e-09 6.906901e-01 3.093099e-01 1           
24:          0.3183184774 1.000000e-09 1.000000e-09 6.816815e-01 1           
25:          0.0000000010 1.000000e-09 1.000000e-09 1.000000e+00 1           
26:          0.0000000010 7.223574e-01 2.776426e-01 1.000000e-09 1           
27:          0.0000000010 1.000000e-09 1.000000e+00 1.000000e-09 1           
28:          0.5297474901 1.910958e-01 1.000000e-09 2.791567e-01 1           
29:          0.0422821335 2.911528e-01 2.330218e-01 4.335432e-01 1           
30:          0.4141029749 1.000000e-09 1.000000e-09 5.858970e-01 1           
31:          0.1138819441 1.407784e-01 1.000000e-09 7.453396e-01 1           
32:          0.0000000010 1.653267e-01 1.856305e-01 6.490428e-01 1           
33:          0.1395462054 1.000000e-09 3.605820e-01 4.998718e-01 1           
34:          0.0000000010 1.000000e-09 6.955213e-01 3.044787e-01 1           
35:          0.0529263214 1.000000e-09 1.000000e-09 9.470737e-01 1           
36:          0.0000000010 1.000000e-09 1.000000e-09 1.000000e+00 1           
37:          0.0000000010 1.000000e-09 3.601926e-01 6.398074e-01 1           
38:          0.1268698334 2.493904e-02 1.000000e-09 8.481911e-01 1           
39:          0.5730065259 1.000000e-09 1.000000e-09 4.269935e-01 1           
40:          0.9999939688 1.000000e-09 1.000000e-09 6.029156e-06 1           
41:          0.0001335491 1.000000e-09 8.705920e-02 9.128073e-01 1           
42:          0.1645049192 1.000000e-09 3.777007e-01 4.577944e-01 1           
43:          0.9999999970 1.000000e-09 1.000000e-09 1.000000e-09 1           
44:          0.5103613309 1.000000e-09 4.896387e-01 1.000000e-09 1           
45:          0.9999999970 1.000000e-09 1.000000e-09 1.000000e-09 1           
46:          0.1340645916 1.000000e-09 8.659354e-01 1.000000e-09 1           
47:          0.0000000010 1.000000e-09 1.000000e-09 1.000000e+00 1           
48:          0.0000000010 7.227088e-01 1.000000e-09 2.772912e-01 1           
49:          0.9999999970 1.000000e-09 1.000000e-09 1.000000e-09 1           
50:          0.9999999970 1.000000e-09 1.000000e-09 1.000000e-09 1           
51:          0.3591595734 3.998779e-01 2.409625e-01 1.000000e-09 1           
52:          0.3417396432 3.546632e-01 3.035971e-01 1.000000e-09 1           
53:          0.2306272928 3.172497e-01 4.521230e-01 1.000000e-09 1           
54:          0.9999999970 1.000000e-09 1.000000e-09 1.000000e-09 1           
55:          0.4442575495 1.000000e-09 5.557424e-01 1.000000e-09 1           
56:          0.6279550007 1.000000e-09 3.720450e-01 1.000000e-09 1           
57:          0.0000000010 1.000000e-09 3.085405e-01 6.914594e-01 1           
58:          0.0000000010 1.000000e+00 1.000000e-09 1.000000e-09 1           
59:          0.2113220400 7.886780e-01 1.000000e-09 1.000000e-09 1           
60:          0.0000000010 1.000000e+00 1.000000e-09 1.000000e-09 1           
61:          0.0000000010 1.000000e+00 1.000000e-09 1.000000e-09 1           
62:          0.5941178272 4.058822e-01 1.000000e-09 1.000000e-09 1           
63:          0.4221102571 5.778897e-01 1.042177e-09 1.000000e-09 1           
64:          0.3374818413 6.625182e-01 1.000000e-09 1.000000e-09 1           
65:          0.0000000010 1.000000e-09 1.000000e+00 1.000000e-09 1           
66:          0.3020799676 1.000000e-09 1.000000e-09 6.979200e-01 1           
67:          0.0000000010 7.995277e-01 1.000000e-09 2.004723e-01 1           
68:          0.7135384012 2.864616e-01 1.000000e-09 1.000000e-09 1           
69:          0.0000000010 1.000000e-09 2.445025e-01 7.554975e-01 1           
70:          0.0000000010 2.078263e-02 2.450536e-01 7.341638e-01 1           
71:          0.7578300809 2.421699e-01 1.000000e-09 1.000000e-09 1           
72:          0.6737851920 3.262148e-01 1.000000e-09 1.000000e-09 1           
73:          0.2882945883 7.117054e-01 1.000000e-09 1.000000e-09 1           
74:          0.4641001270 5.358999e-01 1.000000e-09 1.000000e-09 1           
75:          0.4300553966 5.699446e-01 1.000000e-09 1.000000e-09 1           
76:          0.6048203421 3.951797e-01 1.000000e-09 1.000000e-09 1           
77:          0.6785066550 3.214933e-01 1.000000e-09 1.000000e-09 1           
78:          0.7457463222 2.542537e-01 1.000000e-09 1.000000e-09 1           
79:          0.3570175487 6.429824e-01 1.000000e-09 1.000000e-09 1           
80:          0.0000000010 1.000000e-09 6.983751e-01 3.016249e-01 1           
81:          0.2742841146 7.257159e-01 1.000000e-09 1.000000e-09 1           
82:          0.0000000010 1.000000e+00 1.000000e-09 1.000000e-09 1           
83:          0.9999999970 1.000000e-09 1.000000e-09 1.000000e-09 1           
84:          0.0000000010 1.000000e+00 1.000000e-09 1.000000e-09 1           
85:          0.5907952101 2.195851e-01 1.896197e-01 1.000000e-09 1           
86:          0.0000000010 1.000000e+00 1.000000e-09 1.000000e-09 1           
87:          0.0000000010 1.000000e+00 1.000000e-09 1.000000e-09 1           
88:          0.1195510851 8.255748e-02 1.000000e-09 7.978914e-01 1           
89:          0.3905426650 6.094573e-01 1.000000e-09 1.000000e-09 1           
90:          0.0000000010 4.373301e-01 1.000000e-09 5.626699e-01 1           
91:          0.9999999970 1.000000e-09 1.000000e-09 1.000000e-09 1           
92:          0.7711926494 2.288073e-01 1.000000e-09 1.000000e-09 1           
93:          0.5294012567 4.705987e-01 1.000000e-09 1.000000e-09 1           
94:          0.5407120926 3.140284e-01 1.452595e-01 1.000000e-09 1           
95:          0.5604810036 4.395190e-01 1.000000e-09 1.000000e-09 1           
96:          0.2639762754 7.360237e-01 1.000000e-09 1.000000e-09 1           
97:          0.7827229658 2.172770e-01 1.000000e-09 1.000000e-09 1           
98:          0.0000000010 7.451998e-01 2.548002e-01 1.000000e-09 1           
99:          0.4001290817 5.998709e-01 1.000000e-09 1.000000e-09 1           
100:         0.3673013061 6.326987e-01 1.000000e-09 1.000000e-09 1           
101:         0.5306286769 1.406020e-01 3.287693e-01 1.000000e-09 1           
102:         0.0000000010 1.001072e-09 2.337071e-01 7.662929e-01 1           
103:         0.0000000010 1.000000e-09 6.522583e-01 3.477417e-01 1           
104:         0.0000000010 1.000000e-09 1.000000e-09 1.000000e+00 1           
105:         0.0000000010 1.000000e-09 1.000000e-09 1.000000e+00 1           
106:         0.0378487294 1.000000e-09 2.264507e-01 7.357005e-01 1           
107:         0.0000000010 1.000000e-09 1.000000e-09 1.000000e+00 1           
108:         0.0032738808 1.000000e-09 1.000000e-09 9.967261e-01 1           
109:         0.0000000010 1.000000e-09 1.000000e-09 1.000000e+00 1           
110:         0.1198021969 1.000000e-09 3.397165e-02 8.462262e-01 1           
111:         0.0000000010 1.000000e-09 1.000000e-09 1.000000e+00 1           
112:         0.1419398177 1.000000e-09 1.000000e-09 8.580602e-01 1           
113:         0.0000000010 1.000000e-09 1.000000e-09 1.000000e+00 1           
114:         0.0000000010 1.000000e-09 1.865678e-01 8.134322e-01 1           
115:         0.0000000010 1.000000e-09 1.000000e-09 1.000000e+00 1           
116:         0.0000000010 5.753718e-02 1.000000e-09 9.424628e-01 1           
117:         0.0000000010 3.355131e-02 1.000000e-09 9.664487e-01 1           
118:         0.4258502457 1.000000e-09 1.669317e-01 4.072180e-01 1           
119:         0.1317007676 1.000000e-09 1.000000e-09 8.682992e-01 1           
120:         0.0000000010 1.000000e-09 1.000000e-09 1.000000e+00 1           
121:         0.3175560804 1.000000e-09 1.000000e-09 6.824439e-01 1           
122:         0.0000000010 1.000000e-09 5.192708e-01 4.807292e-01 1           
123:         0.0000000010 1.000000e-09 1.000000e+00 1.000000e-09 1           
124:         0.0000000010 1.679354e-01 2.265617e-01 6.055029e-01 1           
125:         0.0000000010 6.512396e-03 2.059639e-01 7.875237e-01 1           
126:         0.0000000010 1.000000e-09 1.000000e+00 1.000000e-09 1           
127:         0.0000000010 1.000000e-09 1.000000e-09 1.000000e+00 1           
128:         0.0000000010 1.000000e-09 5.305766e-01 4.694234e-01 1           
129:         0.0000000010 1.000000e-09 3.053080e-01 6.946920e-01 1           
130:         0.0000000010 1.000000e-09 6.678520e-01 3.321480e-01 1           
131:         0.7255182974 1.000000e-09 2.744817e-01 1.000000e-09 1           
132:         0.0000000010 5.634994e-01 4.365006e-01 1.000000e-09 1           
133:         0.0000000010 1.000000e+00 1.000000e-09 1.000000e-09 1           
134:         0.0000000010 5.788168e-01 4.211832e-01 1.000000e-09 1           
135:         0.3096715680 6.903284e-01 1.000000e-09 1.000000e-09 1           
136:         0.4960685938 3.599952e-01 1.439362e-01 1.000000e-09 1           
137:         0.2885454479 7.114546e-01 1.000000e-09 1.000000e-09 1           
138:         0.8779872196 2.002835e-02 1.019844e-01 1.000000e-09 1           
139:         0.9999999970 1.000000e-09 1.000000e-09 1.000000e-09 1           
140:         0.6276671430 7.131873e-02 3.010141e-01 1.000000e-09 1           
141:         0.2659166663 7.340833e-01 1.000000e-09 1.000000e-09 1           
142:         0.8251144860 1.000000e-09 1.000000e-09 1.748855e-01 1           
143:         0.0000000010 9.155291e-01 8.447090e-02 1.000000e-09 1           
144:         0.0000000010 1.000000e-09 1.000000e+00 1.000000e-09 1           
145:         0.7167558039 2.832442e-01 1.000000e-09 1.000000e-09 1           
146:         0.0000000010 1.000000e-09 1.000000e+00 1.000000e-09 1           
147:         0.5456820230 4.543180e-01 1.000000e-09 1.000000e-09 1           
148:         0.0000000010 8.611190e-01 1.388810e-01 1.000000e-09 1           
149:         0.0000000010 1.000000e+00 1.000000e-09 1.000000e-09 1           
150:         0.0000000010 7.263469e-01 1.000000e-09 2.736531e-01 1           
151:         0.3746247006 1.000000e-09 6.253753e-01 1.000000e-09 1           
152:         0.4956360472 1.000000e-09 5.043640e-01 1.000000e-09 1           
153:         0.9999999970 1.000000e-09 1.000000e-09 1.000000e-09 1           
154:         0.6097946731 3.902053e-01 1.000000e-09 1.000000e-09 1           
155:         0.9999999970 1.000000e-09 1.000000e-09 1.000000e-09 1           
156:         0.8319691393 1.000000e-09 1.680309e-01 1.000000e-09 1           
157:         0.5551842819 3.467854e-01 1.000000e-09 9.803035e-02 1           
158:         0.0000000010 5.301084e-01 4.698916e-01 1.000000e-09 1           
159:         0.1984528815 1.610126e-01 3.467777e-01 2.937567e-01 1           
160:         0.0000000010 1.000000e-09 1.000000e+00 1.000000e-09 1           
161:         0.0000000010 1.000000e+00 1.000000e-09 1.000000e-09 1           
162:         0.9999999970 1.000000e-09 1.000000e-09 1.000000e-09 1           
163:         0.4494354618 2.688154e-01 2.817491e-01 1.000000e-09 1           
164:         0.0913451790 4.605932e-01 4.480616e-01 1.000000e-09 1           
165:         0.0000000010 8.569289e-01 1.000000e-09 1.430711e-01 1           
166:         0.3639458741 3.514135e-01 2.846407e-01 1.000000e-09 1           
167:         0.2667614255 7.332386e-01 1.000000e-09 1.000000e-09 1           
168:         0.9999999970 1.000000e-09 1.000000e-09 1.000000e-09 1           
169:         0.0000000010 8.021292e-01 1.978708e-01 1.000000e-09 1           
170:         0.0000000010 3.186520e-01 6.813480e-01 1.000000e-09 1           
171:         0.6582205976 1.000000e-09 3.417794e-01 1.000000e-09 1           
172:         0.0000000010 7.569579e-01 2.430421e-01 1.000000e-09 1           
173:         0.9999999970 1.000000e-09 1.000000e-09 1.000000e-09 1           
174:         0.6043194547 2.054079e-01 1.902727e-01 1.000000e-09 1           
175:         0.9999999970 1.000000e-09 1.000000e-09 1.000000e-09 1           
176:         0.9999999970 1.000000e-09 1.000000e-09 1.000000e-09 1           
177:         0.4146059481 1.000000e-09 5.853940e-01 1.000000e-09 1           
178:         0.7237063193 1.000000e-09 2.762937e-01 1.000000e-09 1           
179:         0.0000000010 1.000000e-09 1.000000e+00 1.000000e-09 1           
180:         0.9999999970 1.000000e-09 1.000000e-09 1.000000e-09 1           
181:         0.0000000010 1.000000e-09 1.000000e+00 1.000000e-09 1           
                 
                 
1:           1.000000e-09 0.290517925  3.134384e-01 3.960437e-01 1           
2:           2.459778e-01 0.754022177  1.000000e-09 1.000000e-09 1           
3:           1.000000e-09 0.848415412  1.515846e-01 1.000000e-09 1           
4:           1.000000e-09 0.914212368  8.578763e-02 1.000000e-09 1           
5:           4.968130e-02 0.747258052  2.030606e-01 1.000000e-09 1           
6:           5.526982e-02 0.944730180  1.000000e-09 1.000000e-09 1           
7:           1.000000e-09 0.000000001  1.000000e-09 1.000000e+00 1           
8:           5.528672e-01 0.000000001  1.000000e-09 4.471328e-01 1           
9:           5.071838e-02 0.894614081  5.466754e-02 1.000000e-09 1           
10:          4.614617e-01 0.000000001  1.000000e-09 5.385383e-01 1           
11:          1.000000e-09 0.000000001  1.958891e-01 8.041109e-01 1           
12:          2.024099e-01 0.797590082  1.000000e-09 1.000000e-09 1           
13:          4.762177e-01 0.523782338  1.000000e-09 1.000000e-09 1           
14:          1.000000e-09 0.999999997  1.000000e-09 1.000000e-09 1           
15:          1.000000e-09 0.835598301  1.644017e-01 1.000000e-09 1           
16:          1.000000e-09 0.544940270  2.924514e-01 1.626083e-01 1           
17:          1.364930e-02 0.986350693  1.000000e-09 1.000000e-09 1           
18:          1.208003e-01 0.879199735  1.000000e-09 1.000000e-09 1           
19:          2.228006e-01 0.777199398  1.000000e-09 1.000000e-09 1           
20:          1.000000e-09 0.700298263  9.061209e-02 2.090896e-01 1           
21:          1.000000e-09 0.745004795  1.000000e-09 2.549952e-01 1           
22:          5.953332e-01 0.404666760  1.000000e-09 1.000000e-09 1           
23:          1.000000e-09 0.000000001  7.374989e-01 2.625011e-01 1           
24:          1.000000e-09 0.669121775  1.580011e-02 3.150781e-01 1           
25:          1.000000e-09 0.999999997  1.000000e-09 1.000000e-09 1           
26:          3.554995e-01 0.000000001  1.000000e-09 6.445005e-01 1           
27:          1.000000e-09 0.292963118  1.000000e-09 7.070369e-01 1           
28:          2.252882e-01 0.286255133  9.223642e-02 3.962202e-01 1           
29:          1.000000e-09 0.425218678  3.299675e-01 2.448138e-01 1           
30:          1.000000e-09 0.657875604  1.000000e-09 3.421244e-01 1           
31:          1.000000e-09 0.588008042  1.000000e-09 4.119920e-01 1           
32:          3.510377e-01 0.648962313  1.000000e-09 1.000000e-09 1           
33:          1.000000e-09 0.582949775  1.000000e-09 4.170502e-01 1           
34:          3.295499e-01 0.670450148  1.000000e-09 1.000000e-09 1           
35:          1.026324e-01 0.897367617  1.000000e-09 1.000000e-09 1           
36:          1.000000e-09 0.999999997  1.000000e-09 1.000000e-09 1           
37:          1.000000e-09 0.999999997  1.000000e-09 1.000000e-09 1           
38:          9.326808e-05 0.677282772  1.000000e-09 3.226240e-01 1           
39:          1.000000e-09 0.417999195  3.235361e-01 2.584647e-01 1           
40:          1.000000e-09 0.999999997  1.000000e-09 1.000000e-09 1           
41:          8.733464e-02 0.912665362  1.000000e-09 1.000000e-09 1           
42:          3.212323e-01 0.678767717  1.000000e-09 1.000000e-09 1           
43:          1.000000e-09 0.000000001  1.000000e-09 1.000000e+00 1           
44:          1.000000e-09 0.000000001  1.000000e-09 1.000000e+00 1           
45:          1.680310e-01 0.000000001  7.227852e-05 8.318968e-01 1           
46:          1.000000e-09 0.000000001  1.000000e-09 1.000000e+00 1           
47:          1.000000e-09 0.631136300  3.987874e-05 3.688238e-01 1           
48:          1.000000e-09 0.000000001  8.589722e-01 1.410278e-01 1           
49:          5.502283e-01 0.000000001  1.000000e-09 4.497717e-01 1           
50:          2.036781e-01 0.000000001  1.000000e-09 7.963219e-01 1           
51:          3.470221e-01 0.000000001  1.000000e-09 6.529779e-01 1           
52:          1.000000e-09 0.000000001  1.000000e-09 1.000000e+00 1           
53:          1.000000e-09 0.000000001  1.000000e-09 1.000000e+00 1           
54:          1.000000e-09 0.000000001  1.000000e-09 1.000000e+00 1           
55:          1.000000e-09 0.000000001  1.000000e-09 1.000000e+00 1           
56:          7.659876e-01 0.000000001  1.000000e-09 2.340124e-01 1           
57:          1.000000e-09 0.000000001  7.558999e-01 2.441001e-01 1           
58:          6.303376e-01 0.000000001  3.696624e-01 1.000000e-09 1           
59:          1.307689e-01 0.000000001  2.386176e-01 6.306135e-01 1           
60:          1.000000e+00 0.000000001  1.000000e-09 1.000000e-09 1           
61:          2.817251e-01 0.000000001  7.182749e-01 1.000000e-09 1           
62:          3.904537e-01 0.000000001  6.095463e-01 1.000000e-09 1           
63:          2.998783e-01 0.000000001  4.998867e-01 2.002350e-01 1           
64:          5.154194e-01 0.000000001  4.845806e-01 1.000000e-09 1           
65:          3.761820e-01 0.585864944  3.795308e-02 1.000000e-09 1           
66:          1.000000e-09 0.999999997  1.000000e-09 1.000000e-09 1           
67:          1.000000e-09 0.191017338  8.089827e-01 1.000000e-09 1           
68:          6.627848e-01 0.000000001  3.372152e-01 1.000000e-09 1           
69:          1.673381e-01 0.832661936  1.000000e-09 1.000000e-09 1           
70:          2.213908e-01 0.778609210  1.000000e-09 1.000000e-09 1           
71:          1.223106e-01 0.000000001  8.776894e-01 1.000000e-09 1           
72:          1.000000e-09 0.000000001  1.000000e-09 1.000000e+00 1           
73:          2.032320e-01 0.000000001  7.967680e-01 1.000000e-09 1           
74:          1.000000e-09 0.000000001  1.000000e+00 1.000000e-09 1           
75:          3.609793e-01 0.000000001  4.985462e-01 1.404746e-01 1           
76:          8.453400e-02 0.000000001  7.133821e-01 2.020839e-01 1           
77:          1.000000e-09 0.000000001  9.002943e-01 9.970569e-02 1           
78:          1.000000e-09 0.000000001  1.000000e+00 1.000000e-09 1           
79:          6.119871e-01 0.000000001  1.862919e-01 2.017210e-01 1           
80:          1.163701e-01 0.448423072  1.000000e-09 4.352068e-01 1           
81:          2.322512e-01 0.000000001  7.677488e-01 1.000000e-09 1           
82:          9.580818e-01 0.000000001  4.191823e-02 1.000000e-09 1           
83:          1.000000e+00 0.000000001  1.000000e-09 1.000000e-09 1           
84:          1.000000e-09 0.000000001  1.000000e+00 1.000000e-09 1           
85:          2.988555e-01 0.000000001  1.097247e-01 5.914198e-01 1           
86:          1.454524e-01 0.000000001  8.545476e-01 1.000000e-09 1           
87:          1.000000e-09 0.000000001  1.000000e+00 1.000000e-09 1           
88:          1.000000e-09 0.717904650  2.820953e-01 1.000000e-09 1           
89:          2.702853e-01 0.000000001  4.473790e-01 2.823358e-01 1           
90:          1.214361e-01 0.686313626  1.000000e-09 1.922503e-01 1           
91:          1.000000e-09 0.000000001  6.727195e-01 3.272805e-01 1           
92:          1.000000e-09 0.000000001  1.000000e+00 1.000000e-09 1           
93:          8.922201e-02 0.000000001  9.107780e-01 1.000000e-09 1           
94:          5.277603e-01 0.000000001  4.722397e-01 1.000000e-09 1           
95:          1.000000e-09 0.000000001  1.000000e+00 1.000000e-09 1           
96:          4.269906e-01 0.000000001  6.430909e-02 5.087003e-01 1           
97:          1.000000e-09 0.000000001  9.141308e-01 8.586923e-02 1           
98:          1.000000e+00 0.000000001  1.000000e-09 1.000000e-09 1           
99:          4.203100e-01 0.000000001  4.004682e-01 1.792219e-01 1           
100:         5.383958e-01 0.000000001  4.616042e-01 1.000000e-09 1           
101:         4.073081e-01 0.000000001  1.000000e-09 5.926919e-01 1           
102:         1.578443e-01 0.842155727  1.000000e-09 1.000000e-09 1           
103:         5.305554e-01 0.468657575  1.000000e-09 7.870153e-04 1           
104:         1.000000e-09 0.999999997  1.000000e-09 1.000000e-09 1           
105:         1.000000e-09 0.999999997  1.000000e-09 1.000000e-09 1           
106:         1.000000e-09 0.799287744  2.007123e-01 1.000000e-09 1           
107:         1.208119e-01 0.879188138  1.000000e-09 1.000000e-09 1           
108:         1.000000e-09 0.999999997  1.000000e-09 1.000000e-09 1           
109:         1.000000e-09 0.999999997  1.000000e-09 1.000000e-09 1           
110:         1.000000e-09 0.846312749  1.536872e-01 1.000000e-09 1           
111:         1.000000e-09 0.999994927  5.071160e-06 1.000000e-09 1           
112:         1.435248e-01 0.856475153  1.000000e-09 1.000000e-09 1           
113:         1.000000e-09 0.999999997  1.000000e-09 1.000000e-09 1           
114:         1.000000e-09 0.848848454  1.511515e-01 1.000000e-09 1           
115:         1.000000e-09 0.973482309  2.651769e-02 1.000000e-09 1           
116:         1.000000e-09 0.999999997  1.000000e-09 1.000000e-09 1           
117:         1.000000e-09 0.999999997  1.000000e-09 1.000000e-09 1           
118:         2.761891e-01 0.499990634  3.791726e-02 1.859030e-01 1           
119:         5.020662e-02 0.896945498  5.284788e-02 1.000000e-09 1           
120:         1.000000e-09 0.999999997  1.000000e-09 1.000000e-09 1           
121:         1.000000e-09 0.688531221  3.114688e-01 1.000000e-09 1           
122:         2.551290e-01 0.744871017  1.000000e-09 1.000000e-09 1           
123:         5.121730e-01 0.487827035  1.000000e-09 1.000000e-09 1           
124:         3.845422e-02 0.763588341  1.979574e-01 1.000000e-09 1           
125:         1.046514e-01 0.895348587  1.000000e-09 1.000000e-09 1           
126:         2.591460e-01 0.740854030  1.000000e-09 1.000000e-09 1           
127:         1.000000e-09 0.999999997  1.000000e-09 1.000000e-09 1           
128:         1.000000e-09 0.790237644  2.097107e-01 5.163613e-05 1           
129:         1.000000e-09 0.958477786  4.152221e-02 1.000000e-09 1           
130:         2.846949e-01 0.715305110  1.000000e-09 1.000000e-09 1           
131:         1.000000e-09 0.000000001  1.000000e-09 1.000000e+00 1           
132:         1.000000e+00 0.000000001  1.000000e-09 1.000000e-09 1           
133:         8.779698e-01 0.000000001  1.220302e-01 1.000000e-09 1           
134:         1.000000e+00 0.000000001  1.000000e-09 1.000000e-09 1           
135:         6.980188e-01 0.000000001  3.019812e-01 1.000000e-09 1           
136:         5.194796e-01 0.000000001  4.805204e-01 1.000000e-09 1           
137:         1.000000e-09 0.000000001  1.000000e+00 1.000000e-09 1           
138:         1.000000e-09 0.000000001  1.000000e-09 1.000000e+00 1           
139:         1.000000e-09 0.000000001  1.000000e-09 1.000000e+00 1           
140:         5.614271e-01 0.000000001  1.000000e-09 4.385729e-01 1           
141:         2.277918e-01 0.000000001  7.722082e-01 1.000000e-09 1           
142:         4.780644e-01 0.390613696  1.989338e-03 1.293326e-01 1           
143:         1.000000e-09 0.000000001  1.000000e+00 1.000000e-09 1           
144:         1.000000e+00 0.000000001  1.000000e-09 1.000000e-09 1           
145:         1.000000e+00 0.000000001  1.000000e-09 1.000000e-09 1           
146:         1.000000e-09 0.000000001  1.000000e-09 1.000000e+00 1           
147:         1.000000e-09 0.000000001  8.651304e-01 1.348696e-01 1           
148:         1.000000e+00 0.000000001  1.000000e-09 1.000000e-09 1           
149:         1.767973e-01 0.000000001  8.232027e-01 1.000000e-09 1           
150:         4.759924e-01 0.255316060  2.686915e-01 1.000000e-09 1           
151:         4.827724e-01 0.000000001  5.821320e-02 4.590144e-01 1           
152:         5.253172e-01 0.000000001  4.746828e-01 1.000000e-09 1           
153:         1.000000e-09 0.000000001  1.000000e+00 1.000000e-09 1           
154:         6.060177e-01 0.000000001  3.939823e-01 1.000000e-09 1           
155:         4.636435e-01 0.000000001  1.000000e-09 5.363565e-01 1           
156:         1.000000e-09 0.146679748  7.280798e-01 1.252404e-01 1           
157:         4.327361e-01 0.001152741  4.143907e-01 1.517205e-01 1           
158:         1.000000e-09 0.000000001  2.188724e-01 7.811276e-01 1           
159:         7.899494e-01 0.210050571  1.000000e-09 1.000000e-09 1           
160:         1.000000e+00 0.000000001  1.000000e-09 1.000000e-09 1           
161:         1.000000e+00 0.000000001  2.030512e-09 1.000000e-09 1           
162:         1.000000e-09 0.000000001  9.958830e-01 4.117045e-03 1           
163:         5.641687e-01 0.038660137  2.207540e-01 1.764172e-01 1           
164:         7.585056e-01 0.000000001  2.414944e-01 1.000000e-09 1           
165:         4.512894e-01 0.123629863  4.250808e-01 1.000000e-09 1           
166:         1.000000e+00 0.000000001  1.000000e-09 1.000000e-09 1           
167:         2.783412e-01 0.000000001  7.216588e-01 1.000000e-09 1           
168:         7.080318e-01 0.000000001  1.578127e-01 1.341555e-01 1           
169:         6.041199e-01 0.000000001  3.958801e-01 1.000000e-09 1           
170:         1.000000e+00 0.000000001  1.000000e-09 1.000000e-09 1           
171:         1.000000e+00 0.000000001  1.000000e-09 1.000000e-09 1           
172:         1.000000e+00 0.000000001  1.000000e-09 1.000000e-09 1           
173:         1.000000e-09 0.000000001  5.208449e-01 4.791551e-01 1           
174:         6.408887e-01 0.000000001  3.591113e-01 1.000000e-09 1           
175:         1.000000e-09 0.000000001  1.000000e-09 1.000000e+00 1           
176:         2.443367e-01 0.000000001  1.000000e-09 7.556633e-01 1           
177:         1.000000e-09 0.000000001  1.000000e-09 1.000000e+00 1           
178:         1.000000e-09 0.000000001  1.000000e-09 1.000000e+00 1           
179:         1.000000e-09 0.000000001  1.000000e-09 1.000000e+00 1           
180:         1.000000e-09 0.000000001  1.000000e-09 1.000000e+00 1           
181:         1.115669e-06 0.999998864  1.934554e-08 1.000000e-09 1           
                 
                 
1:           1.000000e-09 0.290517925  3.134384e-01 3.960437e-01 1           
2:           2.459778e-01 0.754022177  1.000000e-09 1.000000e-09 1           
3:           1.000000e-09 0.848415412  1.515846e-01 1.000000e-09 1           
4:           1.000000e-09 0.914212368  8.578763e-02 1.000000e-09 1           
5:           4.968130e-02 0.747258052  2.030606e-01 1.000000e-09 1           
6:           5.526982e-02 0.944730180  1.000000e-09 1.000000e-09 1           
7:           1.000000e-09 0.000000001  1.000000e-09 1.000000e+00 1           
8:           5.528672e-01 0.000000001  1.000000e-09 4.471328e-01 1           
9:           5.071838e-02 0.894614081  5.466754e-02 1.000000e-09 1           
10:          4.614617e-01 0.000000001  1.000000e-09 5.385383e-01 1           
11:          1.000000e-09 0.000000001  1.958891e-01 8.041109e-01 1           
12:          2.024099e-01 0.797590082  1.000000e-09 1.000000e-09 1           
13:          4.762177e-01 0.523782338  1.000000e-09 1.000000e-09 1           
14:          1.000000e-09 0.999999997  1.000000e-09 1.000000e-09 1           
15:          1.000000e-09 0.835598301  1.644017e-01 1.000000e-09 1           
16:          1.000000e-09 0.544940270  2.924514e-01 1.626083e-01 1           
17:          1.364930e-02 0.986350693  1.000000e-09 1.000000e-09 1           
18:          1.208003e-01 0.879199735  1.000000e-09 1.000000e-09 1           
19:          2.228006e-01 0.777199398  1.000000e-09 1.000000e-09 1           
20:          1.000000e-09 0.700298263  9.061209e-02 2.090896e-01 1           
21:          1.000000e-09 0.745004795  1.000000e-09 2.549952e-01 1           
22:          5.953332e-01 0.404666760  1.000000e-09 1.000000e-09 1           
23:          1.000000e-09 0.000000001  7.374989e-01 2.625011e-01 1           
24:          1.000000e-09 0.669121775  1.580011e-02 3.150781e-01 1           
25:          1.000000e-09 0.999999997  1.000000e-09 1.000000e-09 1           
26:          3.554995e-01 0.000000001  1.000000e-09 6.445005e-01 1           
27:          1.000000e-09 0.292963118  1.000000e-09 7.070369e-01 1           
28:          2.252882e-01 0.286255133  9.223642e-02 3.962202e-01 1           
29:          1.000000e-09 0.425218678  3.299675e-01 2.448138e-01 1           
30:          1.000000e-09 0.657875604  1.000000e-09 3.421244e-01 1           
31:          1.000000e-09 0.588008042  1.000000e-09 4.119920e-01 1           
32:          3.510377e-01 0.648962313  1.000000e-09 1.000000e-09 1           
33:          1.000000e-09 0.582949775  1.000000e-09 4.170502e-01 1           
34:          3.295499e-01 0.670450148  1.000000e-09 1.000000e-09 1           
35:          1.026324e-01 0.897367617  1.000000e-09 1.000000e-09 1           
36:          1.000000e-09 0.999999997  1.000000e-09 1.000000e-09 1           
37:          1.000000e-09 0.999999997  1.000000e-09 1.000000e-09 1           
38:          9.326808e-05 0.677282772  1.000000e-09 3.226240e-01 1           
39:          1.000000e-09 0.417999195  3.235361e-01 2.584647e-01 1           
40:          1.000000e-09 0.999999997  1.000000e-09 1.000000e-09 1           
41:          8.733464e-02 0.912665362  1.000000e-09 1.000000e-09 1           
42:          3.212323e-01 0.678767717  1.000000e-09 1.000000e-09 1           
43:          1.000000e-09 0.000000001  1.000000e-09 1.000000e+00 1           
44:          1.000000e-09 0.000000001  1.000000e-09 1.000000e+00 1           
45:          1.680310e-01 0.000000001  7.227852e-05 8.318968e-01 1           
46:          1.000000e-09 0.000000001  1.000000e-09 1.000000e+00 1           
47:          1.000000e-09 0.631136300  3.987874e-05 3.688238e-01 1           
48:          1.000000e-09 0.000000001  8.589722e-01 1.410278e-01 1           
49:          5.502283e-01 0.000000001  1.000000e-09 4.497717e-01 1           
50:          2.036781e-01 0.000000001  1.000000e-09 7.963219e-01 1           
51:          3.470221e-01 0.000000001  1.000000e-09 6.529779e-01 1           
52:          1.000000e-09 0.000000001  1.000000e-09 1.000000e+00 1           
53:          1.000000e-09 0.000000001  1.000000e-09 1.000000e+00 1           
54:          1.000000e-09 0.000000001  1.000000e-09 1.000000e+00 1           
55:          1.000000e-09 0.000000001  1.000000e-09 1.000000e+00 1           
56:          7.659876e-01 0.000000001  1.000000e-09 2.340124e-01 1           
57:          1.000000e-09 0.000000001  7.558999e-01 2.441001e-01 1           
58:          6.303376e-01 0.000000001  3.696624e-01 1.000000e-09 1           
59:          1.307689e-01 0.000000001  2.386176e-01 6.306135e-01 1           
60:          1.000000e+00 0.000000001  1.000000e-09 1.000000e-09 1           
61:          2.817251e-01 0.000000001  7.182749e-01 1.000000e-09 1           
62:          3.904537e-01 0.000000001  6.095463e-01 1.000000e-09 1           
63:          2.998783e-01 0.000000001  4.998867e-01 2.002350e-01 1           
64:          5.154194e-01 0.000000001  4.845806e-01 1.000000e-09 1           
65:          3.761820e-01 0.585864944  3.795308e-02 1.000000e-09 1           
66:          1.000000e-09 0.999999997  1.000000e-09 1.000000e-09 1           
67:          1.000000e-09 0.191017338  8.089827e-01 1.000000e-09 1           
68:          6.627848e-01 0.000000001  3.372152e-01 1.000000e-09 1           
69:          1.673381e-01 0.832661936  1.000000e-09 1.000000e-09 1           
70:          2.213908e-01 0.778609210  1.000000e-09 1.000000e-09 1           
71:          1.223106e-01 0.000000001  8.776894e-01 1.000000e-09 1           
72:          1.000000e-09 0.000000001  1.000000e-09 1.000000e+00 1           
73:          2.032320e-01 0.000000001  7.967680e-01 1.000000e-09 1           
74:          1.000000e-09 0.000000001  1.000000e+00 1.000000e-09 1           
75:          3.609793e-01 0.000000001  4.985462e-01 1.404746e-01 1           
76:          8.453400e-02 0.000000001  7.133821e-01 2.020839e-01 1           
77:          1.000000e-09 0.000000001  9.002943e-01 9.970569e-02 1           
78:          1.000000e-09 0.000000001  1.000000e+00 1.000000e-09 1           
79:          6.119871e-01 0.000000001  1.862919e-01 2.017210e-01 1           
80:          1.163701e-01 0.448423072  1.000000e-09 4.352068e-01 1           
81:          2.322512e-01 0.000000001  7.677488e-01 1.000000e-09 1           
82:          9.580818e-01 0.000000001  4.191823e-02 1.000000e-09 1           
83:          1.000000e+00 0.000000001  1.000000e-09 1.000000e-09 1           
84:          1.000000e-09 0.000000001  1.000000e+00 1.000000e-09 1           
85:          2.988555e-01 0.000000001  1.097247e-01 5.914198e-01 1           
86:          1.454524e-01 0.000000001  8.545476e-01 1.000000e-09 1           
87:          1.000000e-09 0.000000001  1.000000e+00 1.000000e-09 1           
88:          1.000000e-09 0.717904650  2.820953e-01 1.000000e-09 1           
89:          2.702853e-01 0.000000001  4.473790e-01 2.823358e-01 1           
90:          1.214361e-01 0.686313626  1.000000e-09 1.922503e-01 1           
91:          1.000000e-09 0.000000001  6.727195e-01 3.272805e-01 1           
92:          1.000000e-09 0.000000001  1.000000e+00 1.000000e-09 1           
93:          8.922201e-02 0.000000001  9.107780e-01 1.000000e-09 1           
94:          5.277603e-01 0.000000001  4.722397e-01 1.000000e-09 1           
95:          1.000000e-09 0.000000001  1.000000e+00 1.000000e-09 1           
96:          4.269906e-01 0.000000001  6.430909e-02 5.087003e-01 1           
97:          1.000000e-09 0.000000001  9.141308e-01 8.586923e-02 1           
98:          1.000000e+00 0.000000001  1.000000e-09 1.000000e-09 1           
99:          4.203100e-01 0.000000001  4.004682e-01 1.792219e-01 1           
100:         5.383958e-01 0.000000001  4.616042e-01 1.000000e-09 1           
101:         4.073081e-01 0.000000001  1.000000e-09 5.926919e-01 1           
102:         1.578443e-01 0.842155727  1.000000e-09 1.000000e-09 1           
103:         5.305554e-01 0.468657575  1.000000e-09 7.870153e-04 1           
104:         1.000000e-09 0.999999997  1.000000e-09 1.000000e-09 1           
105:         1.000000e-09 0.999999997  1.000000e-09 1.000000e-09 1           
106:         1.000000e-09 0.799287744  2.007123e-01 1.000000e-09 1           
107:         1.208119e-01 0.879188138  1.000000e-09 1.000000e-09 1           
108:         1.000000e-09 0.999999997  1.000000e-09 1.000000e-09 1           
109:         1.000000e-09 0.999999997  1.000000e-09 1.000000e-09 1           
110:         1.000000e-09 0.846312749  1.536872e-01 1.000000e-09 1           
111:         1.000000e-09 0.999994927  5.071160e-06 1.000000e-09 1           
112:         1.435248e-01 0.856475153  1.000000e-09 1.000000e-09 1           
113:         1.000000e-09 0.999999997  1.000000e-09 1.000000e-09 1           
114:         1.000000e-09 0.848848454  1.511515e-01 1.000000e-09 1           
115:         1.000000e-09 0.973482309  2.651769e-02 1.000000e-09 1           
116:         1.000000e-09 0.999999997  1.000000e-09 1.000000e-09 1           
117:         1.000000e-09 0.999999997  1.000000e-09 1.000000e-09 1           
118:         2.761891e-01 0.499990634  3.791726e-02 1.859030e-01 1           
119:         5.020662e-02 0.896945498  5.284788e-02 1.000000e-09 1           
120:         1.000000e-09 0.999999997  1.000000e-09 1.000000e-09 1           
121:         1.000000e-09 0.688531221  3.114688e-01 1.000000e-09 1           
122:         2.551290e-01 0.744871017  1.000000e-09 1.000000e-09 1           
123:         5.121730e-01 0.487827035  1.000000e-09 1.000000e-09 1           
124:         3.845422e-02 0.763588341  1.979574e-01 1.000000e-09 1           
125:         1.046514e-01 0.895348587  1.000000e-09 1.000000e-09 1           
126:         2.591460e-01 0.740854030  1.000000e-09 1.000000e-09 1           
127:         1.000000e-09 0.999999997  1.000000e-09 1.000000e-09 1           
128:         1.000000e-09 0.790237644  2.097107e-01 5.163613e-05 1           
129:         1.000000e-09 0.958477786  4.152221e-02 1.000000e-09 1           
130:         2.846949e-01 0.715305110  1.000000e-09 1.000000e-09 1           
131:         1.000000e-09 0.000000001  1.000000e-09 1.000000e+00 1           
132:         1.000000e+00 0.000000001  1.000000e-09 1.000000e-09 1           
133:         8.779698e-01 0.000000001  1.220302e-01 1.000000e-09 1           
134:         1.000000e+00 0.000000001  1.000000e-09 1.000000e-09 1           
135:         6.980188e-01 0.000000001  3.019812e-01 1.000000e-09 1           
136:         5.194796e-01 0.000000001  4.805204e-01 1.000000e-09 1           
137:         1.000000e-09 0.000000001  1.000000e+00 1.000000e-09 1           
138:         1.000000e-09 0.000000001  1.000000e-09 1.000000e+00 1           
139:         1.000000e-09 0.000000001  1.000000e-09 1.000000e+00 1           
140:         5.614271e-01 0.000000001  1.000000e-09 4.385729e-01 1           
141:         2.277918e-01 0.000000001  7.722082e-01 1.000000e-09 1           
142:         4.780644e-01 0.390613696  1.989338e-03 1.293326e-01 1           
143:         1.000000e-09 0.000000001  1.000000e+00 1.000000e-09 1           
144:         1.000000e+00 0.000000001  1.000000e-09 1.000000e-09 1           
145:         1.000000e+00 0.000000001  1.000000e-09 1.000000e-09 1           
146:         1.000000e-09 0.000000001  1.000000e-09 1.000000e+00 1           
147:         1.000000e-09 0.000000001  8.651304e-01 1.348696e-01 1           
148:         1.000000e+00 0.000000001  1.000000e-09 1.000000e-09 1           
149:         1.767973e-01 0.000000001  8.232027e-01 1.000000e-09 1           
150:         4.759924e-01 0.255316060  2.686915e-01 1.000000e-09 1           
151:         4.827724e-01 0.000000001  5.821320e-02 4.590144e-01 1           
152:         5.253172e-01 0.000000001  4.746828e-01 1.000000e-09 1           
153:         1.000000e-09 0.000000001  1.000000e+00 1.000000e-09 1           
154:         6.060177e-01 0.000000001  3.939823e-01 1.000000e-09 1           
155:         4.636435e-01 0.000000001  1.000000e-09 5.363565e-01 1           
156:         1.000000e-09 0.146679748  7.280798e-01 1.252404e-01 1           
157:         4.327361e-01 0.001152741  4.143907e-01 1.517205e-01 1           
158:         1.000000e-09 0.000000001  2.188724e-01 7.811276e-01 1           
159:         7.899494e-01 0.210050571  1.000000e-09 1.000000e-09 1           
160:         1.000000e+00 0.000000001  1.000000e-09 1.000000e-09 1           
161:         1.000000e+00 0.000000001  2.030512e-09 1.000000e-09 1           
162:         1.000000e-09 0.000000001  9.958830e-01 4.117045e-03 1           
163:         5.641687e-01 0.038660137  2.207540e-01 1.764172e-01 1           
164:         7.585056e-01 0.000000001  2.414944e-01 1.000000e-09 1           
165:         4.512894e-01 0.123629863  4.250808e-01 1.000000e-09 1           
166:         1.000000e+00 0.000000001  1.000000e-09 1.000000e-09 1           
167:         2.783412e-01 0.000000001  7.216588e-01 1.000000e-09 1           
168:         7.080318e-01 0.000000001  1.578127e-01 1.341555e-01 1           
169:         6.041199e-01 0.000000001  3.958801e-01 1.000000e-09 1           
170:         1.000000e+00 0.000000001  1.000000e-09 1.000000e-09 1           
171:         1.000000e+00 0.000000001  1.000000e-09 1.000000e-09 1           
172:         1.000000e+00 0.000000001  1.000000e-09 1.000000e-09 1           
173:         1.000000e-09 0.000000001  5.208449e-01 4.791551e-01 1           
174:         6.408887e-01 0.000000001  3.591113e-01 1.000000e-09 1           
175:         1.000000e-09 0.000000001  1.000000e-09 1.000000e+00 1           
176:         2.443367e-01 0.000000001  1.000000e-09 7.556633e-01 1           
177:         1.000000e-09 0.000000001  1.000000e-09 1.000000e+00 1           
178:         1.000000e-09 0.000000001  1.000000e-09 1.000000e+00 1           
179:         1.000000e-09 0.000000001  1.000000e-09 1.000000e+00 1           
180:         1.000000e-09 0.000000001  1.000000e-09 1.000000e+00 1           
181:         1.115669e-06 0.999998864  1.934554e-08 1.000000e-09 1           
                 
                 
1:           1.000000e-09 0.290517925  3.134384e-01 3.960437e-01 1           
2:           2.459778e-01 0.754022177  1.000000e-09 1.000000e-09 1           
3:           1.000000e-09 0.848415412  1.515846e-01 1.000000e-09 1           
4:           1.000000e-09 0.914212368  8.578763e-02 1.000000e-09 1           
5:           4.968130e-02 0.747258052  2.030606e-01 1.000000e-09 1           
6:           5.526982e-02 0.944730180  1.000000e-09 1.000000e-09 1           
7:           1.000000e-09 0.000000001  1.000000e-09 1.000000e+00 1           
8:           5.528672e-01 0.000000001  1.000000e-09 4.471328e-01 1           
9:           5.071838e-02 0.894614081  5.466754e-02 1.000000e-09 1           
10:          4.614617e-01 0.000000001  1.000000e-09 5.385383e-01 1           
11:          1.000000e-09 0.000000001  1.958891e-01 8.041109e-01 1           
12:          2.024099e-01 0.797590082  1.000000e-09 1.000000e-09 1           
13:          4.762177e-01 0.523782338  1.000000e-09 1.000000e-09 1           
14:          1.000000e-09 0.999999997  1.000000e-09 1.000000e-09 1           
15:          1.000000e-09 0.835598301  1.644017e-01 1.000000e-09 1           
16:          1.000000e-09 0.544940270  2.924514e-01 1.626083e-01 1           
17:          1.364930e-02 0.986350693  1.000000e-09 1.000000e-09 1           
18:          1.208003e-01 0.879199735  1.000000e-09 1.000000e-09 1           
19:          2.228006e-01 0.777199398  1.000000e-09 1.000000e-09 1           
20:          1.000000e-09 0.700298263  9.061209e-02 2.090896e-01 1           
21:          1.000000e-09 0.745004795  1.000000e-09 2.549952e-01 1           
22:          5.953332e-01 0.404666760  1.000000e-09 1.000000e-09 1           
23:          1.000000e-09 0.000000001  7.374989e-01 2.625011e-01 1           
24:          1.000000e-09 0.669121775  1.580011e-02 3.150781e-01 1           
25:          1.000000e-09 0.999999997  1.000000e-09 1.000000e-09 1           
26:          3.554995e-01 0.000000001  1.000000e-09 6.445005e-01 1           
27:          1.000000e-09 0.292963118  1.000000e-09 7.070369e-01 1           
28:          2.252882e-01 0.286255133  9.223642e-02 3.962202e-01 1           
29:          1.000000e-09 0.425218678  3.299675e-01 2.448138e-01 1           
30:          1.000000e-09 0.657875604  1.000000e-09 3.421244e-01 1           
31:          1.000000e-09 0.588008042  1.000000e-09 4.119920e-01 1           
32:          3.510377e-01 0.648962313  1.000000e-09 1.000000e-09 1           
33:          1.000000e-09 0.582949775  1.000000e-09 4.170502e-01 1           
34:          3.295499e-01 0.670450148  1.000000e-09 1.000000e-09 1           
35:          1.026324e-01 0.897367617  1.000000e-09 1.000000e-09 1           
36:          1.000000e-09 0.999999997  1.000000e-09 1.000000e-09 1           
37:          1.000000e-09 0.999999997  1.000000e-09 1.000000e-09 1           
38:          9.326808e-05 0.677282772  1.000000e-09 3.226240e-01 1           
39:          1.000000e-09 0.417999195  3.235361e-01 2.584647e-01 1           
40:          1.000000e-09 0.999999997  1.000000e-09 1.000000e-09 1           
41:          8.733464e-02 0.912665362  1.000000e-09 1.000000e-09 1           
42:          3.212323e-01 0.678767717  1.000000e-09 1.000000e-09 1           
43:          1.000000e-09 0.000000001  1.000000e-09 1.000000e+00 1           
44:          1.000000e-09 0.000000001  1.000000e-09 1.000000e+00 1           
45:          1.680310e-01 0.000000001  7.227852e-05 8.318968e-01 1           
46:          1.000000e-09 0.000000001  1.000000e-09 1.000000e+00 1           
47:          1.000000e-09 0.631136300  3.987874e-05 3.688238e-01 1           
48:          1.000000e-09 0.000000001  8.589722e-01 1.410278e-01 1           
49:          5.502283e-01 0.000000001  1.000000e-09 4.497717e-01 1           
50:          2.036781e-01 0.000000001  1.000000e-09 7.963219e-01 1           
51:          3.470221e-01 0.000000001  1.000000e-09 6.529779e-01 1           
52:          1.000000e-09 0.000000001  1.000000e-09 1.000000e+00 1           
53:          1.000000e-09 0.000000001  1.000000e-09 1.000000e+00 1           
54:          1.000000e-09 0.000000001  1.000000e-09 1.000000e+00 1           
55:          1.000000e-09 0.000000001  1.000000e-09 1.000000e+00 1           
56:          7.659876e-01 0.000000001  1.000000e-09 2.340124e-01 1           
57:          1.000000e-09 0.000000001  7.558999e-01 2.441001e-01 1           
58:          6.303376e-01 0.000000001  3.696624e-01 1.000000e-09 1           
59:          1.307689e-01 0.000000001  2.386176e-01 6.306135e-01 1           
60:          1.000000e+00 0.000000001  1.000000e-09 1.000000e-09 1           
61:          2.817251e-01 0.000000001  7.182749e-01 1.000000e-09 1           
62:          3.904537e-01 0.000000001  6.095463e-01 1.000000e-09 1           
63:          2.998783e-01 0.000000001  4.998867e-01 2.002350e-01 1           
64:          5.154194e-01 0.000000001  4.845806e-01 1.000000e-09 1           
65:          3.761820e-01 0.585864944  3.795308e-02 1.000000e-09 1           
66:          1.000000e-09 0.999999997  1.000000e-09 1.000000e-09 1           
67:          1.000000e-09 0.191017338  8.089827e-01 1.000000e-09 1           
68:          6.627848e-01 0.000000001  3.372152e-01 1.000000e-09 1           
69:          1.673381e-01 0.832661936  1.000000e-09 1.000000e-09 1           
70:          2.213908e-01 0.778609210  1.000000e-09 1.000000e-09 1           
71:          1.223106e-01 0.000000001  8.776894e-01 1.000000e-09 1           
72:          1.000000e-09 0.000000001  1.000000e-09 1.000000e+00 1           
73:          2.032320e-01 0.000000001  7.967680e-01 1.000000e-09 1           
74:          1.000000e-09 0.000000001  1.000000e+00 1.000000e-09 1           
75:          3.609793e-01 0.000000001  4.985462e-01 1.404746e-01 1           
76:          8.453400e-02 0.000000001  7.133821e-01 2.020839e-01 1           
77:          1.000000e-09 0.000000001  9.002943e-01 9.970569e-02 1           
78:          1.000000e-09 0.000000001  1.000000e+00 1.000000e-09 1           
79:          6.119871e-01 0.000000001  1.862919e-01 2.017210e-01 1           
80:          1.163701e-01 0.448423072  1.000000e-09 4.352068e-01 1           
81:          2.322512e-01 0.000000001  7.677488e-01 1.000000e-09 1           
82:          9.580818e-01 0.000000001  4.191823e-02 1.000000e-09 1           
83:          1.000000e+00 0.000000001  1.000000e-09 1.000000e-09 1           
84:          1.000000e-09 0.000000001  1.000000e+00 1.000000e-09 1           
85:          2.988555e-01 0.000000001  1.097247e-01 5.914198e-01 1           
86:          1.454524e-01 0.000000001  8.545476e-01 1.000000e-09 1           
87:          1.000000e-09 0.000000001  1.000000e+00 1.000000e-09 1           
88:          1.000000e-09 0.717904650  2.820953e-01 1.000000e-09 1           
89:          2.702853e-01 0.000000001  4.473790e-01 2.823358e-01 1           
90:          1.214361e-01 0.686313626  1.000000e-09 1.922503e-01 1           
91:          1.000000e-09 0.000000001  6.727195e-01 3.272805e-01 1           
92:          1.000000e-09 0.000000001  1.000000e+00 1.000000e-09 1           
93:          8.922201e-02 0.000000001  9.107780e-01 1.000000e-09 1           
94:          5.277603e-01 0.000000001  4.722397e-01 1.000000e-09 1           
95:          1.000000e-09 0.000000001  1.000000e+00 1.000000e-09 1           
96:          4.269906e-01 0.000000001  6.430909e-02 5.087003e-01 1           
97:          1.000000e-09 0.000000001  9.141308e-01 8.586923e-02 1           
98:          1.000000e+00 0.000000001  1.000000e-09 1.000000e-09 1           
99:          4.203100e-01 0.000000001  4.004682e-01 1.792219e-01 1           
100:         5.383958e-01 0.000000001  4.616042e-01 1.000000e-09 1           
101:         4.073081e-01 0.000000001  1.000000e-09 5.926919e-01 1           
102:         1.578443e-01 0.842155727  1.000000e-09 1.000000e-09 1           
103:         5.305554e-01 0.468657575  1.000000e-09 7.870153e-04 1           
104:         1.000000e-09 0.999999997  1.000000e-09 1.000000e-09 1           
105:         1.000000e-09 0.999999997  1.000000e-09 1.000000e-09 1           
106:         1.000000e-09 0.799287744  2.007123e-01 1.000000e-09 1           
107:         1.208119e-01 0.879188138  1.000000e-09 1.000000e-09 1           
108:         1.000000e-09 0.999999997  1.000000e-09 1.000000e-09 1           
109:         1.000000e-09 0.999999997  1.000000e-09 1.000000e-09 1           
110:         1.000000e-09 0.846312749  1.536872e-01 1.000000e-09 1           
111:         1.000000e-09 0.999994927  5.071160e-06 1.000000e-09 1           
112:         1.435248e-01 0.856475153  1.000000e-09 1.000000e-09 1           
113:         1.000000e-09 0.999999997  1.000000e-09 1.000000e-09 1           
114:         1.000000e-09 0.848848454  1.511515e-01 1.000000e-09 1           
115:         1.000000e-09 0.973482309  2.651769e-02 1.000000e-09 1           
116:         1.000000e-09 0.999999997  1.000000e-09 1.000000e-09 1           
117:         1.000000e-09 0.999999997  1.000000e-09 1.000000e-09 1           
118:         2.761891e-01 0.499990634  3.791726e-02 1.859030e-01 1           
119:         5.020662e-02 0.896945498  5.284788e-02 1.000000e-09 1           
120:         1.000000e-09 0.999999997  1.000000e-09 1.000000e-09 1           
121:         1.000000e-09 0.688531221  3.114688e-01 1.000000e-09 1           
122:         2.551290e-01 0.744871017  1.000000e-09 1.000000e-09 1           
123:         5.121730e-01 0.487827035  1.000000e-09 1.000000e-09 1           
124:         3.845422e-02 0.763588341  1.979574e-01 1.000000e-09 1           
125:         1.046514e-01 0.895348587  1.000000e-09 1.000000e-09 1           
126:         2.591460e-01 0.740854030  1.000000e-09 1.000000e-09 1           
127:         1.000000e-09 0.999999997  1.000000e-09 1.000000e-09 1           
128:         1.000000e-09 0.790237644  2.097107e-01 5.163613e-05 1           
129:         1.000000e-09 0.958477786  4.152221e-02 1.000000e-09 1           
130:         2.846949e-01 0.715305110  1.000000e-09 1.000000e-09 1           
131:         1.000000e-09 0.000000001  1.000000e-09 1.000000e+00 1           
132:         1.000000e+00 0.000000001  1.000000e-09 1.000000e-09 1           
133:         8.779698e-01 0.000000001  1.220302e-01 1.000000e-09 1           
134:         1.000000e+00 0.000000001  1.000000e-09 1.000000e-09 1           
135:         6.980188e-01 0.000000001  3.019812e-01 1.000000e-09 1           
136:         5.194796e-01 0.000000001  4.805204e-01 1.000000e-09 1           
137:         1.000000e-09 0.000000001  1.000000e+00 1.000000e-09 1           
138:         1.000000e-09 0.000000001  1.000000e-09 1.000000e+00 1           
139:         1.000000e-09 0.000000001  1.000000e-09 1.000000e+00 1           
140:         5.614271e-01 0.000000001  1.000000e-09 4.385729e-01 1           
141:         2.277918e-01 0.000000001  7.722082e-01 1.000000e-09 1           
142:         4.780644e-01 0.390613696  1.989338e-03 1.293326e-01 1           
143:         1.000000e-09 0.000000001  1.000000e+00 1.000000e-09 1           
144:         1.000000e+00 0.000000001  1.000000e-09 1.000000e-09 1           
145:         1.000000e+00 0.000000001  1.000000e-09 1.000000e-09 1           
146:         1.000000e-09 0.000000001  1.000000e-09 1.000000e+00 1           
147:         1.000000e-09 0.000000001  8.651304e-01 1.348696e-01 1           
148:         1.000000e+00 0.000000001  1.000000e-09 1.000000e-09 1           
149:         1.767973e-01 0.000000001  8.232027e-01 1.000000e-09 1           
150:         4.759924e-01 0.255316060  2.686915e-01 1.000000e-09 1           
151:         4.827724e-01 0.000000001  5.821320e-02 4.590144e-01 1           
152:         5.253172e-01 0.000000001  4.746828e-01 1.000000e-09 1           
153:         1.000000e-09 0.000000001  1.000000e+00 1.000000e-09 1           
154:         6.060177e-01 0.000000001  3.939823e-01 1.000000e-09 1           
155:         4.636435e-01 0.000000001  1.000000e-09 5.363565e-01 1           
156:         1.000000e-09 0.146679748  7.280798e-01 1.252404e-01 1           
157:         4.327361e-01 0.001152741  4.143907e-01 1.517205e-01 1           
158:         1.000000e-09 0.000000001  2.188724e-01 7.811276e-01 1           
159:         7.899494e-01 0.210050571  1.000000e-09 1.000000e-09 1           
160:         1.000000e+00 0.000000001  1.000000e-09 1.000000e-09 1           
161:         1.000000e+00 0.000000001  2.030512e-09 1.000000e-09 1           
162:         1.000000e-09 0.000000001  9.958830e-01 4.117045e-03 1           
163:         5.641687e-01 0.038660137  2.207540e-01 1.764172e-01 1           
164:         7.585056e-01 0.000000001  2.414944e-01 1.000000e-09 1           
165:         4.512894e-01 0.123629863  4.250808e-01 1.000000e-09 1           
166:         1.000000e+00 0.000000001  1.000000e-09 1.000000e-09 1           
167:         2.783412e-01 0.000000001  7.216588e-01 1.000000e-09 1           
168:         7.080318e-01 0.000000001  1.578127e-01 1.341555e-01 1           
169:         6.041199e-01 0.000000001  3.958801e-01 1.000000e-09 1           
170:         1.000000e+00 0.000000001  1.000000e-09 1.000000e-09 1           
171:         1.000000e+00 0.000000001  1.000000e-09 1.000000e-09 1           
172:         1.000000e+00 0.000000001  1.000000e-09 1.000000e-09 1           
173:         1.000000e-09 0.000000001  5.208449e-01 4.791551e-01 1           
174:         6.408887e-01 0.000000001  3.591113e-01 1.000000e-09 1           
175:         1.000000e-09 0.000000001  1.000000e-09 1.000000e+00 1           
176:         2.443367e-01 0.000000001  1.000000e-09 7.556633e-01 1           
177:         1.000000e-09 0.000000001  1.000000e-09 1.000000e+00 1           
178:         1.000000e-09 0.000000001  1.000000e-09 1.000000e+00 1           
179:         1.000000e-09 0.000000001  1.000000e-09 1.000000e+00 1           
180:         1.000000e-09 0.000000001  1.000000e-09 1.000000e+00 1           
181:         1.115669e-06 0.999998864  1.934554e-08 1.000000e-09 1           
                 
                 
1:           1.000000e-09 0.290517925  3.134384e-01 3.960437e-01 1           
2:           2.459778e-01 0.754022177  1.000000e-09 1.000000e-09 1           
3:           1.000000e-09 0.848415412  1.515846e-01 1.000000e-09 1           
4:           1.000000e-09 0.914212368  8.578763e-02 1.000000e-09 1           
5:           4.968130e-02 0.747258052  2.030606e-01 1.000000e-09 1           
6:           5.526982e-02 0.944730180  1.000000e-09 1.000000e-09 1           
7:           1.000000e-09 0.000000001  1.000000e-09 1.000000e+00 1           
8:           5.528672e-01 0.000000001  1.000000e-09 4.471328e-01 1           
9:           5.071838e-02 0.894614081  5.466754e-02 1.000000e-09 1           
10:          4.614617e-01 0.000000001  1.000000e-09 5.385383e-01 1           
11:          1.000000e-09 0.000000001  1.958891e-01 8.041109e-01 1           
12:          2.024099e-01 0.797590082  1.000000e-09 1.000000e-09 1           
13:          4.762177e-01 0.523782338  1.000000e-09 1.000000e-09 1           
14:          1.000000e-09 0.999999997  1.000000e-09 1.000000e-09 1           
15:          1.000000e-09 0.835598301  1.644017e-01 1.000000e-09 1           
16:          1.000000e-09 0.544940270  2.924514e-01 1.626083e-01 1           
17:          1.364930e-02 0.986350693  1.000000e-09 1.000000e-09 1           
18:          1.208003e-01 0.879199735  1.000000e-09 1.000000e-09 1           
19:          2.228006e-01 0.777199398  1.000000e-09 1.000000e-09 1           
20:          1.000000e-09 0.700298263  9.061209e-02 2.090896e-01 1           
21:          1.000000e-09 0.745004795  1.000000e-09 2.549952e-01 1           
22:          5.953332e-01 0.404666760  1.000000e-09 1.000000e-09 1           
23:          1.000000e-09 0.000000001  7.374989e-01 2.625011e-01 1           
24:          1.000000e-09 0.669121775  1.580011e-02 3.150781e-01 1           
25:          1.000000e-09 0.999999997  1.000000e-09 1.000000e-09 1           
26:          3.554995e-01 0.000000001  1.000000e-09 6.445005e-01 1           
27:          1.000000e-09 0.292963118  1.000000e-09 7.070369e-01 1           
28:          2.252882e-01 0.286255133  9.223642e-02 3.962202e-01 1           
29:          1.000000e-09 0.425218678  3.299675e-01 2.448138e-01 1           
30:          1.000000e-09 0.657875604  1.000000e-09 3.421244e-01 1           
31:          1.000000e-09 0.588008042  1.000000e-09 4.119920e-01 1           
32:          3.510377e-01 0.648962313  1.000000e-09 1.000000e-09 1           
33:          1.000000e-09 0.582949775  1.000000e-09 4.170502e-01 1           
34:          3.295499e-01 0.670450148  1.000000e-09 1.000000e-09 1           
35:          1.026324e-01 0.897367617  1.000000e-09 1.000000e-09 1           
36:          1.000000e-09 0.999999997  1.000000e-09 1.000000e-09 1           
37:          1.000000e-09 0.999999997  1.000000e-09 1.000000e-09 1           
38:          9.326808e-05 0.677282772  1.000000e-09 3.226240e-01 1           
39:          1.000000e-09 0.417999195  3.235361e-01 2.584647e-01 1           
40:          1.000000e-09 0.999999997  1.000000e-09 1.000000e-09 1           
41:          8.733464e-02 0.912665362  1.000000e-09 1.000000e-09 1           
42:          3.212323e-01 0.678767717  1.000000e-09 1.000000e-09 1           
43:          1.000000e-09 0.000000001  1.000000e-09 1.000000e+00 1           
44:          1.000000e-09 0.000000001  1.000000e-09 1.000000e+00 1           
45:          1.680310e-01 0.000000001  7.227852e-05 8.318968e-01 1           
46:          1.000000e-09 0.000000001  1.000000e-09 1.000000e+00 1           
47:          1.000000e-09 0.631136300  3.987874e-05 3.688238e-01 1           
48:          1.000000e-09 0.000000001  8.589722e-01 1.410278e-01 1           
49:          5.502283e-01 0.000000001  1.000000e-09 4.497717e-01 1           
50:          2.036781e-01 0.000000001  1.000000e-09 7.963219e-01 1           
51:          3.470221e-01 0.000000001  1.000000e-09 6.529779e-01 1           
52:          1.000000e-09 0.000000001  1.000000e-09 1.000000e+00 1           
53:          1.000000e-09 0.000000001  1.000000e-09 1.000000e+00 1           
54:          1.000000e-09 0.000000001  1.000000e-09 1.000000e+00 1           
55:          1.000000e-09 0.000000001  1.000000e-09 1.000000e+00 1           
56:          7.659876e-01 0.000000001  1.000000e-09 2.340124e-01 1           
57:          1.000000e-09 0.000000001  7.558999e-01 2.441001e-01 1           
58:          6.303376e-01 0.000000001  3.696624e-01 1.000000e-09 1           
59:          1.307689e-01 0.000000001  2.386176e-01 6.306135e-01 1           
60:          1.000000e+00 0.000000001  1.000000e-09 1.000000e-09 1           
61:          2.817251e-01 0.000000001  7.182749e-01 1.000000e-09 1           
62:          3.904537e-01 0.000000001  6.095463e-01 1.000000e-09 1           
63:          2.998783e-01 0.000000001  4.998867e-01 2.002350e-01 1           
64:          5.154194e-01 0.000000001  4.845806e-01 1.000000e-09 1           
65:          3.761820e-01 0.585864944  3.795308e-02 1.000000e-09 1           
66:          1.000000e-09 0.999999997  1.000000e-09 1.000000e-09 1           
67:          1.000000e-09 0.191017338  8.089827e-01 1.000000e-09 1           
68:          6.627848e-01 0.000000001  3.372152e-01 1.000000e-09 1           
69:          1.673381e-01 0.832661936  1.000000e-09 1.000000e-09 1           
70:          2.213908e-01 0.778609210  1.000000e-09 1.000000e-09 1           
71:          1.223106e-01 0.000000001  8.776894e-01 1.000000e-09 1           
72:          1.000000e-09 0.000000001  1.000000e-09 1.000000e+00 1           
73:          2.032320e-01 0.000000001  7.967680e-01 1.000000e-09 1           
74:          1.000000e-09 0.000000001  1.000000e+00 1.000000e-09 1           
75:          3.609793e-01 0.000000001  4.985462e-01 1.404746e-01 1           
76:          8.453400e-02 0.000000001  7.133821e-01 2.020839e-01 1           
77:          1.000000e-09 0.000000001  9.002943e-01 9.970569e-02 1           
78:          1.000000e-09 0.000000001  1.000000e+00 1.000000e-09 1           
79:          6.119871e-01 0.000000001  1.862919e-01 2.017210e-01 1           
80:          1.163701e-01 0.448423072  1.000000e-09 4.352068e-01 1           
81:          2.322512e-01 0.000000001  7.677488e-01 1.000000e-09 1           
82:          9.580818e-01 0.000000001  4.191823e-02 1.000000e-09 1           
83:          1.000000e+00 0.000000001  1.000000e-09 1.000000e-09 1           
84:          1.000000e-09 0.000000001  1.000000e+00 1.000000e-09 1           
85:          2.988555e-01 0.000000001  1.097247e-01 5.914198e-01 1           
86:          1.454524e-01 0.000000001  8.545476e-01 1.000000e-09 1           
87:          1.000000e-09 0.000000001  1.000000e+00 1.000000e-09 1           
88:          1.000000e-09 0.717904650  2.820953e-01 1.000000e-09 1           
89:          2.702853e-01 0.000000001  4.473790e-01 2.823358e-01 1           
90:          1.214361e-01 0.686313626  1.000000e-09 1.922503e-01 1           
91:          1.000000e-09 0.000000001  6.727195e-01 3.272805e-01 1           
92:          1.000000e-09 0.000000001  1.000000e+00 1.000000e-09 1           
93:          8.922201e-02 0.000000001  9.107780e-01 1.000000e-09 1           
94:          5.277603e-01 0.000000001  4.722397e-01 1.000000e-09 1           
95:          1.000000e-09 0.000000001  1.000000e+00 1.000000e-09 1           
96:          4.269906e-01 0.000000001  6.430909e-02 5.087003e-01 1           
97:          1.000000e-09 0.000000001  9.141308e-01 8.586923e-02 1           
98:          1.000000e+00 0.000000001  1.000000e-09 1.000000e-09 1           
99:          4.203100e-01 0.000000001  4.004682e-01 1.792219e-01 1           
100:         5.383958e-01 0.000000001  4.616042e-01 1.000000e-09 1           
101:         4.073081e-01 0.000000001  1.000000e-09 5.926919e-01 1           
102:         1.578443e-01 0.842155727  1.000000e-09 1.000000e-09 1           
103:         5.305554e-01 0.468657575  1.000000e-09 7.870153e-04 1           
104:         1.000000e-09 0.999999997  1.000000e-09 1.000000e-09 1           
105:         1.000000e-09 0.999999997  1.000000e-09 1.000000e-09 1           
106:         1.000000e-09 0.799287744  2.007123e-01 1.000000e-09 1           
107:         1.208119e-01 0.879188138  1.000000e-09 1.000000e-09 1           
108:         1.000000e-09 0.999999997  1.000000e-09 1.000000e-09 1           
109:         1.000000e-09 0.999999997  1.000000e-09 1.000000e-09 1           
110:         1.000000e-09 0.846312749  1.536872e-01 1.000000e-09 1           
111:         1.000000e-09 0.999994927  5.071160e-06 1.000000e-09 1           
112:         1.435248e-01 0.856475153  1.000000e-09 1.000000e-09 1           
113:         1.000000e-09 0.999999997  1.000000e-09 1.000000e-09 1           
114:         1.000000e-09 0.848848454  1.511515e-01 1.000000e-09 1           
115:         1.000000e-09 0.973482309  2.651769e-02 1.000000e-09 1           
116:         1.000000e-09 0.999999997  1.000000e-09 1.000000e-09 1           
117:         1.000000e-09 0.999999997  1.000000e-09 1.000000e-09 1           
118:         2.761891e-01 0.499990634  3.791726e-02 1.859030e-01 1           
119:         5.020662e-02 0.896945498  5.284788e-02 1.000000e-09 1           
120:         1.000000e-09 0.999999997  1.000000e-09 1.000000e-09 1           
121:         1.000000e-09 0.688531221  3.114688e-01 1.000000e-09 1           
122:         2.551290e-01 0.744871017  1.000000e-09 1.000000e-09 1           
123:         5.121730e-01 0.487827035  1.000000e-09 1.000000e-09 1           
124:         3.845422e-02 0.763588341  1.979574e-01 1.000000e-09 1           
125:         1.046514e-01 0.895348587  1.000000e-09 1.000000e-09 1           
126:         2.591460e-01 0.740854030  1.000000e-09 1.000000e-09 1           
127:         1.000000e-09 0.999999997  1.000000e-09 1.000000e-09 1           
128:         1.000000e-09 0.790237644  2.097107e-01 5.163613e-05 1           
129:         1.000000e-09 0.958477786  4.152221e-02 1.000000e-09 1           
130:         2.846949e-01 0.715305110  1.000000e-09 1.000000e-09 1           
131:         1.000000e-09 0.000000001  1.000000e-09 1.000000e+00 1           
132:         1.000000e+00 0.000000001  1.000000e-09 1.000000e-09 1           
133:         8.779698e-01 0.000000001  1.220302e-01 1.000000e-09 1           
134:         1.000000e+00 0.000000001  1.000000e-09 1.000000e-09 1           
135:         6.980188e-01 0.000000001  3.019812e-01 1.000000e-09 1           
136:         5.194796e-01 0.000000001  4.805204e-01 1.000000e-09 1           
137:         1.000000e-09 0.000000001  1.000000e+00 1.000000e-09 1           
138:         1.000000e-09 0.000000001  1.000000e-09 1.000000e+00 1           
139:         1.000000e-09 0.000000001  1.000000e-09 1.000000e+00 1           
140:         5.614271e-01 0.000000001  1.000000e-09 4.385729e-01 1           
141:         2.277918e-01 0.000000001  7.722082e-01 1.000000e-09 1           
142:         4.780644e-01 0.390613696  1.989338e-03 1.293326e-01 1           
143:         1.000000e-09 0.000000001  1.000000e+00 1.000000e-09 1           
144:         1.000000e+00 0.000000001  1.000000e-09 1.000000e-09 1           
145:         1.000000e+00 0.000000001  1.000000e-09 1.000000e-09 1           
146:         1.000000e-09 0.000000001  1.000000e-09 1.000000e+00 1           
147:         1.000000e-09 0.000000001  8.651304e-01 1.348696e-01 1           
148:         1.000000e+00 0.000000001  1.000000e-09 1.000000e-09 1           
149:         1.767973e-01 0.000000001  8.232027e-01 1.000000e-09 1           
150:         4.759924e-01 0.255316060  2.686915e-01 1.000000e-09 1           
151:         4.827724e-01 0.000000001  5.821320e-02 4.590144e-01 1           
152:         5.253172e-01 0.000000001  4.746828e-01 1.000000e-09 1           
153:         1.000000e-09 0.000000001  1.000000e+00 1.000000e-09 1           
154:         6.060177e-01 0.000000001  3.939823e-01 1.000000e-09 1           
155:         4.636435e-01 0.000000001  1.000000e-09 5.363565e-01 1           
156:         1.000000e-09 0.146679748  7.280798e-01 1.252404e-01 1           
157:         4.327361e-01 0.001152741  4.143907e-01 1.517205e-01 1           
158:         1.000000e-09 0.000000001  2.188724e-01 7.811276e-01 1           
159:         7.899494e-01 0.210050571  1.000000e-09 1.000000e-09 1           
160:         1.000000e+00 0.000000001  1.000000e-09 1.000000e-09 1           
161:         1.000000e+00 0.000000001  2.030512e-09 1.000000e-09 1           
162:         1.000000e-09 0.000000001  9.958830e-01 4.117045e-03 1           
163:         5.641687e-01 0.038660137  2.207540e-01 1.764172e-01 1           
164:         7.585056e-01 0.000000001  2.414944e-01 1.000000e-09 1           
165:         4.512894e-01 0.123629863  4.250808e-01 1.000000e-09 1           
166:         1.000000e+00 0.000000001  1.000000e-09 1.000000e-09 1           
167:         2.783412e-01 0.000000001  7.216588e-01 1.000000e-09 1           
168:         7.080318e-01 0.000000001  1.578127e-01 1.341555e-01 1           
169:         6.041199e-01 0.000000001  3.958801e-01 1.000000e-09 1           
170:         1.000000e+00 0.000000001  1.000000e-09 1.000000e-09 1           
171:         1.000000e+00 0.000000001  1.000000e-09 1.000000e-09 1           
172:         1.000000e+00 0.000000001  1.000000e-09 1.000000e-09 1           
173:         1.000000e-09 0.000000001  5.208449e-01 4.791551e-01 1           
174:         6.408887e-01 0.000000001  3.591113e-01 1.000000e-09 1           
175:         1.000000e-09 0.000000001  1.000000e-09 1.000000e+00 1           
176:         2.443367e-01 0.000000001  1.000000e-09 7.556633e-01 1           
177:         1.000000e-09 0.000000001  1.000000e-09 1.000000e+00 1           
178:         1.000000e-09 0.000000001  1.000000e-09 1.000000e+00 1           
179:         1.000000e-09 0.000000001  1.000000e-09 1.000000e+00 1           
180:         1.000000e-09 0.000000001  1.000000e-09 1.000000e+00 1           
181:         1.115669e-06 0.999998864  1.934554e-08 1.000000e-09 1           
                 
                 
1:           3.574164e-01 2.461221e-01 0.000000001  3.964615e-01 1           
2:           1.000000e-09 1.000000e-09 0.999999997  1.000000e-09 1           
3:           5.516001e-01 1.000000e-09 0.448399917  1.000000e-09 1           
4:           1.000000e-09 1.000000e-09 0.999999997  1.000000e-09 1           
5:           4.601369e-01 2.408264e-01 0.299036746  1.000000e-09 1           
6:           6.383472e-01 1.000000e-09 0.361652844  1.000000e-09 1           
7:           1.000000e-09 1.000000e-09 0.999126295  8.737028e-04 1           
8:           1.000000e-09 5.174538e-01 0.000000001  4.825462e-01 1           
9:           7.536734e-01 1.000000e-09 0.246326646  1.000000e-09 1           
10:          1.713827e-02 5.004440e-01 0.000000001  4.824177e-01 1           
11:          1.000000e-09 1.000000e-09 0.000000001  1.000000e+00 1           
12:          6.369862e-01 1.000000e-09 0.363013750  1.000000e-09 1           
13:          8.758659e-01 1.000000e-09 0.124134064  1.000000e-09 1           
14:          5.807307e-01 1.000000e-09 0.419269323  1.000000e-09 1           
15:          2.652802e-01 1.000000e-09 0.622164397  1.125554e-01 1           
16:          1.000000e-09 1.000000e-09 0.712948630  2.870514e-01 1           
17:          1.000000e-09 1.000000e-09 0.999999997  1.000000e-09 1           
18:          5.185009e-01 1.000000e-09 0.481499132  1.000000e-09 1           
19:          1.137294e-01 1.214602e-01 0.764810340  1.000000e-09 1           
20:          8.138460e-01 1.000000e-09 0.000000001  1.861540e-01 1           
21:          1.504931e-01 2.789148e-02 0.702339223  1.192762e-01 1           
22:          5.416681e-01 4.563405e-01 0.001991415  1.000000e-09 1           
23:          1.000000e-09 2.520906e-01 0.437290699  3.106187e-01 1           
24:          1.000000e-09 1.000000e-09 0.820232355  1.797676e-01 1           
25:          4.767540e-02 1.000000e-09 0.952324596  1.000000e-09 1           
26:          1.000000e-09 1.000000e-09 0.000000001  1.000000e+00 1           
27:          3.726165e-02 1.000000e-09 0.453646393  5.090920e-01 1           
28:          1.000000e-09 1.103514e-01 0.336496892  5.531517e-01 1           
29:          1.432082e-01 1.230543e-01 0.445975527  2.877619e-01 1           
30:          6.672740e-01 1.000000e-09 0.000000001  3.327260e-01 1           
31:          3.417676e-01 1.000000e-09 0.541754079  1.164783e-01 1           
32:          5.482240e-01 4.517760e-01 0.000000001  1.000000e-09 1           
33:          1.000000e-09 1.000000e-09 0.571633446  4.283666e-01 1           
34:          3.291030e-01 1.472115e-01 0.523685474  1.000000e-09 1           
35:          1.000000e-09 1.000000e-09 0.999999997  1.000000e-09 1           
36:          3.514361e-01 1.000000e-09 0.648563915  1.000000e-09 1           
37:          1.000000e+00 1.000000e-09 0.000000001  1.000000e-09 1           
38:          1.000000e-09 2.357952e-01 0.764204832  1.000000e-09 1           
39:          3.346769e-01 1.000000e-09 0.008843638  6.564795e-01 1           
40:          1.000000e-09 1.000000e-09 0.999999997  1.000000e-09 1           
41:          5.166473e-01 1.000000e-09 0.483352668  1.000000e-09 1           
42:          2.807615e-01 1.000000e-09 0.479429446  2.398090e-01 1           
43:          1.000000e-09 1.000000e-09 0.000000001  1.000000e+00 1           
44:          1.000000e-09 1.000000e-09 0.000000001  1.000000e+00 1           
45:          1.000000e-09 1.000000e-09 0.000000001  1.000000e+00 1           
46:          1.000000e-09 2.802737e-05 0.099421062  9.005509e-01 1           
47:          1.000000e-09 1.000000e-09 0.962036050  3.796395e-02 1           
48:          1.000000e-09 4.694361e-01 0.530563854  1.000000e-09 1           
49:          1.000000e-09 6.172718e-01 0.000000001  3.827282e-01 1           
50:          1.000000e-09 1.000000e-09 0.000000001  1.000000e+00 1           
51:          1.000000e-09 6.242345e-01 0.000000001  3.757655e-01 1           
52:          1.000000e-09 1.000000e-09 0.000000001  1.000000e+00 1           
53:          1.000000e-09 2.634167e-01 0.000000001  7.365833e-01 1           
54:          1.000000e-09 1.000000e-09 0.000000001  1.000000e+00 1           
55:          1.000000e-09 1.000000e-09 0.000000001  1.000000e+00 1           
56:          1.000000e-09 1.000000e+00 0.000000001  1.000000e-09 1           
57:          1.000000e-09 6.889778e-01 0.000000001  3.110222e-01 1           
58:          1.000000e-09 1.000000e+00 0.000000001  1.000000e-09 1           
59:          1.000000e-09 1.000000e-09 0.000000001  1.000000e+00 1           
60:          1.000000e-09 1.000000e+00 0.000000001  1.000000e-09 1           
61:          1.000000e-09 1.000000e+00 0.000000001  1.000000e-09 1           
62:          1.000000e-09 4.285879e-01 0.000000001  5.714121e-01 1           
63:          1.000000e-09 5.115092e-01 0.000000001  4.884908e-01 1           
64:          1.000000e-09 5.769790e-01 0.000000001  4.230210e-01 1           
65:          1.000000e+00 1.000000e-09 0.000000001  1.000000e-09 1           
66:          1.000000e-09 1.000000e-09 0.999999997  1.000000e-09 1           
67:          1.000000e-09 8.213499e-01 0.178650127  1.000000e-09 1           
68:          1.000000e-09 1.000000e+00 0.000000001  1.000000e-09 1           
69:          2.426886e-01 5.818121e-02 0.699130181  1.000000e-09 1           
70:          5.731572e-01 1.189227e-01 0.307920065  1.000000e-09 1           
71:          1.000000e-09 2.729249e-01 0.000000001  7.270751e-01 1           
72:          1.000000e-09 3.495069e-01 0.000000001  6.504931e-01 1           
73:          1.000000e-09 5.689351e-01 0.000000001  4.310649e-01 1           
74:          1.000000e-09 4.265065e-01 0.000000001  5.734935e-01 1           
75:          1.000000e-09 5.035196e-01 0.000000001  4.964804e-01 1           
76:          1.000000e-09 2.675822e-01 0.000000001  7.324178e-01 1           
77:          1.000000e-09 3.667308e-01 0.000000001  6.332692e-01 1           
78:          1.000000e-09 2.676406e-03 0.162716120  8.346075e-01 1           
79:          1.000000e-09 6.341739e-01 0.000000001  3.658261e-01 1           
80:          7.033943e-01 1.000000e-09 0.000000001  2.966057e-01 1           
81:          1.000000e-09 4.471696e-01 0.000000001  5.528304e-01 1           
82:          1.000000e-09 1.000000e+00 0.000000001  1.000000e-09 1           
83:          1.000000e-09 5.362991e-02 0.000000001  9.463701e-01 1           
84:          1.000000e-09 1.000000e+00 0.000000001  1.000000e-09 1           
85:          1.000000e-09 3.473586e-01 0.000000001  6.526414e-01 1           
86:          1.000000e-09 6.589090e-01 0.000000001  3.410910e-01 1           
87:          1.000000e-09 6.108697e-01 0.180634313  2.084960e-01 1           
88:          5.608466e-02 1.000000e-09 0.697323318  2.465920e-01 1           
89:          1.000000e-09 1.000000e-09 0.000000001  1.000000e+00 1           
90:          4.536052e-01 1.348717e-01 0.411491763  3.136540e-05 1           
91:          5.952853e-02 1.102172e-01 0.000000001  8.302543e-01 1           
92:          1.000000e-09 1.814709e-01 0.000000001  8.185291e-01 1           
93:          1.000000e-09 4.014147e-01 0.000000001  5.985853e-01 1           
94:          1.000000e-09 6.246916e-01 0.000000001  3.753084e-01 1           
95:          1.000000e-09 4.821010e-01 0.151160184  3.667389e-01 1           
96:          1.000000e-09 4.442913e-01 0.000000001  5.557087e-01 1           
97:          1.000000e-09 2.094764e-01 0.000000001  7.905236e-01 1           
98:          1.000000e-09 1.000000e+00 0.000000001  1.000000e-09 1           
99:          1.000000e-09 4.945536e-01 0.000000001  5.054464e-01 1           
100:         1.000000e-09 5.095955e-01 0.000000001  4.904045e-01 1           
101:         8.123242e-02 2.834301e-01 0.000000001  6.353375e-01 1           
102:         1.000000e-09 1.045465e-01 0.895453465  1.000000e-09 1           
103:         2.534544e-01 1.000000e-09 0.450665368  2.958803e-01 1           
104:         1.000000e-09 1.000000e-09 0.999999997  1.000000e-09 1           
105:         2.661609e-01 1.000000e-09 0.733839120  1.000000e-09 1           
106:         8.180116e-02 1.000000e-09 0.780415674  1.377832e-01 1           
107:         2.964026e-01 7.369709e-02 0.629900323  1.000000e-09 1           
108:         2.945701e-01 1.000000e-09 0.705429897  1.000000e-09 1           
109:         1.888506e-01 1.000000e-09 0.811149448  1.000000e-09 1           
110:         1.709880e-01 7.091653e-02 0.758095465  1.000000e-09 1           
111:         1.000000e-09 1.000000e-09 0.999999997  1.000000e-09 1           
112:         1.000000e-09 8.962430e-02 0.910375696  1.000000e-09 1           
113:         2.807122e-01 1.000000e-09 0.719287819  1.000000e-09 1           
114:         3.193142e-02 2.491865e-01 0.718882057  1.000000e-09 1           
115:         1.956391e-01 1.000000e-09 0.804360856  1.000000e-09 1           
116:         2.973520e-01 1.000000e-09 0.702647951  1.000000e-09 1           
117:         1.000000e-09 1.000000e-09 0.999999997  1.000000e-09 1           
118:         1.000000e-09 1.271622e-01 0.531571411  3.412664e-01 1           
119:         1.000000e-09 1.000000e-09 0.999999997  1.000000e-09 1           
120:         1.000000e-09 1.000000e-09 0.999999997  1.000000e-09 1           
121:         1.000000e-09 1.000000e-09 0.809850502  1.901495e-01 1           
122:         2.469872e-01 4.354689e-02 0.709465930  1.000000e-09 1           
123:         7.828524e-01 1.554923e-01 0.000000001  6.165536e-02 1           
124:         1.000000e-09 1.583634e-01 0.841636577  1.000000e-09 1           
125:         2.676596e-01 2.958238e-02 0.702758051  1.000000e-09 1           
126:         1.000000e+00 1.000000e-09 0.000000001  1.000000e-09 1           
127:         1.000000e-09 1.000000e-09 0.999999997  1.000000e-09 1           
128:         6.716164e-01 1.000000e-09 0.157127092  1.712565e-01 1           
129:         7.768014e-01 1.000000e-09 0.223198644  1.000000e-09 1           
130:         1.000000e+00 1.000000e-09 0.000000001  1.000000e-09 1           
131:         1.439273e-01 1.000000e-09 0.000000001  8.560727e-01 1           
132:         1.000000e-09 1.000000e+00 0.000000001  1.000000e-09 1           
133:         1.000000e-09 1.000000e+00 0.000000001  1.000000e-09 1           
134:         2.456187e-01 7.543813e-01 0.000000001  1.000000e-09 1           
135:         1.000000e-09 6.624590e-01 0.000000001  3.375410e-01 1           
136:         1.000000e-09 1.000000e+00 0.000000001  1.000000e-09 1           
137:         1.000000e-09 1.000000e-09 0.000000001  1.000000e+00 1           
138:         1.000000e-09 1.980020e-01 0.000000001  8.019980e-01 1           
139:         1.000000e-09 1.000000e-09 0.000000001  1.000000e+00 1           
140:         1.000000e-09 2.742108e-02 0.493277983  4.793009e-01 1           
141:         1.000000e-09 5.480058e-01 0.000000001  4.519942e-01 1           
142:         1.000000e-09 4.006035e-01 0.413611862  1.857846e-01 1           
143:         2.131707e-01 4.995393e-01 0.000000001  2.872900e-01 1           
144:         1.000000e-09 1.000000e+00 0.000000001  1.000000e-09 1           
145:         1.000000e-09 7.756147e-01 0.224382241  3.082277e-06 1           
146:         1.000000e-09 1.000000e-09 0.000000001  1.000000e+00 1           
147:         1.000000e-09 1.000000e-09 0.000000001  1.000000e+00 1           
148:         4.728022e-01 8.072295e-05 0.000000001  5.271171e-01 1           
149:         1.000000e-09 4.438174e-01 0.000000001  5.561826e-01 1           
150:         1.000000e-09 7.296058e-01 0.270394174  1.000000e-09 1           
151:         7.318392e-01 2.681608e-01 0.000000001  1.000000e-09 1           
152:         1.192821e-01 2.489369e-01 0.000000001  6.317810e-01 1           
153:         1.000000e-09 1.000000e-09 0.000000001  1.000000e+00 1           
154:         1.000000e-09 5.496840e-02 0.000000001  9.450316e-01 1           
155:         1.000000e-09 3.915884e-01 0.000000001  6.084116e-01 1           
156:         1.000000e-09 1.000000e-09 0.153354005  8.466460e-01 1           
157:         1.000000e-09 6.799817e-01 0.241059295  7.895899e-02 1           
158:         1.000000e+00 1.000000e-09 0.000000001  1.000000e-09 1           
159:         1.000000e-09 7.252880e-01 0.274712012  1.000000e-09 1           
160:         1.000000e+00 1.000000e-09 0.000000001  1.000000e-09 1           
161:         1.000000e-09 1.000000e+00 0.000000001  1.000000e-09 1           
162:         1.000000e-09 3.354871e-01 0.000000001  6.645129e-01 1           
163:         2.124756e-02 5.919321e-01 0.143905756  2.429146e-01 1           
164:         1.000000e-09 8.024987e-01 0.000000001  1.975013e-01 1           
165:         1.000000e-09 8.991034e-01 0.100896612  1.000000e-09 1           
166:         1.000000e-09 1.000000e+00 0.000000001  1.000000e-09 1           
167:         9.692153e-02 5.608302e-01 0.000000001  3.422482e-01 1           
168:         1.000000e-09 7.640816e-01 0.000000001  2.359184e-01 1           
169:         1.000000e-09 1.000000e+00 0.000000001  1.000000e-09 1           
170:         1.000000e-09 1.000000e+00 0.000000001  1.000000e-09 1           
171:         1.000000e-09 1.000000e+00 0.000000001  1.000000e-09 1           
172:         5.928005e-01 1.000000e-09 0.000000001  4.071995e-01 1           
173:         1.000000e-09 1.000000e-09 0.000000001  1.000000e+00 1           
174:         2.044890e-01 7.955110e-01 0.000000001  1.000000e-09 1           
175:         1.000000e-09 1.000000e-09 0.000000001  1.000000e+00 1           
176:         1.000000e-09 1.000000e-09 0.000000001  1.000000e+00 1           
177:         1.000000e-09 1.000000e-09 0.000000001  1.000000e+00 1           
178:         1.000000e-09 1.000000e-09 0.000000001  1.000000e+00 1           
179:         1.000000e-09 1.000000e-09 0.000000001  1.000000e+00 1           
180:         1.000000e-09 1.000000e-09 0.000000001  1.000000e+00 1           
181:         5.902699e-07 7.312658e-01 0.268733603  1.000000e-09 1           
                 
                 
1:           3.574164e-01 2.461221e-01 0.000000001  3.964615e-01 1           
2:           1.000000e-09 1.000000e-09 0.999999997  1.000000e-09 1           
3:           5.516001e-01 1.000000e-09 0.448399917  1.000000e-09 1           
4:           1.000000e-09 1.000000e-09 0.999999997  1.000000e-09 1           
5:           4.601369e-01 2.408264e-01 0.299036746  1.000000e-09 1           
6:           6.383472e-01 1.000000e-09 0.361652844  1.000000e-09 1           
7:           1.000000e-09 1.000000e-09 0.999126295  8.737028e-04 1           
8:           1.000000e-09 5.174538e-01 0.000000001  4.825462e-01 1           
9:           7.536734e-01 1.000000e-09 0.246326646  1.000000e-09 1           
10:          1.713827e-02 5.004440e-01 0.000000001  4.824177e-01 1           
11:          1.000000e-09 1.000000e-09 0.000000001  1.000000e+00 1           
12:          6.369862e-01 1.000000e-09 0.363013750  1.000000e-09 1           
13:          8.758659e-01 1.000000e-09 0.124134064  1.000000e-09 1           
14:          5.807307e-01 1.000000e-09 0.419269323  1.000000e-09 1           
15:          2.652802e-01 1.000000e-09 0.622164397  1.125554e-01 1           
16:          1.000000e-09 1.000000e-09 0.712948630  2.870514e-01 1           
17:          1.000000e-09 1.000000e-09 0.999999997  1.000000e-09 1           
18:          5.185009e-01 1.000000e-09 0.481499132  1.000000e-09 1           
19:          1.137294e-01 1.214602e-01 0.764810340  1.000000e-09 1           
20:          8.138460e-01 1.000000e-09 0.000000001  1.861540e-01 1           
21:          1.504931e-01 2.789148e-02 0.702339223  1.192762e-01 1           
22:          5.416681e-01 4.563405e-01 0.001991415  1.000000e-09 1           
23:          1.000000e-09 2.520906e-01 0.437290699  3.106187e-01 1           
24:          1.000000e-09 1.000000e-09 0.820232355  1.797676e-01 1           
25:          4.767540e-02 1.000000e-09 0.952324596  1.000000e-09 1           
26:          1.000000e-09 1.000000e-09 0.000000001  1.000000e+00 1           
27:          3.726165e-02 1.000000e-09 0.453646393  5.090920e-01 1           
28:          1.000000e-09 1.103514e-01 0.336496892  5.531517e-01 1           
29:          1.432082e-01 1.230543e-01 0.445975527  2.877619e-01 1           
30:          6.672740e-01 1.000000e-09 0.000000001  3.327260e-01 1           
31:          3.417676e-01 1.000000e-09 0.541754079  1.164783e-01 1           
32:          5.482240e-01 4.517760e-01 0.000000001  1.000000e-09 1           
33:          1.000000e-09 1.000000e-09 0.571633446  4.283666e-01 1           
34:          3.291030e-01 1.472115e-01 0.523685474  1.000000e-09 1           
35:          1.000000e-09 1.000000e-09 0.999999997  1.000000e-09 1           
36:          3.514361e-01 1.000000e-09 0.648563915  1.000000e-09 1           
37:          1.000000e+00 1.000000e-09 0.000000001  1.000000e-09 1           
38:          1.000000e-09 2.357952e-01 0.764204832  1.000000e-09 1           
39:          3.346769e-01 1.000000e-09 0.008843638  6.564795e-01 1           
40:          1.000000e-09 1.000000e-09 0.999999997  1.000000e-09 1           
41:          5.166473e-01 1.000000e-09 0.483352668  1.000000e-09 1           
42:          2.807615e-01 1.000000e-09 0.479429446  2.398090e-01 1           
43:          1.000000e-09 1.000000e-09 0.000000001  1.000000e+00 1           
44:          1.000000e-09 1.000000e-09 0.000000001  1.000000e+00 1           
45:          1.000000e-09 1.000000e-09 0.000000001  1.000000e+00 1           
46:          1.000000e-09 2.802737e-05 0.099421062  9.005509e-01 1           
47:          1.000000e-09 1.000000e-09 0.962036050  3.796395e-02 1           
48:          1.000000e-09 4.694361e-01 0.530563854  1.000000e-09 1           
49:          1.000000e-09 6.172718e-01 0.000000001  3.827282e-01 1           
50:          1.000000e-09 1.000000e-09 0.000000001  1.000000e+00 1           
51:          1.000000e-09 6.242345e-01 0.000000001  3.757655e-01 1           
52:          1.000000e-09 1.000000e-09 0.000000001  1.000000e+00 1           
53:          1.000000e-09 2.634167e-01 0.000000001  7.365833e-01 1           
54:          1.000000e-09 1.000000e-09 0.000000001  1.000000e+00 1           
55:          1.000000e-09 1.000000e-09 0.000000001  1.000000e+00 1           
56:          1.000000e-09 1.000000e+00 0.000000001  1.000000e-09 1           
57:          1.000000e-09 6.889778e-01 0.000000001  3.110222e-01 1           
58:          1.000000e-09 1.000000e+00 0.000000001  1.000000e-09 1           
59:          1.000000e-09 1.000000e-09 0.000000001  1.000000e+00 1           
60:          1.000000e-09 1.000000e+00 0.000000001  1.000000e-09 1           
61:          1.000000e-09 1.000000e+00 0.000000001  1.000000e-09 1           
62:          1.000000e-09 4.285879e-01 0.000000001  5.714121e-01 1           
63:          1.000000e-09 5.115092e-01 0.000000001  4.884908e-01 1           
64:          1.000000e-09 5.769790e-01 0.000000001  4.230210e-01 1           
65:          1.000000e+00 1.000000e-09 0.000000001  1.000000e-09 1           
66:          1.000000e-09 1.000000e-09 0.999999997  1.000000e-09 1           
67:          1.000000e-09 8.213499e-01 0.178650127  1.000000e-09 1           
68:          1.000000e-09 1.000000e+00 0.000000001  1.000000e-09 1           
69:          2.426886e-01 5.818121e-02 0.699130181  1.000000e-09 1           
70:          5.731572e-01 1.189227e-01 0.307920065  1.000000e-09 1           
71:          1.000000e-09 2.729249e-01 0.000000001  7.270751e-01 1           
72:          1.000000e-09 3.495069e-01 0.000000001  6.504931e-01 1           
73:          1.000000e-09 5.689351e-01 0.000000001  4.310649e-01 1           
74:          1.000000e-09 4.265065e-01 0.000000001  5.734935e-01 1           
75:          1.000000e-09 5.035196e-01 0.000000001  4.964804e-01 1           
76:          1.000000e-09 2.675822e-01 0.000000001  7.324178e-01 1           
77:          1.000000e-09 3.667308e-01 0.000000001  6.332692e-01 1           
78:          1.000000e-09 2.676406e-03 0.162716120  8.346075e-01 1           
79:          1.000000e-09 6.341739e-01 0.000000001  3.658261e-01 1           
80:          7.033943e-01 1.000000e-09 0.000000001  2.966057e-01 1           
81:          1.000000e-09 4.471696e-01 0.000000001  5.528304e-01 1           
82:          1.000000e-09 1.000000e+00 0.000000001  1.000000e-09 1           
83:          1.000000e-09 5.362991e-02 0.000000001  9.463701e-01 1           
84:          1.000000e-09 1.000000e+00 0.000000001  1.000000e-09 1           
85:          1.000000e-09 3.473586e-01 0.000000001  6.526414e-01 1           
86:          1.000000e-09 6.589090e-01 0.000000001  3.410910e-01 1           
87:          1.000000e-09 6.108697e-01 0.180634313  2.084960e-01 1           
88:          5.608466e-02 1.000000e-09 0.697323318  2.465920e-01 1           
89:          1.000000e-09 1.000000e-09 0.000000001  1.000000e+00 1           
90:          4.536052e-01 1.348717e-01 0.411491763  3.136540e-05 1           
91:          5.952853e-02 1.102172e-01 0.000000001  8.302543e-01 1           
92:          1.000000e-09 1.814709e-01 0.000000001  8.185291e-01 1           
93:          1.000000e-09 4.014147e-01 0.000000001  5.985853e-01 1           
94:          1.000000e-09 6.246916e-01 0.000000001  3.753084e-01 1           
95:          1.000000e-09 4.821010e-01 0.151160184  3.667389e-01 1           
96:          1.000000e-09 4.442913e-01 0.000000001  5.557087e-01 1           
97:          1.000000e-09 2.094764e-01 0.000000001  7.905236e-01 1           
98:          1.000000e-09 1.000000e+00 0.000000001  1.000000e-09 1           
99:          1.000000e-09 4.945536e-01 0.000000001  5.054464e-01 1           
100:         1.000000e-09 5.095955e-01 0.000000001  4.904045e-01 1           
101:         8.123242e-02 2.834301e-01 0.000000001  6.353375e-01 1           
102:         1.000000e-09 1.045465e-01 0.895453465  1.000000e-09 1           
103:         2.534544e-01 1.000000e-09 0.450665368  2.958803e-01 1           
104:         1.000000e-09 1.000000e-09 0.999999997  1.000000e-09 1           
105:         2.661609e-01 1.000000e-09 0.733839120  1.000000e-09 1           
106:         8.180116e-02 1.000000e-09 0.780415674  1.377832e-01 1           
107:         2.964026e-01 7.369709e-02 0.629900323  1.000000e-09 1           
108:         2.945701e-01 1.000000e-09 0.705429897  1.000000e-09 1           
109:         1.888506e-01 1.000000e-09 0.811149448  1.000000e-09 1           
110:         1.709880e-01 7.091653e-02 0.758095465  1.000000e-09 1           
111:         1.000000e-09 1.000000e-09 0.999999997  1.000000e-09 1           
112:         1.000000e-09 8.962430e-02 0.910375696  1.000000e-09 1           
113:         2.807122e-01 1.000000e-09 0.719287819  1.000000e-09 1           
114:         3.193142e-02 2.491865e-01 0.718882057  1.000000e-09 1           
115:         1.956391e-01 1.000000e-09 0.804360856  1.000000e-09 1           
116:         2.973520e-01 1.000000e-09 0.702647951  1.000000e-09 1           
117:         1.000000e-09 1.000000e-09 0.999999997  1.000000e-09 1           
118:         1.000000e-09 1.271622e-01 0.531571411  3.412664e-01 1           
119:         1.000000e-09 1.000000e-09 0.999999997  1.000000e-09 1           
120:         1.000000e-09 1.000000e-09 0.999999997  1.000000e-09 1           
121:         1.000000e-09 1.000000e-09 0.809850502  1.901495e-01 1           
122:         2.469872e-01 4.354689e-02 0.709465930  1.000000e-09 1           
123:         7.828524e-01 1.554923e-01 0.000000001  6.165536e-02 1           
124:         1.000000e-09 1.583634e-01 0.841636577  1.000000e-09 1           
125:         2.676596e-01 2.958238e-02 0.702758051  1.000000e-09 1           
126:         1.000000e+00 1.000000e-09 0.000000001  1.000000e-09 1           
127:         1.000000e-09 1.000000e-09 0.999999997  1.000000e-09 1           
128:         6.716164e-01 1.000000e-09 0.157127092  1.712565e-01 1           
129:         7.768014e-01 1.000000e-09 0.223198644  1.000000e-09 1           
130:         1.000000e+00 1.000000e-09 0.000000001  1.000000e-09 1           
131:         1.439273e-01 1.000000e-09 0.000000001  8.560727e-01 1           
132:         1.000000e-09 1.000000e+00 0.000000001  1.000000e-09 1           
133:         1.000000e-09 1.000000e+00 0.000000001  1.000000e-09 1           
134:         2.456187e-01 7.543813e-01 0.000000001  1.000000e-09 1           
135:         1.000000e-09 6.624590e-01 0.000000001  3.375410e-01 1           
136:         1.000000e-09 1.000000e+00 0.000000001  1.000000e-09 1           
137:         1.000000e-09 1.000000e-09 0.000000001  1.000000e+00 1           
138:         1.000000e-09 1.980020e-01 0.000000001  8.019980e-01 1           
139:         1.000000e-09 1.000000e-09 0.000000001  1.000000e+00 1           
140:         1.000000e-09 2.742108e-02 0.493277983  4.793009e-01 1           
141:         1.000000e-09 5.480058e-01 0.000000001  4.519942e-01 1           
142:         1.000000e-09 4.006035e-01 0.413611862  1.857846e-01 1           
143:         2.131707e-01 4.995393e-01 0.000000001  2.872900e-01 1           
144:         1.000000e-09 1.000000e+00 0.000000001  1.000000e-09 1           
145:         1.000000e-09 7.756147e-01 0.224382241  3.082277e-06 1           
146:         1.000000e-09 1.000000e-09 0.000000001  1.000000e+00 1           
147:         1.000000e-09 1.000000e-09 0.000000001  1.000000e+00 1           
148:         4.728022e-01 8.072295e-05 0.000000001  5.271171e-01 1           
149:         1.000000e-09 4.438174e-01 0.000000001  5.561826e-01 1           
150:         1.000000e-09 7.296058e-01 0.270394174  1.000000e-09 1           
151:         7.318392e-01 2.681608e-01 0.000000001  1.000000e-09 1           
152:         1.192821e-01 2.489369e-01 0.000000001  6.317810e-01 1           
153:         1.000000e-09 1.000000e-09 0.000000001  1.000000e+00 1           
154:         1.000000e-09 5.496840e-02 0.000000001  9.450316e-01 1           
155:         1.000000e-09 3.915884e-01 0.000000001  6.084116e-01 1           
156:         1.000000e-09 1.000000e-09 0.153354005  8.466460e-01 1           
157:         1.000000e-09 6.799817e-01 0.241059295  7.895899e-02 1           
158:         1.000000e+00 1.000000e-09 0.000000001  1.000000e-09 1           
159:         1.000000e-09 7.252880e-01 0.274712012  1.000000e-09 1           
160:         1.000000e+00 1.000000e-09 0.000000001  1.000000e-09 1           
161:         1.000000e-09 1.000000e+00 0.000000001  1.000000e-09 1           
162:         1.000000e-09 3.354871e-01 0.000000001  6.645129e-01 1           
163:         2.124756e-02 5.919321e-01 0.143905756  2.429146e-01 1           
164:         1.000000e-09 8.024987e-01 0.000000001  1.975013e-01 1           
165:         1.000000e-09 8.991034e-01 0.100896612  1.000000e-09 1           
166:         1.000000e-09 1.000000e+00 0.000000001  1.000000e-09 1           
167:         9.692153e-02 5.608302e-01 0.000000001  3.422482e-01 1           
168:         1.000000e-09 7.640816e-01 0.000000001  2.359184e-01 1           
169:         1.000000e-09 1.000000e+00 0.000000001  1.000000e-09 1           
170:         1.000000e-09 1.000000e+00 0.000000001  1.000000e-09 1           
171:         1.000000e-09 1.000000e+00 0.000000001  1.000000e-09 1           
172:         5.928005e-01 1.000000e-09 0.000000001  4.071995e-01 1           
173:         1.000000e-09 1.000000e-09 0.000000001  1.000000e+00 1           
174:         2.044890e-01 7.955110e-01 0.000000001  1.000000e-09 1           
175:         1.000000e-09 1.000000e-09 0.000000001  1.000000e+00 1           
176:         1.000000e-09 1.000000e-09 0.000000001  1.000000e+00 1           
177:         1.000000e-09 1.000000e-09 0.000000001  1.000000e+00 1           
178:         1.000000e-09 1.000000e-09 0.000000001  1.000000e+00 1           
179:         1.000000e-09 1.000000e-09 0.000000001  1.000000e+00 1           
180:         1.000000e-09 1.000000e-09 0.000000001  1.000000e+00 1           
181:         5.902699e-07 7.312658e-01 0.268733603  1.000000e-09 1           
                 
                 
1:           3.574164e-01 2.461221e-01 0.000000001  3.964615e-01 1           
2:           1.000000e-09 1.000000e-09 0.999999997  1.000000e-09 1           
3:           5.516001e-01 1.000000e-09 0.448399917  1.000000e-09 1           
4:           1.000000e-09 1.000000e-09 0.999999997  1.000000e-09 1           
5:           4.601369e-01 2.408264e-01 0.299036746  1.000000e-09 1           
6:           6.383472e-01 1.000000e-09 0.361652844  1.000000e-09 1           
7:           1.000000e-09 1.000000e-09 0.999126295  8.737028e-04 1           
8:           1.000000e-09 5.174538e-01 0.000000001  4.825462e-01 1           
9:           7.536734e-01 1.000000e-09 0.246326646  1.000000e-09 1           
10:          1.713827e-02 5.004440e-01 0.000000001  4.824177e-01 1           
11:          1.000000e-09 1.000000e-09 0.000000001  1.000000e+00 1           
12:          6.369862e-01 1.000000e-09 0.363013750  1.000000e-09 1           
13:          8.758659e-01 1.000000e-09 0.124134064  1.000000e-09 1           
14:          5.807307e-01 1.000000e-09 0.419269323  1.000000e-09 1           
15:          2.652802e-01 1.000000e-09 0.622164397  1.125554e-01 1           
16:          1.000000e-09 1.000000e-09 0.712948630  2.870514e-01 1           
17:          1.000000e-09 1.000000e-09 0.999999997  1.000000e-09 1           
18:          5.185009e-01 1.000000e-09 0.481499132  1.000000e-09 1           
19:          1.137294e-01 1.214602e-01 0.764810340  1.000000e-09 1           
20:          8.138460e-01 1.000000e-09 0.000000001  1.861540e-01 1           
21:          1.504931e-01 2.789148e-02 0.702339223  1.192762e-01 1           
22:          5.416681e-01 4.563405e-01 0.001991415  1.000000e-09 1           
23:          1.000000e-09 2.520906e-01 0.437290699  3.106187e-01 1           
24:          1.000000e-09 1.000000e-09 0.820232355  1.797676e-01 1           
25:          4.767540e-02 1.000000e-09 0.952324596  1.000000e-09 1           
26:          1.000000e-09 1.000000e-09 0.000000001  1.000000e+00 1           
27:          3.726165e-02 1.000000e-09 0.453646393  5.090920e-01 1           
28:          1.000000e-09 1.103514e-01 0.336496892  5.531517e-01 1           
29:          1.432082e-01 1.230543e-01 0.445975527  2.877619e-01 1           
30:          6.672740e-01 1.000000e-09 0.000000001  3.327260e-01 1           
31:          3.417676e-01 1.000000e-09 0.541754079  1.164783e-01 1           
32:          5.482240e-01 4.517760e-01 0.000000001  1.000000e-09 1           
33:          1.000000e-09 1.000000e-09 0.571633446  4.283666e-01 1           
34:          3.291030e-01 1.472115e-01 0.523685474  1.000000e-09 1           
35:          1.000000e-09 1.000000e-09 0.999999997  1.000000e-09 1           
36:          3.514361e-01 1.000000e-09 0.648563915  1.000000e-09 1           
37:          1.000000e+00 1.000000e-09 0.000000001  1.000000e-09 1           
38:          1.000000e-09 2.357952e-01 0.764204832  1.000000e-09 1           
39:          3.346769e-01 1.000000e-09 0.008843638  6.564795e-01 1           
40:          1.000000e-09 1.000000e-09 0.999999997  1.000000e-09 1           
41:          5.166473e-01 1.000000e-09 0.483352668  1.000000e-09 1           
42:          2.807615e-01 1.000000e-09 0.479429446  2.398090e-01 1           
43:          1.000000e-09 1.000000e-09 0.000000001  1.000000e+00 1           
44:          1.000000e-09 1.000000e-09 0.000000001  1.000000e+00 1           
45:          1.000000e-09 1.000000e-09 0.000000001  1.000000e+00 1           
46:          1.000000e-09 2.802737e-05 0.099421062  9.005509e-01 1           
47:          1.000000e-09 1.000000e-09 0.962036050  3.796395e-02 1           
48:          1.000000e-09 4.694361e-01 0.530563854  1.000000e-09 1           
49:          1.000000e-09 6.172718e-01 0.000000001  3.827282e-01 1           
50:          1.000000e-09 1.000000e-09 0.000000001  1.000000e+00 1           
51:          1.000000e-09 6.242345e-01 0.000000001  3.757655e-01 1           
52:          1.000000e-09 1.000000e-09 0.000000001  1.000000e+00 1           
53:          1.000000e-09 2.634167e-01 0.000000001  7.365833e-01 1           
54:          1.000000e-09 1.000000e-09 0.000000001  1.000000e+00 1           
55:          1.000000e-09 1.000000e-09 0.000000001  1.000000e+00 1           
56:          1.000000e-09 1.000000e+00 0.000000001  1.000000e-09 1           
57:          1.000000e-09 6.889778e-01 0.000000001  3.110222e-01 1           
58:          1.000000e-09 1.000000e+00 0.000000001  1.000000e-09 1           
59:          1.000000e-09 1.000000e-09 0.000000001  1.000000e+00 1           
60:          1.000000e-09 1.000000e+00 0.000000001  1.000000e-09 1           
61:          1.000000e-09 1.000000e+00 0.000000001  1.000000e-09 1           
62:          1.000000e-09 4.285879e-01 0.000000001  5.714121e-01 1           
63:          1.000000e-09 5.115092e-01 0.000000001  4.884908e-01 1           
64:          1.000000e-09 5.769790e-01 0.000000001  4.230210e-01 1           
65:          1.000000e+00 1.000000e-09 0.000000001  1.000000e-09 1           
66:          1.000000e-09 1.000000e-09 0.999999997  1.000000e-09 1           
67:          1.000000e-09 8.213499e-01 0.178650127  1.000000e-09 1           
68:          1.000000e-09 1.000000e+00 0.000000001  1.000000e-09 1           
69:          2.426886e-01 5.818121e-02 0.699130181  1.000000e-09 1           
70:          5.731572e-01 1.189227e-01 0.307920065  1.000000e-09 1           
71:          1.000000e-09 2.729249e-01 0.000000001  7.270751e-01 1           
72:          1.000000e-09 3.495069e-01 0.000000001  6.504931e-01 1           
73:          1.000000e-09 5.689351e-01 0.000000001  4.310649e-01 1           
74:          1.000000e-09 4.265065e-01 0.000000001  5.734935e-01 1           
75:          1.000000e-09 5.035196e-01 0.000000001  4.964804e-01 1           
76:          1.000000e-09 2.675822e-01 0.000000001  7.324178e-01 1           
77:          1.000000e-09 3.667308e-01 0.000000001  6.332692e-01 1           
78:          1.000000e-09 2.676406e-03 0.162716120  8.346075e-01 1           
79:          1.000000e-09 6.341739e-01 0.000000001  3.658261e-01 1           
80:          7.033943e-01 1.000000e-09 0.000000001  2.966057e-01 1           
81:          1.000000e-09 4.471696e-01 0.000000001  5.528304e-01 1           
82:          1.000000e-09 1.000000e+00 0.000000001  1.000000e-09 1           
83:          1.000000e-09 5.362991e-02 0.000000001  9.463701e-01 1           
84:          1.000000e-09 1.000000e+00 0.000000001  1.000000e-09 1           
85:          1.000000e-09 3.473586e-01 0.000000001  6.526414e-01 1           
86:          1.000000e-09 6.589090e-01 0.000000001  3.410910e-01 1           
87:          1.000000e-09 6.108697e-01 0.180634313  2.084960e-01 1           
88:          5.608466e-02 1.000000e-09 0.697323318  2.465920e-01 1           
89:          1.000000e-09 1.000000e-09 0.000000001  1.000000e+00 1           
90:          4.536052e-01 1.348717e-01 0.411491763  3.136540e-05 1           
91:          5.952853e-02 1.102172e-01 0.000000001  8.302543e-01 1           
92:          1.000000e-09 1.814709e-01 0.000000001  8.185291e-01 1           
93:          1.000000e-09 4.014147e-01 0.000000001  5.985853e-01 1           
94:          1.000000e-09 6.246916e-01 0.000000001  3.753084e-01 1           
95:          1.000000e-09 4.821010e-01 0.151160184  3.667389e-01 1           
96:          1.000000e-09 4.442913e-01 0.000000001  5.557087e-01 1           
97:          1.000000e-09 2.094764e-01 0.000000001  7.905236e-01 1           
98:          1.000000e-09 1.000000e+00 0.000000001  1.000000e-09 1           
99:          1.000000e-09 4.945536e-01 0.000000001  5.054464e-01 1           
100:         1.000000e-09 5.095955e-01 0.000000001  4.904045e-01 1           
101:         8.123242e-02 2.834301e-01 0.000000001  6.353375e-01 1           
102:         1.000000e-09 1.045465e-01 0.895453465  1.000000e-09 1           
103:         2.534544e-01 1.000000e-09 0.450665368  2.958803e-01 1           
104:         1.000000e-09 1.000000e-09 0.999999997  1.000000e-09 1           
105:         2.661609e-01 1.000000e-09 0.733839120  1.000000e-09 1           
106:         8.180116e-02 1.000000e-09 0.780415674  1.377832e-01 1           
107:         2.964026e-01 7.369709e-02 0.629900323  1.000000e-09 1           
108:         2.945701e-01 1.000000e-09 0.705429897  1.000000e-09 1           
109:         1.888506e-01 1.000000e-09 0.811149448  1.000000e-09 1           
110:         1.709880e-01 7.091653e-02 0.758095465  1.000000e-09 1           
111:         1.000000e-09 1.000000e-09 0.999999997  1.000000e-09 1           
112:         1.000000e-09 8.962430e-02 0.910375696  1.000000e-09 1           
113:         2.807122e-01 1.000000e-09 0.719287819  1.000000e-09 1           
114:         3.193142e-02 2.491865e-01 0.718882057  1.000000e-09 1           
115:         1.956391e-01 1.000000e-09 0.804360856  1.000000e-09 1           
116:         2.973520e-01 1.000000e-09 0.702647951  1.000000e-09 1           
117:         1.000000e-09 1.000000e-09 0.999999997  1.000000e-09 1           
118:         1.000000e-09 1.271622e-01 0.531571411  3.412664e-01 1           
119:         1.000000e-09 1.000000e-09 0.999999997  1.000000e-09 1           
120:         1.000000e-09 1.000000e-09 0.999999997  1.000000e-09 1           
121:         1.000000e-09 1.000000e-09 0.809850502  1.901495e-01 1           
122:         2.469872e-01 4.354689e-02 0.709465930  1.000000e-09 1           
123:         7.828524e-01 1.554923e-01 0.000000001  6.165536e-02 1           
124:         1.000000e-09 1.583634e-01 0.841636577  1.000000e-09 1           
125:         2.676596e-01 2.958238e-02 0.702758051  1.000000e-09 1           
126:         1.000000e+00 1.000000e-09 0.000000001  1.000000e-09 1           
127:         1.000000e-09 1.000000e-09 0.999999997  1.000000e-09 1           
128:         6.716164e-01 1.000000e-09 0.157127092  1.712565e-01 1           
129:         7.768014e-01 1.000000e-09 0.223198644  1.000000e-09 1           
130:         1.000000e+00 1.000000e-09 0.000000001  1.000000e-09 1           
131:         1.439273e-01 1.000000e-09 0.000000001  8.560727e-01 1           
132:         1.000000e-09 1.000000e+00 0.000000001  1.000000e-09 1           
133:         1.000000e-09 1.000000e+00 0.000000001  1.000000e-09 1           
134:         2.456187e-01 7.543813e-01 0.000000001  1.000000e-09 1           
135:         1.000000e-09 6.624590e-01 0.000000001  3.375410e-01 1           
136:         1.000000e-09 1.000000e+00 0.000000001  1.000000e-09 1           
137:         1.000000e-09 1.000000e-09 0.000000001  1.000000e+00 1           
138:         1.000000e-09 1.980020e-01 0.000000001  8.019980e-01 1           
139:         1.000000e-09 1.000000e-09 0.000000001  1.000000e+00 1           
140:         1.000000e-09 2.742108e-02 0.493277983  4.793009e-01 1           
141:         1.000000e-09 5.480058e-01 0.000000001  4.519942e-01 1           
142:         1.000000e-09 4.006035e-01 0.413611862  1.857846e-01 1           
143:         2.131707e-01 4.995393e-01 0.000000001  2.872900e-01 1           
144:         1.000000e-09 1.000000e+00 0.000000001  1.000000e-09 1           
145:         1.000000e-09 7.756147e-01 0.224382241  3.082277e-06 1           
146:         1.000000e-09 1.000000e-09 0.000000001  1.000000e+00 1           
147:         1.000000e-09 1.000000e-09 0.000000001  1.000000e+00 1           
148:         4.728022e-01 8.072295e-05 0.000000001  5.271171e-01 1           
149:         1.000000e-09 4.438174e-01 0.000000001  5.561826e-01 1           
150:         1.000000e-09 7.296058e-01 0.270394174  1.000000e-09 1           
151:         7.318392e-01 2.681608e-01 0.000000001  1.000000e-09 1           
152:         1.192821e-01 2.489369e-01 0.000000001  6.317810e-01 1           
153:         1.000000e-09 1.000000e-09 0.000000001  1.000000e+00 1           
154:         1.000000e-09 5.496840e-02 0.000000001  9.450316e-01 1           
155:         1.000000e-09 3.915884e-01 0.000000001  6.084116e-01 1           
156:         1.000000e-09 1.000000e-09 0.153354005  8.466460e-01 1           
157:         1.000000e-09 6.799817e-01 0.241059295  7.895899e-02 1           
158:         1.000000e+00 1.000000e-09 0.000000001  1.000000e-09 1           
159:         1.000000e-09 7.252880e-01 0.274712012  1.000000e-09 1           
160:         1.000000e+00 1.000000e-09 0.000000001  1.000000e-09 1           
161:         1.000000e-09 1.000000e+00 0.000000001  1.000000e-09 1           
162:         1.000000e-09 3.354871e-01 0.000000001  6.645129e-01 1           
163:         2.124756e-02 5.919321e-01 0.143905756  2.429146e-01 1           
164:         1.000000e-09 8.024987e-01 0.000000001  1.975013e-01 1           
165:         1.000000e-09 8.991034e-01 0.100896612  1.000000e-09 1           
166:         1.000000e-09 1.000000e+00 0.000000001  1.000000e-09 1           
167:         9.692153e-02 5.608302e-01 0.000000001  3.422482e-01 1           
168:         1.000000e-09 7.640816e-01 0.000000001  2.359184e-01 1           
169:         1.000000e-09 1.000000e+00 0.000000001  1.000000e-09 1           
170:         1.000000e-09 1.000000e+00 0.000000001  1.000000e-09 1           
171:         1.000000e-09 1.000000e+00 0.000000001  1.000000e-09 1           
172:         5.928005e-01 1.000000e-09 0.000000001  4.071995e-01 1           
173:         1.000000e-09 1.000000e-09 0.000000001  1.000000e+00 1           
174:         2.044890e-01 7.955110e-01 0.000000001  1.000000e-09 1           
175:         1.000000e-09 1.000000e-09 0.000000001  1.000000e+00 1           
176:         1.000000e-09 1.000000e-09 0.000000001  1.000000e+00 1           
177:         1.000000e-09 1.000000e-09 0.000000001  1.000000e+00 1           
178:         1.000000e-09 1.000000e-09 0.000000001  1.000000e+00 1           
179:         1.000000e-09 1.000000e-09 0.000000001  1.000000e+00 1           
180:         1.000000e-09 1.000000e-09 0.000000001  1.000000e+00 1           
181:         5.902699e-07 7.312658e-01 0.268733603  1.000000e-09 1           
