# cstacks version 2.68; catalog generated on 2026-03-06 12:14:48
1	ACA	0	0
1	AGA	0	0
1	AGG	0	0
1	GCA	0	0
1	NNA	0	0
2	A	0	0
2	G	0	0
2	N	0	0
8	G	0	0
8	T	0	0
10	A	0	0
10	C	0	0
12	G	0	0
12	N	0	0
12	T	0	0
14	CGCA	0	0
14	CGCG	0	0
14	CNCA	0	0
14	CNNA	0	0
14	CTCA	0	0
14	GGCA	0	0
14	NGCA	0	0
14	NNCA	0	0
14	NNNA	0	0
14	NNTA	0	0
15	AT	0	0
15	CC	0	0
15	CN	0	0
15	CT	0	0
15	NN	0	0
15	NT	0	0
16	A	0	0
16	G	0	0
17	AC	0	0
17	NA	0	0
17	NC	0	0
17	TA	0	0
17	TC	0	0
19	A	0	0
19	G	0	0
19	N	0	0
20	A	0	0
20	T	0	0
21	GACN	0	0
21	GTCN	0	0
21	GTCT	0	0
21	NNAT	0	0
21	NNCN	0	0
21	NNCT	0	0
21	NTCC	0	0
21	NTCN	0	0
21	NTCT	0	0
21	TTCT	0	0
22	CT	0	0
22	TC	0	0
22	TT	0	0
23	CT	0	0
23	TA	0	0
23	TN	0	0
23	TT	0	0
25	G	0	0
25	N	0	0
25	T	0	0
27	A	0	0
27	C	0	0
31	CACAAAN	0	0
31	TACAAAA	0	0
31	TACAAAG	0	0
31	TACAAAN	0	0
31	TGCAAAA	0	0
31	TGCAAAG	0	0
31	TGCAAAN	0	0
31	TGCAGAA	0	0
31	TGCAGAG	0	0
31	TGCAGAN	0	0
31	TGTAAAA	0	0
31	TGTAAAG	0	0
31	TGTAAAN	0	0
31	TGTGATA	0	0
31	TGTGATG	0	0
31	TGTGATN	0	0
33	AAGAA	0	0
33	AATGA	0	0
33	ANGAA	0	0
33	NAGAA	0	0
33	NAGAG	0	0
33	NCGAA	0	0
33	NNGAA	0	0
33	TAGAA	0	0
35	CG	0	0
35	GA	0	0
35	GG	0	0
36	A	0	0
36	G	0	0
36	N	0	0
37	GAGAC	0	0
37	GAGAN	0	0
37	GAGAT	0	0
37	GAGTC	0	0
37	GANNC	0	0
37	GATAC	0	0
37	NAGAC	0	0
37	NANNC	0	0
37	NCGAC	0	0
37	NNGAC	0	0
37	NNNNC	0	0
37	TAGAC	0	0
38	C	0	0
38	N	0	0
38	T	0	0
39	GC	0	0
39	NC	0	0
39	TC	0	0
39	TT	0	0
40	A	0	0
40	T	0	0
41	AATTA	0	0
41	AATTG	0	0
41	NNNNA	0	0
41	NNTTA	0	0
41	NTTTA	0	0
41	TAAAA	0	0
41	TNNNA	0	0
42	G	0	0
42	T	0	0
43	AA	0	0
43	AG	0	0
43	AN	0	0
43	GN	0	0
44	AGGCG	0	0
44	CCGTG	0	0
44	CGGAG	0	0
44	CGGCG	0	0
44	CGGNG	0	0
44	CGGTA	0	0
44	CGGTG	0	0
44	NCGCG	0	0
44	NGGAG	0	0
44	NGGCG	0	0
44	NGTCG	0	0
44	NNGCG	0	0
44	TGGCG	0	0
46	ANNAT	0	0
46	ANNNT	0	0
46	ATACT	0	0
46	ATNAT	0	0
46	GCTCT	0	0
46	NNNCT	0	0
46	NNNNT	0	0
46	NTNAT	0	0
46	TNGAC	0	0
46	TNGAT	0	0
46	TNNNN	0	0
46	TNNNT	0	0
48	GG	0	0
48	NG	0	0
48	NN	0	0
48	TG	0	0
48	TT	0	0
50	CGCCTA	0	0
50	CGTCNN	0	0
50	CGTCTA	0	0
50	CTCCTA	0	0
50	CTTCTA	0	0
50	CTTGTA	0	0
50	NCTCTA	0	0
50	NGTCCT	0	0
50	NGTCNN	0	0
50	NGTCTA	0	0
50	NNTCNA	0	0
50	NNTCTA	0	0
50	TGTCNN	0	0
50	TGTCTA	0	0
50	TNNCTA	0	0
50	TNTCTA	0	0
53	A	0	0
53	N	0	0
53	T	0	0
55	GGTAG	0	0
55	NNNNG	0	0
55	TNNNG	0	0
55	TTCTG	0	0
55	TTCTT	0	0
56	AT	0	0
56	NT	0	0
56	TC	0	0
56	TT	0	0
59	AACAA	0	0
59	AATAA	0	0
59	GATAA	0	0
59	GCCGA	0	0
59	GCTAA	0	0
59	GCTGA	0	0
59	GCTGN	0	0
59	GCTTA	0	0
59	GNTAA	0	0
59	NNTGA	0	0
59	NNTGC	0	0
59	NNTGN	0	0
60	G	0	0
60	T	0	0
61	AAAA	0	0
61	AACA	0	0
61	GCTA	0	0
61	GTTA	0	0
61	GTTC	0	0
61	TTTA	0	0
63	CT	0	0
63	TC	0	0
64	C	0	0
64	T	0	0
66	AGTGTC	0	0
66	GGACAC	0	0
66	GTTGTC	0	0
66	GTTGTT	0	0
69	CGG	0	0
69	TAG	0	0
69	TAT	0	0
69	TGG	0	0
70	A	0	0
70	G	0	0
71	A	0	0
71	C	0	0
75	AAC	0	0
75	AAG	0	0
75	AGG	0	0
75	GAG	0	0
82	C	0	0
82	T	0	0
83	CGAC	0	0
83	CGCC	0	0
83	TAAT	0	0
84	C	0	0
84	T	0	0
86	ACT	0	0
86	ATA	0	0
86	GCT	0	0
89	A	0	0
89	C	0	0
89	N	0	0
90	A	0	0
90	G	0	0
91	C	0	0
91	T	0	0
95	CCCAAGA	0	0
95	CCCAAGG	0	0
95	CCCAAGN	0	0
95	GCCGAGA	0	0
95	GCCGCAA	0	0
95	GCTGAGA	0	0
95	GGCAAGA	0	0
96	G	0	0
96	T	0	0
97	AAGAGTTCTCTTCC	0	0
97	AAGAGTTCTTGTCC	0	0
97	AAGAGTTTGCGTCC	0	0
97	NNNAGCTCTCTTCC	0	0
97	TCCAGTTCTTGTCC	0	0
97	TCCTCCCNNNNNTC	0	0
97	TCCTCCTCTTGNNN	0	0
97	TCCTCCTCTTGTCC	0	0
97	TCCTCCTNNNNNNT	0	0
97	TCCTCCTNNNNNTC	0	0
97	TCCTCCTNNNNTCC	0	0
97	TCCTCCTNNNNTNT	0	0
97	TCCTCCTNNNNTTC	0	0
97	TCCTCCTNNTGCCC	0	0
102	CCCG	0	0
102	TTAA	0	0
105	A	0	0
105	C	0	0
106	GTTTTATACGTAGGC	0	0
106	TATTTATACGTAGGC	0	0
106	TTGTAATATGTAGAC	0	0
106	TTTCAAAACGTACAC	0	0
106	TTTCAATACGTACAC	0	0
106	TTTTAATACGTAGAC	0	0
106	TTTTAATATATAGAC	0	0
106	TTTTAATATGTAGAC	0	0
106	TTTTAATATGTAGAT	0	0
106	TTTTAATCTGTAGAC	0	0
106	TTTTAATCTGTGGAC	0	0
106	TTTTAGTATGTAGAC	0	0
106	TTTTTATACGCATGC	0	0
106	TTTTTATACGTAGGC	0	0
106	TTTTTATACGTATGC	0	0
109	GAGGGA	0	0
109	GCGACA	0	0
109	GNAGGA	0	0
109	GNGGGA	0	0
109	GNGNGA	0	0
109	GNGNNA	0	0
109	GNNNGA	0	0
109	GNNNNA	0	0
109	NNNGGA	0	0
109	NNNNNA	0	0
109	NNNNNN	0	0
109	NNNNNT	0	0
109	TNAGGA	0	0
109	TNNGGA	0	0
109	TNNNNN	0	0
110	CTCCTT	0	0
110	CTCGTT	0	0
110	CTTCTT	0	0
110	GACCCC	0	0
111	GC	0	0
111	TC	0	0
111	TT	0	0
112	CCA	0	0
112	CCT	0	0
112	CGT	0	0
112	GCA	0	0
116	C	0	0
116	T	0	0
118	CG	0	0
118	CT	0	0
118	TG	0	0
120	A	0	0
120	G	0	0
121	CAC	0	0
121	CCC	0	0
121	TAA	0	0
121	TAC	0	0
122	C	0	0
122	T	0	0
127	GA	0	0
127	GG	0	0
127	TA	0	0
131	AAA	0	0
131	AAC	0	0
131	AGA	0	0
131	GAA	0	0
134	CA	0	0
134	TG	0	0
136	A	0	0
136	T	0	0
141	CC	0	0
141	TT	0	0
142	A	0	0
142	G	0	0
144	ACT	0	0
144	GTG	0	0
146	AGCAG	0	0
146	CAGAG	0	0
146	CGCAG	0	0
146	CGCGA	0	0
147	AAGG	0	0
147	ATTT	0	0
147	GTTT	0	0
149	GTGG	0	0
149	TCGG	0	0
149	TTAG	0	0
149	TTGG	0	0
149	TTGT	0	0
150	GT	0	0
150	NC	0	0
150	NT	0	0
150	TT	0	0
151	AT	0	0
151	TC	0	0
152	A	0	0
152	C	0	0
153	GA	0	0
153	GC	0	0
153	TC	0	0
154	A	0	0
154	G	0	0
156	AA	0	0
156	AC	0	0
156	NC	0	0
156	TC	0	0
161	GAGGG	0	0
161	GAGTG	0	0
161	TGTGG	0	0
161	TGTGT	0	0
163	AC	0	0
163	AT	0	0
163	GT	0	0
164	C	0	0
164	G	0	0
165	ACT	0	0
165	CCT	0	0
165	CTC	0	0
165	CTT	0	0
167	A	0	0
167	T	0	0
168	AT	0	0
168	CC	0	0
168	CT	0	0
169	A	0	0
169	T	0	0
171	AAA	0	0
171	AAT	0	0
171	GAA	0	0
171	GGA	0	0
173	AG	0	0
173	TA	0	0
175	G	0	0
175	T	0	0
183	A	0	0
183	C	0	0
183	N	0	0
184	C	0	0
184	T	0	0
188	AC	0	0
188	AT	0	0
188	GC	0	0
188	GT	0	0
189	A	0	0
189	G	0	0
192	A	0	0
192	G	0	0
193	CC	0	0
193	TC	0	0
193	TT	0	0
195	C	0	0
195	T	0	0
196	AA	0	0
196	AG	0	0
196	GA	0	0
197	A	0	0
197	G	0	0
201	GCG	0	0
201	GCN	0	0
201	GCT	0	0
201	GTN	0	0
201	TCT	0	0
203	A	0	0
203	G	0	0
204	A	0	0
204	G	0	0
205	A	0	0
205	T	0	0
208	C	0	0
208	T	0	0
211	G	0	0
211	N	0	0
211	T	0	0
216	CAT	0	0
216	CCG	0	0
216	CCT	0	0
216	TCT	0	0
218	A	0	0
218	C	0	0
218	N	0	0
220	AAT	0	0
220	CAT	0	0
220	CGG	0	0
221	A	0	0
221	G	0	0
224	A	0	0
224	G	0	0
225	GT	0	0
225	TC	0	0
225	TT	0	0
227	AA	0	0
227	GA	0	0
227	GT	0	0
229	A	0	0
229	G	0	0
230	A	0	0
230	G	0	0
232	AA	0	0
232	TG	0	0
233	CA	0	0
233	CT	0	0
233	TT	0	0
235	A	0	0
235	G	0	0
239	C	0	0
239	T	0	0
243	A	0	0
243	N	0	0
243	T	0	0
244	C	0	0
244	T	0	0
245	A	0	0
245	T	0	0
251	AGGGG	0	0
251	GCCAA	0	0
251	GGCAA	0	0
252	C	0	0
252	T	0	0
254	CT	0	0
254	GC	0	0
254	GT	0	0
255	A	0	0
255	G	0	0
257	C	0	0
257	T	0	0
259	AAAGG	0	0
259	AATAT	0	0
259	ACTAT	0	0
259	GATAT	0	0
265	A	0	0
265	G	0	0
266	GNNN	0	0
266	TACC	0	0
266	TACN	0	0
266	TCAA	0	0
266	TNNN	0	0
268	G	0	0
268	T	0	0
270	CAA	0	0
270	CAG	0	0
270	CGA	0	0
270	TAG	0	0
271	CTA	0	0
271	GCA	0	0
271	GTA	0	0
271	GTG	0	0
273	CA	0	0
273	CG	0	0
273	TG	0	0
281	A	0	0
281	C	0	0
281	N	0	0
282	C	0	0
282	G	0	0
284	AGCG	0	0
284	GACA	0	0
284	GACG	0	0
284	GGCG	0	0
284	GGGG	0	0
285	CA	0	0
285	CG	0	0
285	TG	0	0
286	A	0	0
286	C	0	0
288	A	0	0
288	G	0	0
289	AGTC	0	0
289	CACC	0	0
289	CGCC	0	0
289	CGCT	0	0
289	CGTC	0	0
291	AGT	0	0
291	GCG	0	0
291	GGT	0	0
292	A	0	0
292	C	0	0
293	C	0	0
293	T	0	0
295	C	0	0
295	T	0	0
296	A	0	0
296	C	0	0
298	CAA	0	0
298	CAG	0	0
298	TAA	0	0
298	TCA	0	0
299	AGCCCCACTT	0	0
299	GACCTATCTT	0	0
299	GGACCCACTT	0	0
299	GGCCCCACTC	0	0
299	GGCCCCACTN	0	0
299	GGCCCCACTT	0	0
299	GGCCCCATCT	0	0
299	GGCCTCACTT	0	0
299	GGCTTCACTT	0	0
301	C	0	0
301	T	0	0
303	CC	0	0
303	CT	0	0
303	GT	0	0
305	AAGA	0	0
305	AATC	0	0
305	AGTC	0	0
305	GATC	0	0
306	A	0	0
306	G	0	0
307	CCT	0	0
307	TCC	0	0
307	TCT	0	0
307	TTT	0	0
308	ACCCA	0	0
308	ACCTA	0	0
308	ACCTT	0	0
308	ACTTA	0	0
308	ATCTA	0	0
308	GCCTA	0	0
312	AAG	0	0
312	ACC	0	0
312	ACG	0	0
312	ACN	0	0
312	GCG	0	0
312	GCN	0	0
315	A	0	0
315	C	0	0
317	AAT	0	0
317	GAC	0	0
317	GAT	0	0
317	GTC	0	0
322	AAG	0	0
322	AAT	0	0
322	ACT	0	0
322	ATG	0	0
322	ATN	0	0
322	ATT	0	0
322	NTN	0	0
322	TTN	0	0
330	A	0	0
330	G	0	0
333	A	0	0
333	C	0	0
334	C	0	0
334	T	0	0
335	C	0	0
335	T	0	0
338	CG	0	0
338	GG	0	0
338	GT	0	0
339	C	0	0
339	T	0	0
341	CG	0	0
341	TA	0	0
341	TG	0	0
344	A	0	0
344	G	0	0
345	A	0	0
345	C	0	0
345	N	0	0
347	C	0	0
347	T	0	0
348	A	0	0
348	C	0	0
352	G	0	0
352	T	0	0
358	CA	0	0
358	TA	0	0
358	TG	0	0
359	GA	0	0
359	TA	0	0
359	TG	0	0
361	ATC	0	0
361	CAA	0	0
361	CTC	0	0
366	AA	0	0
366	CC	0	0
370	A	0	0
370	G	0	0
372	G	0	0
372	T	0	0
380	G	0	0
380	T	0	0
381	GGACT	0	0
381	GTAAG	0	0
381	GTACT	0	0
381	GTTCT	0	0
381	TTACT	0	0
383	AA	0	0
383	AG	0	0
383	GA	0	0
385	C	0	0
385	T	0	0
388	G	0	0
388	T	0	0
390	C	0	0
390	T	0	0
393	GC	0	0
393	GT	0	0
393	TT	0	0
394	AA	0	0
394	AG	0	0
394	AN	0	0
394	TG	0	0
394	TN	0	0
395	C	0	0
395	T	0	0
401	CA	0	0
401	CG	0	0
401	NA	0	0
401	TA	0	0
404	CCCC	0	0
404	CCNN	0	0
404	GGAT	0	0
405	GTG	0	0
405	TAG	0	0
405	TTA	0	0
405	TTG	0	0
407	A	0	0
407	G	0	0
408	CAC	0	0
408	CGT	0	0
408	GAT	0	0
408	GGT	0	0
410	CCGCCCCGG	0	0
410	CCGCCGCAG	0	0
410	CCGCCGCGG	0	0
410	CCTCCGCGG	0	0
410	CCTCCGTGC	0	0
410	CCTCCGTGG	0	0
410	CCTTCGTGG	0	0
410	CTTAGGTGG	0	0
410	CTTCGGTGG	0	0
410	TCTCCGCGG	0	0
410	TCTCCGTGG	0	0
411	AAGG	0	0
411	AGGG	0	0
411	GACA	0	0
412	C	0	0
412	T	0	0
413	GGTAATT	0	0
413	GGTGANN	0	0
413	TGCAATT	0	0
413	TGTAGTT	0	0
413	TTTAGTT	0	0
413	TTTANGG	0	0
417	AACATGT	0	0
417	CAAGTGT	0	0
417	CACATAT	0	0
417	CACATGT	0	0
417	CACGGGT	0	0
417	CACGTGC	0	0
417	CACGTGT	0	0
417	CGCATGT	0	0
420	C	0	0
420	T	0	0
422	C	0	0
422	G	0	0
423	GGGTA	0	0
423	GGGTC	0	0
423	TAACC	0	0
424	A	0	0
424	C	0	0
425	ACCT	0	0
425	ACNT	0	0
425	ACTT	0	0
425	AGTT	0	0
425	ANNT	0	0
425	ANTT	0	0
425	CGTT	0	0
425	NGTA	0	0
425	NGTT	0	0
425	NNNT	0	0
425	NNTT	0	0
427	GA	0	0
427	GG	0	0
427	TA	0	0
434	C	0	0
434	N	0	0
434	T	0	0
439	G	0	0
439	T	0	0
447	AG	0	0
447	CA	0	0
447	CG	0	0
449	A	0	0
449	G	0	0
452	AC	0	0
452	GC	0	0
452	GT	0	0
453	C	0	0
453	T	0	0
454	A	0	0
454	C	0	0
459	CACAG	0	0
459	CACGG	0	0
459	CCAGG	0	0
459	CNAGG	0	0
459	TCAGG	0	0
459	TCAGT	0	0
460	AC	0	0
460	GC	0	0
460	GT	0	0
463	A	0	0
463	C	0	0
465	CC	0	0
465	CT	0	0
465	GT	0	0
467	GT	0	0
467	TG	0	0
468	ACAAAATAT	0	0
468	ACAAAATGT	0	0
468	ACCAAATAT	0	0
468	ACCAGATAC	0	0
468	ACCAGATAT	0	0
468	ACCAGTTAT	0	0
468	ACCGAATAT	0	0
468	ACCNGATAT	0	0
468	ATCAGATAT	0	0
468	CCCAAAGAT	0	0
468	CCCAAATAT	0	0
470	AA	0	0
470	AG	0	0
470	NA	0	0
470	TA	0	0
472	CCAAGTTA	0	0
472	CCGACTAG	0	0
472	CCGAGCTA	0	0
472	CCGAGTAG	0	0
472	CCGAGTAN	0	0
472	CCGCGCTA	0	0
472	CTGAGTAG	0	0
472	TCGAGTAG	0	0
477	CGCCT	0	0
477	GACCC	0	0
477	GACTC	0	0
477	GGTCT	0	0
478	G	0	0
478	T	0	0
479	AAGA	0	0
479	AAGG	0	0
479	AATA	0	0
479	ATTA	0	0
479	TATA	0	0
483	C	0	0
483	T	0	0
485	GA	0	0
485	TC	0	0
486	AAC	0	0
486	AAG	0	0
486	AGG	0	0
486	GAG	0	0
489	C	0	0
489	G	0	0
490	GAG	0	0
490	TAA	0	0
490	TGA	0	0
500	C	0	0
500	G	0	0
502	GAG	0	0
502	GGG	0	0
502	GGT	0	0
502	TGG	0	0
504	AA	0	0
504	CG	0	0
505	AGG	0	0
505	ATT	0	0
505	TTA	0	0
506	G	0	0
506	T	0	0
508	C	0	0
508	G	0	0
509	ACTATC	0	0
509	ACTATT	0	0
509	TAAGTT	0	0
509	TCTGAT	0	0
509	TCTGTT	0	0
510	A	0	0
510	C	0	0
514	C	0	0
514	T	0	0
516	AGA	0	0
516	CCA	0	0
516	NGA	0	0
516	NGG	0	0
517	G	0	0
517	T	0	0
518	CTCTGC	0	0
518	CTTCGC	0	0
518	CTTTAA	0	0
518	CTTTAC	0	0
518	TGTTGC	0	0
519	A	0	0
519	G	0	0
521	A	0	0
521	G	0	0
521	N	0	0
523	AA	0	0
523	AG	0	0
523	GG	0	0
527	AACG	0	0
527	AGAC	0	0
527	CACA	0	0
528	A	0	0
528	G	0	0
537	AAA	0	0
537	AAG	0	0
537	AGA	0	0
537	GAA	0	0
539	AGG	0	0
539	GAA	0	0
539	GGG	0	0
540	CA	0	0
540	CG	0	0
540	TA	0	0
541	C	0	0
541	N	0	0
541	T	0	0
543	GA	0	0
543	GC	0	0
543	TC	0	0
546	C	0	0
546	T	0	0
548	A	0	0
548	T	0	0
552	CCAG	0	0
552	CCTG	0	0
552	CTAG	0	0
552	CTTG	0	0
552	NCAG	0	0
552	NCTG	0	0
552	NTAG	0	0
552	NTTG	0	0
552	TTTG	0	0
552	TTTT	0	0
556	CGTCT	0	0
556	TATTT	0	0
556	TGCTT	0	0
556	TGTCA	0	0
556	TGTCT	0	0
556	TGTTT	0	0
559	A	0	0
559	G	0	0
563	G	0	0
563	T	0	0
564	GAA	0	0
564	GAG	0	0
564	GGA	0	0
564	TAG	0	0
566	AAC	0	0
566	AAG	0	0
566	TGG	0	0
568	AAAA	0	0
568	AAAN	0	0
568	AATA	0	0
568	AATG	0	0
568	AATN	0	0
568	ACAN	0	0
568	TAAA	0	0
576	GCTT	0	0
576	TCTT	0	0
576	TGAG	0	0
577	CGT	0	0
577	TAG	0	0
577	TGG	0	0
577	TGT	0	0
579	A	0	0
579	G	0	0
581	AAA	0	0
581	AAG	0	0
581	ACA	0	0
581	GAG	0	0
583	A	0	0
583	G	0	0
586	CG	0	0
586	TA	0	0
589	AA	0	0
589	GG	0	0
590	GC	0	0
590	GT	0	0
590	NT	0	0
590	TT	0	0
592	C	0	0
592	G	0	0
593	AC	0	0
593	CA	0	0
593	CC	0	0
594	C	0	0
594	T	0	0
603	CA	0	0
603	CC	0	0
603	GC	0	0
609	CAC	0	0
609	TAC	0	0
609	TAT	0	0
609	TGC	0	0
614	CC	0	0
614	CT	0	0
614	GT	0	0
615	GTCGGACGG	0	0
615	TACGGGCGA	0	0
615	TTCGAACGG	0	0
615	TTCGGACGG	0	0
615	TTCGGACTG	0	0
615	TTCGGGCGA	0	0
615	TTCTGGCGA	0	0
615	TTGGGAAGG	0	0
620	GAAAT	0	0
620	GCAAT	0	0
620	TCGGC	0	0
620	TCGGT	0	0
626	C	0	0
626	T	0	0
627	A	0	0
627	G	0	0
628	CCTT	0	0
628	CGAC	0	0
628	CGTT	0	0
628	TGTC	0	0
629	C	0	0
629	T	0	0
633	AACCCAGGTTN	0	0
633	AACCCAGTTTC	0	0
633	AACCCCTAGTT	0	0
633	AACCCCTCTCC	0	0
633	AACCCCTCTCN	0	0
633	AACCCNNAGTT	0	0
633	AACCTCTCTCC	0	0
633	AACCTCTCTTC	0	0
633	AACTCCTCTCC	0	0
633	AAGCTCTCTTC	0	0
633	AGCCTCTCTTC	0	0
633	GACCTCTCTTN	0	0
635	ATT	0	0
635	TGC	0	0
635	TGT	0	0
636	CAAACATGGCTA	0	0
636	CAAACATGGGTA	0	0
636	CAGTCATAACTA	0	0
636	CAGTCATGACTA	0	0
636	CAGTCATGAGTA	0	0
636	CAGTCATGATTA	0	0
636	CAGTCATGATTG	0	0
636	CAGTCGTGACTA	0	0
636	CAGTTATGATTA	0	0
636	CGNNCACGGCCA	0	0
636	TAGTCATGACTA	0	0
638	AT	0	0
638	GC	0	0
638	GT	0	0
639	C	0	0
639	T	0	0
645	C	0	0
645	T	0	0
653	AACG	0	0
653	AATG	0	0
653	GATA	0	0
653	GATG	0	0
653	GGTG	0	0
655	AC	0	0
655	GA	0	0
655	GC	0	0
657	CCGCAATCCT	0	0
657	CCGCAGGGAT	0	0
657	CCGCAGGGCT	0	0
657	CCGCAGTCCT	0	0
657	CCGCAGTGCT	0	0
657	CTAAAGNGCA	0	0
657	CTGCAGGGCT	0	0
657	GCGCAGTCCT	0	0
657	GCGCTGTCCT	0	0
658	C	0	0
658	T	0	0
665	GAC	0	0
665	GAT	0	0
665	GGT	0	0
665	TAT	0	0
667	ATC	0	0
667	TCC	0	0
667	TTC	0	0
667	TTG	0	0
669	CGGCCG	0	0
669	CTGCCT	0	0
669	CTGCTT	0	0
669	CTGTCT	0	0
669	TTACCT	0	0
670	A	0	0
670	C	0	0
674	C	0	0
674	T	0	0
676	C	0	0
676	T	0	0
677	CA	0	0
677	GA	0	0
677	GT	0	0
679	GCACGGAGT	0	0
679	TAGTGGGAG	0	0
679	TAGTGGGAT	0	0
679	TCGCAGAGT	0	0
679	TCGCGGAGT	0	0
679	TCGTGAGAT	0	0
679	TCGTGGAGT	0	0
679	TCGTGGGAT	0	0
679	TCTTGAGAT	0	0
680	A	0	0
680	G	0	0
682	A	0	0
682	G	0	0
686	CT	0	0
686	NT	0	0
686	TA	0	0
686	TT	0	0
687	AA	0	0
687	GA	0	0
687	GG	0	0
690	CCCAACTTG	0	0
690	CCCAATCCG	0	0
690	CCCAATCTG	0	0
690	CCCATTCTG	0	0
690	CTTAATCTA	0	0
690	CTTTATCTA	0	0
690	TCCCATCTA	0	0
696	A	0	0
696	G	0	0
700	CC	0	0
700	CN	0	0
700	CT	0	0
700	TT	0	0
702	C	0	0
702	T	0	0
705	CA	0	0
705	CG	0	0
705	GG	0	0
711	AG	0	0
711	CC	0	0
711	CG	0	0
712	A	0	0
712	G	0	0
714	C	0	0
714	G	0	0
716	C	0	0
716	G	0	0
717	A	0	0
717	G	0	0
719	A	0	0
719	G	0	0
724	ANN	0	0
724	GCT	0	0
724	GNN	0	0
724	GTG	0	0
724	GTN	0	0
729	CAG	0	0
729	TGT	0	0
730	CTATC	0	0
730	TCATC	0	0
730	TTAAG	0	0
730	TTATC	0	0
730	TTATG	0	0
730	TTGTG	0	0
732	ATGA	0	0
732	GCGG	0	0
732	GTAG	0	0
732	GTGG	0	0
738	CG	0	0
738	TA	0	0
741	CC	0	0
741	TA	0	0
741	TC	0	0
744	AAG	0	0
744	ACA	0	0
744	GCA	0	0
746	C	0	0
746	T	0	0
749	AAC	0	0
749	AGC	0	0
749	AGG	0	0
749	AGN	0	0
749	GGC	0	0
752	AA	0	0
752	AT	0	0
752	GT	0	0
753	A	0	0
753	G	0	0
754	G	0	0
754	T	0	0
757	A	0	0
757	C	0	0
764	A	0	0
764	T	0	0
765	G	0	0
765	T	0	0
767	AT	0	0
767	CA	0	0
767	CT	0	0
770	A	0	0
770	N	0	0
770	T	0	0
780	C	0	0
780	G	0	0
782	AGG	0	0
782	CAG	0	0
782	CAT	0	0
782	NAG	0	0
782	NNG	0	0
789	GC	0	0
789	TC	0	0
789	TT	0	0
790	CG	0	0
790	CT	0	0
790	GG	0	0
791	A	0	0
791	G	0	0
792	AA	0	0
792	AG	0	0
792	GA	0	0
794	C	0	0
794	T	0	0
800	A	0	0
800	C	0	0
801	A	0	0
801	C	0	0
804	C	0	0
804	T	0	0
807	C	0	0
807	T	0	0
809	AC	0	0
809	AT	0	0
809	GC	0	0
810	AGT	0	0
810	ATC	0	0
810	ATT	0	0
810	CTT	0	0
811	A	0	0
811	G	0	0
812	A	0	0
812	G	0	0
814	C	0	0
814	T	0	0
815	GAC	0	0
815	GAT	0	0
815	GGT	0	0
815	TAT	0	0
816	AAT	0	0
816	AGA	0	0
816	GGA	0	0
818	GGCAAATGGACA	0	0
818	GGCAATTGGACG	0	0
818	GGCAGATGGACA	0	0
818	TCTGATCAGGTG	0	0
818	TCTGATTAGGCG	0	0
818	TCTGATTAGGTA	0	0
818	TCTGATTAGGTG	0	0
818	TCTGATTATGCG	0	0
818	TGCGATTGCACG	0	0
818	TGCGATTGGACG	0	0
819	CCT	0	0
819	CGC	0	0
819	CGT	0	0
819	GNG	0	0
819	NGT	0	0
819	TCG	0	0
819	TGG	0	0
821	C	0	0
821	T	0	0
822	AAAG	0	0
822	AACG	0	0
822	GGAA	0	0
823	A	0	0
823	C	0	0
824	CAC	0	0
824	CGC	0	0
824	CGT	0	0
824	TAT	0	0
825	CA	0	0
825	TA	0	0
825	TG	0	0
836	GT	0	0
836	TG	0	0
836	TT	0	0
843	AACAC	0	0
843	ACAAA	0	0
843	ACCAA	0	0
843	ACCAC	0	0
843	ACCCC	0	0
843	TCCAC	0	0
845	C	0	0
845	T	0	0
846	CN	0	0
846	NC	0	0
846	NN	0	0
846	TC	0	0
846	TG	0	0
846	TN	0	0
847	CCTACAA	0	0
847	CCTACGA	0	0
847	TACACGT	0	0
847	TATAAGT	0	0
847	TATACGT	0	0
847	TATCCGT	0	0
847	TGTACGT	0	0
848	CAT	0	0
848	GAT	0	0
848	GGA	0	0
848	GGT	0	0
850	C	0	0
850	T	0	0
851	AA	0	0
851	AG	0	0
851	CA	0	0
853	AC	0	0
853	AT	0	0
853	GT	0	0
854	AGAA	0	0
854	AGGA	0	0
854	GAAG	0	0
857	AA	0	0
857	AG	0	0
857	GA	0	0
859	A	0	0
859	T	0	0
861	A	0	0
861	G	0	0
865	CAA	0	0
865	CGC	0	0
865	GGC	0	0
868	GG	0	0
868	TG	0	0
868	TT	0	0
871	A	0	0
871	G	0	0
876	AC	0	0
876	AT	0	0
876	GC	0	0
878	ATTAA	0	0
878	GCCTT	0	0
878	GCTTT	0	0
878	GTTTT	0	0
880	A	0	0
880	G	0	0
884	A	0	0
884	C	0	0
888	ATG	0	0
888	GCA	0	0
888	GCG	0	0
888	GTG	0	0
890	CG	0	0
890	GG	0	0
890	GT	0	0
893	CA	0	0
893	CG	0	0
893	TG	0	0
894	GGCG	0	0
894	TGCA	0	0
894	TGCG	0	0
894	TGTG	0	0
894	TTCG	0	0
898	CCAAT	0	0
898	CTAAT	0	0
898	CTATA	0	0
898	CTTAT	0	0
898	TTAAT	0	0
902	A	0	0
902	C	0	0
905	AAACATCG	0	0
905	AACAACCA	0	0
905	AAGACGGA	0	0
905	AANCGAGA	0	0
905	ACACGAGA	0	0
905	ACCACTGT	0	0
905	ACGTATCA	0	0
905	ACTATGCA	0	0
905	AGATCGCA	0	0
905	AGCACCTC	0	0
905	AGNNNNTA	0	0
905	AGTGGTCA	0	0
905	ANACAGAA	0	0
905	ANGCTCGA	0	0
905	ANNNTGGC	0	0
905	ATTGGCTC	0	0
905	CATACCAA	0	0
905	CGAACTTA	0	0
905	CTGAGCCA	0	0
905	GCGAGTAA	0	0
905	NNACTCGA	0	0
905	NNNAGTAA	0	0
905	TATCAGCA	0	0
905	TCGTCNTA	0	0
905	TGAAGAGA	0	0
905	TGGAACAA	0	0
905	TGGCTTCA	0	0
905	TGGTGGTA	0	0
906	CG	0	0
906	CT	0	0
906	TG	0	0
910	A	0	0
910	G	0	0
917	A	0	0
917	G	0	0
922	G	0	0
922	T	0	0
924	C	0	0
924	T	0	0
925	CACCAA	0	0
925	CACCAC	0	0
925	TGCAAC	0	0
925	TGCAGC	0	0
925	TGCCAC	0	0
925	TGTCAC	0	0
931	A	0	0
931	C	0	0
932	A	0	0
932	G	0	0
933	A	0	0
933	C	0	0
935	A	0	0
935	G	0	0
936	CC	0	0
936	GA	0	0
936	GC	0	0
941	A	0	0
941	G	0	0
942	AAGTA	0	0
942	GATAC	0	0
942	GCTAC	0	0
943	CA	0	0
943	CG	0	0
943	GG	0	0
944	ACCCC	0	0
944	ACCGC	0	0
944	ACGGC	0	0
944	ATCGG	0	0
944	CCCGC	0	0
951	CGGG	0	0
951	TTTT	0	0
953	CG	0	0
953	CT	0	0
953	TT	0	0
955	A	0	0
955	T	0	0
960	AAG	0	0
960	ATT	0	0
960	GTT	0	0
971	AGA	0	0
971	NGA	0	0
971	NGG	0	0
971	NTA	0	0
971	TGA	0	0
982	ACA	0	0
982	ATA	0	0
982	ATT	0	0
982	GTA	0	0
984	AT	0	0
984	CC	0	0
984	CT	0	0
998	CC	0	0
998	CG	0	0
998	TC	0	0
1003	GCC	0	0
1003	GCT	0	0
1003	GTT	0	0
1003	TCT	0	0
1004	CA	0	0
1004	TA	0	0
1004	TG	0	0
1006	AT	0	0
1006	TC	0	0
1009	A	0	0
1009	C	0	0
1009	T	0	0
1010	CTC	0	0
1010	TCC	0	0
1010	TTC	0	0
1010	TTT	0	0
1020	AAACATCGGATCTGGTAAGGTCGACC	0	0
1020	AAACATTGGATCTGGTAAGGTCGACC	0	0
1020	AAACCACTGATCTGGTAAGGTCGACT	0	0
1020	AANNNNNNNNTNNNNNNNNGTNGANT	0	0
1020	AGACCTCNNATCNGGTAAGGTCGACN	0	0
1020	AGACNTCACATCTGGTAAGGTCGACA	0	0
1020	AGACNTCGCATCTGGTAAGGTCGACA	0	0
1020	AGTGGTCANATCTGGTAAGGTCGACN	0	0
1020	ANNCATTGGNTNNNNNNNNGNCNNNC	0	0
1020	ANNCCACTGNTNNNNNNNNGNCNNNT	0	0
1020	ANNNNNNNNNTNNNGCAAGGTCGACC	0	0
1020	ANNNNNNNNNTNNNNNNNNGTGGTCA	0	0
1020	ATNNNTGAGATCGGGTAAGGTCGACA	0	0
1020	CAACNNCACATCNGGTAAGGTCGACA	0	0
1020	CGNNNNNACATCTGGTAAGGTCGACN	0	0
1020	NNNNNNCAAATCTGGTAAGGTCGACA	0	0
1020	NNNNNNCGGATCTTGTAAGGTCGACC	0	0
1020	NNNNNNNCTATCAGGTTAGGTCGACC	0	0
1020	NNNNNNNGCTTCCGGTTAGGTCGACA	0	0
1020	NNNNNNNGTATCCGCTAAGGTCGACA	0	0
1020	NNNNNNNNNNCCTGANNNNNNNNNNC	0	0
1020	NNNNNNNNNNTAAGATGAGGTCGACA	0	0
1020	NNNNNNNNNNTGAACNNNGGTCGNAA	0	0
1020	NNNNNNNNNNTGTGGTTAGGTCGACA	0	0
1020	NNNNNNNNNNTNNACNNNNCTCNCAA	0	0
1020	NNNNNNNNNNTNNACNNNNGACAGAA	0	0
1020	NNNNNNNNNNTNNGCNGAGGTCGACA	0	0
1020	NNNNNNNNNNTNNGCTCAGGTCGACA	0	0
1020	NNNNNNNNNNTNNNNNCAGATCNNTG	0	0
1020	NNNNNNNNNNTNNNNNNAAGACGNGA	0	0
1020	NNNNNNNNNNTNNNNNNAAGCCGAGA	0	0
1020	NNNNNNNNNNTNNNNTCCGGTCGTCA	0	0
1020	NNNNNNNNNNTNNTCTNNGGTCGACA	0	0
1020	NNNNNNNNTATCAGCTNAGGTCGACA	0	0
1021	CA	0	0
1021	NA	0	0
1021	TA	0	0
1021	TG	0	0
1022	CA	0	0
1022	CT	0	0
1022	TT	0	0
1023	CT	0	0
1023	TA	0	0
1024	G	0	0
1024	T	0	0
1025	CGA	0	0
1025	CTA	0	0
1025	CTC	0	0
1025	TTA	0	0
1026	C	0	0
1026	T	0	0
1028	C	0	0
1028	T	0	0
1030	A	0	0
1030	G	0	0
1032	GAG	0	0
1032	TTA	0	0
1033	ACTTAC	0	0
1033	ACTTGC	0	0
1033	ATTCAC	0	0
1033	ATTCAT	0	0
1033	GCGTAC	0	0
1034	C	0	0
1034	T	0	0
1035	CCAT	0	0
1035	CCGC	0	0
1035	CTGC	0	0
1035	TCAC	0	0
1035	TCAT	0	0
1038	C	0	0
1038	G	0	0
1040	AGG	0	0
1040	CGG	0	0
1040	CTA	0	0
1041	ACT	0	0
1041	ATT	0	0
1041	GTC	0	0
1042	C	0	0
1042	T	0	0
1045	A	0	0
1045	G	0	0
1046	AA	0	0
1046	GA	0	0
1046	GG	0	0
1049	A	0	0
1049	G	0	0
1052	A	0	0
1052	G	0	0
1054	A	0	0
1054	C	0	0
1057	CACG	0	0
1057	GACG	0	0
1057	GACT	0	0
1057	GAGG	0	0
1057	GGCT	0	0
1058	C	0	0
1058	T	0	0
1061	C	0	0
1061	T	0	0
1062	A	0	0
1062	G	0	0
1066	AGCT	0	0
1066	ATCT	0	0
1066	ATTC	0	0
1066	GTCT	0	0
1067	A	0	0
1067	C	0	0
1068	CCCATT	0	0
1068	CCTATT	0	0
1068	CCTTTT	0	0
1068	CTTAAC	0	0
1068	TCTATT	0	0
1074	CAT	0	0
1074	CGC	0	0
1074	TGC	0	0
1075	AAG	0	0
1075	CCC	0	0
1077	C	0	0
1077	N	0	0
1077	T	0	0
1078	CAC	0	0
1078	TAC	0	0
1078	TGT	0	0
1084	C	0	0
1084	T	0	0
1087	A	0	0
1087	G	0	0
1091	CAAAAC	0	0
1091	CAAAAT	0	0
1091	CAAAGC	0	0
1091	CCAAAC	0	0
1091	GAGGAC	0	0
1092	AA	0	0
1092	AC	0	0
1092	AN	0	0
1092	TC	0	0
1093	G	0	0
1093	N	0	0
1093	T	0	0
1096	A	0	0
1096	G	0	0
1100	G	0	0
1100	T	0	0
1105	A	0	0
1105	G	0	0
1106	AA	0	0
1106	AG	0	0
1106	GA	0	0
1110	GC	0	0
1110	NC	0	0
1110	TC	0	0
1110	TT	0	0
1111	AGC	0	0
1111	GAC	0	0
1111	GGA	0	0
1111	GGC	0	0
1114	A	0	0
1114	T	0	0
1115	AC	0	0
1115	GC	0	0
1115	GT	0	0
1116	G	0	0
1116	T	0	0
1117	A	0	0
1117	C	0	0
1118	A	0	0
1118	G	0	0
1122	G	0	0
1122	T	0	0
1123	ACA	0	0
1123	GTG	0	0
1123	NCA	0	0
1127	ACAC	0	0
1127	ACAT	0	0
1127	ACCC	0	0
1127	ATAC	0	0
1127	GCCC	0	0
1129	AA	0	0
1129	AC	0	0
1129	GC	0	0
1130	ACT	0	0
1130	ATA	0	0
1130	ATN	0	0
1130	ATT	0	0
1130	GTN	0	0
1132	CGN	0	0
1132	GAC	0	0
1132	GGC	0	0
1132	GGN	0	0
1132	GGT	0	0
1132	GNC	0	0
1132	NGC	0	0
1132	NNC	0	0
1134	ATGT	0	0
1134	GCTA	0	0
1137	CAA	0	0
1137	TAA	0	0
1137	TAC	0	0
1137	TTC	0	0
1141	G	0	0
1141	T	0	0
1142	GG	0	0
1142	TC	0	0
1146	A	0	0
1146	N	0	0
1146	T	0	0
1150	AA	0	0
1150	GG	0	0
1152	A	0	0
1152	G	0	0
1154	AT	0	0
1154	TC	0	0
1154	TT	0	0
1155	C	0	0
1155	G	0	0
1157	AT	0	0
1157	GC	0	0
1157	GT	0	0
1158	AT	0	0
1158	CA	0	0
1158	CT	0	0
1159	CCA	0	0
1159	TAA	0	0
1159	TCA	0	0
1159	TCG	0	0
1162	AT	0	0
1162	CG	0	0
1163	CC	0	0
1163	CT	0	0
1163	NT	0	0
1163	TT	0	0
1164	AC	0	0
1164	AT	0	0
1164	GT	0	0
1170	C	0	0
1170	T	0	0
1171	ATTGA	0	0
1171	ATTGG	0	0
1171	CCCCA	0	0
1171	CTCCA	0	0
1171	CTTGA	0	0
1173	A	0	0
1173	C	0	0
1173	N	0	0
1175	A	0	0
1175	T	0	0
1179	CC	0	0
1179	CT	0	0
1179	TC	0	0
1180	AG	0	0
1180	GG	0	0
1180	GT	0	0
1182	A	0	0
1182	G	0	0
1183	AAGGGA	0	0
1183	AAGGGG	0	0
1183	AATGGG	0	0
1183	AGGGGA	0	0
1183	CAAAAA	0	0
1183	CAAAGA	0	0
1187	AACG	0	0
1187	AACT	0	0
1187	GGTG	0	0
1190	CTTC	0	0
1190	TAGA	0	0
1190	TTTC	0	0
1192	C	0	0
1192	T	0	0
1193	GAC	0	0
1193	TAA	0	0
1193	TAC	0	0
1193	TTC	0	0
1194	AAAC	0	0
1194	AAAT	0	0
1194	AAGT	0	0
1194	ACAT	0	0
1194	GAAC	0	0
1196	AAA	0	0
1196	ACA	0	0
1196	ACC	0	0
1196	GCA	0	0
1197	A	0	0
1197	G	0	0
1197	N	0	0
1203	AAAC	0	0
1203	AAAG	0	0
1203	AGAC	0	0
1203	GGGC	0	0
1205	AC	0	0
1205	AT	0	0
1205	GC	0	0
1206	AC	0	0
1206	TA	0	0
1206	TC	0	0
1207	AGAG	0	0
1207	TAAG	0	0
1207	TGAG	0	0
1207	TGAT	0	0
1207	TGCG	0	0
1212	AAG	0	0
1212	GCA	0	0
1212	GCG	0	0
1213	C	0	0
1213	T	0	0
1216	C	0	0
1216	T	0	0
1217	A	0	0
1217	G	0	0
1218	C	0	0
1218	T	0	0
1227	GGT	0	0
1227	TCC	0	0
1227	TGC	0	0
1228	ACCAA	0	0
1228	ACCAC	0	0
1228	ACCAN	0	0
1228	ACCGC	0	0
1228	GTAAC	0	0
1228	NNCAC	0	0
1235	GA	0	0
1235	GG	0	0
1235	TG	0	0
1237	C	0	0
1237	G	0	0
1237	N	0	0
1238	C	0	0
1238	T	0	0
1240	AC	0	0
1240	AT	0	0
1240	TC	0	0
1243	CGGGC	0	0
1243	CGGGT	0	0
1243	GAAAT	0	0
1243	GAAGT	0	0
1246	A	0	0
1246	T	0	0
1249	A	0	0
1249	T	0	0
1250	CA	0	0
1250	TC	0	0
1251	C	0	0
1251	T	0	0
1254	AT	0	0
1254	GC	0	0
1254	GT	0	0
1258	A	0	0
1258	G	0	0
1260	CA	0	0
1260	NN	0	0
1260	TT	0	0
1261	CT	0	0
1261	TG	0	0
1261	TN	0	0
1261	TT	0	0
1267	A	0	0
1267	G	0	0
1267	N	0	0
1268	G	0	0
1268	T	0	0
1269	G	0	0
1269	N	0	0
1269	T	0	0
1271	CA	0	0
1271	TA	0	0
1271	TG	0	0
1274	C	0	0
1274	G	0	0
1274	N	0	0
1279	CACC	0	0
1279	CGCC	0	0
1279	CGCT	0	0
1279	CGTC	0	0
1279	GGCC	0	0
1280	C	0	0
1280	N	0	0
1280	T	0	0
1287	A	0	0
1287	G	0	0
1291	A	0	0
1291	G	0	0
1294	G	0	0
1294	T	0	0
1296	CT	0	0
1296	NN	0	0
1296	TG	0	0
1297	A	0	0
1297	G	0	0
1301	G	0	0
1301	N	0	0
1301	T	0	0
1305	G	0	0
1305	T	0	0
1309	CA	0	0
1309	GA	0	0
1309	GG	0	0
1311	AAA	0	0
1311	ATA	0	0
1311	ATG	0	0
1311	GTA	0	0
1312	A	0	0
1312	G	0	0
1316	AACAGNNNNG	0	0
1316	AACATACCAG	0	0
1316	AAGATCGGAG	0	0
1316	ACCATCTGTG	0	0
1316	ACCTTCCAAG	0	0
1316	ANCAGANNNT	0	0
1316	CAGATCTGNG	0	0
1316	NNNNTCGGAG	0	0
1317	CG	0	0
1317	TA	0	0
1318	CT	0	0
1318	TC	0	0
1318	TT	0	0
1319	CA	0	0
1319	TA	0	0
1319	TG	0	0
1323	AGAAAGA	0	0
1323	AGAGGCG	0	0
1323	CACGAGA	0	0
1326	C	0	0
1326	G	0	0
1329	C	0	0
1329	T	0	0
1334	A	0	0
1334	C	0	0
1336	CAC	0	0
1336	TAC	0	0
1336	TAT	0	0
1336	TGC	0	0
1340	A	0	0
1340	G	0	0
1341	C	0	0
1341	T	0	0
1343	A	0	0
1343	G	0	0
1345	GA	0	0
1345	GC	0	0
1345	NC	0	0
1345	TC	0	0
1351	A	0	0
1351	C	0	0
1352	CT	0	0
1352	TG	0	0
1352	TT	0	0
1353	ACCGA	0	0
1353	ACCGT	0	0
1353	ATTAN	0	0
1353	ATTAT	0	0
1353	TTTAT	0	0
1355	G	0	0
1355	N	0	0
1355	T	0	0
1358	AGCC	0	0
1358	AGTC	0	0
1358	AGTT	0	0
1358	ATCC	0	0
1358	GGCC	0	0
1360	A	0	0
1360	C	0	0
1361	AA	0	0
1361	GA	0	0
1361	GC	0	0
1365	G	0	0
1365	T	0	0
1370	AAAGTT	0	0
1370	CAAACA	0	0
1370	CAAANN	0	0
1370	CAAATT	0	0
1370	CAAGTN	0	0
1370	CAAGTT	0	0
1370	CAGATT	0	0
1370	CANGTT	0	0
1370	CGAGTN	0	0
1370	CGAGTT	0	0
1371	C	0	0
1371	T	0	0
1374	A	0	0
1374	C	0	0
1376	AT	0	0
1376	CC	0	0
1376	CT	0	0
1381	AAACTAAT	0	0
1381	AAGCTAAC	0	0
1381	AAGCTAAT	0	0
1381	TGAAGATT	0	0
1381	TGAATATT	0	0
1381	TGAATGTT	0	0
1385	C	0	0
1385	T	0	0
1389	CGC	0	0
1389	TGC	0	0
1389	TTC	0	0
1389	TTT	0	0
1391	CC	0	0
1391	CT	0	0
1391	TC	0	0
1392	AA	0	0
1392	AG	0	0
1392	TA	0	0
1393	A	0	0
1393	G	0	0
1395	AGG	0	0
1395	TTA	0	0
1396	CATCAACAACC	0	0
1396	GATCAACAACC	0	0
1396	GATCAATAGCA	0	0
1396	GATGAATAGCA	0	0
1396	GTGCAGCGGCC	0	0
1396	GTTCAGCGGAC	0	0
1396	GTTCAGCGGCC	0	0
1396	GTTCGGCGGCC	0	0
1398	A	0	0
1398	C	0	0
1400	CTT	0	0
1400	TCT	0	0
1400	TTC	0	0
1400	TTT	0	0
1401	A	0	0
1401	C	0	0
1402	C	0	0
1402	T	0	0
1407	AACA	0	0
1407	CTGG	0	0
1409	CT	0	0
1409	TC	0	0
1409	TT	0	0
1410	AA	0	0
1410	AG	0	0
1410	NA	0	0
1410	TA	0	0
1412	GC	0	0
1412	GG	0	0
1412	TG	0	0
1413	AN	0	0
1413	AT	0	0
1413	TA	0	0
1416	C	0	0
1416	N	0	0
1416	T	0	0
1419	CGG	0	0
1419	TCG	0	0
1419	TGG	0	0
1419	TGT	0	0
1420	CA	0	0
1420	TA	0	0
1420	TG	0	0
1426	A	0	0
1426	G	0	0
1427	CA	0	0
1427	CG	0	0
1427	TG	0	0
1430	GA	0	0
1430	GG	0	0
1430	TA	0	0
1431	ATGCG	0	0
1431	ATTCG	0	0
1431	TCTCG	0	0
1431	TTTAG	0	0
1431	TTTCA	0	0
1431	TTTCG	0	0
1432	CT	0	0
1432	GC	0	0
1433	ACAACCTTAAGAGGAACTTGC	0	0
1433	AGACGGTTAAGAGGAACTTGC	0	0
1433	AGGTACTTAAGAGGAACTTGC	0	0
1433	ANNNCCCTAAGAGGAACTTTC	0	0
1433	ANNNCTTTANNNNNAACTTNN	0	0
1433	ANNNNCTTAAGAGGAACTTGC	0	0
1433	ATNNNNCCAAGAGGAACTTTC	0	0
1433	CCTNCCATAAGAGGAACTTNC	0	0
1433	CNNNNNNNACGANGAACTTGA	0	0
1433	GNNNNCCCAAGAGGAACTTTC	0	0
1433	NNNNCGTTAAGAGGAACTTGC	0	0
1433	NNNNNCGTAAGAGGAACTTNC	0	0
1433	NNNNNNCCAGNNNNAACTTNA	0	0
1433	NNNNNNCTAAGAGGAACTTTC	0	0
1433	NNNNNNGTGTCANNNNNNTNN	0	0
1433	NNNNNNNNANCTGGAACTTTA	0	0
1433	NNNNNNNNANNNNAAACTTCA	0	0
1433	NNNNNNNNANNNNNAAGTTAA	0	0
1433	NNNNNNNNANNNNNCACTTGT	0	0
1433	NNNNNNNNANNNNNCTCCTAA	0	0
1433	NNNNNNNNNNNNNNNACTTGA	0	0
1433	NNNNNNNNNNNNNNNGCTGTC	0	0
1433	NNNNNNNNNNNNNNNNCATGT	0	0
1433	NNNNNNNTAAGANGAACTTGA	0	0
1433	NNNNNNNTAGCTTGAACTTCA	0	0
1433	NNNNNNNTAGGATGAACTTGA	0	0
1433	NNNNNNNTATCAGGAACTTCA	0	0
1437	A	0	0
1437	G	0	0
1439	AA	0	0
1439	AG	0	0
1439	GA	0	0
1440	AA	0	0
1440	GA	0	0
1440	GG	0	0
1440	GN	0	0
1441	AAACCTGGGG	0	0
1441	AAACTCGGGG	0	0
1441	AAACTTGGAG	0	0
1441	AAACTTGGGG	0	0
1441	AAATTCGGGG	0	0
1441	GAGCTCGTGA	0	0
1441	GAGCTCTTGA	0	0
1441	GCGCTCGTGA	0	0
1443	CG	0	0
1443	TC	0	0
1443	TG	0	0
1444	A	0	0
1444	G	0	0
1445	AAA	0	0
1445	AAG	0	0
1445	AGA	0	0
1445	GAA	0	0
1447	G	0	0
1447	T	0	0
1449	C	0	0
1449	T	0	0
1450	CAAG	0	0
1450	CACC	0	0
1450	CGCC	0	0
1450	TACC	0	0
1452	C	0	0
1452	T	0	0
1454	CAAAAG	0	0
1454	CAAAGG	0	0
1454	CAAGAG	0	0
1454	CAGAAG	0	0
1454	CGAAAG	0	0
1454	TAAAAC	0	0
1454	TAAAAG	0	0
1455	C	0	0
1455	T	0	0
1457	GTA	0	0
1457	TCA	0	0
1457	TTA	0	0
1457	TTG	0	0
1461	ATA	0	0
1461	GCG	0	0
1461	GTA	0	0
1461	GTG	0	0
1462	G	0	0
1462	T	0	0
1465	C	0	0
1465	T	0	0
1466	AC	0	0
1466	GG	0	0
1468	ACC	0	0
1468	CAC	0	0
1468	CCC	0	0
1468	CCG	0	0
1469	A	0	0
1469	G	0	0
1470	CA	0	0
1470	CG	0	0
1470	TA	0	0
1474	A	0	0
1474	C	0	0
1475	A	0	0
1475	G	0	0
1476	GATA	0	0
1476	GATC	0	0
1476	GATG	0	0
1476	GTAA	0	0
1476	TATG	0	0
1477	G	0	0
1477	T	0	0
1478	AC	0	0
1478	AT	0	0
1478	TC	0	0
1478	TN	0	0
1479	G	0	0
1479	T	0	0
1481	ACGCCGCCAG	0	0
1481	ACGCCGCGAG	0	0
1481	ACGGCGCCAG	0	0
1481	ATTCCACCCT	0	0
1481	CTGCCGCCCT	0	0
1481	CTGCTATCCT	0	0
1484	C	0	0
1484	T	0	0
1485	CG	0	0
1485	TC	0	0
1486	C	0	0
1486	G	0	0
1487	CATAG	0	0
1487	GACTG	0	0
1487	GATAG	0	0
1487	GATAT	0	0
1487	GATTG	0	0
1487	GGTAG	0	0
1491	CT	0	0
1491	GC	0	0
1491	GT	0	0
1494	AC	0	0
1494	GC	0	0
1494	GT	0	0
1495	ACCGCA	0	0
1495	ACTAAT	0	0
1495	GGCGCA	0	0
1501	C	0	0
1501	T	0	0
1505	G	0	0
1505	T	0	0
1511	G	0	0
1511	T	0	0
1513	AAA	0	0
1513	CAA	0	0
1513	CAG	0	0
1513	CGA	0	0
1515	AA	0	0
1515	AG	0	0
1515	GG	0	0
1521	CGTC	0	0
1521	TGCC	0	0
1521	TGTC	0	0
1521	TGTT	0	0
1521	TTTC	0	0
1527	A	0	0
1527	C	0	0
1531	ACGTAAAC	0	0
1531	ACGTAAGC	0	0
1531	ACGTAGGC	0	0
1531	ATACGAGC	0	0
1531	TCACGAGT	0	0
1531	TTACGAGT	0	0
1533	A	0	0
1533	G	0	0
1534	A	0	0
1534	G	0	0
1535	A	0	0
1535	C	0	0
1536	CGAC	0	0
1536	CGAG	0	0
1536	CGGC	0	0
1536	CTAC	0	0
1536	TGAC	0	0
1537	CCTG	0	0
1537	GCAG	0	0
1537	GCTA	0	0
1537	GCTG	0	0
1537	GGTG	0	0
1538	A	0	0
1538	G	0	0
1541	C	0	0
1541	G	0	0
1542	CCA	0	0
1542	CCG	0	0
1542	TGA	0	0
1544	AC	0	0
1544	GA	0	0
1544	GC	0	0
1544	TC	0	0
1545	A	0	0
1545	G	0	0
1550	CC	0	0
1550	CT	0	0
1550	TT	0	0
1552	C	0	0
1552	T	0	0
1553	AGC	0	0
1553	CGC	0	0
1553	CTA	0	0
1553	CTC	0	0
1559	C	0	0
1559	T	0	0
1560	CA	0	0
1560	GG	0	0
1563	A	0	0
1563	T	0	0
1564	CC	0	0
1564	CT	0	0
1564	GT	0	0
1569	G	0	0
1569	T	0	0
1570	A	0	0
1570	T	0	0
1571	AC	0	0
1571	AT	0	0
1571	GC	0	0
1575	AA	0	0
1575	AG	0	0
1575	CG	0	0
1580	AA	0	0
1580	CA	0	0
1580	CG	0	0
1586	ACG	0	0
1586	GTA	0	0
1588	ACCA	0	0
1588	ACCT	0	0
1588	CAGT	0	0
1588	NAGT	0	0
1588	NCCT	0	0
1590	AA	0	0
1590	CA	0	0
1590	CG	0	0
1596	ACAC	0	0
1596	CTCA	0	0
1597	G	0	0
1597	T	0	0
1600	A	0	0
1600	C	0	0
1603	AC	0	0
1603	CC	0	0
1603	CG	0	0
1605	A	0	0
1605	C	0	0
1606	A	0	0
1606	C	0	0
1607	AG	0	0
1607	TA	0	0
1610	AG	0	0
1610	AN	0	0
1610	AT	0	0
1610	GT	0	0
1613	ACCNGCCAG	0	0
1613	ACCNGCTAG	0	0
1613	GCCAGTTAA	0	0
1613	GCCAGTTAG	0	0
1613	GCCAGTTGG	0	0
1613	GCTAATTAG	0	0
1613	GCTAGTTAG	0	0
1613	GCTNGTTAG	0	0
1613	GCTTGTTAG	0	0
1613	GTTNATTAG	0	0
1616	G	0	0
1616	T	0	0
1623	C	0	0
1623	T	0	0
1625	GCTC	0	0
1625	GTCT	0	0
1625	GTTC	0	0
1625	TTTC	0	0
1628	AC	0	0
1628	AT	0	0
1628	TC	0	0
1630	AG	0	0
1630	CG	0	0
1630	CT	0	0
1636	CCTCATAAG	0	0
1636	CCTCGAAAG	0	0
1636	CCTCGTAAG	0	0
1636	CTCCGTAGG	0	0
1636	TCCTGTGGA	0	0
1636	TCCTGTGGG	0	0
1636	TTCCGTAGG	0	0
1637	CCT	0	0
1637	TAA	0	0
1641	AA	0	0
1641	AT	0	0
1641	TA	0	0
1642	G	0	0
1642	T	0	0
1644	AC	0	0
1644	AT	0	0
1644	GT	0	0
1646	A	0	0
1646	G	0	0
1648	C	0	0
1648	T	0	0
1651	CG	0	0
1651	CT	0	0
1651	TG	0	0
1652	A	0	0
1652	G	0	0
1656	AGGAT	0	0
1656	GAGAT	0	0
1656	GGGAG	0	0
1656	GGGAT	0	0
1656	GGGGT	0	0
1656	GGTAT	0	0
1661	A	0	0
1661	T	0	0
1663	C	0	0
1663	T	0	0
1665	AAGA	0	0
1665	GAAA	0	0
1665	GAGA	0	0
1665	GAGG	0	0
1665	GCGA	0	0
1666	AA	0	0
1666	AT	0	0
1666	GT	0	0
1668	CTCGT	0	0
1668	GCCCT	0	0
1668	GCGCG	0	0
1668	GCGCN	0	0
1668	GCGCT	0	0
1673	C	0	0
1673	T	0	0
1675	A	0	0
1675	T	0	0
1678	CAC	0	0
1678	CAT	0	0
1678	TGC	0	0
1680	G	0	0
1680	T	0	0
1682	AT	0	0
1682	GG	0	0
1682	GT	0	0
1684	AT	0	0
1684	CC	0	0
1686	AGA	0	0
1686	AGG	0	0
1686	ATG	0	0
1686	GTG	0	0
1687	AA	0	0
1687	AG	0	0
1687	GG	0	0
1689	C	0	0
1689	G	0	0
1691	C	0	0
1691	G	0	0
1693	CCCATCCACCA	0	0
1693	CCCGCCCGCCG	0	0
1693	CCCGTCCGCCG	0	0
1693	CCCGTCCGGTA	0	0
1693	CCCGTCCGTCG	0	0
1693	CCCGTTTACCA	0	0
1693	CCTGCCCACCG	0	0
1693	TCCGTCCACCA	0	0
1693	TCCGTCCGCCG	0	0
1693	TCCGTTCACCA	0	0
1693	TTCGTTCACCA	0	0
1697	A	0	0
1697	G	0	0
1697	N	0	0
1698	AA	0	0
1698	GG	0	0
1703	ACATATACG	0	0
1703	CCACATACG	0	0
1703	CCATACGTG	0	0
1703	CCATACGTT	0	0
1703	CCATATACG	0	0
1703	CCATCTACG	0	0
1703	CGATACGTG	0	0
1703	CGGTACGTG	0	0
1710	CC	0	0
1710	CT	0	0
1710	TC	0	0
1711	CG	0	0
1711	TG	0	0
1711	TT	0	0
1714	CAAC	0	0
1714	CGGC	0	0
1714	CGGT	0	0
1714	TGGC	0	0
1715	AG	0	0
1715	AT	0	0
1715	TT	0	0
1719	A	0	0
1719	G	0	0
1722	CC	0	0
1722	TA	0	0
1722	TC	0	0
1730	A	0	0
1730	C	0	0
1736	AGGGATGGGTTACA	0	0
1736	AGGGGTGGGTTACA	0	0
1736	ATGGGTGGGTTACA	0	0
1736	GGAGGCGGCCTACA	0	0
1736	GGAGGTGGCCTAAA	0	0
1736	GGAGGTGGCCTACA	0	0
1736	GGGAGTAGGCTACA	0	0
1736	GGGGGTAGGCCGCA	0	0
1736	GGGGGTAGGCTACA	0	0
1736	GGGGGTAGGCTACG	0	0
1736	GGGGGTATGCTACA	0	0
1736	GGGGGTGGGCTACA	0	0
1739	GAGT	0	0
1739	GGAC	0	0
1739	GGGC	0	0
1739	TGAC	0	0
1746	CAGG	0	0
1746	NNNN	0	0
1746	TGAC	0	0
1749	AT	0	0
1749	CC	0	0
1752	CA	0	0
1752	TA	0	0
1752	TG	0	0
1755	ATA	0	0
1755	GGA	0	0
1755	GTA	0	0
1755	GTG	0	0
1756	AG	0	0
1756	GC	0	0
1757	A	0	0
1757	T	0	0
1759	CCCGGCAAGAGGT	0	0
1759	TCCGGCAAGAGGT	0	0
1759	TCCGGCGAGAGGT	0	0
1759	TTCGGTAAGAGGT	0	0
1759	TTTCACAAAAGGT	0	0
1759	TTTCGCAAAAGGT	0	0
1759	TTTCGCAAGAGGT	0	0
1759	TTTGGCAAGAAAG	0	0
1759	TTTGGCAAGAAGT	0	0
1759	TTTGGCAAGAGGT	0	0
1759	TTTGGCAAGTAGT	0	0
1759	TTTGGCAAGTGGT	0	0
1759	TTTGGCAGGAGGT	0	0
1762	CGA	0	0
1762	CGG	0	0
1762	CGN	0	0
1762	CTG	0	0
1762	GGN	0	0
1763	C	0	0
1763	G	0	0
1765	CA	0	0
1765	TA	0	0
1765	TG	0	0
1768	G	0	0
1768	T	0	0
1772	C	0	0
1772	T	0	0
1774	AA	0	0
1774	AG	0	0
1774	GG	0	0
1775	A	0	0
1775	G	0	0
1775	N	0	0
1778	C	0	0
1778	T	0	0
1779	C	0	0
1779	T	0	0
1780	AAT	0	0
1780	GAN	0	0
1780	GAT	0	0
1780	GTA	0	0
1780	GTT	0	0
1784	A	0	0
1784	N	0	0
1784	T	0	0
1785	GA	0	0
1785	GC	0	0
1785	TA	0	0
1788	A	0	0
1788	G	0	0
1792	AACCACTG	0	0
1792	ACCCACCG	0	0
1792	ACCCACTG	0	0
1792	ACCCACTT	0	0
1792	ACCCATTG	0	0
1792	ACCTACTG	0	0
1792	ACTCACTG	0	0
1792	ACTCGCTG	0	0
1792	TCCCACTG	0	0
1794	C	0	0
1794	G	0	0
1795	A	0	0
1795	C	0	0
1797	A	0	0
1797	G	0	0
1798	CC	0	0
1798	TC	0	0
1798	TT	0	0
1800	A	0	0
1800	T	0	0
1801	AC	0	0
1801	AT	0	0
1801	GC	0	0
1804	G	0	0
1804	T	0	0
1805	GT	0	0
1805	NG	0	0
1805	TG	0	0
1806	C	0	0
1806	T	0	0
1809	A	0	0
1809	C	0	0
1812	G	0	0
1812	T	0	0
1814	GAA	0	0
1814	GCA	0	0
1814	GCG	0	0
1814	GGA	0	0
1814	TAA	0	0
1818	A	0	0
1818	G	0	0
1822	GCCG	0	0
1822	GTCG	0	0
1822	TTCA	0	0
1822	TTGA	0	0
1824	C	0	0
1824	T	0	0
1826	A	0	0
1826	G	0	0
1827	A	0	0
1827	G	0	0
1829	G	0	0
1829	T	0	0
1830	A	0	0
1830	G	0	0
1834	AAT	0	0
1834	ATG	0	0
1834	CAT	0	0
1835	AT	0	0
1835	GC	0	0
1835	GT	0	0
1836	AC	0	0
1836	GT	0	0
1842	A	0	0
1842	G	0	0
1844	CA	0	0
1844	TG	0	0
1846	C	0	0
1846	T	0	0
1847	AC	0	0
1847	AT	0	0
1847	GT	0	0
1850	A	0	0
1850	G	0	0
1851	C	0	0
1851	T	0	0
1853	A	0	0
1853	G	0	0
1856	C	0	0
1856	T	0	0
1859	CCCC	0	0
1859	CCCT	0	0
1859	CTTT	0	0
1859	TTTC	0	0
1861	CA	0	0
1861	CG	0	0
1861	TG	0	0
1869	GC	0	0
1869	GT	0	0
1869	TT	0	0
1870	A	0	0
1870	C	0	0
1871	C	0	0
1871	T	0	0
1872	A	0	0
1872	G	0	0
1877	CAGGTTT	0	0
1877	CCGTCCG	0	0
1877	CGTGTCG	0	0
1877	TCGGTCG	0	0
1879	AT	0	0
1879	CC	0	0
1879	CT	0	0
1880	CC	0	0
1880	CT	0	0
1880	TC	0	0
1881	AAACTGCAC	0	0
1881	ATAAGGCAC	0	0
1881	ATACGGCAC	0	0
1881	ATACGGTAC	0	0
1881	ATACGTCAC	0	0
1881	ATACGTCAT	0	0
1881	ATACTGCAC	0	0
1881	ATACTGCTC	0	0
1881	ATGCGGCAC	0	0
1881	GTACGGTAC	0	0
1882	ATCT	0	0
1882	TCCT	0	0
1882	TCNN	0	0
1882	TCTC	0	0
1884	A	0	0
1884	G	0	0
1886	ACCA	0	0
1886	ACTA	0	0
1886	ACTT	0	0
1886	AGTT	0	0
1886	GCTA	0	0
1889	A	0	0
1889	G	0	0
1891	AC	0	0
1891	GC	0	0
1891	GT	0	0
1894	G	0	0
1894	T	0	0
1906	C	0	0
1906	T	0	0
1909	CCC	0	0
1909	CCG	0	0
1909	CGG	0	0
1909	TCC	0	0
1911	CAG	0	0
1911	TAA	0	0
1911	TAG	0	0
1911	TGG	0	0
1912	GT	0	0
1912	TA	0	0
1917	AT	0	0
1917	GA	0	0
1917	GT	0	0
1918	CAG	0	0
1918	GGA	0	0
1924	AG	0	0
1924	AT	0	0
1924	GT	0	0
1930	ACG	0	0
1930	AGC	0	0
1930	GCG	0	0
1932	C	0	0
1932	T	0	0
1936	GCAT	0	0
1936	TCAT	0	0
1936	TCCA	0	0
1936	TGAT	0	0
1939	C	0	0
1939	T	0	0
1940	A	0	0
1940	G	0	0
1943	G	0	0
1943	T	0	0
1944	ACC	0	0
1944	GAC	0	0
1944	GCC	0	0
1944	GCT	0	0
1951	CC	0	0
1951	CG	0	0
1951	TC	0	0
1952	CCC	0	0
1952	CCG	0	0
1952	CTG	0	0
1952	TCG	0	0
1964	CCAAA	0	0
1964	CCTAA	0	0
1964	CCTAT	0	0
1964	CCTTA	0	0
1964	CTTAA	0	0
1964	TCTAA	0	0
1966	A	0	0
1966	T	0	0
1975	CACA	0	0
1975	GACA	0	0
1975	GGAG	0	0
1978	CA	0	0
1978	CG	0	0
1978	TG	0	0
1979	AC	0	0
1979	AG	0	0
1979	CG	0	0
1983	A	0	0
1983	G	0	0
1984	AG	0	0
1984	GG	0	0
1984	GT	0	0
1988	C	0	0
1988	T	0	0
1991	CCTTGTCCT	0	0
1991	GTCCCTCCT	0	0
1991	GTCTCAGAC	0	0
1991	GTCTCTCCT	0	0
1992	A	0	0
1992	G	0	0
1993	A	0	0
1993	G	0	0
1994	AACAC	0	0
1994	AACGC	0	0
1994	GCCAT	0	0
1994	GCGAT	0	0
1996	C	0	0
1996	T	0	0
1999	CA	0	0
1999	TA	0	0
1999	TT	0	0
2002	C	0	0
2002	N	0	0
2002	T	0	0
2011	AC	0	0
2011	CT	0	0
2012	CT	0	0
2012	TC	0	0
2014	ATGA	0	0
2014	ATGG	0	0
2014	TAAA	0	0
2014	TAGA	0	0
2016	AAAAGGT	0	0
2016	NAAAGGC	0	0
2016	NAAAGGT	0	0
2016	NGAGTGT	0	0
2016	NGCGTCT	0	0
2016	NNAAGGT	0	0
2016	NNNNNGT	0	0
2016	NNNNNNT	0	0
2016	TAAAGGT	0	0
2018	AA	0	0
2018	AG	0	0
2018	GA	0	0
2019	GA	0	0
2019	GC	0	0
2019	TC	0	0
2020	AG	0	0
2020	GA	0	0
2024	AAC	0	0
2024	AAT	0	0
2024	AGC	0	0
2024	GAT	0	0
2027	GA	0	0
2027	GC	0	0
2027	TC	0	0
2030	AGCT	0	0
2030	GATA	0	0
2030	GGCT	0	0
2030	GGTA	0	0
2032	AA	0	0
2032	AG	0	0
2032	GA	0	0
2034	CAGG	0	0
2034	CCAT	0	0
2034	CCGG	0	0
2034	GCAT	0	0
2039	AA	0	0
2039	AT	0	0
2039	TT	0	0
2040	C	0	0
2040	G	0	0
2043	A	0	0
2043	G	0	0
2047	CAAC	0	0
2047	CAGC	0	0
2047	CTAC	0	0
2047	CTAT	0	0
2047	TAAC	0	0
2048	AG	0	0
2048	AN	0	0
2048	AT	0	0
2048	CG	0	0
2049	CGGT	0	0
2049	GAGT	0	0
2049	GGGG	0	0
2049	GGGT	0	0
2049	GGTT	0	0
2050	CT	0	0
2050	TC	0	0
2050	TT	0	0
2051	AAAGGC	0	0
2051	AGAAGC	0	0
2051	AGAAGG	0	0
2051	GGAAAC	0	0
2051	GGAAGC	0	0
2051	GGGAGC	0	0
2054	A	0	0
2054	N	0	0
2054	T	0	0
2058	C	0	0
2058	T	0	0
2060	CCA	0	0
2060	CCG	0	0
2060	CTA	0	0
2060	TCA	0	0
2061	A	0	0
2061	G	0	0
2063	GG	0	0
2063	GT	0	0
2063	TT	0	0
2067	ACTA	0	0
2067	ATTA	0	0
2067	TTGA	0	0
2067	TTGT	0	0
2067	TTTA	0	0
2068	CA	0	0
2068	CG	0	0
2068	GA	0	0
2072	A	0	0
2072	T	0	0
2074	G	0	0
2074	T	0	0
2077	A	0	0
2077	C	0	0
2080	CA	0	0
2080	CG	0	0
2080	TG	0	0
2082	A	0	0
2082	G	0	0
2090	AAGC	0	0
2090	GTGC	0	0
2090	NATT	0	0
2097	AG	0	0
2097	CA	0	0
2099	C	0	0
2099	T	0	0
2106	GC	0	0
2106	GG	0	0
2106	TG	0	0
2111	A	0	0
2111	G	0	0
2111	N	0	0
2115	A	0	0
2115	G	0	0
2116	C	0	0
2116	G	0	0
2119	G	0	0
2119	T	0	0
2120	C	0	0
2120	T	0	0
2129	A	0	0
2129	C	0	0
2132	C	0	0
2132	T	0	0
2134	A	0	0
2134	C	0	0
2138	A	0	0
2138	T	0	0
2140	A	0	0
2140	G	0	0
2142	A	0	0
2142	G	0	0
2143	C	0	0
2143	T	0	0
2145	CNCT	0	0
2145	TCTT	0	0
2145	TNCC	0	0
2145	TNCT	0	0
2145	TTCT	0	0
2150	A	0	0
2150	T	0	0
2159	ACCT	0	0
2159	GGGC	0	0
2162	CACATTTC	0	0
2162	NCGATTGA	0	0
2162	NNGGTTGC	0	0
2162	NNNGCGGA	0	0
2162	TACGTTTC	0	0
2163	A	0	0
2163	T	0	0
2165	CGGC	0	0
2165	TAGC	0	0
2165	TGGA	0	0
2165	TGGC	0	0
2165	TGTC	0	0
2166	A	0	0
2166	G	0	0
2168	A	0	0
2168	N	0	0
2168	T	0	0
2171	CGA	0	0
2171	TAC	0	0
2171	TGA	0	0
2171	TGC	0	0
2173	C	0	0
2173	G	0	0
2177	CC	0	0
2177	TT	0	0
2188	A	0	0
2188	T	0	0
2189	A	0	0
2189	G	0	0
2191	C	0	0
2191	T	0	0
2194	ACAG	0	0
2194	ACCA	0	0
2194	ACCG	0	0
2194	ATCG	0	0
2194	GCCG	0	0
2199	AGAC	0	0
2199	ATAC	0	0
2199	ATGC	0	0
2199	GGAC	0	0
2199	GTAC	0	0
2199	GTAT	0	0
2201	GATAC	0	0
2201	TGGGG	0	0
2201	TGTAC	0	0
2206	CCTCTGC	0	0
2206	CGTCTAC	0	0
2206	CGTCTGC	0	0
2206	CGTTTGC	0	0
2206	TGACTAA	0	0
2206	TGACTAC	0	0
2206	TGTCCAC	0	0
2206	TGTCTAC	0	0
2206	TGTCTGC	0	0
2214	C	0	0
2214	T	0	0
2215	C	0	0
2215	N	0	0
2215	T	0	0
2216	A	0	0
2216	G	0	0
2217	GCT	0	0
2217	GGA	0	0
2217	TGA	0	0
2219	GA	0	0
2219	GT	0	0
2219	TT	0	0
2223	ATAG	0	0
2223	GCTG	0	0
2223	GTAG	0	0
2223	GTTC	0	0
2223	GTTG	0	0
2224	C	0	0
2224	G	0	0
2226	A	0	0
2226	C	0	0
2230	A	0	0
2230	G	0	0
2240	G	0	0
2240	T	0	0
2244	A	0	0
2244	G	0	0
2247	A	0	0
2247	G	0	0
2249	A	0	0
2249	G	0	0
2254	CAA	0	0
2254	TAA	0	0
2254	TAG	0	0
2254	TGA	0	0
2255	C	0	0
2255	T	0	0
2258	A	0	0
2258	C	0	0
2259	G	0	0
2259	T	0	0
2261	ACT	0	0
2261	ATC	0	0
2261	ATT	0	0
2261	GCT	0	0
2263	C	0	0
2263	T	0	0
2267	C	0	0
2267	G	0	0
2270	AT	0	0
2270	GC	0	0
2270	GT	0	0
2272	CCT	0	0
2272	TAT	0	0
2272	TCC	0	0
2272	TCT	0	0
2277	A	0	0
2277	C	0	0
2281	CCA	0	0
2281	NNA	0	0
2281	TGG	0	0
2284	G	0	0
2284	T	0	0
2286	AA	0	0
2286	TA	0	0
2286	TC	0	0
2287	AACGNAC	0	0
2287	ATCANCA	0	0
2287	ATCGACA	0	0
2287	ATCGGAC	0	0
2287	ATCGNAC	0	0
2287	ATCGNCA	0	0
2287	ATTGNCA	0	0
2287	TTCGGCA	0	0
2287	TTCGNCA	0	0
2288	AC	0	0
2288	GA	0	0
2292	CCA	0	0
2292	CTA	0	0
2292	CTT	0	0
2292	TCA	0	0
2295	CACA	0	0
2295	TACA	0	0
2295	TACG	0	0
2295	TGAA	0	0
2295	TGCA	0	0
2297	C	0	0
2297	T	0	0
2299	AN	0	0
2299	AT	0	0
2299	CA	0	0
2299	NN	0	0
2300	C	0	0
2300	G	0	0
2301	AC	0	0
2301	AT	0	0
2301	GT	0	0
2302	AA	0	0
2302	AG	0	0
2302	GA	0	0
2305	AAG	0	0
2305	ATC	0	0
2305	ATG	0	0
2305	TTG	0	0
2308	CAGA	0	0
2308	CAGG	0	0
2308	GTAA	0	0
2308	GTGG	0	0
2308	NAAA	0	0
2308	NAGG	0	0
2308	TAGG	0	0
2308	TAGN	0	0
2308	TGAG	0	0
2308	TGAN	0	0
2310	GAAA	0	0
2310	GCAA	0	0
2310	GCAC	0	0
2310	GCGA	0	0
2310	TCAA	0	0
2311	A	0	0
2311	C	0	0
2311	N	0	0
2312	AA	0	0
2312	AG	0	0
2312	TG	0	0
2314	C	0	0
2314	T	0	0
2315	AC	0	0
2315	GT	0	0
2321	C	0	0
2321	T	0	0
2322	A	0	0
2322	G	0	0
2325	AACAACCTGCTTGCTGTTC	0	0
2325	AACGCTTTGCTTGCTGTTC	0	0
2325	AACGNNNNNCNNNNTGTTC	0	0
2325	AAGACGGTGCTTGCTGTTC	0	0
2325	ACAAGCTTGCTTGCTGTTC	0	0
2325	ACGTATCTGCTTNCTGTTC	0	0
2325	AGCACNNNNCTNNNNGCTC	0	0
2325	ANNNNCCCGCTTTCTGTTC	0	0
2325	ANNNNNCTGCTTGCTGTTC	0	0
2325	ANNNNNGGCCTTAATGTTC	0	0
2325	ANNNNNGNCCTTCATGTTC	0	0
2325	ANNNNNNGGCTTCATGTTC	0	0
2325	ANNNNNNNNCTNNCAGTTC	0	0
2325	CAAGNNNNNCTNNNNGGTC	0	0
2325	CNNNNNNAGCTTAATGTTC	0	0
2325	CNNNNNNGCCTTTATGTTC	0	0
2325	NNNNNNNAACGACNNGNTC	0	0
2325	NNNNNNNNCCTACATGTTC	0	0
2325	NNNNNNNNNACCACTGNNT	0	0
2325	NNNNNNNNNCNNGCCAGAC	0	0
2325	NNNNNNNNNCTCAATGTTC	0	0
2333	CCAG	0	0
2333	CTAG	0	0
2333	CTAT	0	0
2333	CTGG	0	0
2333	TTAG	0	0
2345	A	0	0
2345	G	0	0
2347	A	0	0
2347	G	0	0
2350	ATA	0	0
2350	TCG	0	0
2350	TTA	0	0
2350	TTG	0	0
2355	CAG	0	0
2355	TTC	0	0
2359	C	0	0
2359	G	0	0
2362	ACAC	0	0
2362	TTCG	0	0
2364	CTC	0	0
2364	CTT	0	0
2364	TAC	0	0
2364	TTC	0	0
2366	A	0	0
2366	G	0	0
2370	C	0	0
2370	G	0	0
2371	A	0	0
2371	G	0	0
2372	A	0	0
2372	G	0	0
2375	A	0	0
2375	G	0	0
2377	AAC	0	0
2377	ACC	0	0
2377	ACG	0	0
2377	GCC	0	0
2378	CCCAC	0	0
2378	CCCAT	0	0
2378	CCCGT	0	0
2378	CCTAC	0	0
2378	CTCAT	0	0
2378	TCCAT	0	0
2381	AAACA	0	0
2381	AAACG	0	0
2381	AAATA	0	0
2381	AAGCA	0	0
2381	ATATA	0	0
2381	GAACA	0	0
2385	GC	0	0
2385	GT	0	0
2385	TT	0	0
2394	CT	0	0
2394	TA	0	0
2394	TT	0	0
2395	A	0	0
2395	G	0	0
2399	A	0	0
2399	G	0	0
2400	GCGA	0	0
2400	GTCA	0	0
2400	GTCG	0	0
2400	GTGA	0	0
2400	TTCA	0	0
2406	GC	0	0
2406	GT	0	0
2406	TT	0	0
2409	A	0	0
2409	G	0	0
2411	AC	0	0
2411	AG	0	0
2411	CC	0	0
2413	G	0	0
2413	T	0	0
2418	AA	0	0
2418	CA	0	0
2418	CG	0	0
2425	GA	0	0
2425	GG	0	0
2425	TA	0	0
2427	C	0	0
2427	T	0	0
2428	CCA	0	0
2428	CCG	0	0
2428	TCA	0	0
2428	TGA	0	0
2432	C	0	0
2432	T	0	0
2437	AG	0	0
2437	AT	0	0
2437	CG	0	0
2440	G	0	0
2440	T	0	0
2443	C	0	0
2443	T	0	0
2455	G	0	0
2455	T	0	0
2469	ATA	0	0
2469	CAA	0	0
2469	CTA	0	0
2469	CTC	0	0
2475	AAGACGANN	0	0
2475	AAGACTCNN	0	0
2475	AAGACTNNC	0	0
2475	ACGACTAAG	0	0
2475	ACGACTCTG	0	0
2475	ACGACTNNC	0	0
2475	ACGACTNNG	0	0
2475	ACTTGTGTG	0	0
2475	AGGACTNNC	0	0
2475	GCGACTNNG	0	0
2476	G	0	0
2476	T	0	0
2477	CGGTCT	0	0
2477	NGGTCT	0	0
2477	TGGCCC	0	0
2477	TGGCCN	0	0
2477	TGGTCN	0	0
2477	TGGTCT	0	0
2477	TGGTNC	0	0
2477	TGGTTC	0	0
2477	TGTCTC	0	0
2477	TGTCTN	0	0
2477	TTGTCT	0	0
2478	C	0	0
2478	T	0	0
2479	A	0	0
2479	G	0	0
2486	G	0	0
2486	T	0	0
2489	A	0	0
2489	G	0	0
2492	ACA	0	0
2492	GCT	0	0
2492	GTT	0	0
2496	CAG	0	0
2496	TAA	0	0
2496	TAG	0	0
2496	TGG	0	0
2497	CAA	0	0
2497	TAA	0	0
2497	TAG	0	0
2497	TTA	0	0
2500	ACAG	0	0
2500	GGGC	0	0
2508	CCT	0	0
2508	CTC	0	0
2508	CTT	0	0
2508	TTT	0	0
2510	AC	0	0
2510	AT	0	0
2510	GT	0	0
2521	C	0	0
2521	T	0	0
2522	GC	0	0
2522	GG	0	0
2522	TC	0	0
2532	CG	0	0
2532	CT	0	0
2532	TG	0	0
2534	AC	0	0
2534	AT	0	0
2534	CC	0	0
2537	CA	0	0
2537	GA	0	0
2537	GG	0	0
2539	AC	0	0
2539	AT	0	0
2539	TT	0	0
2542	G	0	0
2542	T	0	0
2545	CGGAT	0	0
2545	CGGGT	0	0
2545	TCTAC	0	0
2546	CCC	0	0
2546	CTC	0	0
2546	CTT	0	0
2546	TTC	0	0
2548	AACC	0	0
2548	ACCC	0	0
2548	ACTC	0	0
2548	TCCT	0	0
2549	A	0	0
2549	G	0	0
2551	A	0	0
2551	C	0	0
2561	C	0	0
2561	T	0	0
2564	GG	0	0
2564	GT	0	0
2564	TG	0	0
2571	A	0	0
2571	G	0	0
2573	C	0	0
2573	T	0	0
2574	GC	0	0
2574	GT	0	0
2574	TT	0	0
2580	C	0	0
2580	T	0	0
2588	A	0	0
2588	G	0	0
2589	AA	0	0
2589	GG	0	0
2595	ATAA	0	0
2595	CGAA	0	0
2595	CGAG	0	0
2595	CGTA	0	0
2596	CAAG	0	0
2596	CACG	0	0
2596	GGAT	0	0
2597	C	0	0
2597	T	0	0
2605	GTA	0	0
2605	TGA	0	0
2605	TTA	0	0
2605	TTG	0	0
2610	C	0	0
2610	G	0	0
2612	C	0	0
2612	T	0	0
2613	ACTGC	0	0
2613	TCCCG	0	0
2613	TCTCG	0	0
2613	TTTCG	0	0
2614	A	0	0
2614	C	0	0
2617	AGCG	0	0
2617	GCGA	0	0
2620	A	0	0
2620	G	0	0
2620	N	0	0
2623	AG	0	0
2623	GA	0	0
2626	CC	0	0
2626	TC	0	0
2626	TT	0	0
2633	G	0	0
2633	T	0	0
2637	C	0	0
2637	T	0	0
2640	G	0	0
2640	T	0	0
2644	AC	0	0
2644	AT	0	0
2644	GT	0	0
2651	AG	0	0
2651	GA	0	0
2651	GG	0	0
2653	AAC	0	0
2653	AAN	0	0
2653	CAC	0	0
2653	CGC	0	0
2653	NAC	0	0
2653	NAN	0	0
2653	NAT	0	0
2659	AAGC	0	0
2659	AGGC	0	0
2659	AGGG	0	0
2659	AGTC	0	0
2659	GGGC	0	0
2660	GCAA	0	0
2660	GCGA	0	0
2660	GCGT	0	0
2660	GTGA	0	0
2660	TCGA	0	0
2663	G	0	0
2663	T	0	0
2664	CACT	0	0
2664	CCGC	0	0
2664	GCGC	0	0
2666	A	0	0
2666	G	0	0
2667	C	0	0
2667	T	0	0
2672	CA	0	0
2672	CG	0	0
2672	TA	0	0
2673	GT	0	0
2673	TC	0	0
2673	TT	0	0
2677	A	0	0
2677	G	0	0
2680	C	0	0
2680	T	0	0
2692	A	0	0
2692	G	0	0
2692	N	0	0
2697	A	0	0
2697	C	0	0
2703	G	0	0
2703	T	0	0
2704	A	0	0
2704	G	0	0
2705	ANAN	0	0
2705	CAAN	0	0
2705	CAGC	0	0
2705	CAGN	0	0
2705	CAGT	0	0
2705	CATT	0	0
2705	CTAN	0	0
2705	CTGT	0	0
2705	NAGT	0	0
2712	A	0	0
2712	C	0	0
2713	AC	0	0
2713	CC	0	0
2713	CG	0	0
2716	CA	0	0
2716	TA	0	0
2716	TC	0	0
2717	A	0	0
2717	G	0	0
2718	A	0	0
2718	C	0	0
2721	CT	0	0
2721	TC	0	0
2726	CGA	0	0
2726	TCA	0	0
2726	TGA	0	0
2726	TGG	0	0
2728	C	0	0
2728	T	0	0
2732	AAAC	0	0
2732	TAAC	0	0
2732	TTGG	0	0
2738	A	0	0
2738	G	0	0
2739	A	0	0
2739	C	0	0
2745	C	0	0
2745	T	0	0
2748	A	0	0
2748	T	0	0
2752	AG	0	0
2752	CA	0	0
2752	CN	0	0
2756	A	0	0
2756	G	0	0
2757	C	0	0
2757	T	0	0
2762	A	0	0
2762	T	0	0
2766	AG	0	0
2766	CC	0	0
2766	CG	0	0
2767	AGA	0	0
2767	CCT	0	0
2768	A	0	0
2768	G	0	0
2770	AAAC	0	0
2770	AAAN	0	0
2770	AAAT	0	0
2770	AAGT	0	0
2770	AGAT	0	0
2770	NAAT	0	0
2770	TAAN	0	0
2777	A	0	0
2777	C	0	0
2781	C	0	0
2781	T	0	0
2786	G	0	0
2786	T	0	0
2788	C	0	0
2788	G	0	0
2791	G	0	0
2791	T	0	0
2792	ATAGG	0	0
2792	GCAAG	0	0
2792	GCAGG	0	0
2792	GCTGG	0	0
2792	GTAGG	0	0
2792	GTAGT	0	0
2793	A	0	0
2793	T	0	0
2794	A	0	0
2794	T	0	0
2799	ACCG	0	0
2799	GCCA	0	0
2799	GCCG	0	0
2799	GCTG	0	0
2799	GTCG	0	0
2802	A	0	0
2802	T	0	0
2805	G	0	0
2805	T	0	0
2807	A	0	0
2807	G	0	0
2809	A	0	0
2809	C	0	0
2811	GATCT	0	0
2811	GATTA	0	0
2811	GATTT	0	0
2811	GCATA	0	0
2811	GCTTA	0	0
2811	TATTA	0	0
2814	GCT	0	0
2814	GTT	0	0
2814	TTC	0	0
2815	AT	0	0
2815	CG	0	0
2815	CN	0	0
2815	CT	0	0
2815	NT	0	0
2819	A	0	0
2819	C	0	0
2823	AG	0	0
2823	AT	0	0
2823	GT	0	0
2827	AC	0	0
2827	GC	0	0
2827	GT	0	0
2828	A	0	0
2828	C	0	0
2829	CA	0	0
2829	CC	0	0
2829	TC	0	0
2834	C	0	0
2834	T	0	0
2838	ATAAGC	0	0
2838	CCGAAT	0	0
2838	CTGAAT	0	0
2838	CTGGAT	0	0
2839	A	0	0
2839	C	0	0
2841	AT	0	0
2841	GT	0	0
2841	TA	0	0
2841	TG	0	0
2844	A	0	0
2844	T	0	0
2848	A	0	0
2848	G	0	0
2849	A	0	0
2849	T	0	0
2851	AG	0	0
2851	TA	0	0
2851	TG	0	0
2865	ACGA	0	0
2865	TCGA	0	0
2865	TCGG	0	0
2865	TCTA	0	0
2865	TGGA	0	0
2872	CA	0	0
2872	TA	0	0
2872	TT	0	0
2874	G	0	0
2874	T	0	0
2875	A	0	0
2875	C	0	0
2880	GC	0	0
2880	GT	0	0
2880	TT	0	0
2882	CAT	0	0
2882	CGC	0	0
2882	CGT	0	0
2882	TGT	0	0
2883	GGA	0	0
2883	GTG	0	0
2883	TTG	0	0
2884	ACG	0	0
2884	TCA	0	0
2884	TCG	0	0
2884	TTG	0	0
2886	GC	0	0
2886	GT	0	0
2886	TC	0	0
2893	AC	0	0
2893	AT	0	0
2893	GC	0	0
2894	AGC	0	0
2894	ATC	0	0
2894	GGT	0	0
2895	CT	0	0
2895	TA	0	0
2895	TT	0	0
2896	C	0	0
2896	T	0	0
2900	AG	0	0
2900	AT	0	0
2900	GT	0	0
2903	A	0	0
2903	C	0	0
2904	C	0	0
2904	T	0	0
2905	AA	0	0
2905	AT	0	0
2905	TA	0	0
2908	A	0	0
2908	C	0	0
2910	AT	0	0
2910	GA	0	0
2913	AA	0	0
2913	AG	0	0
2913	GG	0	0
2915	A	0	0
2915	G	0	0
2916	CG	0	0
2916	GA	0	0
2919	ACC	0	0
2919	TCC	0	0
2919	TCT	0	0
2919	TTC	0	0
2923	ATT	0	0
2923	GCC	0	0
2923	GCT	0	0
2923	GTT	0	0
2924	ACTCAAG	0	0
2924	ACTCTAG	0	0
2924	ACTTAAG	0	0
2924	GTCCACT	0	0
2924	GTTCACT	0	0
2925	CT	0	0
2925	TC	0	0
2925	TT	0	0
2930	AT	0	0
2930	GC	0	0
2930	GT	0	0
2936	AGGGA	0	0
2936	GAATG	0	0
2936	GGGGA	0	0
2938	CTC	0	0
2938	GCC	0	0
2938	GTA	0	0
2938	GTC	0	0
2942	C	0	0
2942	T	0	0
2947	CG	0	0
2947	GC	0	0
2947	GG	0	0
2948	AAC	0	0
2948	AAT	0	0
2948	AGC	0	0
2948	GAC	0	0
2952	G	0	0
2952	T	0	0
2962	ATATA	0	0
2962	GGGTG	0	0
2962	GTATA	0	0
2962	GTGCG	0	0
2968	CA	0	0
2968	CG	0	0
2968	TA	0	0
2969	G	0	0
2969	T	0	0
2970	A	0	0
2970	G	0	0
2971	CT	0	0
2971	TC	0	0
2972	CGC	0	0
2972	TAT	0	0
2973	A	0	0
2973	G	0	0
2974	G	0	0
2974	T	0	0
2975	AAATA	0	0
2975	AAGGA	0	0
2975	AAGTA	0	0
2975	AAGTG	0	0
2975	AGGTA	0	0
2975	GAGTA	0	0
2976	AG	0	0
2976	AT	0	0
2976	GG	0	0
2977	CA	0	0
2977	CG	0	0
2977	TG	0	0
2985	C	0	0
2985	G	0	0
2992	AA	0	0
2992	GA	0	0
2992	GG	0	0
2994	GC	0	0
2994	GT	0	0
2994	TT	0	0
2995	GAGC	0	0
2995	GATC	0	0
2995	GATG	0	0
2995	GGTC	0	0
2995	TATC	0	0
2997	AAC	0	0
2997	AAT	0	0
2997	GAT	0	0
2997	GCT	0	0
3001	A	0	0
3001	G	0	0
3005	CACT	0	0
3005	GACA	0	0
3005	GACT	0	0
3005	GAGT	0	0
3005	GGCT	0	0
3006	AAGTC	0	0
3006	AGAGA	0	0
3006	GGAGA	0	0
3012	C	0	0
3012	T	0	0
3016	A	0	0
3016	G	0	0
3018	A	0	0
3018	G	0	0
3022	ACC	0	0
3022	ACT	0	0
3022	ATT	0	0
3022	GTT	0	0
3028	AA	0	0
3028	GA	0	0
3028	GG	0	0
3030	C	0	0
3030	T	0	0
3035	AC	0	0
3035	AT	0	0
3035	GT	0	0
3040	A	0	0
3040	G	0	0
3044	CG	0	0
3044	TT	0	0
3045	C	0	0
3045	T	0	0
3046	A	0	0
3046	G	0	0
3050	AAC	0	0
3050	AGT	0	0
3050	GAC	0	0
3056	C	0	0
3056	T	0	0
3060	C	0	0
3060	G	0	0
3061	A	0	0
3061	G	0	0
3067	ACCG	0	0
3067	ATCG	0	0
3067	TTCG	0	0
3067	TTGT	0	0
3068	A	0	0
3068	N	0	0
3068	T	0	0
3070	AG	0	0
3070	CA	0	0
3070	NG	0	0
3072	C	0	0
3072	T	0	0
3074	AA	0	0
3074	GA	0	0
3074	GT	0	0
3075	ACA	0	0
3075	GGG	0	0
3077	G	0	0
3077	T	0	0
3080	C	0	0
3080	G	0	0
3085	GCTT	0	0
3085	GNGT	0	0
3085	GTGT	0	0
3085	NNGT	0	0
3085	NTGC	0	0
3085	NTGT	0	0
3085	TGGT	0	0
3087	C	0	0
3087	T	0	0
3089	A	0	0
3089	G	0	0
3098	AC	0	0
3098	GA	0	0
3100	C	0	0
3100	T	0	0
3103	AGC	0	0
3103	AGT	0	0
3103	CAC	0	0
3109	ACC	0	0
3109	ACT	0	0
3109	ATC	0	0
3109	GTC	0	0
3110	C	0	0
3110	T	0	0
3111	GC	0	0
3111	GT	0	0
3111	TT	0	0
3112	AACGGG	0	0
3112	GGGGAG	0	0
3112	GGGGGG	0	0
3112	GGGTGA	0	0
3116	AGA	0	0
3116	CGA	0	0
3116	CGG	0	0
3116	CTA	0	0
3117	A	0	0
3117	G	0	0
3118	C	0	0
3118	T	0	0
3126	GGCATA	0	0
3126	GGCGTA	0	0
3126	TTAGCA	0	0
3126	TTCGCA	0	0
3126	TTCGCT	0	0
3130	GA	0	0
3130	TA	0	0
3130	TT	0	0
3132	A	0	0
3132	C	0	0
3136	A	0	0
3136	G	0	0
3137	A	0	0
3137	G	0	0
3138	CC	0	0
3138	GC	0	0
3138	GG	0	0
3139	CA	0	0
3139	CT	0	0
3139	TA	0	0
3140	C	0	0
3140	T	0	0
3148	A	0	0
3148	G	0	0
3155	AGT	0	0
3155	GAC	0	0
3156	AA	0	0
3156	GG	0	0
3158	C	0	0
3158	T	0	0
3165	GCA	0	0
3165	GCC	0	0
3165	TGC	0	0
3166	AC	0	0
3166	GC	0	0
3166	GT	0	0
3168	AC	0	0
3168	CC	0	0
3168	CG	0	0
3171	A	0	0
3171	C	0	0
3173	CC	0	0
3173	TT	0	0
3174	AGAG	0	0
3174	GCAG	0	0
3174	GGAA	0	0
3174	GGAG	0	0
3174	GGCG	0	0
3176	C	0	0
3176	T	0	0
3177	A	0	0
3177	G	0	0
3179	A	0	0
3179	G	0	0
3180	A	0	0
3180	T	0	0
3181	CTAGT	0	0
3181	TCGAA	0	0
3181	TCGAT	0	0
3181	TCGGT	0	0
3181	TTAGT	0	0
3181	TTGAT	0	0
3189	AT	0	0
3189	TA	0	0
3194	AGCCC	0	0
3194	GAGTC	0	0
3194	GAGTT	0	0
3196	A	0	0
3196	G	0	0
3204	GAT	0	0
3204	GTG	0	0
3204	TTG	0	0
3205	C	0	0
3205	T	0	0
3210	CA	0	0
3210	CT	0	0
3210	TT	0	0
3213	C	0	0
3213	N	0	0
3213	T	0	0
3215	CC	0	0
3215	TC	0	0
3215	TG	0	0
3219	CGAAC	0	0
3219	CTGGT	0	0
3219	NTGGT	0	0
3219	TGAAC	0	0
3222	CTC	0	0
3222	GAA	0	0
3222	GAC	0	0
3222	GTC	0	0
3223	AAAAG	0	0
3223	AAATG	0	0
3223	AAGAA	0	0
3223	AGAAG	0	0
3223	CAGAA	0	0
3225	C	0	0
3225	T	0	0
3230	GC	0	0
3230	GG	0	0
3230	TG	0	0
3232	AA	0	0
3232	AG	0	0
3232	GA	0	0
3234	AT	0	0
3234	GC	0	0
3234	GT	0	0
3236	A	0	0
3236	G	0	0
3241	C	0	0
3241	G	0	0
3244	CC	0	0
3244	CT	0	0
3244	TN	0	0
3246	CAC	0	0
3246	NAC	0	0
3246	TAC	0	0
3246	TTT	0	0
3249	C	0	0
3249	T	0	0
3250	A	0	0
3250	C	0	0
3252	CTC	0	0
3252	TAC	0	0
3252	TTC	0	0
3252	TTT	0	0
3258	CAA	0	0
3258	TAA	0	0
3258	TAG	0	0
3258	TTA	0	0
3262	CGCTAAT	0	0
3262	CGCTANN	0	0
3262	CGCTATC	0	0
3262	CGCTATN	0	0
3262	CTATATN	0	0
3262	CTCATNN	0	0
3262	CTCTANN	0	0
3262	CTCTATC	0	0
3262	CTCTATN	0	0
3262	TGCTANN	0	0
3262	TGCTATC	0	0
3262	TGCTATN	0	0
3263	G	0	0
3263	T	0	0
3266	CC	0	0
3266	CT	0	0
3266	GC	0	0
3267	A	0	0
3267	G	0	0
3273	A	0	0
3273	G	0	0
3275	G	0	0
3275	T	0	0
3276	C	0	0
3276	T	0	0
3284	A	0	0
3284	G	0	0
3286	A	0	0
3286	T	0	0
3288	C	0	0
3288	T	0	0
3295	A	0	0
3295	C	0	0
3295	N	0	0
3298	ACTC	0	0
3298	GTCA	0	0
3298	GTTC	0	0
3299	C	0	0
3299	T	0	0
3302	AAG	0	0
3302	AGA	0	0
3302	AGG	0	0
3302	GGG	0	0
3306	A	0	0
3306	G	0	0
3317	AC	0	0
3317	AT	0	0
3317	TC	0	0
3319	C	0	0
3319	T	0	0
3321	A	0	0
3321	T	0	0
3332	CA	0	0
3332	CC	0	0
3332	TC	0	0
3336	CCA	0	0
3336	CTA	0	0
3336	CTG	0	0
3336	TTA	0	0
3341	CT	0	0
3341	TC	0	0
3341	TT	0	0
3342	A	0	0
3342	G	0	0
3344	GCT	0	0
3344	TCT	0	0
3344	TGA	0	0
3346	CC	0	0
3346	TC	0	0
3346	TT	0	0
3351	C	0	0
3351	T	0	0
3352	A	0	0
3352	G	0	0
3359	A	0	0
3359	G	0	0
3364	AAGACA	0	0
3364	GAGAAG	0	0
3364	GAGACA	0	0
3364	GAGGCA	0	0
3364	GATACA	0	0
3364	GGGACA	0	0
3366	AA	0	0
3366	AG	0	0
3366	CG	0	0
3371	A	0	0
3371	G	0	0
3375	C	0	0
3375	T	0	0
3380	C	0	0
3380	T	0	0
3381	CTT	0	0
3381	TAT	0	0
3381	TTA	0	0
3381	TTT	0	0
3383	C	0	0
3383	G	0	0
3388	AAAAAAATC	0	0
3388	CAAAAACCA	0	0
3388	CCAAAAATA	0	0
3388	CCCAAAATA	0	0
3388	CCCCCCATA	0	0
3389	CCAG	0	0
3389	TAAA	0	0
3389	TAGA	0	0
3389	TCAG	0	0
3389	TCGG	0	0
3389	TCNG	0	0
3390	C	0	0
3390	T	0	0
3393	ACAGAGT	0	0
3393	GCACAGT	0	0
3393	GCAGAGT	0	0
3393	GCAGATG	0	0
3393	GCGGGGT	0	0
3393	GTAGAGT	0	0
3395	G	0	0
3395	T	0	0
3397	A	0	0
3397	T	0	0
3399	CA	0	0
3399	CG	0	0
3399	TA	0	0
3400	CTCTG	0	0
3400	CTTCC	0	0
3400	CTTCG	0	0
3400	CTTNG	0	0
3400	CTTTG	0	0
3400	TCTTG	0	0
3409	CAG	0	0
3409	TAC	0	0
3409	TAG	0	0
3409	TCG	0	0
3412	A	0	0
3412	T	0	0
3413	AC	0	0
3413	CT	0	0
3421	CTG	0	0
3421	TCA	0	0
3421	TCG	0	0
3422	CCC	0	0
3422	TCC	0	0
3422	TCT	0	0
3422	TTT	0	0
3424	AA	0	0
3424	AT	0	0
3424	TA	0	0
3427	C	0	0
3427	T	0	0
3430	AA	0	0
3430	AC	0	0
3430	GC	0	0
3430	NC	0	0
3432	AC	0	0
3432	NG	0	0
3432	TG	0	0
3434	GCTA	0	0
3434	TCTG	0	0
3434	TTAA	0	0
3436	A	0	0
3436	G	0	0
3439	G	0	0
3439	T	0	0
3441	CGGT	0	0
3441	TATC	0	0
3441	TATT	0	0
3441	TGGT	0	0
3445	C	0	0
3445	T	0	0
3446	A	0	0
3446	T	0	0
3447	CCTCCN	0	0
3447	CCTGCC	0	0
3447	CCTGCN	0	0
3447	GTACCN	0	0
3447	GTTCCN	0	0
3447	GTTCCT	0	0
3447	GTTGCN	0	0
3447	GTTGCT	0	0
3447	GTTGTC	0	0
3447	GTTGTN	0	0
3449	AAC	0	0
3449	AAT	0	0
3449	TAT	0	0
3449	TGT	0	0
3451	CA	0	0
3451	CG	0	0
3451	TG	0	0
3456	CC	0	0
3456	TC	0	0
3456	TG	0	0
3459	CAAG	0	0
3459	CAAT	0	0
3459	CCAT	0	0
3459	GAAT	0	0
3459	GAGT	0	0
3462	A	0	0
3462	C	0	0
3465	CCCAA	0	0
3465	CCCAT	0	0
3465	TAGGA	0	0
3468	C	0	0
3468	G	0	0
3470	AC	0	0
3470	AT	0	0
3470	GC	0	0
3470	NC	0	0
3471	C	0	0
3471	G	0	0
3475	A	0	0
3475	G	0	0
3482	AAN	0	0
3482	ATN	0	0
3482	ATT	0	0
3482	GTA	0	0
3484	CAATCGT	0	0
3484	CCACTAT	0	0
3484	TCACCGC	0	0
3484	TCACCGT	0	0
3484	TCACTGT	0	0
3484	TCGCCGT	0	0
3490	A	0	0
3490	C	0	0
3491	A	0	0
3491	G	0	0
3492	C	0	0
3492	T	0	0
3493	A	0	0
3493	G	0	0
3494	A	0	0
3494	C	0	0
3495	AAT	0	0
3495	ATC	0	0
3495	CAT	0	0
3496	GACC	0	0
3496	GACT	0	0
3496	GGTC	0	0
3496	TGTC	0	0
3502	C	0	0
3502	T	0	0
3508	C	0	0
3508	T	0	0
3509	AAAG	0	0
3509	AACA	0	0
3509	AACG	0	0
3509	AGCG	0	0
3509	GACG	0	0
3510	C	0	0
3510	T	0	0
3513	C	0	0
3513	T	0	0
3514	AA	0	0
3514	GA	0	0
3514	GG	0	0
3516	C	0	0
3516	G	0	0
3519	A	0	0
3519	G	0	0
3520	C	0	0
3520	T	0	0
3524	ATA	0	0
3524	CCA	0	0
3524	CCG	0	0
3525	A	0	0
3525	G	0	0
3526	GAGG	0	0
3526	GCGG	0	0
3526	TCGA	0	0
3526	TCTA	0	0
3530	GC	0	0
3530	GT	0	0
3530	TC	0	0
3532	AT	0	0
3532	GC	0	0
3537	C	0	0
3537	T	0	0
3539	A	0	0
3539	G	0	0
3543	ACG	0	0
3543	ATA	0	0
3543	GTA	0	0
3544	G	0	0
3544	T	0	0
3545	C	0	0
3545	T	0	0
3547	C	0	0
3547	G	0	0
3548	A	0	0
3548	T	0	0
3549	A	0	0
3549	C	0	0
3550	A	0	0
3550	G	0	0
3552	AC	0	0
3552	GT	0	0
3556	A	0	0
3556	T	0	0
3557	A	0	0
3557	T	0	0
3563	CTG	0	0
3563	NCA	0	0
3563	NCG	0	0
3563	NTG	0	0
3563	TTG	0	0
3566	C	0	0
3566	T	0	0
3568	ACATC	0	0
3568	ACCCA	0	0
3568	ACCTA	0	0
3568	GTNCA	0	0
3569	AAG	0	0
3569	AGG	0	0
3569	GGC	0	0
3569	NAG	0	0
3571	A	0	0
3571	T	0	0
3572	CA	0	0
3572	CG	0	0
3572	TA	0	0
3574	GCA	0	0
3574	GTA	0	0
3574	GTC	0	0
3574	TCA	0	0
3575	G	0	0
3575	T	0	0
3576	A	0	0
3576	C	0	0
3578	C	0	0
3578	T	0	0
3580	GA	0	0
3580	GC	0	0
3580	GT	0	0
3580	TC	0	0
3581	A	0	0
3581	G	0	0
3582	AT	0	0
3582	GC	0	0
3584	A	0	0
3584	T	0	0
3586	G	0	0
3586	T	0	0
3591	CC	0	0
3591	CT	0	0
3591	GC	0	0
3592	A	0	0
3592	T	0	0
3594	GATA	0	0
3594	GATG	0	0
3594	GNTA	0	0
3594	GTAA	0	0
3594	TATA	0	0
3594	TNTA	0	0
3595	C	0	0
3595	T	0	0
3598	A	0	0
3598	T	0	0
3603	CAG	0	0
3603	CCA	0	0
3603	CCG	0	0
3603	TCG	0	0
3606	AT	0	0
3606	CA	0	0
3606	CT	0	0
3607	CGT	0	0
3607	CTC	0	0
3607	CTT	0	0
3607	GGT	0	0
3609	AC	0	0
3609	AT	0	0
3609	GT	0	0
3614	A	0	0
3614	G	0	0
3617	A	0	0
3617	T	0	0
3618	AACG	0	0
3618	AGCA	0	0
3618	AGCG	0	0
3618	AGTG	0	0
3618	TGCG	0	0
3625	AAACAAT	0	0
3625	AAACATT	0	0
3625	AAACTAT	0	0
3625	AAACTTC	0	0
3625	AAACTTT	0	0
3625	AACCTTT	0	0
3625	TTCATTT	0	0
3625	TTCCTTT	0	0
3626	G	0	0
3626	T	0	0
3628	A	0	0
3628	G	0	0
3630	AC	0	0
3630	GC	0	0
3630	GT	0	0
3632	C	0	0
3632	T	0	0
3633	AG	0	0
3633	AT	0	0
3633	GG	0	0
3637	AA	0	0
3637	GG	0	0
3641	C	0	0
3641	T	0	0
3643	ACAT	0	0
3643	ATAT	0	0
3643	GTAC	0	0
3643	GTTC	0	0
3645	ACA	0	0
3645	TGG	0	0
3648	CTTA	0	0
3648	TGAT	0	0
3650	A	0	0
3650	C	0	0
3652	ACCCCCTCCTAGACG	0	0
3652	GCCACCCCCTAGGCA	0	0
3652	GCCACCCCTTAGGCG	0	0
3652	GCCCCCCCCCAGACG	0	0
3652	GCCCCCTGCCAAGCG	0	0
3652	GCCCGCCCCCGGGCG	0	0
3652	GCCCTCCCCCAGGCG	0	0
3652	GCTCCGCCCTAGGCG	0	0
3652	GTCCCCCCCCAGAGG	0	0
3652	GTCCCCCCTTAGGCG	0	0
3656	AA	0	0
3656	AC	0	0
3656	CA	0	0
3657	C	0	0
3657	T	0	0
3660	A	0	0
3660	G	0	0
3662	AT	0	0
3662	GC	0	0
3662	GT	0	0
3664	CCTG	0	0
3664	TAGG	0	0
3664	TCGG	0	0
3664	TCGT	0	0
3665	CTATA	0	0
3665	TACTA	0	0
3665	TTCAT	0	0
3665	TTCTA	0	0
3667	A	0	0
3667	G	0	0
3669	C	0	0
3669	T	0	0
3670	C	0	0
3670	T	0	0
3676	C	0	0
3676	T	0	0
3677	CCA	0	0
3677	TAA	0	0
3677	TCA	0	0
3677	TCG	0	0
3678	AA	0	0
3678	AG	0	0
3678	GG	0	0
3682	GACC	0	0
3682	GATC	0	0
3682	TACT	0	0
3682	TGCT	0	0
3683	A	0	0
3683	C	0	0
3684	AT	0	0
3684	GC	0	0
3686	AC	0	0
3686	AG	0	0
3686	GG	0	0
3689	C	0	0
3689	T	0	0
3691	C	0	0
3691	G	0	0
3693	CC	0	0
3693	TT	0	0
3695	A	0	0
3695	C	0	0
3695	G	0	0
3698	G	0	0
3698	T	0	0
3699	C	0	0
3699	G	0	0
3702	A	0	0
3702	C	0	0
3705	A	0	0
3705	C	0	0
3708	CT	0	0
3708	GC	0	0
3708	GT	0	0
3711	ACAC	0	0
3711	TATT	0	0
3713	A	0	0
3713	G	0	0
3714	C	0	0
3714	T	0	0
3716	A	0	0
3716	C	0	0
3721	C	0	0
3721	T	0	0
3724	C	0	0
3724	T	0	0
3726	C	0	0
3726	T	0	0
3728	C	0	0
3728	G	0	0
3731	AN	0	0
3731	AT	0	0
3731	NC	0	0
3731	NT	0	0
3731	TN	0	0
3731	TT	0	0
3735	CGTT	0	0
3735	GAGG	0	0
3736	A	0	0
3736	G	0	0
3739	GCA	0	0
3739	GCC	0	0
3739	TCC	0	0
3739	TGC	0	0
3742	AA	0	0
3742	AT	0	0
3742	GT	0	0
3743	C	0	0
3743	T	0	0
3744	C	0	0
3744	T	0	0
3751	C	0	0
3751	T	0	0
3754	C	0	0
3754	T	0	0
3755	AAAC	0	0
3755	AAGA	0	0
3755	AGGA	0	0
3755	TAGA	0	0
3756	C	0	0
3756	T	0	0
3759	A	0	0
3759	T	0	0
3763	C	0	0
3763	T	0	0
3765	CA	0	0
3765	NA	0	0
3765	TA	0	0
3765	TG	0	0
3766	C	0	0
3766	T	0	0
3767	CC	0	0
3767	CG	0	0
3767	CT	0	0
3767	TG	0	0
3768	G	0	0
3768	T	0	0
3771	C	0	0
3771	T	0	0
3772	A	0	0
3772	G	0	0
3774	AACAT	0	0
3774	AGAGA	0	0
3774	AGCAT	0	0
3774	GGCAT	0	0
3776	C	0	0
3776	T	0	0
3778	A	0	0
3778	C	0	0
3779	AATT	0	0
3779	ATGN	0	0
3779	ATGT	0	0
3779	TNTG	0	0
3780	A	0	0
3780	T	0	0
3781	G	0	0
3781	T	0	0
3782	ACG	0	0
3782	ATC	0	0
3782	GTC	0	0
3783	AC	0	0
3783	AT	0	0
3783	GT	0	0
3784	C	0	0
3784	T	0	0
3787	ATTCCC	0	0
3787	ATTCCN	0	0
3787	ATTCCT	0	0
3787	ATTTCC	0	0
3787	GCCCCC	0	0
3787	GCTCCC	0	0
3787	GCTCTC	0	0
3788	CACAGC	0	0
3788	CACCGC	0	0
3788	CACCGT	0	0
3788	CATCGC	0	0
3788	CNCCGT	0	0
3788	CNCCTC	0	0
3788	NNCCGC	0	0
3788	TGTCGC	0	0
3789	G	0	0
3789	T	0	0
3790	C	0	0
3790	T	0	0
3792	C	0	0
3792	T	0	0
3794	AAA	0	0
3794	CCC	0	0
3794	CNN	0	0
3797	GG	0	0
3797	GT	0	0
3797	TG	0	0
3806	ATGCGANNNNNNNNNC	0	0
3806	CAAGGAACTACGCTTA	0	0
3806	CAAGGAACTATGCNNA	0	0
3806	CAAGGAACTCCTCCAA	0	0
3806	CAAGGAAGAGNNTCAA	0	0
3806	CAAGGAAGTNNGGTCA	0	0
3806	CAAGGAATCACNNNTA	0	0
3806	CAAGGAGCTNNNNNNA	0	0
3806	CAAGGATCTGTGNNNA	0	0
3806	CAAGGGATTGCTNNNA	0	0
3806	CTAGGNNNNNNNNNTC	0	0
3806	NNGCCANNNNNNAGAC	0	0
3806	TNNGGAACNNNNNNAA	0	0
3809	A	0	0
3809	G	0	0
3811	AN	0	0
3811	TA	0	0
3811	TN	0	0
3811	TT	0	0
3815	G	0	0
3815	T	0	0
3817	C	0	0
3817	G	0	0
3820	AG	0	0
3820	GT	0	0
3822	AA	0	0
3822	GG	0	0
3823	A	0	0
3823	T	0	0
3824	C	0	0
3824	N	0	0
3824	T	0	0
3829	GC	0	0
3829	GT	0	0
3829	TT	0	0
3832	G	0	0
3832	T	0	0
3835	C	0	0
3835	T	0	0
3836	A	0	0
3836	G	0	0
3839	A	0	0
3839	N	0	0
3839	T	0	0
3840	AGT	0	0
3840	GAG	0	0
3842	ATATCAG	0	0
3842	CAATCTA	0	0
3842	CTATCNN	0	0
3842	CTTCGNN	0	0
3851	A	0	0
3851	C	0	0
3852	C	0	0
3852	T	0	0
3861	A	0	0
3861	C	0	0
3865	ACGCGGG	0	0
3865	ACGTGAG	0	0
3865	ACGTGGG	0	0
3865	ATACCAA	0	0
3865	GTGCCAG	0	0
3871	CACC	0	0
3871	CCCC	0	0
3871	CCTC	0	0
3871	GCCG	0	0
3877	GC	0	0
3877	GT	0	0
3877	TC	0	0
3878	CAAGCG	0	0
3878	CCCGTT	0	0
3878	CCCTTT	0	0
3878	TCCGTT	0	0
3880	A	0	0
3880	G	0	0
3881	ACAC	0	0
3881	ACGC	0	0
3881	GTGA	0	0
3882	GT	0	0
3882	TC	0	0
3882	TT	0	0
3883	A	0	0
3883	G	0	0
3884	C	0	0
3884	T	0	0
3889	AC	0	0
3889	AT	0	0
3889	GC	0	0
3892	GCC	0	0
3892	TAC	0	0
3892	TCA	0	0
3892	TCC	0	0
3893	AT	0	0
3893	TG	0	0
3893	TT	0	0
3898	GCCCC	0	0
3898	GCTAC	0	0
3898	GCTCC	0	0
3898	GCTCT	0	0
3898	GTTCC	0	0
3898	TCTCC	0	0
3900	AAT	0	0
3900	ATG	0	0
3900	TTG	0	0
3901	CTA	0	0
3901	TGG	0	0
3901	TTG	0	0
3905	A	0	0
3905	T	0	0
3906	A	0	0
3906	T	0	0
3909	A	0	0
3909	C	0	0
3910	GA	0	0
3910	TA	0	0
3910	TG	0	0
3911	A	0	0
3911	G	0	0
3912	ATCC	0	0
3912	GACT	0	0
3912	GATT	0	0
3913	A	0	0
3913	C	0	0
3914	ATA	0	0
3914	GGG	0	0
3921	G	0	0
3921	N	0	0
3921	T	0	0
3929	CN	0	0
3929	CT	0	0
3929	GA	0	0
3929	GT	0	0
3933	CT	0	0
3933	GA	0	0
3933	GT	0	0
3933	TT	0	0
3934	A	0	0
3934	T	0	0
3935	CC	0	0
3935	CT	0	0
3935	GT	0	0
3936	C	0	0
3936	T	0	0
3937	C	0	0
3937	T	0	0
3943	C	0	0
3943	T	0	0
3945	AA	0	0
3945	TT	0	0
3948	CT	0	0
3948	TC	0	0
3948	TT	0	0
3955	A	0	0
3955	T	0	0
3956	AG	0	0
3956	TA	0	0
3956	TG	0	0
3957	A	0	0
3957	G	0	0
3958	AA	0	0
3958	GC	0	0
3962	ACCC	0	0
3962	ATAA	0	0
3962	GTAA	0	0
3962	NTAA	0	0
3964	CG	0	0
3964	TG	0	0
3964	TT	0	0
3966	A	0	0
3966	G	0	0
3969	AG	0	0
3969	CA	0	0
3970	A	0	0
3970	N	0	0
3970	T	0	0
3973	C	0	0
3973	T	0	0
3975	CAT	0	0
3975	CGT	0	0
3975	TGC	0	0
3975	TGT	0	0
3978	AAA	0	0
3978	TAA	0	0
3978	TAT	0	0
3978	TGA	0	0
3982	CAG	0	0
3982	TAG	0	0
3982	TAT	0	0
3982	TTG	0	0
3984	CCCTTGTGN	0	0
3984	CCTACTTGA	0	0
3984	GATACTCAT	0	0
3984	GATACTNNT	0	0
3984	GATACTTGA	0	0
3994	C	0	0
3994	G	0	0
3995	C	0	0
3995	T	0	0
4001	AC	0	0
4001	GC	0	0
4001	GG	0	0
4002	C	0	0
4002	T	0	0
4005	C	0	0
4005	T	0	0
4006	CG	0	0
4006	GG	0	0
4006	GT	0	0
4007	CA	0	0
4007	CG	0	0
4007	TA	0	0
4015	CT	0	0
4015	GG	0	0
4016	CACAT	0	0
4016	CATAC	0	0
4016	CATAT	0	0
4016	GATAC	0	0
4016	GATTC	0	0
4016	GGTAC	0	0
4022	AGA	0	0
4022	ATA	0	0
4022	ATG	0	0
4022	TTA	0	0
4023	GCCC	0	0
4023	GCTC	0	0
4023	GCTT	0	0
4023	GTTC	0	0
4023	TCTC	0	0
4024	C	0	0
4024	T	0	0
4025	CG	0	0
4025	CT	0	0
4025	GG	0	0
4030	AAGTCCCTGCAG	0	0
4030	AAGTTCCTGCAG	0	0
4030	AAGTTCCTGCGG	0	0
4030	AAGTTCCTGTAG	0	0
4030	AAGTTCNTGCAG	0	0
4030	AAGTTCTNGCAG	0	0
4030	AAGTTTCTGTAG	0	0
4030	AAGTTTCTGTGG	0	0
4030	AAGTTTTTGTTG	0	0
4030	AATGCCCTCCAG	0	0
4030	AATTCCCTCCAG	0	0
4030	AATTCCCTGCAG	0	0
4030	AATTCCCTTCAG	0	0
4030	AATTCCCTTCAT	0	0
4030	AGGTCCCTGCAG	0	0
4030	GAGTTCCCGCAG	0	0
4030	GAGTTCCNGCAG	0	0
4030	GAGTTCCTGCAG	0	0
4030	GAGTTTCCGTAG	0	0
4030	GAGTTTCNGCAG	0	0
4030	GAGTTTTCGTTG	0	0
4034	AA	0	0
4034	GA	0	0
4034	GT	0	0
4038	AACGA	0	0
4038	AGCAA	0	0
4038	AGCGA	0	0
4038	AGCGG	0	0
4038	AGTGA	0	0
4038	GGCGA	0	0
4042	CTCNN	0	0
4042	GATGT	0	0
4042	GNNAT	0	0
4042	GNNGN	0	0
4042	GNNNN	0	0
4042	GTGGA	0	0
4042	GTGGT	0	0
4042	GTGNN	0	0
4042	GTNNN	0	0
4042	NNNNN	0	0
4044	AAAACAAAAATTTC	0	0
4044	CAAACAAAAATTTC	0	0
4044	CCCACAAAAATTAT	0	0
4044	CCCCACAAAANTTC	0	0
4044	CCCCCAAAAAGTNN	0	0
4044	CCCCCAAAAATTNN	0	0
4044	CCCCCCAAAANNNN	0	0
4044	CCCCCCAAAANTNN	0	0
4044	CCCCCCAAAANTTC	0	0
4044	CCCCCCCAAANCGN	0	0
4044	CCCCCCCAAANNNN	0	0
4044	CCCCCCCAAANTNN	0	0
4044	CCCCCNNAAATTNN	0	0
4044	CCCCCNNCCCTTNN	0	0
4044	CCCCCNNNNATTTC	0	0
4044	CCCCNNNNNATTTC	0	0
4044	CCNNCAAAAATTNN	0	0
4044	CCNNCAAAAATTTC	0	0
4044	CNAACAAAAATTTN	0	0
4044	CNNACAAAAATTTN	0	0
4046	AA	0	0
4046	CA	0	0
4046	CG	0	0
4047	AACTA	0	0
4047	NNCTA	0	0
4047	NTCTA	0	0
4047	TTATG	0	0
4047	TTCCA	0	0
4047	TTCTA	0	0
4048	C	0	0
4048	T	0	0
4049	AAAANNNNNNCNGNTCGTGNA	0	0
4049	ACAANNNNNNNNNNNNNNGAA	0	0
4049	ACTACTGGCTCCGGAACTGAA	0	0
4049	ACTACTGNAGCCGGAACAGAA	0	0
4049	ACTACTGNNNCCGGAACNGTA	0	0
4049	ACTAGTGACGCCGGAACGGAA	0	0
4049	ACTANTGACGCCGAAANGGAA	0	0
4049	ACTANTGCTCCCGGAACGGAA	0	0
4049	ACTANTGGAGCCGTAACAGAA	0	0
4049	ACTANTGGATCCGCAAGCGAA	0	0
4049	ACTANTGTATCCGGAACCGAA	0	0
4049	ACTATTGGCTCCGGAACNGAA	0	0
4049	AGTACTGNNNCCGNAANNGAA	0	0
4049	AGTANTGGGTCCGCAANNGAA	0	0
4049	AGTNAAGNNNCCGNAANNGCA	0	0
4049	ANNNNNNNNNNNNAGACGGAA	0	0
4049	ANTAATGNNNCCGGAAGAGAA	0	0
4049	CCTANTGNAGCCGTAATCGAA	0	0
4049	GATNNNNNNACCGGAAACGAA	0	0
4049	NCTAATGANNCCGNAANNGNA	0	0
4049	NNNNNNNNNAACCGNNAGGAA	0	0
4049	NNNNNNNNNNNNACCACTGNT	0	0
4049	NNNNNNNNNNNNNACAGCAGA	0	0
4049	NNNNNNNNNNNNNNAGTACAA	0	0
4049	NNTAAGGAGCCCGNAANNGNA	0	0
4049	NNTAATGNNCCCGCAAGTGCA	0	0
4049	NNTANAGCACCCGCAANTGCA	0	0
4049	NNTNNNCTGACCGGAACCGAA	0	0
4049	NNTNNNGCGACCGGAATAGAA	0	0
4049	NNTNNNGTACCCGGAACAGAA	0	0
4049	NNTNNNNACACCGGAAAGGAA	0	0
4049	NNTNNNNGAACCGAAAGGGCA	0	0
4049	NNTNNNNNNNCTGGAACAGAA	0	0
4049	NNTNNNNNNNCTGGCTTCGAA	0	0
4049	NNTNNNNNNNCTGGTGGTGAA	0	0
4049	NNTNNNNNNTCCGTAACTGAA	0	0
4049	NNTNNNTCGACCGGAATAGAA	0	0
4049	NNTNNTGANACCGGAAAGGAA	0	0
4049	NNTNNTGGNTCCGGAAGTGAA	0	0
4049	NNTNNTTCANCCGCAAGCGAA	0	0
4049	NNTTAAGNNNCCGNAAGTGCA	0	0
4049	TATANNNNNNCCGNAAGCGAA	0	0
4054	AATAAATACC	0	0
4054	AATAAATANN	0	0
4054	ACCTAATANN	0	0
4054	ACCTNNNNNN	0	0
4054	TATAAATAAA	0	0
4054	TATAAATACC	0	0
4054	TATAGCGGCC	0	0
4056	C	0	0
4056	T	0	0
4057	C	0	0
4057	G	0	0
4058	C	0	0
4058	G	0	0
4059	G	0	0
4059	T	0	0
4061	C	0	0
4061	T	0	0
4062	AC	0	0
4062	AT	0	0
4062	GT	0	0
4063	CCC	0	0
4063	CGG	0	0
4063	TCC	0	0
4066	C	0	0
4066	T	0	0
4069	C	0	0
4069	G	0	0
4071	CATTGG	0	0
4071	CATTGN	0	0
4071	CATTGT	0	0
4071	CGTTGG	0	0
4071	TAATAG	0	0
4071	TATCGG	0	0
4071	TATTGG	0	0
4071	TATTGN	0	0
4071	TATTGT	0	0
4074	C	0	0
4074	T	0	0
4076	C	0	0
4076	T	0	0
4077	G	0	0
4077	T	0	0
4078	CAA	0	0
4078	CTG	0	0
4078	TTG	0	0
4079	CGG	0	0
4079	TGG	0	0
4079	TGT	0	0
4079	TTG	0	0
4080	GT	0	0
4080	TC	0	0
4089	A	0	0
4089	T	0	0
4090	AA	0	0
4090	GG	0	0
4094	A	0	0
4094	G	0	0
4097	C	0	0
4097	T	0	0
4099	AGA	0	0
4099	CCT	0	0
4104	AG	0	0
4104	CA	0	0
4105	A	0	0
4105	G	0	0
4108	CGT	0	0
4108	TGC	0	0
4108	TGT	0	0
4108	TTT	0	0
4109	AGCC	0	0
4109	ATCA	0	0
4109	ATCC	0	0
4109	ATTC	0	0
4109	GTCC	0	0
4110	A	0	0
4110	T	0	0
4112	AC	0	0
4112	GC	0	0
4112	GT	0	0
4114	C	0	0
4114	T	0	0
4115	A	0	0
4115	G	0	0
4116	C	0	0
4116	G	0	0
4117	A	0	0
4117	G	0	0
4118	AC	0	0
4118	GA	0	0
4118	GC	0	0
4119	AA	0	0
4119	GA	0	0
4119	GT	0	0
4121	AA	0	0
4121	TA	0	0
4121	TG	0	0
4124	C	0	0
4124	T	0	0
4127	G	0	0
4127	T	0	0
4129	A	0	0
4129	G	0	0
4134	AC	0	0
4134	AT	0	0
4134	CC	0	0
4138	C	0	0
4138	G	0	0
4140	C	0	0
4140	T	0	0
4147	C	0	0
4147	T	0	0
4149	A	0	0
4149	T	0	0
4152	A	0	0
4152	C	0	0
4155	ACGT	0	0
4155	GTGT	0	0
4155	GTTA	0	0
4155	GTTT	0	0
4159	A	0	0
4159	G	0	0
4162	ATC	0	0
4162	GCT	0	0
4162	GTT	0	0
4163	C	0	0
4163	T	0	0
4168	AAG	0	0
4168	GGT	0	0
4170	AC	0	0
4170	GA	0	0
4170	GC	0	0
4176	A	0	0
4176	C	0	0
4179	C	0	0
4179	T	0	0
4180	G	0	0
4180	T	0	0
4181	AC	0	0
4181	GC	0	0
4181	GT	0	0
4184	AC	0	0
4184	NC	0	0
4184	NN	0	0
4184	TA	0	0
4185	C	0	0
4185	G	0	0
4191	ACA	0	0
4191	CTG	0	0
4192	CC	0	0
4192	CT	0	0
4192	TT	0	0
4195	GA	0	0
4195	GN	0	0
4195	GT	0	0
4195	TN	0	0
4202	C	0	0
4202	T	0	0
4208	AA	0	0
4208	CA	0	0
4208	CT	0	0
4211	C	0	0
4211	T	0	0
4215	AAA	0	0
4215	AAC	0	0
4215	AGA	0	0
4215	TAC	0	0
4217	C	0	0
4217	T	0	0
4218	A	0	0
4218	C	0	0
4219	CCA	0	0
4219	CTA	0	0
4219	TTC	0	0
4227	CGTACCAA	0	0
4227	TATTCTAA	0	0
4227	TGCTCCAA	0	0
4227	TGTACCAA	0	0
4227	TGTTCCAA	0	0
4227	TGTTCCAG	0	0
4227	TGTTTCGA	0	0
4229	A	0	0
4229	G	0	0
4230	AGC	0	0
4230	AGT	0	0
4230	ATC	0	0
4230	GGT	0	0
4236	ACA	0	0
4236	ACN	0	0
4236	GAG	0	0
4236	GAN	0	0
4236	GCG	0	0
4236	GCN	0	0
4237	C	0	0
4237	T	0	0
4238	C	0	0
4238	T	0	0
4240	AACAACCA	0	0
4240	AACCGAGA	0	0
4240	AACGTGAT	0	0
4240	AAGACGGA	0	0
4240	AATCCGTC	0	0
4240	ACACAGAA	0	0
4240	ACACGAGA	0	0
4240	ACAGCAGA	0	0
4240	ACATTGGC	0	0
4240	ACCACTGT	0	0
4240	ACCTCCAA	0	0
4240	ACGCTCGA	0	0
4240	AGATCGCA	0	0
4240	AGCACCTC	0	0
4240	AGCAGGAA	0	0
4240	AGTACAAG	0	0
4240	AGTCAAGC	0	0
4240	AGTGGTCA	0	0
4240	ATGCCTAA	0	0
4240	ATTGAGGA	0	0
4240	CAACCACA	0	0
4240	CAATGGAA	0	0
4240	CACTTCGA	0	0
4240	CAGATCTG	0	0
4240	CCGAAGTA	0	0
4240	CGCATACA	0	0
4240	CTGAGCCA	0	0
4240	CTGGCATA	0	0
4240	GAACAGGC	0	0
4240	GCGAGTAA	0	0
4240	TATCAGCA	0	0
4240	TCCGTCTA	0	0
4240	TGAAGAGA	0	0
4240	TGGAACAA	0	0
4240	TGGCTTCA	0	0
4240	TTCACGCA	0	0
4247	CTA	0	0
4247	GCC	0	0
4248	A	0	0
4248	G	0	0
4249	A	0	0
4249	C	0	0
4251	CCGA	0	0
4251	GACG	0	0
4254	A	0	0
4254	C	0	0
4257	C	0	0
4257	T	0	0
4258	CG	0	0
4258	TG	0	0
4258	TT	0	0
4259	CC	0	0
4259	CT	0	0
4259	TT	0	0
4265	G	0	0
4265	T	0	0
4267	AGG	0	0
4267	TAA	0	0
4268	AAATA	0	0
4268	TNTAT	0	0
4268	TTAAA	0	0
4268	TTAAN	0	0
4276	A	0	0
4276	C	0	0
4280	C	0	0
4280	T	0	0
4285	C	0	0
4285	T	0	0
4289	CTAGCA	0	0
4289	TCGACG	0	0
4289	TCGATG	0	0
4289	TCGGCG	0	0
4289	TTAGCA	0	0
4291	ATT	0	0
4291	GGC	0	0
4291	GTT	0	0
4296	A	0	0
4296	G	0	0
4297	A	0	0
4297	C	0	0
4299	AGA	0	0
4299	AGG	0	0
4299	TAG	0	0
4299	TGG	0	0
4315	G	0	0
4315	T	0	0
4316	ACG	0	0
4316	ATG	0	0
4316	ATT	0	0
4316	TTG	0	0
4317	C	0	0
4317	G	0	0
4318	AAT	0	0
4318	AGT	0	0
4318	GGA	0	0
4321	AC	0	0
4321	GA	0	0
4321	GC	0	0
4325	CAT	0	0
4325	CCT	0	0
4325	GCG	0	0
4325	GCT	0	0
4330	CCAG	0	0
4330	TGGA	0	0
4334	A	0	0
4334	G	0	0
4335	C	0	0
4335	T	0	0
4336	CA	0	0
4336	CG	0	0
4336	TA	0	0
4340	C	0	0
4340	T	0	0
4355	ACACGNNNNNNNNNNCTAGAGATTGGC	0	0
4355	CTAAGCACCNNNNNTCTCCAGATTGGC	0	0
4355	CTAAGCAGACGAATGCTACAGATTGGC	0	0
4355	CTAAGCAGANNNNTTCTCCAGATTGGC	0	0
4355	CTAAGCATCCGTCTGCTNCAGATTGGC	0	0
4355	CTAAGCCCACTAATGCTTCAGATTGGC	0	0
4355	CTAAGCCGCTCAATGCTACAGATTGGC	0	0
4355	CTAAGCCTATGAATCCTACAGATTGGC	0	0
4355	CTAAGCGAGTCAATACTACAGATTGGC	0	0
4355	CTAAGCGATCGAATCCTACAGATTGGC	0	0
4355	CTAAGCGTGGTAATCCTACAGATTGGC	0	0
4355	CTAAGGTCNNNNNNNCTNCAGATTGGC	0	0
4355	CTACGCAATGGAATACTACAGATTGGC	0	0
4355	CTACGGATNNNNNNTCTCCAGATTGGC	0	0
4355	CTANGCNNCTCAATGCTACAGATTGGC	0	0
4355	CTANGCNNCTGAGCCCTACAGATTGGC	0	0
4355	CTANGGAACNNNNAGCTCCAGATTGGC	0	0
4355	CTANGNNNNNNGATACTACAGATTGGC	0	0
4355	CTNNNNNNNNNNNNNNNNNNNGAGNCA	0	0
4355	CTTATCAGNNNNNNNCTNCAGATTGGC	0	0
4355	NNNNNNNNNNNNNNNAACGTGATTGGN	0	0
4355	NNNNNNNNNNNNNNNCTACAGATTGGC	0	0
4355	NNNNNNNNNNNNNNNNAACAGACCGGA	0	0
4355	NNNNNNNNNNNNNNNNAACCGANGGGA	0	0
4355	NNNNNNNNNNNNNNNNNACAGCAGGGA	0	0
4355	NNNNNNNNNNNNNNNNNACGTATCNGA	0	0
4355	NNNNNNNNNNNNNNNNNNCANATGGAA	0	0
4355	NNNNNNNNNNNNNNNNNNCCGANAGTA	0	0
4355	NNNNNNNNNNNNNNNNNNNACATTGGC	0	0
4355	NNNNNNNNNNNNNNNNNNNACGCTCGA	0	0
4355	NNNNNNNNNNNNNNNNNNNACTATGCA	0	0
4355	NNNNNNNNNNNNNNNNNNNAGAGTCAA	0	0
4355	NNNNNNNNNNNNNNNNNNNAGTGGTCA	0	0
4355	NNNNNNNNNNNNNNNNNNNNAGATGCA	0	0
4355	NNNNNNNNNNNNNNNNNNNNNACAGGA	0	0
4355	NNNNNNNNNNNNNNTGAACAGATTGGA	0	0
4355	NNNNNNNNNNNNNTGCTTCAGATTGGC	0	0
4355	TGAAGNNNNNNNNNNCTAGAGATTGGC	0	0
4355	TTNNNNNCACGCATGCTNNAGATTGGC	0	0
4364	C	0	0
4364	T	0	0
4367	AC	0	0
4367	TC	0	0
4367	TT	0	0
4369	CGGTC	0	0
4369	TAGCA	0	0
4369	TGACC	0	0
4369	TGGCC	0	0
4369	TGGTC	0	0
4370	C	0	0
4370	T	0	0
4377	GA	0	0
4377	TA	0	0
4377	TC	0	0
4381	AG	0	0
4381	CT	0	0
4383	A	0	0
4383	G	0	0
4387	C	0	0
4387	G	0	0
4389	A	0	0
4389	G	0	0
4396	CA	0	0
4396	GG	0	0
4405	C	0	0
4405	G	0	0
4408	AAC	0	0
4408	AAT	0	0
4408	AGT	0	0
4408	GAT	0	0
4410	GCC	0	0
4410	TTT	0	0
4412	AAGC	0	0
4412	AAGT	0	0
4412	AATT	0	0
4412	ATGT	0	0
4412	GAGT	0	0
4415	GGA	0	0
4415	GTA	0	0
4415	TTC	0	0
4417	A	0	0
4417	G	0	0
4418	GGG	0	0
4418	GGT	0	0
4418	GTG	0	0
4418	TGG	0	0
4420	AAA	0	0
4420	ATT	0	0
4420	GTA	0	0
4420	GTT	0	0
4425	CGT	0	0
4425	TAT	0	0
4425	TGC	0	0
4425	TGT	0	0
4426	G	0	0
4426	T	0	0
4430	C	0	0
4430	T	0	0
4437	GGAG	0	0
4437	TAAA	0	0
4437	TGAA	0	0
4437	TGTA	0	0
4440	A	0	0
4440	T	0	0
4442	A	0	0
4442	G	0	0
4443	AGA	0	0
4443	TTA	0	0
4443	TTT	0	0
4448	A	0	0
4448	G	0	0
4452	G	0	0
4452	T	0	0
4454	CGC	0	0
4454	TAC	0	0
4454	TAT	0	0
4459	CCAGACT	0	0
4459	CCCGACC	0	0
4459	CCCGACT	0	0
4459	CTCGACC	0	0
4459	CTCGGCC	0	0
4459	TTCAATC	0	0
4460	A	0	0
4460	G	0	0
4461	CCTTGC	0	0
4461	TCTTGC	0	0
4461	TTGACG	0	0
4461	TTTTGC	0	0
4466	G	0	0
4466	T	0	0
4469	CC	0	0
4469	TA	0	0
4469	TC	0	0
4477	A	0	0
4477	G	0	0
4479	CATGA	0	0
4479	CATGG	0	0
4479	CATTA	0	0
4479	CGTGA	0	0
4479	TAAGA	0	0
4480	GAGA	0	0
4480	TCTC	0	0
4481	AT	0	0
4481	TC	0	0
4481	TT	0	0
4484	C	0	0
4484	T	0	0
4485	A	0	0
4485	C	0	0
4489	A	0	0
4489	C	0	0
4492	G	0	0
4492	T	0	0
4493	A	0	0
4493	T	0	0
4496	AAAA	0	0
4496	AATA	0	0
4496	AATG	0	0
4496	AGTG	0	0
4496	TATA	0	0
4497	CA	0	0
4497	TT	0	0
4505	AC	0	0
4505	CA	0	0
4505	CC	0	0
4508	AGAA	0	0
4508	ATTA	0	0
4508	TGAG	0	0
4510	A	0	0
4510	C	0	0
4513	CA	0	0
4513	CT	0	0
4513	TT	0	0
4514	CT	0	0
4514	GG	0	0
4515	C	0	0
4515	T	0	0
4518	A	0	0
4518	T	0	0
4519	A	0	0
4519	C	0	0
4521	GA	0	0
4521	TA	0	0
4521	TG	0	0
4523	G	0	0
4523	T	0	0
4527	A	0	0
4527	T	0	0
4528	CC	0	0
4528	CT	0	0
4528	TT	0	0
4529	AAGACGGATCACGTGC	0	0
4529	AANNNNNNNCACACGC	0	0
4529	ACCACTGTTCACGTGC	0	0
4529	ACTATGCATCACGTGC	0	0
4529	AGATCGCATCACGTGC	0	0
4529	AGTANNCATCACGTGC	0	0
4529	ANNNNNGTTCGCGTGC	0	0
4529	CANATGGATCACGTGC	0	0
4529	NNNNNCGATCACCTGT	0	0
4529	NNNNNNGATCACGAGC	0	0
4529	NNNNNNGCCCACCAGT	0	0
4529	NNNNNNGCGCACGTGA	0	0
4529	NNNNNNNAACGCCTGT	0	0
4529	NNNNNNNNNCATCAGN	0	0
4529	NNNNNNNNNNACACGA	0	0
4529	NNNNNNNNNNNCNNCC	0	0
4529	NNNNNNNNNNNNNNNA	0	0
4529	TANNNNNNTCACGNGC	0	0
4529	TNNNNGGCTNNCNTGC	0	0
4529	TNNNNNGGTGGCNNGT	0	0
4529	TNNNNNNNGGACACGA	0	0
4529	TNNNNNNNTCACCGGC	0	0
4533	C	0	0
4533	G	0	0
4533	N	0	0
4534	AT	0	0
4534	GC	0	0
4534	GT	0	0
4535	ACGGTTA	0	0
4535	ATGGTTA	0	0
4535	GCAATTG	0	0
4535	GCAGGTG	0	0
4535	GCAGTCG	0	0
4535	GCAGTTG	0	0
4538	AACCTT	0	0
4538	CACCTT	0	0
4538	CATGAC	0	0
4538	CGCCTT	0	0
4540	CTG	0	0
4540	TCA	0	0
4540	TTG	0	0
4541	A	0	0
4541	T	0	0
4546	A	0	0
4546	G	0	0
4550	CCCCCTTGNNGAAGGC	0	0
4550	CCCCCTTGNNGANGGC	0	0
4550	CCCCCTTGNNGANGGG	0	0
4550	CCCTTTGGAGGAAGNN	0	0
4550	CCCTTTGGAGGANNNN	0	0
4550	CCCTTTTTAGGAAAGC	0	0
4550	CCNNNTTGAGGAAGGC	0	0
4550	CCNTTTGGAGGANNNN	0	0
4550	CCTTTTGGAGGAAGGC	0	0
4550	CCTTTTGGAGGANNNN	0	0
4550	CCTTTTGGNNGAAGGC	0	0
4550	CCTTTTNGAGGAAGGC	0	0
4550	CCTTTTTTAGGAANAC	0	0
4550	CNNTTGGGAGGAAGNN	0	0
4550	CNNTTTGGAGAGAGNN	0	0
4550	CNNTTTGGAGGAAGGC	0	0
4550	CNNTTTGGGAGAAGGC	0	0
4550	CNNTTTTGAGGAAGGC	0	0
4550	CNNTTTTGAGGAAGNC	0	0
4550	CNNTTTTTAGGAGAGC	0	0
4550	CNTTTTGGAGGAAGNN	0	0
4550	CNTTTTGGAGGANNNN	0	0
4550	CNTTTTTGAGGAAGGC	0	0
4550	CTTTTTGGAGGAAGGC	0	0
4550	CTTTTTGGAGGAAGNN	0	0
4550	CTTTTTGGAGGAANGC	0	0
4550	CTTTTTGGAGGANNNN	0	0
4550	CTTTTTTTAGGANNNA	0	0
4550	NNNTTTGGAGGAAGGN	0	0
4550	NNNTTTTGAGAGAGGN	0	0
4550	NNTTTTGGAGGAAGNN	0	0
4550	TTTTTGGGAGGANNNN	0	0
4555	A	0	0
4555	T	0	0
4559	A	0	0
4559	G	0	0
4561	A	0	0
4561	G	0	0
4562	AA	0	0
4562	AG	0	0
4562	AN	0	0
4562	NG	0	0
4562	NN	0	0
4562	TG	0	0
4562	TN	0	0
4564	A	0	0
4564	G	0	0
4569	G	0	0
4569	N	0	0
4569	T	0	0
4573	A	0	0
4573	T	0	0
4574	G	0	0
4574	T	0	0
4584	GGG	0	0
4584	GGT	0	0
4584	TCG	0	0
4584	TGG	0	0
4585	G	0	0
4585	T	0	0
4587	CC	0	0
4587	TA	0	0
4587	TC	0	0
4593	A	0	0
4593	T	0	0
4595	C	0	0
4595	T	0	0
4600	CAG	0	0
4600	TAG	0	0
4600	TGA	0	0
4602	ATAT	0	0
4602	GCGC	0	0
4604	CA	0	0
4604	TG	0	0
4610	C	0	0
4610	T	0	0
4613	AAAG	0	0
4613	AAAN	0	0
4613	AAAT	0	0
4613	AAGG	0	0
4613	GGGG	0	0
4613	GGGN	0	0
4614	AAGACGGAC	0	0
4614	ACCACTGTC	0	0
4614	ACGCTCGAC	0	0
4614	AGAGTCAAC	0	0
4614	ANGTACAAC	0	0
4614	ANNACNNNG	0	0
4614	ANNNNNGTC	0	0
4614	CANNNNNNC	0	0
4614	CATACNNNC	0	0
4619	C	0	0
4619	T	0	0
4622	AACAACCAT	0	0
4622	AACCGAGAT	0	0
4622	AAGACGGAT	0	0
4622	AATCCGTCT	0	0
4622	ACACGAGAT	0	0
4622	ACAGCAGAT	0	0
4622	ACATTGGCT	0	0
4622	AGATCGCAT	0	0
4622	AGCACCTCT	0	0
4622	AGTGGTCAT	0	0
4622	ATTGAGGAT	0	0
4622	CAATGGAAT	0	0
4622	CACTTCGAT	0	0
4622	CAGATCTGT	0	0
4622	CATACCAAT	0	0
4622	CGAACTTAT	0	0
4622	CGACTGGAT	0	0
4622	CGCATACAG	0	0
4622	CGCATACAT	0	0
4622	CGGATTGCT	0	0
4622	CTAAGGTCT	0	0
4622	GAGCTGAAT	0	0
4622	TATCAGCAT	0	0
4622	TCTTCACAT	0	0
4622	TGAAGAGAT	0	0
4622	TGGAACAAT	0	0
4622	TGGCTTCAT	0	0
4622	TGGTGGTAT	0	0
4622	TTCACGCAT	0	0
4632	C	0	0
4632	G	0	0
4635	A	0	0
4635	G	0	0
4638	A	0	0
4638	C	0	0
4639	CAAGGNNNNNNNGCTNCTATA	0	0
4639	CATCAAGATCGTGCTGCTATA	0	0
4639	CATCACCATCTTGCTGCTATT	0	0
4639	CATCACCTTCCTGCTACTATA	0	0
4639	CATCAGATTCGTGCTCCTATA	0	0
4639	CATCAGTGTGTTGCTCCTATA	0	0
4639	CATCCAGATCTTGCTGCTATN	0	0
4639	CATCCGGATNNTGCTGCTATC	0	0
4639	CATCCNNNTCATGCTGCTATA	0	0
4639	CATCCTAAGNNTGCTGCTATC	0	0
4639	CATCGCCNNNNCGCTACTATA	0	0
4639	CATCGCNNNNNNGCTNCTATA	0	0
4639	CGNNNNNNNNNNNNNNCNNAA	0	0
4639	CGTGNNNNNNNNGCTGCTATA	0	0
4639	CNNNNNNNNACCGCNNCTAAA	0	0
4639	CNNNNNNNNNACACTNCTACA	0	0
4639	CNNNNNNNNNNNACAGCTAGA	0	0
4639	CNNNNNNNNNNNACCGCTAGA	0	0
4639	CNNNNNNNNNNNGATNCCGCA	0	0
4639	CNNNNNNNNNNNGCTTCTACA	0	0
4639	CNNNNNNNNNNNNACGCTCGA	0	0
4639	CNNNNNNNNNNNNNNGATCTG	0	0
4639	CNNNNNNNNNNNNNNGCGTTA	0	0
4639	CNNNNNNNNNNNNNNNCCTAA	0	0
4639	CNNNNNNNNNNNNNTGGCATA	0	0
4639	CNNNNNNNNNNTGCTGCTAAC	0	0
4639	CNNNNNNNNTCCGCTGCTACA	0	0
4639	GNNNNNNNNNNNNNNNNTACA	0	0
4642	A	0	0
4642	C	0	0
4643	G	0	0
4643	T	0	0
4644	A	0	0
4644	G	0	0
4645	A	0	0
4645	C	0	0
4646	AACCGAANNNNNNNNNNNNATGATCT	0	0
4646	AAGACGNNNNNNNNNNNNNNTGATCA	0	0
4646	AAGNCANNNNNNNNNNNNNNTGATCA	0	0
4646	AANANANNNNNNNNNCAACATGATCT	0	0
4646	AANNNANNNNNNNNNNNNNGTGATCT	0	0
4646	AATNNNNNNNNNNNNNNNNNTGGTCC	0	0
4646	AATNNNNNNNNNNNNNNNNNTGGTNC	0	0
4646	ACNACANNNNNNNNNNNNNNTGATCA	0	0
4646	ACTCCNNNNNNNNNNNNNNNTGATCA	0	0
4646	AGCTCGNNNNNNNNNNNNNNTGNTCA	0	0
4646	ANNNNNNNNNNNNNNNNNNGTGGTCA	0	0
4646	ANNNNNNNNNNNNNNNNNNNTGCTAA	0	0
4646	NNNNNNNNNNNNNNACCACNTGNTCT	0	0
4646	NNNNNNNNNNNNNNNAGTAAAGNTNN	0	0
4646	NNNNNNNNNNNNNNNAGTAATGATCG	0	0
4646	NNNNNNNNNNNNNNNNNAAGTGATNT	0	0
4646	TACACAACATCTGTACAAGATGATCT	0	0
4646	TACACAAGATCGGAACAAGATGATCT	0	0
4646	TACACAAGATCNGNNNAANATGATCT	0	0
4646	TAGACAAGTTCAGAACAAGATGATCT	0	0
4646	TAGACAANNTCTGGTCAAGATGATCT	0	0
4646	TANACAANATCCGTNCAACATGATCT	0	0
4646	TANACAANATCNGTTGAACATGATCT	0	0
4646	TANACAANNTCNGCACCTCATGATCT	0	0
4646	TANACAANNTCNGTACAAGATGATCT	0	0
4646	TANACAANNTNCGGATTGCATGATCT	0	0
4646	TANACAANNTTGGCNNNTCATGATCT	0	0
4646	TCTAAAANNTNNGNNNGTCATGATCT	0	0
4646	TGAACAANNTNNNNNAGGCATGATCT	0	0
4646	TGCANAANNTCGGTANNNNATGATCT	0	0
4646	TGCANAANNTNNGAGTAANATGATCT	0	0
4646	TGTACAANNTNNNNNCAANATGATCT	0	0
4646	TNNACAANNNNNNNNNTTCATGATCT	0	0
4646	TNNANAANNTCTCAATGANATGATCT	0	0
4646	TNNANANNNNNNNNCTTCAATGATCT	0	0
4646	TNNNNNNNNNNNNNNNNNNNTCAGCA	0	0
4646	TTCACANNNNNNNNNNNCAATGATCT	0	0
4646	TTGAAAAGATNNNNNNNNNATGATCT	0	0
4646	TTNANAANATCAGNNNNCAATGATCT	0	0
4646	TTNANAGGAACANNNNNNAATGATCT	0	0
4646	TTNANANNNNNNGGCTTCAATGATCT	0	0
4646	TTNANANNNNNNGGTGGTAATGATCT	0	0
4646	TTTCNNNNNNNNNNNNNNNNNGNACA	0	0
4648	G	0	0
4648	T	0	0
4651	CNNCAA	0	0
4651	TACTTA	0	0
4651	TACTTG	0	0
4651	TTTCAA	0	0
4653	AC	0	0
4653	AT	0	0
4653	GT	0	0
4655	A	0	0
4655	T	0	0
4656	AG	0	0
4656	CT	0	0
4657	CT	0	0
4657	TC	0	0
4657	TT	0	0
4664	CC	0	0
4664	GA	0	0
4664	GC	0	0
4665	CC	0	0
4665	CT	0	0
4665	TC	0	0
4665	TT	0	0
4673	GGG	0	0
4673	GGT	0	0
4673	GTN	0	0
4673	TGG	0	0
4673	TGN	0	0
4676	AACG	0	0
4676	TGAT	0	0
4678	GA	0	0
4678	GG	0	0
4678	TA	0	0
4682	A	0	0
4682	G	0	0
4686	C	0	0
4686	T	0	0
4687	A	0	0
4687	G	0	0
4688	A	0	0
4688	T	0	0
4689	A	0	0
4689	G	0	0
4690	C	0	0
4690	T	0	0
4691	A	0	0
4691	G	0	0
4692	ACTGTCCT	0	0
4692	GCTGTCCT	0	0
4692	GTCATCTC	0	0
4692	GTTACCCT	0	0
4692	GTTATTCT	0	0
4697	CA	0	0
4697	TA	0	0
4697	TG	0	0
4701	AC	0	0
4701	AT	0	0
4701	TC	0	0
4701	TT	0	0
4703	CA	0	0
4703	TG	0	0
4704	C	0	0
4704	T	0	0
4709	AGAAGGA	0	0
4709	AGATGAA	0	0
4709	AGCACTC	0	0
4709	GGATNAA	0	0
4709	TTCAGCA	0	0
4712	A	0	0
4712	G	0	0
4716	A	0	0
4716	T	0	0
4719	A	0	0
4719	T	0	0
4721	C	0	0
4721	T	0	0
4726	A	0	0
4726	G	0	0
4728	CG	0	0
4728	GA	0	0
4729	A	0	0
4729	G	0	0
4735	G	0	0
4735	T	0	0
4746	AAGAG	0	0
4746	AGATC	0	0
4746	TTCAC	0	0
4754	AC	0	0
4754	TT	0	0
4758	C	0	0
4758	T	0	0
4764	A	0	0
4764	G	0	0
4766	AA	0	0
4766	TT	0	0
4768	C	0	0
4768	T	0	0
4769	CAG	0	0
4769	CAT	0	0
4769	CCT	0	0
4769	TAG	0	0
4770	CT	0	0
4770	GG	0	0
4777	A	0	0
4777	T	0	0
4787	A	0	0
4787	T	0	0
4789	AAC	0	0
4789	ACT	0	0
4789	GCT	0	0
4795	AG	0	0
4795	AT	0	0
4795	GG	0	0
4795	GT	0	0
4795	NG	0	0
4801	GA	0	0
4801	TA	0	0
4801	TG	0	0
4803	A	0	0
4803	T	0	0
4808	C	0	0
4808	G	0	0
4817	ACAGGA	0	0
4817	GCAGGC	0	0
4817	GGAACA	0	0
4817	NTCGCA	0	0
4819	AT	0	0
4819	TA	0	0
4819	TT	0	0
4821	A	0	0
4821	G	0	0
4826	A	0	0
4826	G	0	0
4827	A	0	0
4827	G	0	0
4829	C	0	0
4829	T	0	0
4830	C	0	0
4830	G	0	0
4831	A	0	0
4831	G	0	0
4836	A	0	0
4836	G	0	0
4838	CC	0	0
4838	TA	0	0
4838	TC	0	0
4843	CAGG	0	0
4843	CGCA	0	0
4843	CGCG	0	0
4843	CGGG	0	0
4843	CGNG	0	0
4843	TGGG	0	0
4844	C	0	0
4844	T	0	0
4847	A	0	0
4847	T	0	0
4851	CA	0	0
4851	CG	0	0
4851	TA	0	0
4852	A	0	0
4852	G	0	0
4858	AGA	0	0
4858	TAC	0	0
4861	GAGA	0	0
4861	TCTC	0	0
4862	A	0	0
4862	C	0	0
4864	A	0	0
4864	T	0	0
4865	CAAAT	0	0
4865	CGAAT	0	0
4865	CGTTA	0	0
4865	TGAAT	0	0
4869	AG	0	0
4869	CT	0	0
4870	A	0	0
4870	G	0	0
4877	A	0	0
4877	G	0	0
4885	C	0	0
4885	T	0	0
4891	A	0	0
4891	T	0	0
4892	A	0	0
4892	G	0	0
4894	A	0	0
4894	G	0	0
4897	AC	0	0
4897	GA	0	0
4906	A	0	0
4906	G	0	0
4907	A	0	0
4907	G	0	0
4912	A	0	0
4912	N	0	0
4912	T	0	0
4913	A	0	0
4913	G	0	0
4915	GC	0	0
4915	GT	0	0
4915	TC	0	0
4916	AG	0	0
4916	CT	0	0
4929	CTG	0	0
4929	GCC	0	0
4931	C	0	0
4931	T	0	0
4938	AC	0	0
4938	GG	0	0
4949	A	0	0
4949	G	0	0
4950	CA	0	0
4950	TA	0	0
4950	TG	0	0
4951	AC	0	0
4951	CC	0	0
4951	CT	0	0
4953	CA	0	0
4953	CG	0	0
4953	TG	0	0
4954	CGA	0	0
4954	TAG	0	0
4959	CTTG	0	0
4959	GATA	0	0
4959	GTCA	0	0
4959	GTTA	0	0
4962	CGA	0	0
4962	CGG	0	0
4962	CTG	0	0
4962	GGA	0	0
4965	CCC	0	0
4965	CTC	0	0
4965	CTT	0	0
4965	GTC	0	0
4966	CC	0	0
4966	CG	0	0
4966	TG	0	0
4969	C	0	0
4969	T	0	0
4970	AA	0	0
4970	AN	0	0
4970	AT	0	0
4970	NN	0	0
4970	TA	0	0
4971	GC	0	0
4971	NG	0	0
4971	NN	0	0
4971	TC	0	0
4971	TG	0	0
4973	G	0	0
4973	T	0	0
4974	C	0	0
4974	T	0	0
4975	A	0	0
4975	G	0	0
4978	C	0	0
4978	T	0	0
4983	AT	0	0
4983	CG	0	0
4983	CT	0	0
4984	G	0	0
4984	T	0	0
4990	A	0	0
4990	C	0	0
4996	C	0	0
4996	G	0	0
5009	AA	0	0
5009	AT	0	0
5009	TT	0	0
5011	C	0	0
5011	T	0	0
5018	AAT	0	0
5018	ATT	0	0
5018	GTC	0	0
5023	A	0	0
5023	C	0	0
5027	GC	0	0
5027	TC	0	0
5027	TT	0	0
5029	A	0	0
5029	G	0	0
5031	A	0	0
5031	C	0	0
5035	CG	0	0
5035	TA	0	0
5036	C	0	0
5036	G	0	0
5041	CAGCAGACGGACTTAAAGGAGAGAAGTG	0	0
5041	CAGNNNNNNNNNNNNNNNNNNAGATGTG	0	0
5041	CANNACACTGACTTTAAGGAGAGAAGTG	0	0
5041	CANNNNNNNNNNNNNNNNNNNAGAANNG	0	0
5041	CANNNNNNNNNNNNNNNNNNNANTTGGG	0	0
5041	CATTAGACGGACTTCAAGGAGAGAAGTG	0	0
5041	CCTCCAACNGACTTNAAGGAGAGAAGTG	0	0
5041	CNGTACAAGGACTTNAAGGAGAGAAGTG	0	0
5041	CNNNNNNNNNNNNNNNNNNNNACTNGTG	0	0
5041	GTGNNGTCNGACTTAAAGGAGAGAAGTG	0	0
5041	NNNCANATGGACTTAAAGGAGAGAAGTG	0	0
5041	NNNNNCACAAGCTTTAAGGAGAGAAGTG	0	0
5041	NNNNNNACCGNNTTCAAGGAGAGAAGTG	0	0
5041	NNNNNNNCACGATGAAAGGAGAGAAGTG	0	0
5041	NNNNNNNCGAACTTAAAGGAGAGAAGTG	0	0
5041	NNNNNNNCGGANTNNAAGTTGAGAAGTG	0	0
5041	NNNNNNNCTCAATGAAAGGAGAGAAGTG	0	0
5041	NNNNNNNNCGACTNNAAGGAGAGAAGTG	0	0
5041	NNNNNNNNNCACTTNNNNNNNANNNNNG	0	0
5041	NNNNNNNNNNNNCTCAATGANAGAAGTG	0	0
5041	NNNNNNNNNNNNNCAATGGANANNNNNG	0	0
5041	NNNNNNNNNNNNNNNAAGGTGAGAAGTG	0	0
5041	NNNNNNNNNNNNNNNNNNGTGANNNGTG	0	0
5041	NNNNNNNNNNNNNNNNNNNACAGAGATG	0	0
5041	NNNNNNNNNNNNNNNNNNNCGTGANNTN	0	0
5041	NNNNNNNNNNNNNNNNNNNNGACAAGAG	0	0
5041	NNNNNNNNNNNNNNNNNNNNNCGTGANG	0	0
5041	NNNNNNNNNNNNNNNNNNNNNNGTGGTN	0	0
5041	NNNNNNNNNNNNNNNNNNNNNNNGAGTA	0	0
5041	NNNNNNNNNNNNNNNNNTTCAAGCAGTG	0	0
5041	NNNNNNNNNNNNNNNNTGGAAAGAAGTG	0	0
5041	NNNNNNNNNNNNNNNTATCAGAGAAGTG	0	0
5041	NNNNNNNNNNNNTCTAAGGNTAGAAGTG	0	0
5041	NNNNNNNNNNNNTNCAAGGAGAGAAGTG	0	0
5041	NNNNNNNNTGGCTTNNNNNNNAGCAGTG	0	0
5042	G	0	0
5042	T	0	0
5043	A	0	0
5043	C	0	0
5047	C	0	0
5047	T	0	0
5048	GG	0	0
5048	GT	0	0
5048	TT	0	0
5049	CA	0	0
5049	TA	0	0
5049	TG	0	0
5057	C	0	0
5057	T	0	0
5058	G	0	0
5058	T	0	0
5059	AC	0	0
5059	AT	0	0
5059	GC	0	0
5062	A	0	0
5062	C	0	0
5063	GAGG	0	0
5063	TGTT	0	0
5066	A	0	0
5066	G	0	0
5067	ATT	0	0
5067	GAA	0	0
5067	GTT	0	0
5072	C	0	0
5072	T	0	0
5076	GC	0	0
5076	TC	0	0
5076	TT	0	0
5079	G	0	0
5079	T	0	0
5081	AATNATTAT	0	0
5081	GAGCNNNAT	0	0
5081	GATACCCAT	0	0
5081	GATCCCCAT	0	0
5081	GATCNNNAT	0	0
5081	GATCNNNNN	0	0
5081	GATNNCNAT	0	0
5081	GATNNNNAT	0	0
5081	GATNNNNCG	0	0
5081	GATNNNNNN	0	0
5081	GGTCCCCAT	0	0
5081	NNTCCCCAT	0	0
5082	AC	0	0
5082	AT	0	0
5082	CT	0	0
5082	NT	0	0
5082	TT	0	0
5088	A	0	0
5088	C	0	0
5089	CTTC	0	0
5089	TGCT	0	0
5091	AAA	0	0
5091	CGA	0	0
5091	CGG	0	0
5095	CGGGG	0	0
5095	GAACG	0	0
5095	GAAGT	0	0
5096	G	0	0
5096	T	0	0
5097	A	0	0
5097	G	0	0
5101	AATT	0	0
5101	GGCC	0	0
5102	CNN	0	0
5102	TAT	0	0
5102	TNN	0	0
5102	TTG	0	0
5103	A	0	0
5103	G	0	0
5104	A	0	0
5104	G	0	0
5116	A	0	0
5116	G	0	0
5118	GCAG	0	0
5118	TCAG	0	0
5118	TCAT	0	0
5118	TCTG	0	0
5118	TTAG	0	0
5122	A	0	0
5122	G	0	0
5125	A	0	0
5125	C	0	0
5127	A	0	0
5127	C	0	0
5132	A	0	0
5132	T	0	0
5134	A	0	0
5134	C	0	0
5135	CGAT	0	0
5135	TACG	0	0
5137	AGAACAGTT	0	0
5137	AGAACGGTA	0	0
5137	AGAACGGTT	0	0
5137	AGAACGTTT	0	0
5137	AGAATGGCT	0	0
5137	AGAATGGTT	0	0
5137	AGAGCAGTT	0	0
5137	AGGACGGTT	0	0
5137	ATAACGGTT	0	0
5137	GGAACGGTT	0	0
5148	AA	0	0
5148	AC	0	0
5148	TC	0	0
5149	C	0	0
5149	G	0	0
5150	A	0	0
5150	G	0	0
5153	AG	0	0
5153	GA	0	0
5154	CG	0	0
5154	TA	0	0
5154	TG	0	0
5154	TN	0	0
5158	A	0	0
5158	T	0	0
5161	A	0	0
5161	C	0	0
5164	A	0	0
5164	T	0	0
5165	AAGC	0	0
5165	TGCT	0	0
5169	C	0	0
5169	T	0	0
5173	AC	0	0
5173	GT	0	0
5177	GCG	0	0
5177	GTA	0	0
5177	GTG	0	0
5177	TCG	0	0
5183	A	0	0
5183	G	0	0
5186	CC	0	0
5186	CG	0	0
5186	TC	0	0
5189	A	0	0
5189	C	0	0
5199	CA	0	0
5199	GG	0	0
5204	GG	0	0
5204	TC	0	0
5204	TG	0	0
5205	A	0	0
5205	G	0	0
5211	C	0	0
5211	G	0	0
5215	AA	0	0
5215	GA	0	0
5215	GG	0	0
5218	A	0	0
5218	G	0	0
5219	AACCGA	0	0
5219	AACTGA	0	0
5219	AATTGA	0	0
5219	GGCTAG	0	0
5223	AC	0	0
5223	AT	0	0
5223	GT	0	0
5226	CA	0	0
5226	CG	0	0
5226	TA	0	0
5233	CCT	0	0
5233	GTT	0	0
5233	NCT	0	0
5233	TTG	0	0
5233	TTT	0	0
5236	C	0	0
5236	T	0	0
5240	CGTGCTGAGC	0	0
5240	CGTGCTGTCT	0	0
5240	CGTGCTGTGC	0	0
5240	CGTGCTGTGT	0	0
5240	CGTGTCATGC	0	0
5240	CGTGTCGTGC	0	0
5240	CTTGCTGTGC	0	0
5240	TGGATCGTGC	0	0
5245	C	0	0
5245	T	0	0
5246	G	0	0
5246	T	0	0
5249	CCGGA	0	0
5249	CTGAA	0	0
5249	TCAGG	0	0
5252	G	0	0
5252	T	0	0
5253	ACC	0	0
5253	GTC	0	0
5253	GTT	0	0
5254	CCCA	0	0
5254	CGCA	0	0
5254	CGCC	0	0
5254	TGTA	0	0
5255	AA	0	0
5255	AC	0	0
5255	GC	0	0
5258	C	0	0
5258	G	0	0
5260	AGA	0	0
5260	AGG	0	0
5260	CAA	0	0
5260	CGA	0	0
5260	NAA	0	0
5261	AG	0	0
5261	AT	0	0
5261	GG	0	0
5265	AGT	0	0
5265	ANA	0	0
5265	ANT	0	0
5265	GAN	0	0
5265	GAT	0	0
5265	GNN	0	0
5266	AT	0	0
5266	GC	0	0
5269	A	0	0
5269	C	0	0
5270	A	0	0
5270	G	0	0
5275	AT	0	0
5275	CC	0	0
5275	CT	0	0
5285	A	0	0
5285	T	0	0
5287	GAAGGCCG	0	0
5287	GCAGGCCA	0	0
5287	GCAGGCCG	0	0
5287	GCAGGCGG	0	0
5287	GCAGGTCG	0	0
5287	GCATGCCG	0	0
5287	GCCGACCG	0	0
5287	GCCGGCCG	0	0
5287	TCCGGCCG	0	0
5291	AC	0	0
5291	AT	0	0
5291	GC	0	0
5293	A	0	0
5293	G	0	0
5298	CA	0	0
5298	TA	0	0
5298	TT	0	0
5299	A	0	0
5299	G	0	0
5302	A	0	0
5302	G	0	0
5302	N	0	0
5303	C	0	0
5303	T	0	0
5304	G	0	0
5304	T	0	0
5308	GTCAT	0	0
5308	TGCCC	0	0
5308	TGTCC	0	0
5313	AAT	0	0
5313	AGT	0	0
5313	GAC	0	0
5313	GAT	0	0
5315	ACC	0	0
5315	ACT	0	0
5315	ATC	0	0
5315	GCC	0	0
5318	AATCGTA	0	0
5318	AATCGTG	0	0
5318	GGAGGTA	0	0
5318	GNNNGTA	0	0
5318	NNNNGCA	0	0
5318	NNNNGTA	0	0
5318	NNNNTTA	0	0
5319	A	0	0
5319	G	0	0
5326	C	0	0
5326	T	0	0
5327	A	0	0
5327	G	0	0
5330	CTG	0	0
5330	GAG	0	0
5330	GTG	0	0
5330	GTT	0	0
5331	G	0	0
5331	N	0	0
5331	T	0	0
5340	AA	0	0
5340	CC	0	0
5343	AA	0	0
5343	CG	0	0
5350	GAC	0	0
5350	GTC	0	0
5350	GTT	0	0
5350	TTC	0	0
5354	C	0	0
5354	G	0	0
5358	GCC	0	0
5358	GCT	0	0
5358	GTC	0	0
5358	TCC	0	0
5362	GCACG	0	0
5362	GCATA	0	0
5362	GCGCG	0	0
5362	GCGNN	0	0
5362	TTGCG	0	0
5366	AA	0	0
5366	CG	0	0
5367	G	0	0
5367	T	0	0
5370	C	0	0
5370	T	0	0
5376	GAACA	0	0
5376	TTTGA	0	0
5376	TTTGG	0	0
5378	CGCA	0	0
5378	CGCC	0	0
5378	CGTC	0	0
5378	TACC	0	0
5381	AA	0	0
5381	AT	0	0
5381	TA	0	0
5383	AA	0	0
5383	GA	0	0
5383	GT	0	0
5383	NT	0	0
5384	A	0	0
5384	C	0	0
5386	AAT	0	0
5386	ATT	0	0
5386	TAT	0	0
5386	TTC	0	0
5386	TTT	0	0
5388	AG	0	0
5388	AT	0	0
5388	GG	0	0
5389	A	0	0
5389	G	0	0
5395	A	0	0
5395	C	0	0
5396	ACG	0	0
5396	TCA	0	0
5396	TTG	0	0
5397	CT	0	0
5397	NC	0	0
5397	TC	0	0
5398	A	0	0
5398	G	0	0
5400	A	0	0
5400	G	0	0
5408	CC	0	0
5408	CT	0	0
5408	NC	0	0
5408	TC	0	0
5411	A	0	0
5411	G	0	0
5414	CC	0	0
5414	TT	0	0
5416	G	0	0
5416	T	0	0
5421	AA	0	0
5421	TT	0	0
5422	C	0	0
5422	T	0	0
5423	A	0	0
5423	C	0	0
5424	AA	0	0
5424	AG	0	0
5424	GA	0	0
5425	CA	0	0
5425	CG	0	0
5425	GG	0	0
5426	C	0	0
5426	T	0	0
5434	CGT	0	0
5434	GAG	0	0
5441	AGGA	0	0
5441	GAGA	0	0
5441	GGGA	0	0
5441	GGGG	0	0
5441	NGAA	0	0
5442	A	0	0
5442	G	0	0
5445	GA	0	0
5445	GT	0	0
5445	NA	0	0
5445	NN	0	0
5445	TA	0	0
5446	G	0	0
5446	T	0	0
5447	AA	0	0
5447	TA	0	0
5447	TT	0	0
5448	C	0	0
5448	T	0	0
5450	A	0	0
5450	G	0	0
5451	GCGCCCG	0	0
5451	GTGCCCA	0	0
5451	GTTCCCA	0	0
5451	TCGTTTG	0	0
5453	CTTTCCG	0	0
5453	GAATCCG	0	0
5453	GAATTCG	0	0
5453	GANTCCG	0	0
5453	GATCCTG	0	0
5453	GATTCCA	0	0
5453	GATTCCG	0	0
5453	GATTCCN	0	0
5453	GCACATC	0	0
5453	GCATACC	0	0
5454	C	0	0
5454	T	0	0
5459	A	0	0
5459	G	0	0
5461	C	0	0
5461	T	0	0
5465	C	0	0
5465	G	0	0
5469	A	0	0
5469	G	0	0
5472	A	0	0
5472	C	0	0
5473	A	0	0
5473	G	0	0
5474	A	0	0
5474	G	0	0
5477	AT	0	0
5477	CC	0	0
5477	CT	0	0
5485	CC	0	0
5485	CT	0	0
5485	TC	0	0
5487	G	0	0
5487	T	0	0
5488	AT	0	0
5488	TC	0	0
5488	TT	0	0
5496	A	0	0
5496	T	0	0
5499	AA	0	0
5499	CA	0	0
5499	CG	0	0
5502	G	0	0
5502	T	0	0
5503	A	0	0
5503	G	0	0
5504	A	0	0
5504	C	0	0
5507	ATT	0	0
5507	CCT	0	0
5507	CTC	0	0
5507	CTT	0	0
5508	C	0	0
5508	G	0	0
5509	CACA	0	0
5509	CGAA	0	0
5509	CGCA	0	0
5509	CGCG	0	0
5509	TGCA	0	0
5510	A	0	0
5510	G	0	0
5513	A	0	0
5513	C	0	0
5518	C	0	0
5518	T	0	0
5521	A	0	0
5521	G	0	0
5522	A	0	0
5522	T	0	0
5527	GCAAC	0	0
5527	GCAAN	0	0
5527	GCANN	0	0
5527	GCCGC	0	0
5527	GCCGT	0	0
5527	NACGT	0	0
5527	NCAAC	0	0
5527	TCANN	0	0
5529	A	0	0
5529	T	0	0
5532	C	0	0
5532	G	0	0
5533	CAA	0	0
5533	TAA	0	0
5533	TAG	0	0
5533	TTA	0	0
5534	AA	0	0
5534	AG	0	0
5534	GG	0	0
5535	A	0	0
5535	G	0	0
5540	AA	0	0
5540	CA	0	0
5540	CG	0	0
5542	A	0	0
5542	G	0	0
5544	AT	0	0
5544	TG	0	0
5548	AT	0	0
5548	CC	0	0
5548	CT	0	0
5549	A	0	0
5549	T	0	0
5552	AT	0	0
5552	GC	0	0
5558	CTGGGAC	0	0
5558	GAAAGGA	0	0
5558	GAGGAAC	0	0
5558	GAGGGAC	0	0
5558	GTGAGGA	0	0
5560	A	0	0
5560	C	0	0
5561	A	0	0
5561	G	0	0
5563	A	0	0
5563	T	0	0
5565	GTG	0	0
5565	TAG	0	0
5565	TTA	0	0
5565	TTG	0	0
5573	A	0	0
5573	C	0	0
5574	AATNC	0	0
5574	GATAA	0	0
5574	TTGTA	0	0
5575	AT	0	0
5575	TC	0	0
5576	AAAGA	0	0
5576	CAGAG	0	0
5576	CCACC	0	0
5579	A	0	0
5579	C	0	0
5580	A	0	0
5580	G	0	0
5585	C	0	0
5585	G	0	0
5587	CCCAATC	0	0
5587	CCCACTC	0	0
5587	CNNNNTC	0	0
5587	NCCACGG	0	0
5587	NNCACGG	0	0
5587	NNNNNGG	0	0
5587	NNNNNTC	0	0
5587	NNTCATC	0	0
5587	TATCATC	0	0
5588	AT	0	0
5588	TA	0	0
5589	GCCTTT	0	0
5589	GCGAAA	0	0
5589	GCGAAT	0	0
5589	GCGATT	0	0
5589	GCGTTA	0	0
5589	GCGTTT	0	0
5589	GTGAAT	0	0
5589	TCGTTA	0	0
5590	C	0	0
5590	T	0	0
5591	C	0	0
5591	T	0	0
5592	AC	0	0
5592	AN	0	0
5592	GA	0	0
5597	C	0	0
5597	T	0	0
5601	GC	0	0
5601	GG	0	0
5601	TG	0	0
5603	ACCTGC	0	0
5603	ACCTGT	0	0
5603	TCTCAC	0	0
5603	TCTCGC	0	0
5603	TTTCGC	0	0
5604	A	0	0
5604	T	0	0
5606	C	0	0
5606	T	0	0
5609	AT	0	0
5609	TC	0	0
5609	TT	0	0
5615	GAT	0	0
5615	TAT	0	0
5615	TGC	0	0
5617	A	0	0
5617	G	0	0
5619	C	0	0
5619	T	0	0
5623	CG	0	0
5623	GC	0	0
5623	GG	0	0
5628	C	0	0
5628	T	0	0
5629	AC	0	0
5629	GG	0	0
5629	NC	0	0
5632	C	0	0
5632	G	0	0
5634	A	0	0
5634	G	0	0
5635	AATN	0	0
5635	GAAG	0	0
5635	GAAT	0	0
5635	GATN	0	0
5635	GTAG	0	0
5635	GTGN	0	0
5636	A	0	0
5636	T	0	0
5637	A	0	0
5637	T	0	0
5638	C	0	0
5638	T	0	0
5640	A	0	0
5640	G	0	0
5652	A	0	0
5652	G	0	0
5659	AA	0	0
5659	GC	0	0
5660	A	0	0
5660	G	0	0
5663	A	0	0
5663	G	0	0
5664	A	0	0
5664	G	0	0
5670	A	0	0
5670	G	0	0
5683	CCAACC	0	0
5683	CGTGCC	0	0
5683	CGTGGG	0	0
5683	GGTGGC	0	0
5687	G	0	0
5687	T	0	0
5692	CA	0	0
5692	CG	0	0
5692	CN	0	0
5692	TA	0	0
5694	AC	0	0
5694	TT	0	0
5696	AG	0	0
5696	GA	0	0
5696	GG	0	0
5697	A	0	0
5697	T	0	0
5699	C	0	0
5699	T	0	0
5700	A	0	0
5700	C	0	0
5701	C	0	0
5701	T	0	0
5704	A	0	0
5704	C	0	0
5706	AA	0	0
5706	TA	0	0
5706	TC	0	0
5707	G	0	0
5707	N	0	0
5707	T	0	0
5711	AATTT	0	0
5711	GGGGC	0	0
5711	GGGGT	0	0
5713	CAA	0	0
5713	CGG	0	0
5713	TAA	0	0
5716	CGAC	0	0
5716	TTCT	0	0
5718	ACG	0	0
5718	ACT	0	0
5718	ATG	0	0
5718	GCG	0	0
5719	AGCTT	0	0
5719	ATGAC	0	0
5719	GGCTC	0	0
5727	AAGG	0	0
5727	CGCC	0	0
5728	A	0	0
5728	C	0	0
5734	A	0	0
5734	G	0	0
5735	CT	0	0
5735	TG	0	0
5738	CA	0	0
5738	CG	0	0
5738	TG	0	0
5745	A	0	0
5745	T	0	0
5746	G	0	0
5746	T	0	0
5754	AAC	0	0
5754	GGT	0	0
5759	AG	0	0
5759	GA	0	0
5763	CTG	0	0
5763	TCA	0	0
5763	TCG	0	0
5764	A	0	0
5764	G	0	0
5765	C	0	0
5765	T	0	0
5770	AAT	0	0
5770	CGA	0	0
5774	C	0	0
5774	G	0	0
5775	C	0	0
5775	T	0	0
5776	C	0	0
5776	G	0	0
5778	C	0	0
5778	T	0	0
5780	AGCTTC	0	0
5780	GATTTC	0	0
5780	GGTCCA	0	0
5780	GGTTCA	0	0
5782	CCC	0	0
5782	CCT	0	0
5782	TTT	0	0
5786	C	0	0
5786	T	0	0
5789	ACNNNNNNNNNNGNCNNCAGAAA	0	0
5789	CANNNNNNNNNNNNNNNCCACAA	0	0
5789	CNNNNNNAGATCGNCNNNNNTGA	0	0
5789	CTAGCACNGNNCGTCGTCTGACA	0	0
5789	CTAGNNNNGNNNGNCGTCTGACA	0	0
5789	CTAGTACAGAGCGTCGTCTGAAA	0	0
5789	CTAGTACAGAGNGNCGTCTGANA	0	0
5789	CTAGTACAGCAGGACGTCTGAAA	0	0
5789	CTAGTACAGGCAGGCGTCTGAAA	0	0
5789	CTAGTACCGACTGGCGTCTGATA	0	0
5789	CTAGTACGGCTCGGCGTCTGAAA	0	0
5789	CTAGTACTGATGGCCGTCTGAAA	0	0
5789	CTAGTAGAGGTCGACGTCTGAAA	0	0
5789	CTAGTGGTGNNNGCCGTCTGAAA	0	0
5789	CTAGTNNNGATCGTCGTCTGAGA	0	0
5789	CTAGTNTGGCCTGACGTCTGAAA	0	0
5789	CTANTNGAGACTGTCGTCTGAAA	0	0
5789	CTATTNNNGGAGGGCGTCTGAAA	0	0
5789	CTGGNNNNGNATGTCGTCTGACA	0	0
5789	CTGGNNNNGNATGTCGTCTGACG	0	0
5789	CTNNNNCAGANNGTCGTCTGAAA	0	0
5789	GTNNNNNNGAGCGTCGTCAGAAA	0	0
5789	NNNNNNNNNAGTGGCNNNNTCAA	0	0
5789	NNNNNNNNNNNCAGCGTNNNTAA	0	0
5789	NNNNNNNNNNNCCGAGTNNNNAA	0	0
5789	NNNNNNNNNNNNGACAGCAGAAA	0	0
5789	NNNNNNNNNNNNGACATNTGGCA	0	0
5789	NNNNNNNNNNNNNGNNGCTGAAA	0	0
5789	NNNNNNNNNNNNNNCGAACTTAA	0	0
5789	NTNNNNNNNNAAGACGNNGGAAA	0	0
5789	NTNNNNNNNNAAGCCGNAGGAAA	0	0
5789	NTNNNNNNNNNAGACAACCGAAA	0	0
5789	NTNNNNNNNNNAGACGTGAGATA	0	0
5789	NTNNNNNNNNTCGNCGTCTGAAA	0	0
5789	NTNNNNNNTGGTGGCGTCTGAAA	0	0
5789	NTNNNNNTGAAGGACGTCNGAAA	0	0
5789	NTNNNNNTGATCGACGTCCGAAA	0	0
5789	NTNNNNNTGNGCGTCTTCCGAAA	0	0
5789	TTNNNNNNNNNCGACGTCCGAAA	0	0
5790	CTGCGG	0	0
5790	TCACAA	0	0
5790	TCACGA	0	0
5790	TCATGA	0	0
5805	CA	0	0
5805	GG	0	0
5809	ACT	0	0
5809	ATC	0	0
5809	GTC	0	0
5812	CAAGTGT	0	0
5812	GAGACTT	0	0
5812	GAGGTGC	0	0
5812	GGGGTGT	0	0
5816	AA	0	0
5816	GG	0	0
5818	AT	0	0
5818	GC	0	0
5818	GT	0	0
5819	CAG	0	0
5819	TAG	0	0
5819	TCA	0	0
5822	C	0	0
5822	G	0	0
5824	CCAC	0	0
5824	CCGC	0	0
5824	TGAA	0	0
5825	ACGG	0	0
5825	ATGA	0	0
5825	GTAG	0	0
5830	AG	0	0
5830	GC	0	0
5830	GG	0	0
5832	C	0	0
5832	G	0	0
5833	CGGCA	0	0
5833	TAGCA	0	0
5833	TGGCA	0	0
5833	TGGCG	0	0
5833	TGGTG	0	0
5833	TGTCA	0	0
5845	CCAC	0	0
5845	TTGG	0	0
5853	C	0	0
5853	T	0	0
5855	ATCTT	0	0
5855	ATTTT	0	0
5855	GCTCG	0	0
5856	A	0	0
5856	G	0	0
5860	A	0	0
5860	C	0	0
5862	A	0	0
5862	G	0	0
5862	N	0	0
5864	C	0	0
5864	T	0	0
5866	ATA	0	0
5866	GCG	0	0
5869	CG	0	0
5869	TA	0	0
5869	TG	0	0
5871	A	0	0
5871	G	0	0
5875	AA	0	0
5875	TG	0	0
5877	AAG	0	0
5877	GGG	0	0
5877	GGT	0	0
5882	AG	0	0
5882	GA	0	0
5886	ACG	0	0
5886	TTA	0	0
5894	GA	0	0
5894	GG	0	0
5894	TG	0	0
5895	A	0	0
5895	C	0	0
5896	A	0	0
5896	C	0	0
5898	CA	0	0
5898	CG	0	0
5898	TG	0	0
5900	CGG	0	0
5900	TAC	0	0
5904	G	0	0
5904	T	0	0
5907	ACAA	0	0
5907	ATGG	0	0
5907	GCAG	0	0
5908	C	0	0
5908	T	0	0
5909	G	0	0
5909	T	0	0
5911	A	0	0
5911	G	0	0
5917	AA	0	0
5917	GA	0	0
5917	GG	0	0
5940	AG	0	0
5940	GA	0	0
5940	GG	0	0
5945	A	0	0
5945	C	0	0
5949	CAAC	0	0
5949	CAGT	0	0
5949	GTAC	0	0
5950	CCAG	0	0
5950	GTCA	0	0
5953	CGCAGC	0	0
5953	CGGGTT	0	0
5953	TCGGTT	0	0
5957	CA	0	0
5957	CG	0	0
5957	TA	0	0
5963	ATGTC	0	0
5963	GGAGT	0	0
5963	GGATT	0	0
5969	CAA	0	0
5969	CGG	0	0
5969	TAG	0	0
5981	A	0	0
5981	G	0	0
5983	ACA	0	0
5983	CGG	0	0
5986	A	0	0
5986	G	0	0
5989	CAG	0	0
5989	TAG	0	0
5989	TGA	0	0
5989	TGG	0	0
5990	CCGC	0	0
5990	CCTC	0	0
5990	TTTC	0	0
5990	TTTT	0	0
5991	AG	0	0
5991	GA	0	0
5991	GG	0	0
5993	A	0	0
5993	G	0	0
5996	A	0	0
5996	G	0	0
5998	AC	0	0
5998	GG	0	0
6006	AA	0	0
6006	CG	0	0
6016	C	0	0
6016	T	0	0
6017	AGCT	0	0
6017	CACT	0	0
6017	CGCA	0	0
6017	CGCT	0	0
6017	CGTA	0	0
6025	ACT	0	0
6025	GTG	0	0
6027	AG	0	0
6027	GA	0	0
6027	GG	0	0
6029	A	0	0
6029	T	0	0
6030	A	0	0
6030	G	0	0
6030	N	0	0
6038	AA	0	0
6038	AG	0	0
6038	GA	0	0
6040	C	0	0
6040	G	0	0
6042	CGA	0	0
6042	GAG	0	0
6043	A	0	0
6043	G	0	0
6047	CCT	0	0
6047	TCC	0	0
6047	TCT	0	0
6047	TTC	0	0
6052	AC	0	0
6052	CG	0	0
6059	C	0	0
6059	T	0	0
6064	C	0	0
6064	T	0	0
6067	AAA	0	0
6067	AAN	0	0
6067	ACA	0	0
6067	ACG	0	0
6067	ACN	0	0
6067	CCA	0	0
6069	AA	0	0
6069	CT	0	0
6070	A	0	0
6070	G	0	0
6073	A	0	0
6073	N	0	0
6073	T	0	0
6074	AC	0	0
6074	GG	0	0
6078	AA	0	0
6078	GT	0	0
6079	CAAG	0	0
6079	CAGA	0	0
6079	CGGA	0	0
6079	TAGA	0	0
6087	ATG	0	0
6087	CCG	0	0
6087	CTC	0	0
6087	CTG	0	0
6088	A	0	0
6088	T	0	0
6091	C	0	0
6091	T	0	0
6093	ACCGG	0	0
6093	GCAGG	0	0
6093	GCCGA	0	0
6093	GCCGG	0	0
6093	GCCTG	0	0
6093	GTCGA	0	0
6097	CG	0	0
6097	TA	0	0
6098	A	0	0
6098	G	0	0
6099	ACG	0	0
6099	CTA	0	0
6104	CGCAG	0	0
6104	CTGGA	0	0
6104	TGCTA	0	0
6106	AA	0	0
6106	AG	0	0
6106	GA	0	0
6107	CGT	0	0
6107	CTC	0	0
6107	CTT	0	0
6107	GTT	0	0
6111	CT	0	0
6111	GC	0	0
6114	C	0	0
6114	T	0	0
6117	AC	0	0
6117	AT	0	0
6117	GC	0	0
6121	AG	0	0
6121	GT	0	0
6123	ATCGCT	0	0
6123	ATTGCT	0	0
6123	GCCGTC	0	0
6123	GTCACT	0	0
6124	CCG	0	0
6124	TTA	0	0
6127	AAC	0	0
6127	AAT	0	0
6127	GGT	0	0
6130	CTGA	0	0
6130	CTTG	0	0
6130	TCTG	0	0
6132	CAGT	0	0
6132	CGAT	0	0
6132	TGGC	0	0
6137	C	0	0
6137	T	0	0
6142	CCGCA	0	0
6142	TCGCA	0	0
6142	TCTTG	0	0
6142	TTGCA	0	0
6147	CACC	0	0
6147	CACT	0	0
6147	TTTC	0	0
6150	AAGC	0	0
6150	AAGT	0	0
6150	GGTT	0	0
6152	ATAA	0	0
6152	TCGG	0	0
6161	CATA	0	0
6161	TGCG	0	0
6162	AA	0	0
6162	GG	0	0
6166	CT	0	0
6166	TC	0	0
6167	C	0	0
6167	T	0	0
6168	C	0	0
6168	T	0	0
6175	AA	0	0
6175	GG	0	0
6178	AA	0	0
6178	AG	0	0
6178	GG	0	0
6181	GC	0	0
6181	TG	0	0
6182	A	0	0
6182	G	0	0
6188	A	0	0
6188	G	0	0
6189	C	0	0
6189	G	0	0
6194	A	0	0
6194	C	0	0
6196	CAA	0	0
6196	CGC	0	0
6196	TAA	0	0
6197	CG	0	0
6197	TG	0	0
6197	TT	0	0
6198	C	0	0
6198	T	0	0
6199	A	0	0
6199	G	0	0
6201	CG	0	0
6201	TT	0	0
6203	AC	0	0
6203	GT	0	0
6205	A	0	0
6205	T	0	0
6206	CAAG	0	0
6206	CGGA	0	0
6206	CGGG	0	0
6206	TGAG	0	0
6207	CA	0	0
6207	TC	0	0
6214	CG	0	0
6214	TT	0	0
6219	AGG	0	0
6219	AGT	0	0
6219	GTT	0	0
6220	CCTGCTA	0	0
6220	CCTGTCA	0	0
6220	CTCGTCA	0	0
6220	CTCTTCA	0	0
6220	GCTGTCG	0	0
6224	CT	0	0
6224	GA	0	0
6225	ATAC	0	0
6225	TGGT	0	0
6228	CGC	0	0
6228	TAT	0	0
6240	ACT	0	0
6240	GAT	0	0
6240	GCG	0	0
6240	GCT	0	0
6242	C	0	0
6242	G	0	0
6245	CCTGGC	0	0
6245	CCTGGT	0	0
6245	CCTGTT	0	0
6245	TACAGT	0	0
6252	A	0	0
6252	G	0	0
6256	CA	0	0
6256	CG	0	0
6256	TG	0	0
6257	AC	0	0
6257	AT	0	0
6257	GC	0	0
6260	CC	0	0
6260	CT	0	0
6260	TC	0	0
6262	C	0	0
6262	T	0	0
6263	ATAC	0	0
6263	CCAT	0	0
6263	CCGC	0	0
6264	A	0	0
6264	G	0	0
6266	GATCC	0	0
6266	TACTC	0	0
6266	TCCCT	0	0
6268	AGGGGG	0	0
6268	TCATTA	0	0
6268	TCGATG	0	0
6269	A	0	0
6269	C	0	0
6271	CC	0	0
6271	GT	0	0
6278	C	0	0
6278	T	0	0
6280	AAG	0	0
6280	GGA	0	0
6280	GGG	0	0
6282	CG	0	0
6282	GA	0	0
6284	AA	0	0
6284	CA	0	0
6284	CG	0	0
6288	A	0	0
6288	N	0	0
6288	T	0	0
6295	A	0	0
6295	G	0	0
6298	CA	0	0
6298	TG	0	0
6305	CGC	0	0
6305	TAA	0	0
6305	TGC	0	0
6310	ATGAG	0	0
6310	GCACA	0	0
6310	GTGAG	0	0
6312	CG	0	0
6312	TA	0	0
6314	AT	0	0
6314	GC	0	0
6315	CA	0	0
6315	CC	0	0
6315	TC	0	0
6317	C	0	0
6317	T	0	0
6321	CC	0	0
6321	GG	0	0
6336	A	0	0
6336	G	0	0
6343	ACC	0	0
6343	GCG	0	0
6343	GTG	0	0
6355	C	0	0
6355	T	0	0
6356	C	0	0
6356	T	0	0
6357	AAGG	0	0
6357	AGGG	0	0
6357	AGTA	0	0
6357	CGGG	0	0
6361	ACTTCT	0	0
6361	GATTCT	0	0
6361	GCAGAC	0	0
6361	GCTTCT	0	0
6363	C	0	0
6363	T	0	0
6367	C	0	0
6367	G	0	0
6371	A	0	0
6371	G	0	0
6374	C	0	0
6374	T	0	0
6382	A	0	0
6382	C	0	0
6384	CAA	0	0
6384	TGG	0	0
6385	A	0	0
6385	C	0	0
6387	G	0	0
6387	T	0	0
6395	CCCTG	0	0
6395	TCCCA	0	0
6395	TTTCA	0	0
6401	C	0	0
6401	T	0	0
6403	ATCGA	0	0
6403	ATTGA	0	0
6403	GACAG	0	0
6405	AAT	0	0
6405	TAC	0	0
6405	TGC	0	0
6410	AG	0	0
6410	GA	0	0
6410	GG	0	0
6412	AAAG	0	0
6412	GGGA	0	0
6421	C	0	0
6421	T	0	0
6427	CTC	0	0
6427	TCT	0	0
6431	AG	0	0
6431	CT	0	0
6436	AGAC	0	0
6436	CAGG	0	0
6436	CGAC	0	0
6438	C	0	0
6438	T	0	0
6439	CCAGG	0	0
6439	CCGTC	0	0
6439	TCGTC	0	0
6439	TCGTG	0	0
6439	TTGTG	0	0
6442	C	0	0
6442	T	0	0
6448	GGG	0	0
6448	TAC	0	0
6453	AGG	0	0
6453	CTA	0	0
6454	A	0	0
6454	G	0	0
6458	G	0	0
6458	T	0	0
6459	A	0	0
6459	G	0	0
6460	C	0	0
6460	T	0	0
6467	CACTAC	0	0
6467	CATTAC	0	0
6467	CATTGC	0	0
6467	CGCCAT	0	0
6467	TATTAC	0	0
6468	CA	0	0
6468	CT	0	0
6468	GT	0	0
6471	C	0	0
6471	T	0	0
6473	CCG	0	0
6473	GGA	0	0
6475	C	0	0
6475	T	0	0
6477	ACT	0	0
6477	GGC	0	0
6484	AT	0	0
6484	CG	0	0
6484	CT	0	0
6485	CAATTA	0	0
6485	CGCTCA	0	0
6485	CGCTCG	0	0
6485	GGACTA	0	0
6487	AACCA	0	0
6487	AGTTG	0	0
6487	CACCA	0	0
6491	CCTC	0	0
6491	CTTC	0	0
6491	TCGG	0	0
6491	TCTC	0	0
6495	CCCC	0	0
6495	CCCT	0	0
6495	CCTC	0	0
6495	CTCC	0	0
6495	TCCT	0	0
6499	CT	0	0
6499	TA	0	0
6499	TT	0	0
6501	AT	0	0
6501	GA	0	0
6502	C	0	0
6502	T	0	0
6503	AAT	0	0
6503	AGT	0	0
6503	GGC	0	0
6512	C	0	0
6512	T	0	0
6513	AACA	0	0
6513	CGTT	0	0
6514	AAACGCA	0	0
6514	GCACATC	0	0
6514	GCACGCC	0	0
6514	GCGAGCA	0	0
6515	C	0	0
6515	T	0	0
6522	CCAAG	0	0
6522	CTAAG	0	0
6522	CTGCA	0	0
6522	TTAAG	0	0
6526	ATAA	0	0
6526	CCGC	0	0
6526	CTGC	0	0
6527	GCTC	0	0
6527	TATT	0	0
6527	TCCC	0	0
6530	CC	0	0
6530	CT	0	0
6530	TC	0	0
6531	C	0	0
6531	T	0	0
6532	AG	0	0
6532	GT	0	0
6535	ACG	0	0
6535	ATG	0	0
6535	GCC	0	0
6539	A	0	0
6539	C	0	0
6540	GC	0	0
6540	TT	0	0
6548	AG	0	0
6548	GA	0	0
6548	GG	0	0
6553	ACC	0	0
6553	GTG	0	0
6554	C	0	0
6554	T	0	0
6555	AGTT	0	0
6555	CCTT	0	0
6555	CTAC	0	0
6557	GCA	0	0
6557	GCG	0	0
6557	TGG	0	0
6562	AT	0	0
6562	GC	0	0
6569	CC	0	0
6569	TC	0	0
6569	TT	0	0
6573	A	0	0
6573	G	0	0
6581	A	0	0
6581	G	0	0
6584	ACCTCATC	0	0
6584	ACCTCGTC	0	0
6584	ATCCCGTC	0	0
6584	ATCTCGTC	0	0
6584	GCCTGGGT	0	0
6584	GCTTGGGT	0	0
6586	CACA	0	0
6586	CACG	0	0
6586	TCTA	0	0
6590	A	0	0
6590	G	0	0
6594	CCAA	0	0
6594	TTGT	0	0
6595	CG	0	0
6595	TA	0	0
6597	C	0	0
6597	T	0	0
6598	ACT	0	0
6598	ATT	0	0
6598	GCC	0	0
6600	CGGGAG	0	0
6600	TAACAA	0	0
6600	TAAGAG	0	0
6600	TAAGGG	0	0
6601	CA	0	0
6601	TG	0	0
6607	CA	0	0
6607	TG	0	0
6610	C	0	0
6610	T	0	0
6613	C	0	0
6613	T	0	0
6616	A	0	0
6616	C	0	0
6618	CC	0	0
6618	TC	0	0
6618	TT	0	0
6623	A	0	0
6623	T	0	0
6625	AG	0	0
6625	GG	0	0
6625	GT	0	0
6626	ATAGAGA	0	0
6626	CGCGGGA	0	0
6626	CTCGATG	0	0
6626	CTCTATG	0	0
6628	AA	0	0
6628	AC	0	0
6628	GC	0	0
6629	AGGG	0	0
6629	AGGT	0	0
6629	GAAG	0	0
6646	A	0	0
6646	G	0	0
6649	A	0	0
6649	T	0	0
6650	AC	0	0
6650	GT	0	0
6651	A	0	0
6651	G	0	0
6656	AA	0	0
6656	AC	0	0
6656	GC	0	0
6657	AGC	0	0
6657	CAG	0	0
6664	CCG	0	0
6664	TTA	0	0
6665	AGAT	0	0
6665	GACG	0	0
6668	AGA	0	0
6668	GCA	0	0
6668	GTG	0	0
6669	CA	0	0
6669	TG	0	0
6671	C	0	0
6671	T	0	0
6672	CCATC	0	0
6672	CCGCT	0	0
6672	CTGCT	0	0
6672	TCGCT	0	0
6674	C	0	0
6674	G	0	0
6677	AAAA	0	0
6677	ACGC	0	0
6677	GCAA	0	0
6685	ATTT	0	0
6685	TCCG	0	0
6687	AA	0	0
6687	AN	0	0
6687	AT	0	0
6687	TA	0	0
6688	AGG	0	0
6688	ATA	0	0
6688	GTA	0	0
6691	GGAG	0	0
6691	TAGC	0	0
6693	A	0	0
6693	C	0	0
6700	G	0	0
6700	T	0	0
6701	CGC	0	0
6701	GCT	0	0
6702	ACA	0	0
6702	CCA	0	0
6702	CCG	0	0
6702	CTA	0	0
6704	C	0	0
6704	G	0	0
6707	AGGCCCTA	0	0
6707	AGGGCCGG	0	0
6707	CCGCTCTA	0	0
6707	CGCCCCTA	0	0
6707	CGGCCTTA	0	0
6711	A	0	0
6711	G	0	0
6713	AT	0	0
6713	GC	0	0
6717	CC	0	0
6717	TC	0	0
6717	TG	0	0
6718	CTCT	0	0
6718	GCTC	0	0
6720	AGAC	0	0
6720	ATAC	0	0
6720	ATAT	0	0
6720	ATTT	0	0
6720	GTTT	0	0
6725	A	0	0
6725	G	0	0
6726	A	0	0
6726	C	0	0
6728	CCAG	0	0
6728	GTGA	0	0
6733	CAT	0	0
6733	TAT	0	0
6733	TTC	0	0
6734	C	0	0
6734	T	0	0
6736	C	0	0
6736	T	0	0
6742	CCC	0	0
6742	CCT	0	0
6742	CTC	0	0
6742	TCC	0	0
6746	C	0	0
6746	G	0	0
6748	A	0	0
6748	G	0	0
6749	ATGT	0	0
6749	ATTT	0	0
6749	TCGG	0	0
6749	TCGT	0	0
6750	AG	0	0
6750	GG	0	0
6750	GT	0	0
6753	ACC	0	0
6753	GTT	0	0
6754	ACA	0	0
6754	TAA	0	0
6754	TCA	0	0
6754	TCG	0	0
6764	A	0	0
6764	G	0	0
6766	A	0	0
6766	G	0	0
6767	CAC	0	0
6767	CGC	0	0
6767	GGC	0	0
6767	GGG	0	0
6769	AA	0	0
6769	GA	0	0
6769	GG	0	0
6773	CCCCATC	0	0
6773	CTTCATC	0	0
6773	CTTCGCA	0	0
6773	CTTCGCC	0	0
6773	TTTAGCC	0	0
6775	AGCACCG	0	0
6775	CGGNCCG	0	0
6775	GCCTTAG	0	0
6775	GCCTTCG	0	0
6775	GCCTTCT	0	0
6777	A	0	0
6777	G	0	0
6779	CCT	0	0
6779	CTT	0	0
6779	TCC	0	0
6781	AA	0	0
6781	AG	0	0
6781	GG	0	0
6786	C	0	0
6786	N	0	0
6786	T	0	0
6788	C	0	0
6788	T	0	0
6790	CGAGC	0	0
6790	GAGAT	0	0
6790	GGGAT	0	0
6793	ACTA	0	0
6793	GACT	0	0
6794	A	0	0
6794	C	0	0
6796	AC	0	0
6796	AT	0	0
6796	GC	0	0
6799	CCCCC	0	0
6799	TCACC	0	0
6799	TCATG	0	0
6799	TTACC	0	0
6800	AAAGCA	0	0
6800	AATCCC	0	0
6800	CGTGAA	0	0
6804	ATA	0	0
6804	GCG	0	0
6805	AG	0	0
6805	GG	0	0
6805	GT	0	0
6806	ACAGA	0	0
6806	ATGAT	0	0
6806	ATGGT	0	0
6806	GTGGT	0	0
6810	CG	0	0
6810	TC	0	0
6811	CAA	0	0
6811	CAC	0	0
6811	TGA	0	0
6815	CC	0	0
6815	CT	0	0
6815	TT	0	0
6817	A	0	0
6817	G	0	0
6818	AAC	0	0
6818	AGC	0	0
6818	GGG	0	0
6820	ACCCG	0	0
6820	ATGCA	0	0
6820	GCCTG	0	0
6821	C	0	0
6821	G	0	0
6825	A	0	0
6825	G	0	0
6826	C	0	0
6826	T	0	0
6827	C	0	0
6827	G	0	0
6830	ACA	0	0
6830	ACG	0	0
6830	AGG	0	0
6830	GGG	0	0
6831	CTATG	0	0
6831	CTATT	0	0
6831	CTCCG	0	0
6831	TCATG	0	0
6834	C	0	0
6834	G	0	0
6836	AAG	0	0
6836	GAA	0	0
6836	GGA	0	0
6839	AC	0	0
6839	TT	0	0
6840	AG	0	0
6840	GA	0	0
6841	CATC	0	0
6841	CGCT	0	0
6841	TGCC	0	0
6842	A	0	0
6842	G	0	0
6843	AGC	0	0
6843	ATC	0	0
6843	GTT	0	0
6844	CCCG	0	0
6844	GTTT	0	0
6846	CGAG	0	0
6846	GAGA	0	0
6848	AAA	0	0
6848	AAC	0	0
6848	GTC	0	0
6849	CA	0	0
6849	TC	0	0
6851	A	0	0
6851	G	0	0
6855	A	0	0
6855	G	0	0
6857	CCA	0	0
6857	CTG	0	0
6857	TTA	0	0
6858	AG	0	0
6858	GC	0	0
6859	AAT	0	0
6859	TGG	0	0
6861	A	0	0
6861	G	0	0
6862	AAAC	0	0
6862	TTTT	0	0
6864	AGTG	0	0
6864	GACA	0	0
6865	AGTAG	0	0
6865	GACCG	0	0
6865	GGCCA	0	0
6871	GGCTCAT	0	0
6871	TCTTCAT	0	0
6871	TGTCTTT	0	0
6871	TGTTCAG	0	0
6871	TGTTCAT	0	0
6873	ACA	0	0
6873	AGG	0	0
6873	CGG	0	0
6880	AG	0	0
6880	CA	0	0
6880	CG	0	0
6887	A	0	0
6887	G	0	0
6888	CACC	0	0
6888	CATG	0	0
6888	TGCC	0	0
6893	ATCG	0	0
6893	CCTA	0	0
6898	CTCT	0	0
6898	TCTC	0	0
6899	A	0	0
6899	G	0	0
6905	CGAC	0	0
6905	CGGC	0	0
6905	CTGA	0	0
6905	TGAC	0	0
6907	A	0	0
6907	C	0	0
6908	G	0	0
6908	N	0	0
6908	T	0	0
6911	ATCAAGA	0	0
6911	GCCAGAA	0	0
6911	GTACAGG	0	0
6912	GCC	0	0
6912	GTT	0	0
6912	TTT	0	0
6915	C	0	0
6915	T	0	0
6917	A	0	0
6917	C	0	0
6919	C	0	0
6919	T	0	0
6923	CAAGCT	0	0
6923	CACAGA	0	0
6923	GTCACT	0	0
6924	CA	0	0
6924	TC	0	0
6925	GAC	0	0
6925	TGT	0	0
6927	AG	0	0
6927	GA	0	0
6931	AAC	0	0
6931	GGT	0	0
6932	CTC	0	0
6932	CTT	0	0
6932	TCC	0	0
6934	AGATC	0	0
6934	ATAGG	0	0
6934	ATGGG	0	0
6934	TGAGG	0	0
6937	A	0	0
6937	G	0	0
6943	AC	0	0
6943	GA	0	0
6943	GC	0	0
6948	CTTTCC	0	0
6948	TAGACC	0	0
6948	TTTTCA	0	0
6948	TTTTCC	0	0
6948	TTTTNC	0	0
6948	TTTTTC	0	0
6957	CC	0	0
6957	TC	0	0
6957	TG	0	0
6958	C	0	0
6958	T	0	0
6959	C	0	0
6959	T	0	0
6962	CG	0	0
6962	TC	0	0
6964	AACG	0	0
6964	GACA	0	0
6964	GACG	0	0
6964	GGTG	0	0
6965	CCAGCAC	0	0
6965	CCGACGG	0	0
6965	CCGGCGC	0	0
6965	CGGGCGC	0	0
6965	CTAGTGC	0	0
6965	TCGGCGC	0	0
6968	CA	0	0
6968	TG	0	0
6969	AT	0	0
6969	GC	0	0
6972	A	0	0
6972	G	0	0
6973	AC	0	0
6973	AT	0	0
6973	GC	0	0
6976	AGT	0	0
6976	GCG	0	0
6976	GGG	0	0
6979	AGTC	0	0
6979	GACT	0	0
6979	GATC	0	0
6981	AGG	0	0
6981	GCA	0	0
6981	GCG	0	0
6981	GGG	0	0
6982	G	0	0
6982	T	0	0
6985	A	0	0
6985	G	0	0
6986	AG	0	0
6986	GC	0	0
6989	ACT	0	0
6989	TTC	0	0
6990	CAG	0	0
6990	GGT	0	0
6991	A	0	0
6991	T	0	0
6999	A	0	0
6999	G	0	0
7000	CC	0	0
7000	CT	0	0
7000	TT	0	0
7008	ACT	0	0
7008	GAC	0	0
7008	GCC	0	0
7009	AT	0	0
7009	CG	0	0
7009	CT	0	0
7010	CA	0	0
7010	TG	0	0
7011	AT	0	0
7011	CC	0	0
7012	C	0	0
7012	G	0	0
7013	AG	0	0
7013	GA	0	0
7017	GAC	0	0
7017	TGA	0	0
7019	CC	0	0
7019	TT	0	0
7021	ACC	0	0
7021	ATC	0	0
7021	GCT	0	0
7022	AC	0	0
7022	AT	0	0
7022	GC	0	0
7025	CA	0	0
7025	CG	0	0
7025	TA	0	0
7026	GTC	0	0
7026	TAT	0	0
7039	CT	0	0
7039	GC	0	0
7039	GT	0	0
7042	C	0	0
7042	T	0	0
7046	C	0	0
7046	T	0	0
7047	C	0	0
7047	T	0	0
7048	ACAA	0	0
7048	AGGG	0	0
7048	GGGG	0	0
7061	G	0	0
7061	T	0	0
7064	C	0	0
7064	G	0	0
7069	GC	0	0
7069	GT	0	0
7069	TC	0	0
7072	CAG	0	0
7072	CCA	0	0
7072	CCG	0	0
7072	TCG	0	0
7076	A	0	0
7076	C	0	0
7077	C	0	0
7077	T	0	0
7079	A	0	0
7079	G	0	0
7092	A	0	0
7092	G	0	0
7094	AGAT	0	0
7094	AGCC	0	0
7094	ATAT	0	0
7094	GGCC	0	0
7096	GCACCANT	0	0
7096	GCATCAAT	0	0
7096	GCATCANT	0	0
7096	GCATCATC	0	0
7096	GCGTCAAC	0	0
7096	GCGTCAAT	0	0
7096	GCGTCTAT	0	0
7096	GCGTTAAC	0	0
7096	GGGTCTAT	0	0
7096	TCATCAAN	0	0
7096	TCATCAAT	0	0
7099	A	0	0
7099	C	0	0
7108	CACA	0	0
7108	CCAG	0	0
7108	CCCA	0	0
7108	CCCG	0	0
7108	TCAG	0	0
7111	A	0	0
7111	T	0	0
7116	A	0	0
7116	G	0	0
7123	A	0	0
7123	C	0	0
7124	A	0	0
7124	G	0	0
7130	A	0	0
7130	G	0	0
7136	A	0	0
7136	C	0	0
7137	A	0	0
7137	T	0	0
7138	AG	0	0
7138	GA	0	0
7138	GG	0	0
7142	A	0	0
7142	G	0	0
7145	AC	0	0
7145	CC	0	0
7145	CG	0	0
7148	A	0	0
7148	T	0	0
7151	AA	0	0
7151	CA	0	0
7151	CT	0	0
7153	ATAAAT	0	0
7153	NNNAAT	0	0
7153	TATAAT	0	0
7153	TNNAAT	0	0
7153	TNNACT	0	0
7153	TNNGCT	0	0
7153	TTAAAC	0	0
7153	TTAAAT	0	0
7158	A	0	0
7158	G	0	0
7159	CA	0	0
7159	TG	0	0
7160	A	0	0
7160	G	0	0
7168	G	0	0
7168	T	0	0
7171	C	0	0
7171	T	0	0
7172	A	0	0
7172	G	0	0
7172	N	0	0
7174	C	0	0
7174	T	0	0
7181	A	0	0
7181	T	0	0
7182	A	0	0
7182	G	0	0
7187	C	0	0
7187	G	0	0
7190	GC	0	0
7190	GT	0	0
7190	TT	0	0
7192	A	0	0
7192	T	0	0
7194	C	0	0
7194	G	0	0
7205	AC	0	0
7205	AT	0	0
7205	GT	0	0
7207	G	0	0
7207	T	0	0
7213	A	0	0
7213	G	0	0
7217	A	0	0
7217	C	0	0
7225	CA	0	0
7225	CT	0	0
7225	GT	0	0
7232	A	0	0
7232	T	0	0
7233	A	0	0
7233	G	0	0
7234	CC	0	0
7234	CT	0	0
7234	TT	0	0
7236	CAG	0	0
7236	TAG	0	0
7236	TAT	0	0
7236	TGG	0	0
7242	C	0	0
7242	G	0	0
7248	CCAA	0	0
7248	CCAG	0	0
7248	CCGA	0	0
7248	CGAA	0	0
7248	TCAA	0	0
7252	CC	0	0
7252	TT	0	0
7253	C	0	0
7253	G	0	0
7254	A	0	0
7254	G	0	0
7256	AA	0	0
7256	AG	0	0
7256	CA	0	0
7256	NA	0	0
7256	NG	0	0
7259	CG	0	0
7259	TA	0	0
7259	TG	0	0
7260	A	0	0
7260	C	0	0
7262	AA	0	0
7262	AT	0	0
7262	TA	0	0
7268	CA	0	0
7268	CT	0	0
7268	TA	0	0
7269	AAACG	0	0
7269	AGCCA	0	0
7269	AGCTA	0	0
7269	GGCCA	0	0
7271	A	0	0
7271	N	0	0
7271	T	0	0
7274	AA	0	0
7274	GA	0	0
7274	GG	0	0
7278	CT	0	0
7278	TA	0	0
7280	CATCA	0	0
7280	CATTA	0	0
7280	TGCTG	0	0
7285	CTC	0	0
7285	TCT	0	0
7285	TTT	0	0
7289	A	0	0
7289	G	0	0
7290	AA	0	0
7290	AT	0	0
7290	CT	0	0
7291	AGG	0	0
7291	TTC	0	0
7293	AAAG	0	0
7293	GGAG	0	0
7293	GTGA	0	0
7293	GTGG	0	0
7294	A	0	0
7294	N	0	0
7294	T	0	0
7295	AA	0	0
7295	GA	0	0
7295	GG	0	0
7296	G	0	0
7296	T	0	0
7300	A	0	0
7300	T	0	0
7302	C	0	0
7302	T	0	0
7303	AAG	0	0
7303	AAT	0	0
7303	AGG	0	0
7303	GAG	0	0
7306	A	0	0
7306	C	0	0
7308	G	0	0
7308	T	0	0
7310	ACACAGAA	0	0
7310	ACAGATTC	0	0
7310	GAGCTGAA	0	0
7311	A	0	0
7311	G	0	0
7317	AG	0	0
7317	GA	0	0
7321	GA	0	0
7321	GC	0	0
7321	TA	0	0
7326	A	0	0
7326	C	0	0
7328	G	0	0
7328	T	0	0
7329	A	0	0
7329	C	0	0
7331	CGACC	0	0
7331	CGATC	0	0
7331	TAGTG	0	0
7331	TGATG	0	0
7334	GCCGC	0	0
7334	GTCAC	0	0
7334	GTCGC	0	0
7334	GTTGC	0	0
7334	TTCGT	0	0
7335	G	0	0
7335	T	0	0
7339	AG	0	0
7339	TA	0	0
7343	A	0	0
7343	G	0	0
7346	A	0	0
7346	C	0	0
7357	ACAGGTATC	0	0
7357	GAAGATTAC	0	0
7357	GAAGGCTTC	0	0
7357	GAAGGCTTT	0	0
7357	GCAGATTAC	0	0
7357	GCAGGTATC	0	0
7357	GCAGGTTTC	0	0
7357	GCATATTAC	0	0
7357	GCGGATTAC	0	0
7361	A	0	0
7361	C	0	0
7363	AG	0	0
7363	GA	0	0
7365	ACCCC	0	0
7365	CAGAT	0	0
7365	CCCCC	0	0
7365	CCGCC	0	0
7366	ATCCA	0	0
7366	CCCCA	0	0
7366	CTCCA	0	0
7366	CTGGG	0	0
7375	A	0	0
7375	G	0	0
7375	N	0	0
7376	G	0	0
7376	T	0	0
7379	A	0	0
7379	T	0	0
7381	C	0	0
7381	T	0	0
7383	C	0	0
7383	T	0	0
7384	A	0	0
7384	G	0	0
7387	G	0	0
7387	T	0	0
7390	G	0	0
7390	T	0	0
7398	G	0	0
7398	T	0	0
7401	G	0	0
7401	T	0	0
7403	AG	0	0
7403	TC	0	0
7403	TG	0	0
7405	CCG	0	0
7405	CGA	0	0
7405	CNN	0	0
7405	TCG	0	0
7406	AGCCACAGTCACCGACGAA	0	0
7406	AGCCACTGTCACCGACGTN	0	0
7406	AGCCATTGTCACCGACGGC	0	0
7406	AGCNNNNNTCACCGACGNN	0	0
7406	AGGCACNNTCACCGACGTC	0	0
7406	AGGCANAGTCACCGACGAA	0	0
7406	AGGCNNNNTCACCGACGTC	0	0
7406	AGGTGNNGTCACCGACGAN	0	0
7406	AGNAACANNNACCNACGCA	0	0
7406	AGNCATTGNNNCNNACGGC	0	0
7406	AGNCTCAATCACCGACGGA	0	0
7406	AGNCTGAGTCACCGACGCA	0	0
7406	AGNNNNNNACACCGACGGA	0	0
7406	AGNNNNNNNAACCGACGGA	0	0
7406	AGNNNNNNNNNCNGACGGA	0	0
7406	AGNNNNNNNNNCNNACGNN	0	0
7406	AGNNNNNNNNNTTGACGGA	0	0
7406	AGNNNNNNTCTCTCACGCA	0	0
7406	AGNNNNNTTCACCGACGCA	0	0
7406	AGNNTCAATCACCGACGGA	0	0
7406	AGNNTGAAGAACCGACGGA	0	0
7406	AGTATCAGTCACCGACGCA	0	0
7406	AGTNNNNNNNNCNNACGCA	0	0
7406	ANNCATTGNNNNNNNNNGC	0	0
7406	ANNNNGAGTCANNNNNNNA	0	0
7406	CTNNNNNNNNNNNNACGNN	0	0
7406	NNNNNNNNNCAGCGACTTA	0	0
7406	NNNNNNNNNNNACACGAGA	0	0
7406	NNNNNNNNNNNCCGAAGTA	0	0
7406	NNNNNNNNNNNCCGTGAGA	0	0
7406	NNNNNNNNNNNCTGAGCCA	0	0
7407	C	0	0
7407	N	0	0
7407	T	0	0
7408	A	0	0
7408	G	0	0
7409	A	0	0
7409	G	0	0
7410	A	0	0
7410	G	0	0
7416	CA	0	0
7416	TA	0	0
7416	TG	0	0
7424	A	0	0
7424	G	0	0
7425	CAAA	0	0
7425	TTGC	0	0
7431	AACANNNGNTNNNNNNNNACCAAGCC	0	0
7431	ACATTGNGNTNNNNNNNNNNGACGCC	0	0
7431	ACCACGAGATCGTCTCGCGGTAAGCC	0	0
7431	ACCACGAGATNGNCTCGCGGTANGCC	0	0
7431	ACCACGTGTTCGTCTCGCGGTANGCA	0	0
7431	ACCACGTGTTCGTCTCGCGGTANGCC	0	0
7431	ACCATGTGGTCGTCTCGCGGTACGCC	0	0
7431	ACCNCGCGATAGTCTCGCGGTAAGCC	0	0
7431	ACCNNGNGATCGTCTCGCGGTAAGCC	0	0
7431	ACCNNGNGGTGGTCTCGCGGTAAGCC	0	0
7431	ACCTCGCGATCGTCTCGCGGTAAGCC	0	0
7431	ACTANNNGNTNNNNNNNNTGCAAGCC	0	0
7431	ANCACCGGATNNNNNNNNNNNANGCC	0	0
7431	ANCNNGNGNTTGGCTCGCGGTACGCC	0	0
7431	ANCNNNNGATNNNNNNNCGGNAAGCC	0	0
7431	ANCNNNNGNTNGTCAAGCGNTANGCC	0	0
7431	ANCNNNNGNTNNNNACGCTNTAAGCC	0	0
7431	ANNNNNNGATCNNNNNNNNGCAAGCC	0	0
7431	CCNNNNNNNTGGAGNNNNNNNANACC	0	0
7431	CCNNNNNNNTNGAAGTNNNNNANACC	0	0
7431	CNNNNNNAATGGANNNNNNNNANACC	0	0
7431	CNNNNNNCTTCGANNNNNNNNANNCC	0	0
7431	CNNNNNNGATNNNNNNNNNNCATGCC	0	0
7431	CTCAAGTGATNGTCTCGCGGTANGCC	0	0
7431	GNNNNNNNAGCGANNNNNNNNANACC	0	0
7431	NNCCTAAGGTCGNNTCNCGNTANGCC	0	0
7431	NNCNCGTGATNGCCTCGCGGTAAGCC	0	0
7431	NNCNNGNGNTCGACTCGCGGTAAGCC	0	0
7431	NNCNNGNGNTCGCATCACGCTAAGCC	0	0
7431	NNCNNGNGNTCGGATCTCGGTACGCC	0	0
7431	NNCNNNNGNTATCAGCNCGCTAAGCC	0	0
7431	NNCNNNNGNTCTGAGCCCGCTAAGCC	0	0
7431	NNCNNNNGNTGGCTTCNCGCTAAGCC	0	0
7431	NNCNNNNGNTNNNNACACAGAAAGCC	0	0
7431	NNCNNNNGNTNNNNTGGTGGTAAGCC	0	0
7431	NNCNNNNGNTNNNTTCACGCTAAGCC	0	0
7431	NNCNNNNGNTNTCTTCACGCTAAGCC	0	0
7431	NNNNNNNGATCNNNNNNNNNGACACC	0	0
7431	NNNNNNNGNTGGNNNNNNNNTACACC	0	0
7431	NNNNNNNGNTNNNAGNNTACAAAGCC	0	0
7431	NNNNNNNGNTNNNNACCTCCAAAGCC	0	0
7431	NNNNNNNNNNNGANNNNNNNAAGATC	0	0
7431	NNNNNNNNNNNGNNNNNNNGTGTACC	0	0
7431	NNNNNNNNNTNNNNNNNCGCTATCCC	0	0
7431	TNCNNGAGATNNNNNCNCGGTAAGCC	0	0
7432	C	0	0
7432	T	0	0
7434	G	0	0
7434	T	0	0
7436	CGAT	0	0
7436	CGTT	0	0
7436	GATC	0	0
7436	GGAC	0	0
7436	GGAT	0	0
7436	GGTC	0	0
7436	GGTT	0	0
7438	A	0	0
7438	T	0	0
7440	GAGCA	0	0
7440	GAGTA	0	0
7440	GAGTT	0	0
7440	GATTA	0	0
7440	GATTT	0	0
7440	GCGTT	0	0
7440	TAGTT	0	0
7440	TCGTT	0	0
7445	A	0	0
7445	C	0	0
7447	AGT	0	0
7447	CAT	0	0
7447	CGA	0	0
7447	CGT	0	0
7448	A	0	0
7448	G	0	0
7458	C	0	0
7458	T	0	0
7460	CTTA	0	0
7460	GCTA	0	0
7460	GTCA	0	0
7460	GTTA	0	0
7460	GTTG	0	0
7462	A	0	0
7462	C	0	0
7465	AAGCA	0	0
7465	AAGCG	0	0
7465	GTAAG	0	0
7465	GTGAG	0	0
7475	C	0	0
7475	T	0	0
7479	A	0	0
7479	G	0	0
7481	GCA	0	0
7481	GGA	0	0
7481	GGT	0	0
7481	TGT	0	0
7482	A	0	0
7482	G	0	0
7485	C	0	0
7485	T	0	0
7486	G	0	0
7486	T	0	0
7493	AC	0	0
7493	TG	0	0
7495	G	0	0
7495	T	0	0
7496	GA	0	0
7496	GG	0	0
7496	TA	0	0
7505	A	0	0
7505	G	0	0
7508	C	0	0
7508	T	0	0
7509	CCA	0	0
7509	CCC	0	0
7509	TCC	0	0
7509	TTC	0	0
7511	GA	0	0
7511	GG	0	0
7511	TG	0	0
7514	GGT	0	0
7514	TTA	0	0
7528	AT	0	0
7528	GG	0	0
7528	GT	0	0
7531	A	0	0
7531	C	0	0
7534	AT	0	0
7534	CC	0	0
7534	CT	0	0
7536	C	0	0
7536	T	0	0
7538	A	0	0
7538	T	0	0
7540	AC	0	0
7540	AT	0	0
7540	GC	0	0
7541	A	0	0
7541	G	0	0
7546	G	0	0
7546	T	0	0
7553	A	0	0
7553	C	0	0
7554	A	0	0
7554	G	0	0
7556	AT	0	0
7556	GC	0	0
7557	AGA	0	0
7557	GAT	0	0
7562	A	0	0
7562	C	0	0
7568	C	0	0
7568	T	0	0
7577	C	0	0
7577	G	0	0
7578	CCTA	0	0
7578	GTCT	0	0
7579	G	0	0
7579	T	0	0
7585	A	0	0
7585	C	0	0
7592	AA	0	0
7592	AG	0	0
7592	GG	0	0
7593	CC	0	0
7593	GT	0	0
7594	A	0	0
7594	C	0	0
7594	N	0	0
7605	A	0	0
7605	G	0	0
7607	C	0	0
7607	G	0	0
7607	N	0	0
7608	C	0	0
7608	T	0	0
7612	A	0	0
7612	G	0	0
7613	GAAGNNGA	0	0
7613	GAATNCTC	0	0
7613	GACTAAAC	0	0
7613	GACTTAAC	0	0
7613	NAAGNNGA	0	0
7613	NNNNANAC	0	0
7613	TCANNCCA	0	0
7616	CGA	0	0
7616	TAG	0	0
7617	GC	0	0
7617	TT	0	0
7624	A	0	0
7624	G	0	0
7625	A	0	0
7625	T	0	0
7628	ACC	0	0
7628	GGG	0	0
7641	A	0	0
7641	G	0	0
7645	C	0	0
7645	G	0	0
7645	N	0	0
7648	CT	0	0
7648	TC	0	0
7649	CG	0	0
7649	GG	0	0
7649	GT	0	0
7651	AA	0	0
7651	GG	0	0
7652	A	0	0
7652	G	0	0
7653	CAC	0	0
7653	CAT	0	0
7653	CGT	0	0
7653	TAT	0	0
7654	A	0	0
7654	G	0	0
7656	A	0	0
7656	G	0	0
7659	G	0	0
7659	T	0	0
7660	CT	0	0
7660	TC	0	0
7661	ACT	0	0
7661	CCT	0	0
7661	CGG	0	0
7668	AATTA	0	0
7668	AGAAC	0	0
7668	GATTA	0	0
7668	NNNTA	0	0
7676	A	0	0
7676	T	0	0
7680	CA	0	0
7680	CG	0	0
7680	TG	0	0
7686	C	0	0
7686	G	0	0
7691	CA	0	0
7691	TC	0	0
7694	C	0	0
7694	T	0	0
7697	A	0	0
7697	C	0	0
7699	AACC	0	0
7699	AACN	0	0
7699	AACT	0	0
7699	TTAT	0	0
7699	TTCT	0	0
7699	TTNT	0	0
7700	CG	0	0
7700	TA	0	0
7703	CAGN	0	0
7703	CAGT	0	0
7703	TCTA	0	0
7705	AACGG	0	0
7705	GACAA	0	0
7705	GATAG	0	0
7705	GGCGG	0	0
7705	GGTGG	0	0
7708	CC	0	0
7708	TT	0	0
7714	CGCT	0	0
7714	GGTA	0	0
7714	GGTT	0	0
7714	GTTT	0	0
7718	GAA	0	0
7718	TCC	0	0
7720	CTA	0	0
7720	CTG	0	0
7720	GCA	0	0
7720	GTA	0	0
7722	G	0	0
7722	T	0	0
7723	A	0	0
7723	G	0	0
7724	A	0	0
7724	G	0	0
7726	C	0	0
7726	T	0	0
7727	A	0	0
7727	T	0	0
7730	A	0	0
7730	G	0	0
7742	AA	0	0
7742	AC	0	0
7742	GC	0	0
7745	A	0	0
7745	G	0	0
7747	A	0	0
7747	G	0	0
7749	C	0	0
7749	G	0	0
7751	A	0	0
7751	G	0	0
7754	A	0	0
7754	C	0	0
7755	A	0	0
7755	G	0	0
7756	CCA	0	0
7756	GCA	0	0
7756	GCT	0	0
7756	GGA	0	0
7758	G	0	0
7758	N	0	0
7758	T	0	0
7769	C	0	0
7769	N	0	0
7769	T	0	0
7774	CT	0	0
7774	TC	0	0
7774	TT	0	0
7777	AAGC	0	0
7777	CGTG	0	0
7780	A	0	0
7780	G	0	0
7783	AC	0	0
7783	AG	0	0
7783	GG	0	0
7785	A	0	0
7785	G	0	0
7786	CA	0	0
7786	CC	0	0
7786	TC	0	0
7787	G	0	0
7787	T	0	0
7789	A	0	0
7789	G	0	0
7792	A	0	0
7792	T	0	0
7793	A	0	0
7793	G	0	0
7805	AGC	0	0
7805	GAG	0	0
7810	A	0	0
7810	G	0	0
7812	A	0	0
7812	G	0	0
7814	A	0	0
7814	T	0	0
7815	AC	0	0
7815	AT	0	0
7815	TC	0	0
7817	AGGG	0	0
7817	ATGG	0	0
7817	TGTT	0	0
7818	C	0	0
7818	G	0	0
7821	CGA	0	0
7821	CTG	0	0
7821	NGA	0	0
7821	TGA	0	0
7824	ACN	0	0
7824	NCT	0	0
7824	TAG	0	0
7824	TCA	0	0
7836	G	0	0
7836	T	0	0
7839	CA	0	0
7839	CC	0	0
7839	TA	0	0
7847	C	0	0
7847	T	0	0
7848	G	0	0
7848	T	0	0
7849	C	0	0
7849	N	0	0
7849	T	0	0
7852	A	0	0
7852	G	0	0
7854	C	0	0
7854	T	0	0
7856	C	0	0
7856	G	0	0
7858	GG	0	0
7858	TG	0	0
7858	TT	0	0
7861	CG	0	0
7861	TA	0	0
7862	A	0	0
7862	C	0	0
7868	CT	0	0
7868	TC	0	0
7873	C	0	0
7873	T	0	0
7883	CAA	0	0
7883	TGC	0	0
7883	TGN	0	0
7887	C	0	0
7887	T	0	0
7890	G	0	0
7890	T	0	0
7891	AA	0	0
7891	GA	0	0
7891	GG	0	0
7893	CC	0	0
7893	TT	0	0
7894	AGAC	0	0
7894	GGGT	0	0
7894	GTAT	0	0
7897	CAT	0	0
7897	TAT	0	0
7897	TTA	0	0
7903	ACCGTCGTCCG	0	0
7903	ATCATCCTCCA	0	0
7903	ATCGTCCCCCA	0	0
7903	ATCGTCCCTCA	0	0
7903	ATCGTCCCTTA	0	0
7903	ATCGTCCTCCA	0	0
7903	ATCGTTCTCTA	0	0
7903	CTTGCCCCCCA	0	0
7909	AC	0	0
7909	GA	0	0
7909	GC	0	0
7914	AAGAG	0	0
7914	ACTCA	0	0
7914	TAGNN	0	0
7916	CC	0	0
7916	TT	0	0
7921	C	0	0
7921	G	0	0
7923	C	0	0
7923	T	0	0
7927	G	0	0
7927	N	0	0
7927	T	0	0
7929	G	0	0
7929	T	0	0
7932	A	0	0
7932	G	0	0
7933	C	0	0
7933	T	0	0
7936	A	0	0
7936	G	0	0
7938	CCC	0	0
7938	CCT	0	0
7938	GTC	0	0
7940	AC	0	0
7940	CC	0	0
7940	CG	0	0
7942	C	0	0
7942	G	0	0
7943	C	0	0
7943	T	0	0
7946	C	0	0
7946	T	0	0
7950	CT	0	0
7950	TG	0	0
7952	C	0	0
7952	T	0	0
7953	C	0	0
7953	T	0	0
7955	A	0	0
7955	G	0	0
7959	G	0	0
7959	T	0	0
7963	C	0	0
7963	G	0	0
7967	ACCGA	0	0
7967	ACTCA	0	0
7967	CTCGG	0	0
7969	C	0	0
7969	T	0	0
7978	A	0	0
7978	G	0	0
7980	A	0	0
7980	T	0	0
7981	CT	0	0
7981	TC	0	0
7982	AA	0	0
7982	AG	0	0
7982	GA	0	0
7983	CA	0	0
7983	CC	0	0
7983	GC	0	0
8001	CA	0	0
8001	CT	0	0
8001	TT	0	0
8003	A	0	0
8003	G	0	0
8011	G	0	0
8011	N	0	0
8011	T	0	0
8012	CC	0	0
8012	CT	0	0
8012	GT	0	0
8017	A	0	0
8017	G	0	0
8019	A	0	0
8019	G	0	0
8022	A	0	0
8022	G	0	0
8023	AAACGT	0	0
8023	ACACGT	0	0
8023	GCATGG	0	0
8023	GCCTCG	0	0
8023	GCCTGG	0	0
8025	A	0	0
8025	C	0	0
8030	GG	0	0
8030	TA	0	0
8030	TG	0	0
8033	AA	0	0
8033	AG	0	0
8033	GG	0	0
8035	CAAG	0	0
8035	CAAT	0	0
8035	CATG	0	0
8035	CATT	0	0
8035	CTAG	0	0
8035	TAAT	0	0
8036	A	0	0
8036	G	0	0
8036	N	0	0
8037	A	0	0
8037	C	0	0
8042	A	0	0
8042	C	0	0
8045	CCG	0	0
8045	TTA	0	0
8045	TTG	0	0
8047	AAT	0	0
8047	ACC	0	0
8047	GCC	0	0
8053	AA	0	0
8053	AC	0	0
8053	GA	0	0
8055	A	0	0
8055	G	0	0
8056	A	0	0
8056	G	0	0
8058	CG	0	0
8058	GG	0	0
8058	NA	0	0
8058	NG	0	0
8059	A	0	0
8059	T	0	0
8061	A	0	0
8061	G	0	0
8069	A	0	0
8069	C	0	0
8077	ACCG	0	0
8077	CAGC	0	0
8082	CA	0	0
8082	CC	0	0
8082	GC	0	0
8083	C	0	0
8083	G	0	0
8085	C	0	0
8085	G	0	0
8087	A	0	0
8087	G	0	0
8090	AGA	0	0
8090	GAA	0	0
8090	GGA	0	0
8090	GGC	0	0
8097	A	0	0
8097	G	0	0
8102	A	0	0
8102	G	0	0
8112	A	0	0
8112	G	0	0
8113	A	0	0
8113	G	0	0
8116	A	0	0
8116	G	0	0
8118	CA	0	0
8118	CC	0	0
8118	GC	0	0
8119	A	0	0
8119	G	0	0
8126	A	0	0
8126	G	0	0
8127	A	0	0
8127	C	0	0
8128	A	0	0
8128	G	0	0
8132	AT	0	0
8132	CG	0	0
8132	CT	0	0
8139	CA	0	0
8139	CG	0	0
8139	NG	0	0
8139	TG	0	0
8144	CAC	0	0
8144	CTC	0	0
8144	GAC	0	0
8144	GAG	0	0
8148	AAT	0	0
8148	ACG	0	0
8148	GAT	0	0
8150	A	0	0
8150	G	0	0
8151	A	0	0
8151	C	0	0
8155	CGT	0	0
8155	CNN	0	0
8155	CTC	0	0
8155	TNN	0	0
8164	ACANAAA	0	0
8164	GAANAGC	0	0
8164	GAATTGC	0	0
8164	GAGGTAA	0	0
8166	C	0	0
8166	G	0	0
8170	A	0	0
8170	G	0	0
8182	A	0	0
8182	G	0	0
8187	GA	0	0
8187	GG	0	0
8187	GN	0	0
8187	TG	0	0
8188	ACGCCAAAAACCATAGCTCACTCTCGNNN	0	0
8188	GATCCTAAAACCACAGCTCACTATTGNNN	0	0
8188	GCACCGAAAACCACAACTCACTCTTGNNN	0	0
8188	GCGCCGAAGTCCACAGCCCACACTCGTGC	0	0
8188	GCGCCGAAGTCCACAGCTCACACTCGTGC	0	0
8188	GCTACGAAAAACACAGCTCACTCTCGNNN	0	0
8188	GCTCCAAAAACCACAGNTCACTCTTGTNN	0	0
8188	GCTCCGAAAACAACAGCTCACTCTCATGN	0	0
8188	GCTCCGAAAACCACAACTCATTCTCGTGC	0	0
8188	GCTCCGAAAACCACAGATCTCTCTTGTGC	0	0
8188	GCTCCGAAAACCACAGCTCACTCTCGTGC	0	0
8188	GCTCCGAAAACCACAGCTCACTTANGATC	0	0
8188	GCTCCGAAAACCACATCTCACTCTCGNNA	0	0
8188	GCTCCGAAAACCACGGCTCACTCTCGTGC	0	0
8188	GCTCCTAAAACCTCAAATCACTCTCGNNN	0	0
8188	GCTCTGCCAACCACAGCTAACTCTCGNNN	0	0
8192	C	0	0
8192	T	0	0
8195	AG	0	0
8195	AT	0	0
8195	GT	0	0
8197	GAACANNNGGACGC	0	0
8197	GAGCAAGGAGACGC	0	0
8197	GAGCATCCGGACTC	0	0
8197	GAGCATCTGGACGC	0	0
8197	GAGCATGTTGACGC	0	0
8197	GAGCATNCCGACTC	0	0
8197	GCGGATNNTGACGC	0	0
8197	GCGNNNNNNNAGTA	0	0
8197	GNGCTAAGGGACTC	0	0
8197	GNNNNATAGGACAC	0	0
8197	GNNNNNNNCCACAT	0	0
8197	GNNNNNTAGGACTG	0	0
8197	GNNNNNTATCACGC	0	0
8197	GNNNNNTCTTCCAC	0	0
8197	NNNNNNAATGTTGC	0	0
8197	NNNNNNAGTGNGTC	0	0
8197	NNNNNNNAACAACC	0	0
8197	NNNNNNNAAGACGG	0	0
8197	NNNNNNNTTCACGC	0	0
8197	TGGCTNNNNNNCTC	0	0
8199	A	0	0
8199	G	0	0
8200	AGAC	0	0
8200	AGGC	0	0
8200	GAGT	0	0
8204	CTGC	0	0
8204	GCCA	0	0
8207	GACTNNC	0	0
8207	GACTTGC	0	0
8207	GTCTCAC	0	0
8207	NACNNCG	0	0
8207	NAGNNCG	0	0
8207	TNCCNNC	0	0
8211	CT	0	0
8211	TG	0	0
8213	C	0	0
8213	G	0	0
8217	A	0	0
8217	T	0	0
8219	A	0	0
8219	T	0	0
8225	AC	0	0
8225	GG	0	0
8229	A	0	0
8229	C	0	0
8231	A	0	0
8231	G	0	0
8237	ANNNN	0	0
8237	GCGTN	0	0
8237	GCGTT	0	0
8237	GGACG	0	0
8237	NCGTT	0	0
8238	A	0	0
8238	G	0	0
8245	A	0	0
8245	G	0	0
8247	A	0	0
8247	T	0	0
8249	A	0	0
8249	T	0	0
8250	C	0	0
8250	G	0	0
8256	GCC	0	0
8256	GGC	0	0
8256	GTG	0	0
8256	TGC	0	0
8256	TGN	0	0
8263	A	0	0
8263	C	0	0
8265	AATN	0	0
8265	CACC	0	0
8265	CANN	0	0
8265	CATC	0	0
8265	CATN	0	0
8265	CATT	0	0
8265	CGTN	0	0
8272	AGCA	0	0
8272	AGTG	0	0
8272	GATG	0	0
8279	CCTA	0	0
8279	CTTA	0	0
8279	TTGG	0	0
8281	ACCACTGTC	0	0
8281	ACCATTGGC	0	0
8281	ACTANTGCA	0	0
8281	CGGATTGNC	0	0
8281	NCTGAGCCA	0	0
8282	ACAGTG	0	0
8282	TCGGCG	0	0
8282	TCGTCG	0	0
8282	TGAGCC	0	0
8283	AC	0	0
8283	GA	0	0
8285	CCTGTCA	0	0
8285	CNAATTC	0	0
8285	CTTGGCA	0	0
8285	GNTGTCA	0	0
8291	AGATA	0	0
8291	CTCGT	0	0
8291	CTCTA	0	0
8291	CTNAT	0	0
8301	CGCA	0	0
8301	NGCG	0	0
8301	TTTA	0	0
8307	GATC	0	0
8307	GGCC	0	0
8307	NGCC	0	0
8307	NGTT	0	0
8307	TGTC	0	0
8307	TGTT	0	0
8310	CAAA	0	0
8310	TTGC	0	0
8314	A	0	0
8314	C	0	0
8318	C	0	0
8318	T	0	0
8319	AA	0	0
8319	AG	0	0
8319	GA	0	0
8319	NA	0	0
8320	A	0	0
8320	G	0	0
8324	GACA	0	0
8324	TGGG	0	0
8328	CA	0	0
8328	TC	0	0
8328	TN	0	0
8330	GC	0	0
8330	GG	0	0
8330	TC	0	0
8335	AA	0	0
8335	CA	0	0
8335	CT	0	0
8348	C	0	0
8348	T	0	0
8351	AAC	0	0
8351	AAT	0	0
8351	AGC	0	0
8351	GGC	0	0
8352	A	0	0
8352	T	0	0
8362	C	0	0
8362	N	0	0
8362	T	0	0
8364	A	0	0
8364	G	0	0
8369	A	0	0
8369	T	0	0
8378	AC	0	0
8378	TA	0	0
8379	A	0	0
8379	G	0	0
8383	CA	0	0
8383	TA	0	0
8383	TG	0	0
8385	A	0	0
8385	N	0	0
8385	T	0	0
8387	G	0	0
8387	T	0	0
8389	AGATGGTGTGCCTGC	0	0
8389	AGCACGGGTGCCAGA	0	0
8389	AGCAGGAGTGCCTTC	0	0
8389	AGCANGCGTGCCCTC	0	0
8389	AGCATGTGTGCCGGC	0	0
8389	ANCATNNNNNNTGGC	0	0
8389	ANNNNGTGTGCCTGC	0	0
8389	CAAGGGAGTGCCNGC	0	0
8389	CCNNNGNNNGAAGTA	0	0
8389	CGNNGGTGTGCCTGC	0	0
8389	CNNNNGAATGGNNAA	0	0
8389	CNNNNGNATACCNAA	0	0
8389	NGAACGNGTGCCGGC	0	0
8389	NNACTGTGNGCNNCA	0	0
8389	NNCTAGGGTGCCGTC	0	0
8389	NNNACGNGCGCCAGA	0	0
8389	NNNNAGCCGGCCAGA	0	0
8389	NNNNNCCGTGNNAGA	0	0
8389	NNNNNGAGTGCACTA	0	0
8389	NNNNNGCCTGCCANA	0	0
8389	NNNNNGCGNGCTCGA	0	0
8389	NNNNNGNATGCCTAA	0	0
8389	NNNNNGTGNGCGTCA	0	0
8389	NNNNNNAGATCGNCA	0	0
8389	NNNNNNNGTCGTAGA	0	0
8389	TGAANGGGTGCCAGA	0	0
8391	GG	0	0
8391	GN	0	0
8391	TC	0	0
8392	G	0	0
8392	T	0	0
8411	ATGC	0	0
8411	GCCA	0	0
8412	AA	0	0
8412	GA	0	0
8412	GG	0	0
8420	CAC	0	0
8420	CCC	0	0
8420	TAC	0	0
8420	TAT	0	0
8427	C	0	0
8427	T	0	0
8428	G	0	0
8428	N	0	0
8428	T	0	0
8433	A	0	0
8433	G	0	0
8436	AC	0	0
8436	GG	0	0
8437	C	0	0
8437	G	0	0
8453	ACTTG	0	0
8453	AGGTN	0	0
8453	TCTCA	0	0
8454	AAAA	0	0
8454	CAAA	0	0
8454	CAAG	0	0
8454	CGGA	0	0
8461	A	0	0
8461	G	0	0
8464	A	0	0
8464	C	0	0
8475	ACAT	0	0
8475	GTGC	0	0
8482	A	0	0
8482	T	0	0
8484	ACGC	0	0
8484	CTAA	0	0
8488	CAGT	0	0
8488	TTAC	0	0
8490	C	0	0
8490	T	0	0
8492	CAGAA	0	0
8492	GATTC	0	0
8492	TTGGC	0	0
8493	A	0	0
8493	T	0	0
8500	ACTGC	0	0
8500	AGCCA	0	0
8500	CGTNC	0	0
8511	CTG	0	0
8511	GCT	0	0
8519	G	0	0
8519	T	0	0
8525	AAC	0	0
8525	GAC	0	0
8525	GAT	0	0
8525	GGC	0	0
8525	NAC	0	0
8528	A	0	0
8528	G	0	0
8530	A	0	0
8530	G	0	0
8531	ACAG	0	0
8531	ACGG	0	0
8531	AGGA	0	0
8531	GGGA	0	0
8538	AC	0	0
8538	AG	0	0
8538	TC	0	0
8546	C	0	0
8546	T	0	0
8548	CGG	0	0
8548	CTG	0	0
8548	TGA	0	0
8555	ACA	0	0
8555	ACC	0	0
8555	TAA	0	0
8556	CGCG	0	0
8556	CGCT	0	0
8556	GCTA	0	0
8556	NGCT	0	0
8558	A	0	0
8558	G	0	0
8570	C	0	0
8570	T	0	0
8579	C	0	0
8579	T	0	0
8581	A	0	0
8581	T	0	0
8583	AG	0	0
8583	CT	0	0
8600	C	0	0
8600	G	0	0
8606	A	0	0
8606	G	0	0
8607	CT	0	0
8607	GA	0	0
8608	AG	0	0
8608	CA	0	0
8611	CTC	0	0
8611	TCT	0	0
8612	ACAGAC	0	0
8612	ACCTTC	0	0
8612	ACCTTN	0	0
8612	TGAAAA	0	0
8618	GGC	0	0
8618	NCG	0	0
8618	NNG	0	0
8618	TCG	0	0
8619	A	0	0
8619	G	0	0
8625	CTGT	0	0
8625	GCTC	0	0
8626	CTGCT	0	0
8626	GTGAT	0	0
8626	NAACG	0	0
8626	NTGTC	0	0
8629	AGATGA	0	0
8629	TTTAAN	0	0
8629	TTTAGA	0	0
8629	TTTAGG	0	0
8631	CANN	0	0
8631	CGAA	0	0
8631	CGAG	0	0
8631	GGGC	0	0
8633	CTC	0	0
8633	TCC	0	0
8633	TCG	0	0
8633	TTC	0	0
8637	CT	0	0
8637	GA	0	0
8643	G	0	0
8643	T	0	0
8648	G	0	0
8648	T	0	0
8655	A	0	0
8655	C	0	0
8656	CA	0	0
8656	CG	0	0
8656	TG	0	0
8659	G	0	0
8659	T	0	0
8661	ATT	0	0
8661	CCA	0	0
8661	CTT	0	0
8664	ANG	0	0
8664	CCT	0	0
8664	CTT	0	0
8669	C	0	0
8669	T	0	0
8670	AC	0	0
8670	AT	0	0
8670	GC	0	0
8675	A	0	0
8675	C	0	0
8683	C	0	0
8683	T	0	0
8686	AG	0	0
8686	CA	0	0
8689	A	0	0
8689	G	0	0
8707	A	0	0
8707	G	0	0
8710	A	0	0
8710	T	0	0
8716	G	0	0
8716	T	0	0
8723	AT	0	0
8723	TG	0	0
8724	A	0	0
8724	G	0	0
8728	GACC	0	0
8728	GGAC	0	0
8728	GGCC	0	0
8728	GGCG	0	0
8728	TGCC	0	0
8729	C	0	0
8729	T	0	0
8735	ACAGA	0	0
8735	ACATT	0	0
8735	TTTNA	0	0
8736	CTG	0	0
8736	CTT	0	0
8736	TAT	0	0
8739	C	0	0
8739	T	0	0
8742	ACCT	0	0
8742	CTAA	0	0
8744	AAA	0	0
8744	AGC	0	0
8744	TGC	0	0
8745	CG	0	0
8745	CT	0	0
8745	TG	0	0
8746	C	0	0
8746	G	0	0
8746	N	0	0
8747	A	0	0
8747	T	0	0
8753	A	0	0
8753	G	0	0
8754	C	0	0
8754	T	0	0
8755	A	0	0
8755	G	0	0
8755	N	0	0
8759	AA	0	0
8759	TT	0	0
8760	ACCT	0	0
8760	CTAA	0	0
8767	CAC	0	0
8767	CAG	0	0
8767	CCG	0	0
8767	TAC	0	0
8768	GGTGTA	0	0
8768	TACACG	0	0
8768	TGCGCG	0	0
8771	ACNG	0	0
8771	CAAG	0	0
8771	CACT	0	0
8778	A	0	0
8778	G	0	0
8782	CGGT	0	0
8782	TTTA	0	0
8783	AGG	0	0
8783	GAG	0	0
8783	GGA	0	0
8783	GGG	0	0
8792	A	0	0
8792	G	0	0
8794	AGCTTA	0	0
8794	CTCTTA	0	0
8794	NGCTTC	0	0
8794	NGTGGT	0	0
8794	NNNTCA	0	0
8795	ATGT	0	0
8795	TCAA	0	0
8799	A	0	0
8799	G	0	0
8801	AGACGA	0	0
8801	CCACTT	0	0
8801	CTAAGT	0	0
8801	NGTCTT	0	0
8802	C	0	0
8802	T	0	0
8822	G	0	0
8822	T	0	0
8825	A	0	0
8825	C	0	0
8826	A	0	0
8826	G	0	0
8841	CC	0	0
8841	CT	0	0
8841	GN	0	0
8843	G	0	0
8843	T	0	0
8844	A	0	0
8844	G	0	0
8846	CC	0	0
8846	GA	0	0
8849	G	0	0
8849	N	0	0
8849	T	0	0
8858	CT	0	0
8858	GG	0	0
8858	GT	0	0
8859	A	0	0
8859	G	0	0
8863	A	0	0
8863	G	0	0
8865	A	0	0
8865	C	0	0
8867	G	0	0
8867	T	0	0
8868	CCT	0	0
8868	GCT	0	0
8868	GTC	0	0
8868	NCT	0	0
8871	G	0	0
8871	T	0	0
8874	ACG	0	0
8874	AGA	0	0
8874	AGG	0	0
8874	AGT	0	0
8874	GGG	0	0
8882	G	0	0
8882	T	0	0
8886	A	0	0
8886	G	0	0
8889	AAA	0	0
8889	GAA	0	0
8889	GGA	0	0
8889	GGG	0	0
8891	AATT	0	0
8891	AGTT	0	0
8891	GACG	0	0
8893	CT	0	0
8893	TA	0	0
8895	A	0	0
8895	T	0	0
8896	ANNNNNNNNNNNNNNNNCAGCAGAG	0	0
8896	CAACAGANNNNNNNTGACGAGAGAG	0	0
8896	CAACGGAGCTGTGCCGAAGAGAGAG	0	0
8896	CAACGNGACTGTGCCGAAGAGAGAG	0	0
8896	CAACGTAACTGTGCCGATGAGAGAG	0	0
8896	CAAGTGGNCTGTGCCGAAGAGAGAG	0	0
8896	CAANNAACGTCTGCCGANGAGAGAG	0	0
8896	CAANNNNAATGTTGCGANGAGAGAG	0	0
8896	CAANNNNGAAGTGCCGAAGAGAGAG	0	0
8896	CAANNNNNNNNNNNNNNNNTGGAAG	0	0
8896	CAANNNNNNTGAGCCGAAGAGAGAG	0	0
8896	CAATGGANCTGTGCCGAAGAGAGAG	0	0
8896	CAGCACCNNNNNNNNGANGAGAGAG	0	0
8896	CANNNNNNNNNNNNNNNNCTTCGAG	0	0
8896	CANNNNNNNNNNNNNNNNNNGATTG	0	0
8896	CGNNNGANNNNNNNTGACGAGAGAG	0	0
8896	CNNNNNNNNNGAGCTGAAGAGAGAG	0	0
8896	CNNNNNNNNNNNNAAGAGGANAGAG	0	0
8896	CNNNNNNNNNNNNNNAACGAGAGAG	0	0
8896	CNNNNNNNNNNNNNNNAACAGAGAG	0	0
8896	CNNNNNNNNNNNNNTGAAGAGAGAG	0	0
8896	CNNNNNNNNNNNNNTGGCTTCAGAG	0	0
8896	CNNNNNNNNNNNNTTCACGNCAGAG	0	0
8896	CNNNNNNNNNNTGGCTTCGAGAGAG	0	0
8896	CNNNNNNNNNTATCAGCAGAGAGAG	0	0
8896	CNNNNNNNNTGAGCCGAAGAGAGAG	0	0
8896	CNNNTGGNNNNNNNNNNNGGTAGAG	0	0
8896	CTANAGGNNNNNNNNGACGAGAGAG	0	0
8896	NNNNNNNNNNATGCCTANNNNAGAG	0	0
8896	NNNNNNNNNNGAGCTGANNNNNNNA	0	0
8896	NNNNNNNNNNNNNNNNACTCCAGAG	0	0
8896	NNNNNNNNNNNNNNNNNAGATCGAG	0	0
8898	CTGGTCT	0	0
8898	GCTGTCC	0	0
8898	NNNCGGA	0	0
8898	NTGGTCA	0	0
8901	CCTT	0	0
8901	GATT	0	0
8901	NCCA	0	0
8903	AAGAGA	0	0
8903	ACTTGA	0	0
8903	NCTAGC	0	0
8903	TNGAAA	0	0
8916	C	0	0
8916	T	0	0
8920	C	0	0
8920	T	0	0
8924	CC	0	0
8924	GT	0	0
8930	CT	0	0
8930	GA	0	0
8931	C	0	0
8931	T	0	0
8934	AT	0	0
8934	CC	0	0
8934	CT	0	0
8945	AGACGA	0	0
8945	CCACTT	0	0
8945	TTGAGA	0	0
8947	AC	0	0
8947	GC	0	0
8947	GT	0	0
8948	AGCGA	0	0
8948	CCCTC	0	0
8948	CCTTC	0	0
8953	C	0	0
8953	T	0	0
8958	A	0	0
8958	G	0	0
8961	CC	0	0
8961	GA	0	0
8962	A	0	0
8962	T	0	0
8965	AACG	0	0
8965	GACA	0	0
8965	GACG	0	0
8965	GATG	0	0
8965	GCTG	0	0
8980	A	0	0
8980	G	0	0
8980	N	0	0
8981	A	0	0
8981	C	0	0
8982	CT	0	0
8982	TA	0	0
8990	A	0	0
8990	G	0	0
8991	A	0	0
8991	G	0	0
8992	G	0	0
8992	T	0	0
9001	A	0	0
9001	G	0	0
9006	A	0	0
9006	G	0	0
9008	C	0	0
9008	G	0	0
9011	C	0	0
9011	T	0	0
9013	ACC	0	0
9013	CAG	0	0
9015	G	0	0
9015	T	0	0
9016	C	0	0
9016	G	0	0
9018	A	0	0
9018	G	0	0
9023	C	0	0
9023	T	0	0
9025	AGTA	0	0
9025	TACT	0	0
9025	TATA	0	0
9031	C	0	0
9031	T	0	0
9042	GTGGG	0	0
9042	TGTGA	0	0
9042	TTTGA	0	0
9042	TTTTA	0	0
9048	AA	0	0
9048	GT	0	0
9048	NA	0	0
9049	A	0	0
9049	G	0	0
9050	G	0	0
9050	T	0	0
9052	AGT	0	0
9052	GAC	0	0
9054	ACC	0	0
9054	CAG	0	0
9057	AG	0	0
9057	AT	0	0
9057	GT	0	0
9059	C	0	0
9059	T	0	0
9060	G	0	0
9060	T	0	0
9061	GA	0	0
9061	GG	0	0
9061	TA	0	0
9062	A	0	0
9062	T	0	0
9064	ACAT	0	0
9064	CTCA	0	0
9065	AACAA	0	0
9065	CTTCA	0	0
9065	CTTCT	0	0
9066	AG	0	0
9066	GA	0	0
9070	CATG	0	0
9070	CGAA	0	0
9070	CNNN	0	0
9070	TATA	0	0
9074	C	0	0
9074	G	0	0
9075	AGGA	0	0
9075	CCTT	0	0
9079	G	0	0
9079	T	0	0
9081	C	0	0
9081	T	0	0
9083	ATT	0	0
9083	GAA	0	0
9083	GTT	0	0
9085	CGC	0	0
9085	CTT	0	0
9085	TGC	0	0
9087	A	0	0
9087	T	0	0
9100	A	0	0
9100	C	0	0
9106	A	0	0
9106	G	0	0
9111	CACTGTA	0	0
9111	CTCCAAA	0	0
9111	GACCTCA	0	0
9111	NTGAAAG	0	0
9113	A	0	0
9113	C	0	0
9117	AAC	0	0
9117	GGG	0	0
9118	AC	0	0
9118	AT	0	0
9118	GC	0	0
9123	C	0	0
9123	G	0	0
9124	C	0	0
9124	G	0	0
9129	G	0	0
9129	T	0	0
9132	A	0	0
9132	C	0	0
9135	AA	0	0
9135	AG	0	0
9135	CA	0	0
9136	ACTT	0	0
9136	CGAN	0	0
9136	CGTC	0	0
9136	CGTT	0	0
9139	C	0	0
9139	T	0	0
9141	AGAT	0	0
9141	GTGG	0	0
9144	ATGT	0	0
9144	TCAA	0	0
9149	AG	0	0
9149	GA	0	0
9162	AA	0	0
9162	AT	0	0
9162	TT	0	0
9172	G	0	0
9172	T	0	0
9173	A	0	0
9173	T	0	0
9174	G	0	0
9174	T	0	0
9195	A	0	0
9195	N	0	0
9195	T	0	0
9199	CC	0	0
9199	TC	0	0
9199	TN	0	0
9199	TT	0	0
9202	CGAG	0	0
9202	TACG	0	0
9202	TGAG	0	0
9202	TGAT	0	0
9205	AA	0	0
9205	GA	0	0
9205	TG	0	0
9211	CA	0	0
9211	CG	0	0
9211	TA	0	0
9214	A	0	0
9214	C	0	0
9218	A	0	0
9218	C	0	0
9228	CC	0	0
9228	GT	0	0
9236	C	0	0
9236	T	0	0
9245	A	0	0
9245	T	0	0
9246	AGG	0	0
9246	CAA	0	0
9248	A	0	0
9248	C	0	0
9260	A	0	0
9260	C	0	0
9260	N	0	0
9265	A	0	0
9265	G	0	0
9269	A	0	0
9269	T	0	0
9274	A	0	0
9274	G	0	0
9276	AG	0	0
9276	AT	0	0
9276	NG	0	0
9276	TG	0	0
9283	C	0	0
9283	T	0	0
9289	CCGG	0	0
9289	TACA	0	0
9289	TACG	0	0
9291	A	0	0
9291	G	0	0
9293	A	0	0
9293	T	0	0
9298	C	0	0
9298	T	0	0
9308	AC	0	0
9308	AT	0	0
9308	TT	0	0
9311	C	0	0
9311	T	0	0
9327	GGG	0	0
9327	GGT	0	0
9327	TTT	0	0
9331	C	0	0
9331	T	0	0
9332	C	0	0
9332	T	0	0
9335	A	0	0
9335	C	0	0
9342	A	0	0
9342	G	0	0
9343	G	0	0
9343	T	0	0
9351	ACAA	0	0
9351	ATAA	0	0
9351	ATAG	0	0
9351	ATGA	0	0
9351	GTAA	0	0
9352	GCAG	0	0
9352	GTTG	0	0
9352	TCAG	0	0
9352	TCAT	0	0
9356	C	0	0
9356	T	0	0
9360	CG	0	0
9360	GA	0	0
9360	GG	0	0
9369	AAAC	0	0
9369	AAAT	0	0
9369	GGAC	0	0
9369	GGGC	0	0
9372	CCTCCATTG	0	0
9372	GAGTCATTG	0	0
9372	NNNCGGTTG	0	0
9372	NNNCTAGGT	0	0
9373	ACCAT	0	0
9373	GATGC	0	0
9373	GCTGC	0	0
9373	NNCAT	0	0
9386	G	0	0
9386	T	0	0
9387	CC	0	0
9387	TA	0	0
9396	CATCAT	0	0
9396	CCCCTC	0	0
9396	CCCTTC	0	0
9396	CGCCTC	0	0
9396	TGCCTC	0	0
9397	AG	0	0
9397	AT	0	0
9397	GG	0	0
9399	CTAG	0	0
9399	TGGA	0	0
9399	TGGN	0	0
9401	C	0	0
9401	T	0	0
9403	A	0	0
9403	C	0	0
9413	CCGGGACC	0	0
9413	CGGAGACC	0	0
9413	CGGGAGCT	0	0
9413	GCAGGGGC	0	0
9417	GA	0	0
9417	GG	0	0
9417	TG	0	0
9420	CC	0	0
9420	TG	0	0
9428	A	0	0
9428	T	0	0
9455	C	0	0
9455	T	0	0
9460	C	0	0
9460	T	0	0
9461	GT	0	0
9461	TC	0	0
9463	AC	0	0
9463	GG	0	0
9466	A	0	0
9466	C	0	0
9470	C	0	0
9470	G	0	0
9473	A	0	0
9473	T	0	0
9475	G	0	0
9475	T	0	0
9476	C	0	0
9476	T	0	0
9478	C	0	0
9478	G	0	0
9483	ACAG	0	0
9483	GTGA	0	0
9489	AGAC	0	0
9489	AGTC	0	0
9489	NCAA	0	0
9489	NGAC	0	0
9489	NNAC	0	0
9489	TCAA	0	0
9489	TCAC	0	0
9489	TGAC	0	0
9494	A	0	0
9494	G	0	0
9495	C	0	0
9495	T	0	0
9501	ACC	0	0
9501	GCC	0	0
9501	GTA	0	0
9504	A	0	0
9504	G	0	0
9507	A	0	0
9507	G	0	0
9514	A	0	0
9514	G	0	0
9520	GCAGAGAAGCAT	0	0
9520	GCGAGGGGTCTT	0	0
9520	GCGGGGGGTCAA	0	0
9520	GCGGGGGGTCAT	0	0
9520	GGGGGAAAGCAT	0	0
9520	GGGGGGAAGCAT	0	0
9520	TCGGGGAGGAAT	0	0
9520	TCGGGGAGGCAT	0	0
9523	A	0	0
9523	G	0	0
9541	CA	0	0
9541	CG	0	0
9541	TA	0	0
9545	A	0	0
9545	G	0	0
9548	CTTGG	0	0
9548	TAAGA	0	0
9548	TAAGG	0	0
9548	TTTGG	0	0
9548	TTTTG	0	0
9550	A	0	0
9550	C	0	0
9551	C	0	0
9551	N	0	0
9551	T	0	0
9557	C	0	0
9557	T	0	0
9564	CTC	0	0
9564	TCT	0	0
9568	A	0	0
9568	C	0	0
9569	G	0	0
9569	T	0	0
9570	CG	0	0
9570	GT	0	0
9571	A	0	0
9571	G	0	0
9579	G	0	0
9579	T	0	0
9582	AA	0	0
9582	AT	0	0
9582	CT	0	0
9587	A	0	0
9587	G	0	0
9594	C	0	0
9594	T	0	0
9598	G	0	0
9598	T	0	0
9600	A	0	0
9600	G	0	0
9615	A	0	0
9615	G	0	0
9620	C	0	0
9620	T	0	0
9627	AG	0	0
9627	AT	0	0
9627	GT	0	0
9631	A	0	0
9631	C	0	0
9631	N	0	0
9635	CAG	0	0
9635	TCA	0	0
9641	C	0	0
9641	G	0	0
9652	A	0	0
9652	C	0	0
9653	AG	0	0
9653	AT	0	0
9653	GG	0	0
9661	CTCT	0	0
9661	TCTC	0	0
9663	A	0	0
9663	G	0	0
9666	G	0	0
9666	T	0	0
9668	AG	0	0
9668	TA	0	0
9669	A	0	0
9669	T	0	0
9679	G	0	0
9679	T	0	0
9687	C	0	0
9687	T	0	0
9691	AC	0	0
9691	GC	0	0
9691	GT	0	0
9692	AG	0	0
9692	GC	0	0
9692	GG	0	0
9694	C	0	0
9694	G	0	0
9696	ATA	0	0
9696	TCA	0	0
9696	TCC	0	0
9697	CCTCCAT	0	0
9697	GCTACAT	0	0
9697	NATTGGT	0	0
9697	TCAGCAA	0	0
9699	A	0	0
9699	N	0	0
9699	T	0	0
9703	ACAA	0	0
9703	TCAA	0	0
9703	TTTN	0	0
9703	TTTT	0	0
9716	C	0	0
9716	T	0	0
9718	A	0	0
9718	G	0	0
9729	CGCCGG	0	0
9729	CGCGCG	0	0
9729	CTGCTG	0	0
9729	TGGCTA	0	0
9737	AA	0	0
9737	GG	0	0
9739	A	0	0
9739	G	0	0
9767	ATA	0	0
9767	GCA	0	0
9767	GTA	0	0
9767	GTG	0	0
9776	C	0	0
9776	T	0	0
9778	A	0	0
9778	T	0	0
9782	G	0	0
9782	T	0	0
9790	C	0	0
9790	G	0	0
9804	ACA	0	0
9804	GTG	0	0
9809	AA	0	0
9809	AG	0	0
9809	GA	0	0
9810	CAT	0	0
9810	TGA	0	0
9815	G	0	0
9815	T	0	0
9818	A	0	0
9818	G	0	0
9819	A	0	0
9819	G	0	0
9827	A	0	0
9827	G	0	0
9838	CCTT	0	0
9838	TCCC	0	0
9838	TGCC	0	0
9839	AATC	0	0
9839	AGCC	0	0
9839	AGTC	0	0
9839	GATT	0	0
9842	AG	0	0
9842	CA	0	0
9844	C	0	0
9844	T	0	0
9845	CA	0	0
9845	TG	0	0
9846	C	0	0
9846	T	0	0
9854	A	0	0
9854	G	0	0
9864	ACCC	0	0
9864	ACGG	0	0
9864	GTCC	0	0
9868	C	0	0
9868	T	0	0
9877	AG	0	0
9877	GA	0	0
9881	ACA	0	0
9881	GGG	0	0
9886	C	0	0
9886	T	0	0
9890	G	0	0
9890	T	0	0
9891	CCTT	0	0
9891	TGCC	0	0
9893	C	0	0
9893	T	0	0
9898	C	0	0
9898	T	0	0
9901	CC	0	0
9901	TA	0	0
9903	A	0	0
9903	N	0	0
9903	T	0	0
9904	C	0	0
9904	T	0	0
9905	A	0	0
9905	C	0	0
9908	AC	0	0
9908	NC	0	0
9908	NN	0	0
9908	TC	0	0
9908	TN	0	0
9908	TT	0	0
9909	AT	0	0
9909	GC	0	0
9909	GT	0	0
9913	CCATTA	0	0
9913	GATCCG	0	0
9913	GCACCG	0	0
9913	GCTCCG	0	0
9917	AAGA	0	0
9917	GTCG	0	0
9938	C	0	0
9938	T	0	0
9940	A	0	0
9940	C	0	0
9941	C	0	0
9941	T	0	0
9949	AGC	0	0
9949	GCA	0	0
9950	A	0	0
9950	C	0	0
9964	A	0	0
9964	G	0	0
9967	ATGC	0	0
9967	GCCA	0	0
9969	G	0	0
9969	T	0	0
9971	ACGA	0	0
9971	CGTC	0	0
9995	CGTG	0	0
9995	GAGA	0	0
9996	C	0	0
9996	T	0	0
10008	G	0	0
10008	T	0	0
10029	GC	0	0
10029	GN	0	0
10029	TG	0	0
10029	TN	0	0
10033	A	0	0
10033	T	0	0
10036	A	0	0
10036	G	0	0
10053	AC	0	0
10053	AN	0	0
10053	AT	0	0
10053	GN	0	0
10053	NT	0	0
10061	CTACG	0	0
10061	TGGCA	0	0
10061	TTACG	0	0
10061	TTATG	0	0
10063	G	0	0
10063	T	0	0
10065	CGA	0	0
10065	TAG	0	0
10074	CGAA	0	0
10074	TAGG	0	0
10079	A	0	0
10079	G	0	0
10085	AG	0	0
10085	GA	0	0
10086	ACGAGCC	0	0
10086	ACGCTCG	0	0
10086	AGGGTCG	0	0
10086	TNCACGC	0	0
10089	C	0	0
10089	T	0	0
10091	CGA	0	0
10091	TAG	0	0
10097	AGCATC	0	0
10097	AGCTAT	0	0
10097	TCGTAT	0	0
10122	AGT	0	0
10122	GAC	0	0
10125	G	0	0
10125	T	0	0
10134	CA	0	0
10134	CG	0	0
10134	GG	0	0
10136	AAG	0	0
10136	GCC	0	0
10139	CGAT	0	0
10139	GTGC	0	0
10148	C	0	0
10148	T	0	0
10171	C	0	0
10171	T	0	0
10173	C	0	0
10173	T	0	0
10174	C	0	0
10174	T	0	0
10186	CCCTC	0	0
10186	TCCTC	0	0
10186	TCTAT	0	0
10186	TTCTC	0	0
10193	GCT	0	0
10193	GTT	0	0
10193	TTC	0	0
10195	CCT	0	0
10195	TGG	0	0
10216	ATGG	0	0
10216	GATA	0	0
10224	AG	0	0
10224	AT	0	0
10224	GT	0	0
10227	C	0	0
10227	G	0	0
10238	C	0	0
10238	T	0	0
10239	AAAAA	0	0
10239	AAAGA	0	0
10239	AAGGA	0	0
10239	AAGTA	0	0
10239	GGNTT	0	0
10240	A	0	0
10240	G	0	0
10244	A	0	0
10244	G	0	0
10264	CGT	0	0
10264	GAC	0	0
10275	CA	0	0
10275	CG	0	0
10275	TG	0	0
10284	AGGG	0	0
10284	GCCA	0	0
10290	CA	0	0
10290	TG	0	0
10292	CCNNNCTC	0	0
10292	CCTTTTTA	0	0
10292	GCCCTTTA	0	0
10292	GGCCCTTA	0	0
10292	GNCCCTCA	0	0
10294	CA	0	0
10294	TC	0	0
10296	CTAC	0	0
10296	TCAT	0	0
10296	TCCT	0	0
10303	A	0	0
10303	G	0	0
10317	A	0	0
10317	N	0	0
10317	T	0	0
10329	AAT	0	0
10329	ACT	0	0
10329	GCG	0	0
10329	GCT	0	0
10332	A	0	0
10332	T	0	0
10336	CNGGCGCGGC	0	0
10336	TAGTCGCGGC	0	0
10336	TAGTCGTGGC	0	0
10336	TATGCGCCAC	0	0
10336	TNGTCACGGC	0	0
10336	TNGTCGCGGC	0	0
10336	TNGTCGTGGC	0	0
10336	TTGTCACGGC	0	0
10336	TTTGCGCCAC	0	0
10336	TTTGTGCGGC	0	0
10336	TTTGTGCGGT	0	0
10359	ACAGA	0	0
10359	ATATC	0	0
10359	ATGGA	0	0
10359	GTACC	0	0
10372	ATCAC	0	0
10372	CCCGC	0	0
10372	TCTAT	0	0
10383	C	0	0
10383	T	0	0
10394	CC	0	0
10394	GG	0	0
10404	CC	0	0
10404	TC	0	0
10404	TT	0	0
10407	A	0	0
10407	T	0	0
10413	C	0	0
10413	T	0	0
10414	GAG	0	0
10414	GGG	0	0
10414	TAA	0	0
10414	TGG	0	0
10415	C	0	0
10415	T	0	0
10416	C	0	0
10416	T	0	0
10418	C	0	0
10418	T	0	0
10430	A	0	0
10430	T	0	0
10431	C	0	0
10431	T	0	0
10435	AC	0	0
10435	AT	0	0
10435	GT	0	0
10436	G	0	0
10436	T	0	0
10437	GN	0	0
10437	TA	0	0
10437	TG	0	0
10437	TN	0	0
10458	G	0	0
10458	T	0	0
10485	GA	0	0
10485	NN	0	0
10485	TT	0	0
10487	C	0	0
10487	G	0	0
10494	C	0	0
10494	N	0	0
10494	T	0	0
10499	C	0	0
10499	T	0	0
10512	G	0	0
10512	T	0	0
10515	C	0	0
10515	T	0	0
10522	G	0	0
10522	N	0	0
10522	T	0	0
10532	A	0	0
10532	T	0	0
10534	ATTA	0	0
10534	GCCC	0	0
10535	CTCNAA	0	0
10535	CTCTAA	0	0
10535	CTCTNN	0	0
10535	TCTAAA	0	0
10535	TCTANN	0	0
10535	TCTNTC	0	0
10540	C	0	0
10540	T	0	0
10541	A	0	0
10541	C	0	0
10545	A	0	0
10545	G	0	0
10555	CGA	0	0
10555	TGG	0	0
10555	TTG	0	0
10556	C	0	0
10556	T	0	0
10562	G	0	0
10562	T	0	0
10564	A	0	0
10564	C	0	0
10565	G	0	0
10565	T	0	0
10566	CAG	0	0
10566	CGG	0	0
10566	GAA	0	0
10566	GAG	0	0
10569	A	0	0
10569	T	0	0
10578	AA	0	0
10578	AT	0	0
10578	GA	0	0
10585	A	0	0
10585	G	0	0
10592	AC	0	0
10592	AN	0	0
10592	GA	0	0
10593	AAAAA	0	0
10593	CAAAA	0	0
10593	CAACC	0	0
10593	CCCAA	0	0
10594	AG	0	0
10594	GA	0	0
10600	A	0	0
10600	C	0	0
10603	AACTC	0	0
10603	AAGTC	0	0
10603	GGCGT	0	0
10603	GGCTC	0	0
10606	A	0	0
10606	T	0	0
10607	G	0	0
10607	T	0	0
10608	A	0	0
10608	G	0	0
10614	AGGT	0	0
10614	TATC	0	0
10619	AT	0	0
10619	GG	0	0
10621	C	0	0
10621	T	0	0
10623	A	0	0
10623	G	0	0
10630	CT	0	0
10630	NC	0	0
10630	TC	0	0
10630	TT	0	0
10632	A	0	0
10632	T	0	0
10633	C	0	0
10633	T	0	0
10637	G	0	0
10637	T	0	0
10645	A	0	0
10645	G	0	0
10646	C	0	0
10646	G	0	0
10651	CA	0	0
10651	GC	0	0
10661	A	0	0
10661	G	0	0
10663	C	0	0
10663	G	0	0
10666	A	0	0
10666	T	0	0
10667	A	0	0
10667	G	0	0
10669	AT	0	0
10669	GC	0	0
10672	C	0	0
10672	N	0	0
10672	T	0	0
10680	A	0	0
10680	G	0	0
10683	C	0	0
10683	T	0	0
10692	A	0	0
10692	C	0	0
10695	AG	0	0
10695	GT	0	0
10696	CCA	0	0
10696	CCG	0	0
10696	CTG	0	0
10696	NCA	0	0
10696	TTG	0	0
10699	C	0	0
10699	T	0	0
10703	AAAA	0	0
10703	CGGC	0	0
10705	C	0	0
10705	T	0	0
10707	G	0	0
10707	T	0	0
10708	CCCT	0	0
10708	CGAC	0	0
10708	TGAC	0	0
10713	AAG	0	0
10713	CCA	0	0
10718	GC	0	0
10718	TA	0	0
10719	CCAT	0	0
10719	TCAT	0	0
10719	TCGT	0	0
10719	TGAC	0	0
10719	TGAT	0	0
10731	A	0	0
10731	G	0	0
10732	A	0	0
10732	C	0	0
10741	A	0	0
10741	T	0	0
10744	A	0	0
10744	T	0	0
10745	ACTA	0	0
10745	TGCT	0	0
10755	C	0	0
10755	T	0	0
10759	C	0	0
10759	G	0	0
10760	CC	0	0
10760	CT	0	0
10760	TT	0	0
10762	A	0	0
10762	G	0	0
10767	A	0	0
10767	G	0	0
10772	CAT	0	0
10772	CGG	0	0
10772	TAG	0	0
10773	CGTA	0	0
10773	GAAG	0	0
10778	A	0	0
10778	C	0	0
10778	N	0	0
10795	G	0	0
10795	T	0	0
10796	CCCGT	0	0
10796	TCCGC	0	0
10796	TCTTC	0	0
10796	TTCGT	0	0
10823	AC	0	0
10823	CT	0	0
10825	A	0	0
10825	T	0	0
10827	CACC	0	0
10827	TGTT	0	0
10845	G	0	0
10845	T	0	0
10846	A	0	0
10846	G	0	0
10855	CA	0	0
10855	GA	0	0
10855	GG	0	0
10871	A	0	0
10871	G	0	0
10882	C	0	0
10882	T	0	0
10885	A	0	0
10885	G	0	0
10892	A	0	0
10892	G	0	0
10894	G	0	0
10894	T	0	0
10910	C	0	0
10910	T	0	0
10912	GG	0	0
10912	TC	0	0
10933	CTG	0	0
10933	GGC	0	0
10949	C	0	0
10949	G	0	0
10950	A	0	0
10950	T	0	0
10957	A	0	0
10957	G	0	0
10959	AG	0	0
10959	GT	0	0
10981	A	0	0
10981	G	0	0
10994	C	0	0
10994	T	0	0
11007	C	0	0
11007	T	0	0
11021	AC	0	0
11021	NT	0	0
11021	TT	0	0
11023	AT	0	0
11023	CC	0	0
11023	CT	0	0
11084	C	0	0
11084	T	0	0
11095	CAC	0	0
11095	CCG	0	0
11095	TCG	0	0
11113	C	0	0
11113	G	0	0
11161	C	0	0
11161	T	0	0
11167	A	0	0
11167	N	0	0
11167	T	0	0
11190	A	0	0
11190	G	0	0
11219	C	0	0
11219	T	0	0
11247	AGG	0	0
11247	TAA	0	0
11247	TAG	0	0
11250	C	0	0
11250	T	0	0
11280	A	0	0
11280	G	0	0
11293	A	0	0
11293	G	0	0
11297	G	0	0
11297	T	0	0
11304	A	0	0
11304	C	0	0
11304	N	0	0
11307	A	0	0
11307	G	0	0
11307	N	0	0
11330	GAA	0	0
11330	TCG	0	0
11358	G	0	0
11358	T	0	0
11366	ACGAAT	0	0
11366	ATACAT	0	0
11366	ATGAAC	0	0
11366	ATGAAT	0	0
11366	GCGAGT	0	0
11367	AA	0	0
11367	GA	0	0
11367	GC	0	0
11378	CC	0	0
11378	TA	0	0
11390	A	0	0
11390	G	0	0
11394	A	0	0
11394	C	0	0
11398	AA	0	0
11398	GG	0	0
11415	A	0	0
11415	N	0	0
11415	T	0	0
11451	AG	0	0
11451	GA	0	0
11461	AATG	0	0
11461	TTCA	0	0
11470	CG	0	0
11470	TA	0	0
11474	AC	0	0
11474	AT	0	0
11474	GC	0	0
11476	CA	0	0
11476	CG	0	0
11476	TA	0	0
11478	ACAA	0	0
11478	GATT	0	0
11478	GCTT	0	0
11495	A	0	0
11495	G	0	0
11511	G	0	0
11511	T	0	0
11513	C	0	0
11513	T	0	0
11547	CAAA	0	0
11547	CGGG	0	0
11547	TGGG	0	0
11562	G	0	0
11562	T	0	0
11575	C	0	0
11575	G	0	0
11585	A	0	0
11585	T	0	0
11594	A	0	0
11594	G	0	0
11600	CCA	0	0
11600	TAG	0	0
11610	CG	0	0
11610	TC	0	0
11621	G	0	0
11621	T	0	0
11637	AGT	0	0
11637	GAC	0	0
11638	C	0	0
11638	T	0	0
11663	A	0	0
11663	C	0	0
11663	N	0	0
11669	G	0	0
11669	T	0	0
11672	AA	0	0
11672	GG	0	0
11679	A	0	0
11679	C	0	0
11680	A	0	0
11680	T	0	0
11687	A	0	0
11687	T	0	0
11692	AGCT	0	0
11692	GATC	0	0
11692	GGTC	0	0
11701	CT	0	0
11701	TC	0	0
11702	GTCA	0	0
11702	GTCN	0	0
11702	TCGC	0	0
11709	GTG	0	0
11709	TAA	0	0
11711	CT	0	0
11711	TC	0	0
11720	C	0	0
11720	T	0	0
11724	C	0	0
11724	G	0	0
11727	C	0	0
11727	T	0	0
11733	C	0	0
11733	T	0	0
11737	A	0	0
11737	T	0	0
11740	CC	0	0
11740	CT	0	0
11740	GC	0	0
11756	AG	0	0
11756	GT	0	0
11759	C	0	0
11759	T	0	0
11760	GT	0	0
11760	TC	0	0
11764	CC	0	0
11764	CT	0	0
11764	GT	0	0
11765	C	0	0
11765	T	0	0
11767	AGT	0	0
11767	GAC	0	0
11771	A	0	0
11771	G	0	0
11779	CA	0	0
11779	TT	0	0
11781	AAT	0	0
11781	GTC	0	0
11783	A	0	0
11783	N	0	0
11783	T	0	0
11789	AA	0	0
11789	AC	0	0
11789	GA	0	0
11791	C	0	0
11791	G	0	0
11793	CTACCCCC	0	0
11793	GCGTCCCC	0	0
11793	GTACCGTC	0	0
11793	GTCCCCCC	0	0
11793	GTCTCGTC	0	0
11793	GTCTTGTT	0	0
11793	GTGTCGTC	0	0
11798	AA	0	0
11798	CG	0	0
11806	CGG	0	0
11806	TTA	0	0
11808	C	0	0
11808	T	0	0
11816	CTG	0	0
11816	TCA	0	0
11816	TCG	0	0
11817	CA	0	0
11817	TT	0	0
11821	CCT	0	0
11821	TTA	0	0
11822	A	0	0
11822	T	0	0
11829	ACC	0	0
11829	GTT	0	0
11833	AA	0	0
11833	GG	0	0
11834	ACC	0	0
11834	GCC	0	0
11834	GTT	0	0
11842	C	0	0
11842	G	0	0
11844	AA	0	0
11844	GA	0	0
11844	GG	0	0
11847	AAA	0	0
11847	GGC	0	0
11851	A	0	0
11851	G	0	0
11860	AGG	0	0
11860	GAC	0	0
11860	GAG	0	0
11866	A	0	0
11866	G	0	0
11879	AA	0	0
11879	AG	0	0
11879	CG	0	0
11885	A	0	0
11885	G	0	0
11886	CA	0	0
11886	TG	0	0
11888	A	0	0
11888	G	0	0
11891	C	0	0
11891	T	0	0
11893	A	0	0
11893	G	0	0
11895	A	0	0
11895	G	0	0
11898	GA	0	0
11898	GG	0	0
11898	TA	0	0
11904	CGC	0	0
11904	TAC	0	0
11904	TAT	0	0
11905	G	0	0
11905	T	0	0
11908	AAA	0	0
11908	GTT	0	0
11908	NAT	0	0
11908	NTT	0	0
11909	A	0	0
11909	G	0	0
11911	CG	0	0
11911	TT	0	0
11913	C	0	0
11913	T	0	0
11918	CCGG	0	0
11918	CTAA	0	0
11918	TCGG	0	0
11922	C	0	0
11922	T	0	0
11924	CA	0	0
11924	CG	0	0
11924	TG	0	0
11927	CGG	0	0
11927	TAA	0	0
11931	CA	0	0
11931	GC	0	0
11932	AG	0	0
11932	GA	0	0
11943	GT	0	0
11943	TG	0	0
11955	CG	0	0
11955	TG	0	0
11955	TT	0	0
11957	ACA	0	0
11957	CCG	0	0
11957	CTG	0	0
11958	C	0	0
11958	T	0	0
11960	AT	0	0
11960	GC	0	0
11961	G	0	0
11961	T	0	0
11964	CGT	0	0
11964	GCG	0	0
11969	A	0	0
11969	G	0	0
11972	GCTT	0	0
11972	TTCC	0	0
11977	CAA	0	0
11977	CGA	0	0
11977	GGG	0	0
11978	C	0	0
11978	T	0	0
11990	A	0	0
11990	G	0	0
11996	GGCC	0	0
11996	TATT	0	0
12001	A	0	0
12001	G	0	0
12003	C	0	0
12003	T	0	0
12013	AT	0	0
12013	GC	0	0
12015	C	0	0
12015	G	0	0
12017	C	0	0
12017	T	0	0
12021	C	0	0
12021	T	0	0
12029	A	0	0
12029	G	0	0
12032	CC	0	0
12032	CG	0	0
12032	TG	0	0
12034	C	0	0
12034	G	0	0
12036	CG	0	0
12036	GT	0	0
12037	C	0	0
12037	T	0	0
12046	C	0	0
12046	T	0	0
12053	AT	0	0
12053	GA	0	0
12056	C	0	0
12056	T	0	0
12059	A	0	0
12059	G	0	0
12062	ACGAG	0	0
12062	ATTGC	0	0
12062	GCGAG	0	0
12063	A	0	0
12063	G	0	0
12069	CT	0	0
12069	TC	0	0
12075	A	0	0
12075	C	0	0
12080	C	0	0
12080	T	0	0
12086	G	0	0
12086	T	0	0
12088	CG	0	0
12088	TA	0	0
12091	AGAT	0	0
12091	GCGC	0	0
12103	AG	0	0
12103	AT	0	0
12103	GG	0	0
12104	G	0	0
12104	T	0	0
12106	A	0	0
12106	T	0	0
12107	AAGCAAG	0	0
12107	AAGCGAG	0	0
12107	AAGTATG	0	0
12107	GGATAGA	0	0
12107	GGGTAAA	0	0
12107	GGGTAGA	0	0
12107	GGGTAGN	0	0
12107	GGGTATG	0	0
12107	GGGTGAA	0	0
12107	GGGTGGA	0	0
12111	G	0	0
12111	T	0	0
12113	A	0	0
12113	G	0	0
12115	A	0	0
12115	G	0	0
12115	N	0	0
12121	A	0	0
12121	G	0	0
12122	AGA	0	0
12122	GAG	0	0
12128	AA	0	0
12128	GA	0	0
12128	GG	0	0
12130	G	0	0
12130	T	0	0
12137	G	0	0
12137	T	0	0
12140	A	0	0
12140	G	0	0
12142	A	0	0
12142	C	0	0
12146	ACA	0	0
12146	ACC	0	0
12146	GAC	0	0
12146	GCC	0	0
12149	A	0	0
12149	T	0	0
12153	ACC	0	0
12153	ACT	0	0
12153	GCT	0	0
12153	GTT	0	0
12157	C	0	0
12157	T	0	0
12166	GG	0	0
12166	TA	0	0
12168	A	0	0
12168	G	0	0
12169	AA	0	0
12169	AC	0	0
12169	GC	0	0
12171	CCAT	0	0
12171	GTGG	0	0
12173	C	0	0
12173	T	0	0
12175	CC	0	0
12175	CT	0	0
12175	TC	0	0
12177	C	0	0
12177	T	0	0
12182	A	0	0
12182	G	0	0
12193	GATAC	0	0
12193	GATCC	0	0
12193	GATCT	0	0
12193	NNGAC	0	0
12193	NNNNC	0	0
12193	TCGAC	0	0
12195	AG	0	0
12195	TA	0	0
12195	TG	0	0
12198	A	0	0
12198	C	0	0
12199	A	0	0
12199	C	0	0
12203	ATG	0	0
12203	CAA	0	0
12205	C	0	0
12205	T	0	0
12212	CA	0	0
12212	GA	0	0
12212	GG	0	0
12218	C	0	0
12218	T	0	0
12220	A	0	0
12220	C	0	0
12223	AC	0	0
12223	CT	0	0
12224	A	0	0
12224	G	0	0
12226	A	0	0
12226	G	0	0
12228	AAAATG	0	0
12228	AGAGCG	0	0
12228	AGAGTA	0	0
12228	AGAGTG	0	0
12228	GGGGTA	0	0
12229	ATG	0	0
12229	GGA	0	0
12230	A	0	0
12230	G	0	0
12233	C	0	0
12233	T	0	0
12235	A	0	0
12235	G	0	0
12238	C	0	0
12238	T	0	0
12240	AGTCA	0	0
12240	NACCG	0	0
12240	NGCCA	0	0
12240	TGGTC	0	0
12244	GA	0	0
12244	GG	0	0
12244	TA	0	0
12248	AAT	0	0
12248	GCC	0	0
12250	GTG	0	0
12250	TCA	0	0
12252	C	0	0
12252	T	0	0
12253	A	0	0
12253	T	0	0
12255	A	0	0
12255	G	0	0
12256	G	0	0
12256	T	0	0
12269	AA	0	0
12269	GG	0	0
12274	AG	0	0
12274	GT	0	0
12278	AAAGCAGATAT	0	0
12278	AGAACAGATTT	0	0
12278	AGAACAGTTAT	0	0
12278	AGAACGGATTT	0	0
12278	AGAGCAAATTA	0	0
12278	AGAGCAGAGTA	0	0
12278	AGAGCAGATTA	0	0
12278	AGAGCAGATTT	0	0
12278	AGGGCAGATTT	0	0
12278	AGGGCAGTTAT	0	0
12278	GGGGTAGATTT	0	0
12288	CT	0	0
12288	TC	0	0
12305	C	0	0
12305	G	0	0
12314	A	0	0
12314	G	0	0
12315	AA	0	0
12315	GG	0	0
12317	C	0	0
12317	T	0	0
12323	C	0	0
12323	G	0	0
12328	A	0	0
12328	G	0	0
12329	C	0	0
12329	T	0	0
12332	A	0	0
12332	T	0	0
12333	A	0	0
12333	G	0	0
12336	AGG	0	0
12336	GGG	0	0
12336	GTA	0	0
12336	GTG	0	0
12343	GC	0	0
12343	NC	0	0
12343	NT	0	0
12343	TT	0	0
12347	A	0	0
12347	G	0	0
12348	AG	0	0
12348	TA	0	0
12350	C	0	0
12350	T	0	0
12353	A	0	0
12353	T	0	0
12354	A	0	0
12354	G	0	0
12354	T	0	0
12355	C	0	0
12355	T	0	0
12360	AAAGCCA	0	0
12360	AAGGCAG	0	0
12360	TAAGCCA	0	0
12360	TAATACA	0	0
12360	TAGGCAG	0	0
12360	TGAGCCA	0	0
12361	ATG	0	0
12361	TAC	0	0
12385	A	0	0
12385	G	0	0
12390	AC	0	0
12390	GC	0	0
12390	GT	0	0
12391	C	0	0
12391	N	0	0
12391	T	0	0
12395	A	0	0
12395	C	0	0
12396	CCG	0	0
12396	CTA	0	0
12396	TCG	0	0
12397	G	0	0
12397	T	0	0
12399	C	0	0
12399	T	0	0
12404	C	0	0
12404	T	0	0
12407	GA	0	0
12407	GG	0	0
12407	NG	0	0
12407	TG	0	0
12414	ACG	0	0
12414	GTA	0	0
12420	ACT	0	0
12420	ATG	0	0
12420	ATT	0	0
12420	GTT	0	0
12421	A	0	0
12421	G	0	0
12423	AA	0	0
12423	CA	0	0
12423	CG	0	0
12428	C	0	0
12428	T	0	0
12437	A	0	0
12437	C	0	0
12448	AG	0	0
12448	GT	0	0
12464	CT	0	0
12464	GC	0	0
12480	A	0	0
12480	C	0	0
12482	C	0	0
12482	T	0	0
12493	G	0	0
12493	T	0	0
12495	ACAC	0	0
12495	GAGG	0	0
12541	GG	0	0
12541	TA	0	0
12548	CCG	0	0
12548	GTC	0	0
12554	AT	0	0
12554	GG	0	0
12564	GG	0	0
12564	TA	0	0
12582	A	0	0
12582	G	0	0
12592	A	0	0
12592	G	0	0
12640	A	0	0
12640	T	0	0
12659	A	0	0
12659	C	0	0
12661	C	0	0
12661	T	0	0
12662	AT	0	0
12662	CC	0	0
12699	C	0	0
12699	N	0	0
12699	T	0	0
12702	AGAG	0	0
12702	GATC	0	0
12724	ATG	0	0
12724	TAA	0	0
12730	CG	0	0
12730	TC	0	0
12733	A	0	0
12733	C	0	0
12747	CC	0	0
12747	CT	0	0
12747	TC	0	0
12754	G	0	0
12754	T	0	0
12761	ACC	0	0
12761	ACG	0	0
12761	ATC	0	0
12761	GCC	0	0
12765	A	0	0
12765	G	0	0
12765	N	0	0
12769	A	0	0
12769	G	0	0
12772	AG	0	0
12772	GA	0	0
12790	CG	0	0
12790	TC	0	0
12812	CA	0	0
12812	GT	0	0
12828	G	0	0
12828	T	0	0
12841	CGA	0	0
12841	CGG	0	0
12841	GGG	0	0
12841	GTG	0	0
12841	NGG	0	0
12841	NNG	0	0
12863	CT	0	0
12863	GC	0	0
12882	C	0	0
12882	T	0	0
12897	AGCC	0	0
12897	CAGA	0	0
12898	CGTGCTTA	0	0
12898	CGTGCTTG	0	0
12898	CGTGTTTG	0	0
12898	TACACTAG	0	0
12898	TGCGCCGG	0	0
12898	TGCGCTGG	0	0
12900	CG	0	0
12900	TC	0	0
12909	CCAN	0	0
12909	CTCG	0	0
12909	GTCC	0	0
12941	CA	0	0
12941	CG	0	0
12941	TG	0	0
12974	G	0	0
12974	T	0	0
12979	CA	0	0
12979	TG	0	0
12993	C	0	0
12993	T	0	0
13016	CA	0	0
13016	TG	0	0
13022	A	0	0
13022	G	0	0
13024	CA	0	0
13024	CT	0	0
13024	TT	0	0
13027	CAG	0	0
13027	TGT	0	0
13041	AC	0	0
13041	CT	0	0
13047	A	0	0
13047	C	0	0
13082	A	0	0
13082	T	0	0
13084	A	0	0
13084	G	0	0
13086	C	0	0
13086	T	0	0
13089	G	0	0
13089	T	0	0
13113	G	0	0
13113	N	0	0
13113	T	0	0
13114	C	0	0
13114	T	0	0
13118	A	0	0
13118	G	0	0
13166	AGT	0	0
13166	TAC	0	0
13166	TGT	0	0
13187	CC	0	0
13187	TA	0	0
13192	C	0	0
13192	N	0	0
13192	T	0	0
13214	A	0	0
13214	G	0	0
13220	A	0	0
13220	G	0	0
13239	A	0	0
13239	T	0	0
13271	GGC	0	0
13271	NNN	0	0
13271	NNT	0	0
13271	TTT	0	0
13273	G	0	0
13273	T	0	0
13292	ACG	0	0
13292	CTC	0	0
13292	GTC	0	0
13322	ACT	0	0
13322	ATA	0	0
13322	ATT	0	0
13322	GTT	0	0
13351	G	0	0
13351	T	0	0
13366	CTAN	0	0
13366	TGGA	0	0
13366	TTGC	0	0
13375	CATC	0	0
13375	NATA	0	0
13375	NGCG	0	0
13375	TATA	0	0
13375	TATC	0	0
13375	TGCA	0	0
13375	TGCC	0	0
13375	TGCG	0	0
13393	A	0	0
13393	T	0	0
13397	C	0	0
13397	T	0	0
13414	A	0	0
13414	G	0	0
13442	CGG	0	0
13442	TAT	0	0
13442	TGT	0	0
13467	CG	0	0
13467	TC	0	0
13468	A	0	0
13468	T	0	0
13485	CT	0	0
13485	TC	0	0
13491	CGC	0	0
13491	TTT	0	0
13493	C	0	0
13493	G	0	0
13505	GA	0	0
13505	TA	0	0
13505	TG	0	0
13509	A	0	0
13509	G	0	0
13513	A	0	0
13513	G	0	0
13525	ACA	0	0
13525	GTC	0	0
13540	C	0	0
13540	G	0	0
13544	CAAGGCCTA	0	0
13544	CAAGGCGCG	0	0
13544	CAAGGCTCN	0	0
13544	NAGAGCTCN	0	0
13544	NGAGAGCTC	0	0
13544	NNNNGCNTC	0	0
13544	NNNNGCTCG	0	0
13544	NNNNGCTCN	0	0
13544	TAGAGCTCG	0	0
13554	AA	0	0
13554	AG	0	0
13554	CG	0	0
13559	A	0	0
13559	C	0	0
13564	A	0	0
13564	G	0	0
13597	AA	0	0
13597	AG	0	0
13597	AN	0	0
13597	GG	0	0
13606	G	0	0
13606	T	0	0
13630	AGT	0	0
13630	TCG	0	0
13638	CATA	0	0
13638	CGGG	0	0
13638	TGGG	0	0
13638	TGGN	0	0
13646	CGTGT	0	0
13646	TACAC	0	0
13646	TGCAC	0	0
13659	C	0	0
13659	G	0	0
13663	CT	0	0
13663	GG	0	0
13666	CT	0	0
13666	TC	0	0
13666	TT	0	0
13671	CAAGA	0	0
13671	NAAGA	0	0
13671	NAAGG	0	0
13671	NNAGA	0	0
13671	NNNNA	0	0
13671	TAAGA	0	0
13671	TAAGG	0	0
13671	TANNA	0	0
13671	TGAGA	0	0
13671	TGANA	0	0
13671	TGATA	0	0
13671	TGNNA	0	0
13671	TGTGA	0	0
13671	TNAGA	0	0
13671	TNNGA	0	0
13671	TNNNA	0	0
13672	AA	0	0
13672	GT	0	0
13677	CAG	0	0
13677	CAT	0	0
13677	CGG	0	0
13677	TGG	0	0
13683	A	0	0
13683	G	0	0
13691	CACT	0	0
13691	GCGA	0	0
13703	A	0	0
13703	G	0	0
13717	A	0	0
13717	T	0	0
13725	AGCC	0	0
13725	TCGT	0	0
13740	A	0	0
13740	G	0	0
13771	C	0	0
13771	T	0	0
13794	A	0	0
13794	N	0	0
13794	T	0	0
13798	C	0	0
13798	G	0	0
13805	AACC	0	0
13805	GGTT	0	0
13819	AC	0	0
13819	TA	0	0
13838	AG	0	0
13838	GA	0	0
13862	ACAA	0	0
13862	TGTT	0	0
13879	ATC	0	0
13879	CCC	0	0
13879	CCT	0	0
13882	AAAC	0	0
13882	TCAG	0	0
13882	TCGG	0	0
13883	AGT	0	0
13883	GAC	0	0
13889	A	0	0
13889	G	0	0
13924	G	0	0
13924	T	0	0
13925	CGACNNNTTACANNNNNNNNNNNGT	0	0
13925	CNNNNNNNNNCATCNNNNNNNNNNT	0	0
13925	CNNNNNNNNNNNNNNNNAGATCTGT	0	0
13925	CTAGCACCNNCATCACGAGGTCAGT	0	0
13925	CTAGCAGGAACATCACGAGGTCAGT	0	0
13925	CTAGGTCNNNCATCACGAGGTCAGT	0	0
13925	CTAGTGGTCACATCACGAGGTCAGT	0	0
13925	CTANCANGATCATCACGAGGTCAGC	0	0
13925	CTATTGAGGACATCACGAGGTCAGT	0	0
13925	CTATTGGCNNCATCACGAGGTCAGT	0	0
13925	CTCCAGTTCACATCACGAGGTCAGT	0	0
13925	CTCGGATNNNCATCACGAGGTCAGT	0	0
13925	CTCTCAATGACATCACGAGGTCAGT	0	0
13925	CTNGCAGTAACATCACGAGGTCAGT	0	0
13925	NNNNNNNNNNAGTCACGAGGTGCGT	0	0
13925	NNNNNNNNNNCNACACGAGGTGAGT	0	0
13925	NNNNNNNNNNNNAACCGAGGTGAGT	0	0
13925	NNNNNNNNNNNNNCGCGAGGTAAGT	0	0
13925	NNNNNNNNNNNNNNAAGAGCGGAGT	0	0
13925	NNNNNNNNNNNNNNNACAGCAGAGT	0	0
13925	NNNNNNNNNNNNNNNAGTGGTCAGT	0	0
13925	NNNNNNNNNNNNNNNCAATGGAAGT	0	0
13925	NNNNNNNNNNNNNNNNAACGTGATT	0	0
13925	NNNNNNNNNNNNNNNNGCGAGTAAT	0	0
13925	TGAGAANNNNCATCACGAGGTCAGT	0	0
13925	TGNNNAANNNCATCACGAGGTCAGT	0	0
13925	TGNNNNNNNNCTTCACGAGGTCAGT	0	0
13925	TNNNNNNNNNCNTCACGAGGTCAGT	0	0
13933	C	0	0
13933	T	0	0
13936	CA	0	0
13936	TT	0	0
13942	GGACT	0	0
13942	GGTCA	0	0
13942	GGTCT	0	0
13942	TATGA	0	0
13948	CCCCG	0	0
13948	CTCCG	0	0
13948	GCTTA	0	0
13949	A	0	0
13949	T	0	0
13955	A	0	0
13955	G	0	0
13955	N	0	0
13969	A	0	0
13969	G	0	0
13984	A	0	0
13984	G	0	0
13985	AT	0	0
13985	CC	0	0
13992	AAGTC	0	0
13992	AAGTG	0	0
13992	ACCCG	0	0
13992	ACGTG	0	0
13992	CAGTG	0	0
13992	NAGTG	0	0
13993	A	0	0
13993	T	0	0
13995	A	0	0
13995	G	0	0
13999	C	0	0
13999	T	0	0
14009	GAAAA	0	0
14009	GAAAG	0	0
14009	GAAGG	0	0
14009	TTTAA	0	0
14010	C	0	0
14010	G	0	0
14011	C	0	0
14011	T	0	0
14031	A	0	0
14031	G	0	0
14037	G	0	0
14037	T	0	0
14051	AC	0	0
14051	AN	0	0
14051	AT	0	0
14051	GT	0	0
14064	A	0	0
14064	C	0	0
14073	AG	0	0
14073	GC	0	0
14081	A	0	0
14081	G	0	0
14082	AGGCACAGACG	0	0
14082	GAGCACGGATG	0	0
14082	GAGCAGAAACG	0	0
14082	GAGCAGAGACG	0	0
14082	GGCTGGAGACG	0	0
14082	GTGCACAGGCA	0	0
14088	A	0	0
14088	G	0	0
14089	CTA	0	0
14089	GAG	0	0
14095	A	0	0
14095	C	0	0
14101	A	0	0
14101	G	0	0
14101	N	0	0
14102	A	0	0
14102	T	0	0
14116	AA	0	0
14116	AT	0	0
14116	TT	0	0
14118	A	0	0
14118	G	0	0
14119	AG	0	0
14119	GG	0	0
14119	GT	0	0
14123	C	0	0
14123	T	0	0
14128	CAA	0	0
14128	CTG	0	0
14128	TTA	0	0
14130	CC	0	0
14130	CG	0	0
14130	CN	0	0
14130	TC	0	0
14131	C	0	0
14131	T	0	0
14140	C	0	0
14140	G	0	0
14148	CTT	0	0
14148	TCC	0	0
14151	A	0	0
14151	G	0	0
14184	AC	0	0
14184	AT	0	0
14184	GT	0	0
14188	AAG	0	0
14188	CTA	0	0
14195	AAG	0	0
14195	AGA	0	0
14195	CGA	0	0
14196	G	0	0
14196	T	0	0
14212	A	0	0
14212	G	0	0
14213	A	0	0
14213	G	0	0
14223	A	0	0
14223	G	0	0
14233	A	0	0
14233	C	0	0
14237	AT	0	0
14237	TA	0	0
14244	C	0	0
14244	G	0	0
14262	CAAGCG	0	0
14262	CAGCCG	0	0
14262	CAGGTG	0	0
14262	CGGGCA	0	0
14262	TAGGCG	0	0
14264	A	0	0
14264	G	0	0
14266	AAA	0	0
14266	CTG	0	0
14274	C	0	0
14274	T	0	0
14276	A	0	0
14276	G	0	0
14277	ACC	0	0
14277	GTT	0	0
14283	G	0	0
14283	T	0	0
14284	ATCT	0	0
14284	GCGC	0	0
14285	CCT	0	0
14285	TCT	0	0
14285	TTC	0	0
14291	AC	0	0
14291	AT	0	0
14291	GT	0	0
14293	A	0	0
14293	N	0	0
14293	T	0	0
14297	A	0	0
14297	G	0	0
14307	A	0	0
14307	G	0	0
14310	A	0	0
14310	C	0	0
14319	CAA	0	0
14319	TCT	0	0
14322	GAC	0	0
14322	TGT	0	0
14323	A	0	0
14323	G	0	0
14331	AGAC	0	0
14331	ATTT	0	0
14331	GTTT	0	0
14335	AC	0	0
14335	GT	0	0
14336	CGCAGG	0	0
14336	CGGAAA	0	0
14336	TAGAGG	0	0
14336	TGGCAG	0	0
14340	GCTT	0	0
14340	TTCC	0	0
14343	AC	0	0
14343	AG	0	0
14343	GC	0	0
14348	A	0	0
14348	G	0	0
14353	A	0	0
14353	C	0	0
14360	C	0	0
14360	N	0	0
14360	T	0	0
14363	A	0	0
14363	T	0	0
14368	AAA	0	0
14368	AAG	0	0
14368	CGG	0	0
14369	AAA	0	0
14369	NGA	0	0
14369	TAC	0	0
14373	CAA	0	0
14373	TCT	0	0
14388	C	0	0
14388	T	0	0
14391	CA	0	0
14391	CT	0	0
14391	GA	0	0
14400	AC	0	0
14400	AG	0	0
14400	GC	0	0
14400	GG	0	0
14401	GTTG	0	0
14401	TCCA	0	0
14411	AGT	0	0
14411	TAA	0	0
14424	GT	0	0
14424	TC	0	0
14429	CGC	0	0
14429	CGG	0	0
14429	GAG	0	0
14429	GGG	0	0
14433	CAAG	0	0
14433	TAAG	0	0
14433	TACG	0	0
14433	TGAA	0	0
14435	CA	0	0
14435	GG	0	0
14443	GA	0	0
14443	GC	0	0
14443	TC	0	0
14455	CA	0	0
14455	NC	0	0
14455	TA	0	0
14457	AA	0	0
14457	TA	0	0
14457	TT	0	0
14458	AAT	0	0
14458	GAG	0	0
14458	GAT	0	0
14458	GTT	0	0
14462	A	0	0
14462	G	0	0
14464	AN	0	0
14464	GC	0	0
14464	GN	0	0
14464	GT	0	0
14465	CTAA	0	0
14465	CTAG	0	0
14465	TCGA	0	0
14477	C	0	0
14477	T	0	0
14486	GCC	0	0
14486	GTT	0	0
14486	TCC	0	0
14488	A	0	0
14488	G	0	0
14505	C	0	0
14505	T	0	0
14512	CCAAT	0	0
14512	GTGAG	0	0
14512	GTGGG	0	0
14527	CCTCAGC	0	0
14527	GGCTGAC	0	0
14527	TGCCAGC	0	0
14527	TGCCGGC	0	0
14527	TGCCGGT	0	0
14528	CCACCA	0	0
14528	CCGACA	0	0
14528	CCGAGA	0	0
14528	CCGAGG	0	0
14528	CTGCGA	0	0
14528	TCGCGA	0	0
14530	C	0	0
14530	T	0	0
14532	A	0	0
14532	G	0	0
14539	A	0	0
14539	C	0	0
14543	C	0	0
14543	T	0	0
14549	ATCN	0	0
14549	TACA	0	0
14549	TATC	0	0
14551	GCT	0	0
14551	TAG	0	0
14551	TCT	0	0
14554	C	0	0
14554	T	0	0
14561	CCA	0	0
14561	NAG	0	0
14561	TCG	0	0
14571	AAGG	0	0
14571	CGCA	0	0
14577	C	0	0
14577	T	0	0
14580	A	0	0
14580	G	0	0
14595	AT	0	0
14595	GA	0	0
14595	GT	0	0
14619	CGA	0	0
14619	GTG	0	0
14624	AA	0	0
14624	TC	0	0
14627	C	0	0
14627	T	0	0
14650	GCC	0	0
14650	TTA	0	0
14672	A	0	0
14672	G	0	0
14673	GGGAA	0	0
14673	NNCGA	0	0
14673	TTCGA	0	0
14673	TTCGG	0	0
14688	C	0	0
14688	T	0	0
14728	A	0	0
14728	G	0	0
14734	A	0	0
14734	G	0	0
14743	C	0	0
14743	T	0	0
14746	A	0	0
14746	T	0	0
14747	A	0	0
14747	G	0	0
14750	GTAC	0	0
14750	TCAG	0	0
14750	TCCC	0	0
14761	AAAT	0	0
14761	AGGA	0	0
14761	GGAA	0	0
14766	C	0	0
14766	G	0	0
14780	C	0	0
14780	T	0	0
14781	AGCC	0	0
14781	TATT	0	0
14782	A	0	0
14782	G	0	0
14794	A	0	0
14794	G	0	0
14801	CC	0	0
14801	TT	0	0
14814	AT	0	0
14814	CA	0	0
14814	CT	0	0
14815	C	0	0
14815	T	0	0
14821	CT	0	0
14821	TG	0	0
14830	AG	0	0
14830	GT	0	0
14834	A	0	0
14834	G	0	0
14843	A	0	0
14843	G	0	0
14851	CG	0	0
14851	TG	0	0
14851	TT	0	0
14871	C	0	0
14871	T	0	0
14872	C	0	0
14872	T	0	0
14880	CCGC	0	0
14880	TTAT	0	0
14889	C	0	0
14889	G	0	0
14895	C	0	0
14895	T	0	0
14900	A	0	0
14900	G	0	0
14904	A	0	0
14904	N	0	0
14904	T	0	0
14907	A	0	0
14907	G	0	0
14921	ATGC	0	0
14921	GCCT	0	0
14927	A	0	0
14927	G	0	0
14938	C	0	0
14938	T	0	0
14947	ACG	0	0
14947	GTC	0	0
14966	CA	0	0
14966	CG	0	0
14966	TG	0	0
14984	AAT	0	0
14984	GGC	0	0
15003	AG	0	0
15003	CA	0	0
15023	A	0	0
15023	C	0	0
15033	C	0	0
15033	T	0	0
15036	GC	0	0
15036	GT	0	0
15036	TT	0	0
15051	AGTC	0	0
15051	CAAA	0	0
15065	CACT	0	0
15065	GGTC	0	0
15069	A	0	0
15069	G	0	0
15077	CT	0	0
15077	TC	0	0
15082	GGGGGGGGG	0	0
15082	GGGGNNGGG	0	0
15082	TGGGGGGGG	0	0
15082	TTTTGGGGG	0	0
15082	TTTTTTGGG	0	0
15082	TTTTTTTTT	0	0
15087	A	0	0
15087	C	0	0
15091	G	0	0
15091	T	0	0
15095	G	0	0
15095	T	0	0
15096	CAA	0	0
15096	CAT	0	0
15096	TCA	0	0
15102	A	0	0
15102	G	0	0
15116	CT	0	0
15116	TC	0	0
15121	C	0	0
15121	N	0	0
15121	T	0	0
15129	AC	0	0
15129	GT	0	0
15134	CGG	0	0
15134	TAA	0	0
15139	AC	0	0
15139	NC	0	0
15139	TA	0	0
15139	TC	0	0
15141	A	0	0
15141	C	0	0
15164	AA	0	0
15164	GA	0	0
15164	GG	0	0
15181	A	0	0
15181	G	0	0
15194	G	0	0
15194	T	0	0
15204	AAT	0	0
15204	AGT	0	0
15204	GAC	0	0
15213	G	0	0
15213	T	0	0
15221	A	0	0
15221	G	0	0
15251	C	0	0
15251	N	0	0
15251	T	0	0
15260	CT	0	0
15260	TC	0	0
15260	TT	0	0
15280	A	0	0
15280	C	0	0
15301	A	0	0
15301	G	0	0
15313	CCCC	0	0
15313	CCCN	0	0
15313	NCCC	0	0
15313	TTTT	0	0
15347	AAT	0	0
15347	TGC	0	0
15354	A	0	0
15354	T	0	0
15355	A	0	0
15355	G	0	0
15379	A	0	0
15379	G	0	0
15389	CA	0	0
15389	TC	0	0
15392	A	0	0
15392	G	0	0
15393	A	0	0
15393	G	0	0
15394	C	0	0
15394	T	0	0
15395	C	0	0
15395	T	0	0
15397	A	0	0
15397	G	0	0
15399	AA	0	0
15399	GT	0	0
15404	AA	0	0
15404	AG	0	0
15404	GA	0	0
15407	G	0	0
15407	T	0	0
15408	GCC	0	0
15408	TTT	0	0
15415	ATCG	0	0
15415	TGGT	0	0
15420	CCT	0	0
15420	GGC	0	0
15424	A	0	0
15424	C	0	0
15426	G	0	0
15426	T	0	0
15437	AT	0	0
15437	CC	0	0
15439	AT	0	0
15439	GC	0	0
15440	G	0	0
15440	T	0	0
15441	A	0	0
15441	G	0	0
15448	C	0	0
15448	T	0	0
15451	AGGA	0	0
15451	GAAG	0	0
15451	GGGA	0	0
15458	GG	0	0
15458	NG	0	0
15458	NN	0	0
15458	NT	0	0
15458	TG	0	0
15459	CAG	0	0
15459	TGA	0	0
15479	CGA	0	0
15479	CGG	0	0
15479	TGG	0	0
15479	TTG	0	0
15484	A	0	0
15484	T	0	0
15490	CAC	0	0
15490	TAC	0	0
15490	TAT	0	0
15490	TGC	0	0
15492	AA	0	0
15492	GT	0	0
15497	C	0	0
15497	N	0	0
15497	T	0	0
15498	A	0	0
15498	G	0	0
15510	A	0	0
15510	G	0	0
15513	A	0	0
15513	G	0	0
15535	A	0	0
15535	C	0	0
15536	CA	0	0
15536	TG	0	0
15539	ACAG	0	0
15539	GTTA	0	0
15547	A	0	0
15547	C	0	0
15556	ACAG	0	0
15556	GGGG	0	0
15556	NCAA	0	0
15562	CCAN	0	0
15562	CCAT	0	0
15562	CCGG	0	0
15562	CCGN	0	0
15562	CGAT	0	0
15562	NCAT	0	0
15562	TCGG	0	0
15565	CA	0	0
15565	TC	0	0
15569	C	0	0
15569	G	0	0
15579	C	0	0
15579	T	0	0
15582	C	0	0
15582	T	0	0
15590	A	0	0
15590	C	0	0
15591	C	0	0
15591	T	0	0
15592	ATT	0	0
15592	CTC	0	0
15592	TAN	0	0
15597	AGACGGNG	0	0
15597	GATGCTGT	0	0
15597	GGTGGTCG	0	0
15598	A	0	0
15598	G	0	0
15610	A	0	0
15610	G	0	0
15613	CA	0	0
15613	CG	0	0
15613	TG	0	0
15625	CCC	0	0
15625	CGC	0	0
15625	CGN	0	0
15625	NCC	0	0
15625	NCT	0	0
15625	TCT	0	0
15635	A	0	0
15635	G	0	0
15641	A	0	0
15641	T	0	0
15647	AT	0	0
15647	GC	0	0
15651	A	0	0
15651	C	0	0
15660	G	0	0
15660	T	0	0
15661	CG	0	0
15661	CT	0	0
15661	TG	0	0
15662	AC	0	0
15662	TT	0	0
15664	A	0	0
15664	G	0	0
15668	C	0	0
15668	T	0	0
15672	ACG	0	0
15672	GAA	0	0
15672	GCG	0	0
15677	A	0	0
15677	G	0	0
15680	CA	0	0
15680	CG	0	0
15680	TA	0	0
15681	C	0	0
15681	G	0	0
15686	A	0	0
15686	G	0	0
15698	G	0	0
15698	T	0	0
15700	ACA	0	0
15700	GTC	0	0
15704	A	0	0
15704	G	0	0
15720	C	0	0
15720	T	0	0
15724	AT	0	0
15724	CG	0	0
15725	GGTC	0	0
15725	TAGG	0	0
15729	G	0	0
15729	T	0	0
15733	CC	0	0
15733	TT	0	0
15741	CT	0	0
15741	GG	0	0
15741	GT	0	0
15741	NT	0	0
15747	G	0	0
15747	T	0	0
15752	C	0	0
15752	T	0	0
15755	CCAGAG	0	0
15755	CTGACG	0	0
15755	NCAGAA	0	0
15755	TCAGAG	0	0
15756	A	0	0
15756	G	0	0
15757	A	0	0
15757	G	0	0
15764	A	0	0
15764	T	0	0
15765	A	0	0
15765	T	0	0
15772	CAA	0	0
15772	CGG	0	0
15772	TGG	0	0
15777	CC	0	0
15777	CT	0	0
15777	TC	0	0
15778	A	0	0
15778	G	0	0
15781	GG	0	0
15781	TA	0	0
15782	C	0	0
15782	G	0	0
15784	AGG	0	0
15784	GTT	0	0
15785	C	0	0
15785	T	0	0
15788	C	0	0
15788	T	0	0
15797	A	0	0
15797	G	0	0
15803	C	0	0
15803	G	0	0
15806	C	0	0
15806	G	0	0
15809	A	0	0
15809	G	0	0
15810	A	0	0
15810	G	0	0
15813	A	0	0
15813	G	0	0
15816	ATG	0	0
15816	CAA	0	0
15819	AACTTA	0	0
15819	AANNTN	0	0
15819	AATGTC	0	0
15819	ACANTA	0	0
15819	TNGTGT	0	0
15820	AA	0	0
15820	GC	0	0
15826	AG	0	0
15826	GA	0	0
15826	GG	0	0
15827	A	0	0
15827	G	0	0
15828	A	0	0
15828	G	0	0
15831	CAC	0	0
15831	TGA	0	0
15843	A	0	0
15843	C	0	0
15845	A	0	0
15845	G	0	0
15851	G	0	0
15851	T	0	0
15871	C	0	0
15871	T	0	0
15879	A	0	0
15879	G	0	0
15881	A	0	0
15881	G	0	0
15882	A	0	0
15882	T	0	0
15885	G	0	0
15885	T	0	0
15887	A	0	0
15887	G	0	0
15891	C	0	0
15891	G	0	0
15923	A	0	0
15923	C	0	0
15926	CA	0	0
15926	CG	0	0
15926	GG	0	0
15937	AATCA	0	0
15937	AATCG	0	0
15937	TGCTG	0	0
15952	AGC	0	0
15952	GAT	0	0
15954	CCTGCTCC	0	0
15954	CTCGCCCC	0	0
15954	CTCGCCTT	0	0
15954	GCCTGCCC	0	0
15956	CGCG	0	0
15956	GCGC	0	0
15963	A	0	0
15963	C	0	0
15973	C	0	0
15973	G	0	0
15986	CA	0	0
15986	CG	0	0
15986	GG	0	0
15994	CC	0	0
15994	CG	0	0
15994	TG	0	0
16011	AAA	0	0
16011	ATA	0	0
16011	ATC	0	0
16011	TAA	0	0
16024	A	0	0
16024	G	0	0
16037	AAAAATAT	0	0
16037	AAACATTT	0	0
16037	ACTCTTTT	0	0
16037	ANNCTTTT	0	0
16037	GCTCTTTT	0	0
16037	NNNAATAT	0	0
16037	NNNCCTTT	0	0
16037	NNNCTATT	0	0
16037	NNNCTTAT	0	0
16037	NNNCTTTG	0	0
16037	NNNCTTTT	0	0
16060	C	0	0
16060	T	0	0
16065	A	0	0
16065	G	0	0
16084	CCGA	0	0
16084	CCGG	0	0
16084	TGAG	0	0
16088	C	0	0
16088	G	0	0
16098	G	0	0
16098	T	0	0
16100	C	0	0
16100	T	0	0
16101	AC	0	0
16101	AT	0	0
16101	GC	0	0
16103	C	0	0
16103	T	0	0
16108	ACCCTTTA	0	0
16108	GCACCTGG	0	0
16108	GCACTCGA	0	0
16108	GTATCCGA	0	0
16125	A	0	0
16125	C	0	0
16133	GA	0	0
16133	NA	0	0
16133	TC	0	0
16165	AGAGGGG	0	0
16165	GAAACCA	0	0
16165	GAAGGGG	0	0
16165	GAANNNN	0	0
16165	GAGACNN	0	0
16168	A	0	0
16168	C	0	0
16182	G	0	0
16182	T	0	0
16213	ACAC	0	0
16213	ATAA	0	0
16213	ATAC	0	0
16213	CCTC	0	0
16224	A	0	0
16224	G	0	0
16227	CG	0	0
16227	GC	0	0
16243	A	0	0
16243	T	0	0
16258	A	0	0
16258	T	0	0
16272	CCG	0	0
16272	TTA	0	0
16273	A	0	0
16273	G	0	0
16288	CGCGC	0	0
16288	TATGC	0	0
16288	TGCCC	0	0
16288	TGCGG	0	0
16295	G	0	0
16295	T	0	0
16297	C	0	0
16297	T	0	0
16320	A	0	0
16320	G	0	0
16330	C	0	0
16330	G	0	0
16367	GAA	0	0
16367	TTC	0	0
16388	A	0	0
16388	G	0	0
16408	A	0	0
16408	T	0	0
16415	A	0	0
16415	G	0	0
16417	AG	0	0
16417	GA	0	0
16417	GG	0	0
16448	A	0	0
16448	T	0	0
16472	CCA	0	0
16472	TTG	0	0
16480	ATTAG	0	0
16480	GGACA	0	0
16480	GGTCA	0	0
16484	A	0	0
16484	T	0	0
16489	A	0	0
16489	G	0	0
16497	C	0	0
16497	T	0	0
16522	AAG	0	0
16522	TGT	0	0
16529	AT	0	0
16529	GC	0	0
16548	CCCA	0	0
16548	GGTG	0	0
16559	C	0	0
16559	T	0	0
16563	A	0	0
16563	G	0	0
16572	AT	0	0
16572	TC	0	0
16575	C	0	0
16575	G	0	0
16589	A	0	0
16589	C	0	0
16589	N	0	0
16601	GAC	0	0
16601	NNT	0	0
16601	TGT	0	0
16605	A	0	0
16605	C	0	0
16624	A	0	0
16624	G	0	0
16625	A	0	0
16625	T	0	0
16627	C	0	0
16627	G	0	0
16628	A	0	0
16628	G	0	0
16656	AA	0	0
16656	AG	0	0
16656	CN	0	0
16674	A	0	0
16674	G	0	0
16684	CT	0	0
16684	TC	0	0
16721	AG	0	0
16721	TC	0	0
16731	A	0	0
16731	G	0	0
16747	C	0	0
16747	T	0	0
16767	AG	0	0
16767	CA	0	0
16767	CG	0	0
16796	A	0	0
16796	T	0	0
16817	C	0	0
16817	G	0	0
16868	CA	0	0
16868	TG	0	0
16869	C	0	0
16869	T	0	0
16896	G	0	0
16896	T	0	0
16910	A	0	0
16910	G	0	0
16917	AGG	0	0
16917	ATG	0	0
16917	TTT	0	0
16923	A	0	0
16923	G	0	0
16929	C	0	0
16929	T	0	0
16940	CA	0	0
16940	CT	0	0
16940	TT	0	0
16945	A	0	0
16945	G	0	0
16954	A	0	0
16954	T	0	0
16965	C	0	0
16965	T	0	0
16974	A	0	0
16974	C	0	0
16975	AAGT	0	0
16975	GTCC	0	0
16982	AAA	0	0
16982	GGC	0	0
16996	A	0	0
16996	T	0	0
17011	A	0	0
17011	G	0	0
17016	A	0	0
17016	G	0	0
17032	C	0	0
17032	T	0	0
17034	CG	0	0
17034	GA	0	0
17051	A	0	0
17051	C	0	0
17052	AGAGG	0	0
17052	AGAGT	0	0
17052	AGCTT	0	0
17052	GACGT	0	0
17080	AA	0	0
17080	TG	0	0
17091	G	0	0
17091	T	0	0
17120	A	0	0
17120	T	0	0
17128	G	0	0
17128	T	0	0
17134	AA	0	0
17134	AG	0	0
17134	GG	0	0
17157	CA	0	0
17157	TG	0	0
17188	C	0	0
17188	T	0	0
17202	AAAG	0	0
17202	GGGA	0	0
17215	C	0	0
17215	T	0	0
17218	AT	0	0
17218	GC	0	0
17226	CGAT	0	0
17226	GTGG	0	0
17232	A	0	0
17232	C	0	0
17234	C	0	0
17234	G	0	0
17239	ATGTA	0	0
17239	GCACA	0	0
17239	GCACG	0	0
17239	GCACN	0	0
17246	C	0	0
17246	T	0	0
17254	C	0	0
17254	G	0	0
17306	AAC	0	0
17306	AAT	0	0
17306	ACC	0	0
17306	TNC	0	0
17318	A	0	0
17318	T	0	0
17330	C	0	0
17330	T	0	0
17332	C	0	0
17332	T	0	0
17335	A	0	0
17335	G	0	0
17340	C	0	0
17340	T	0	0
17342	C	0	0
17342	G	0	0
17345	G	0	0
17345	T	0	0
17353	GACC	0	0
17353	NACT	0	0
17353	NGCT	0	0
17353	TAAT	0	0
17353	TGCT	0	0
17356	AG	0	0
17356	AT	0	0
17356	GG	0	0
17359	AA	0	0
17359	AT	0	0
17359	TA	0	0
17370	C	0	0
17370	G	0	0
17379	C	0	0
17379	T	0	0
17388	A	0	0
17388	G	0	0
17391	C	0	0
17391	T	0	0
17393	AA	0	0
17393	AT	0	0
17393	GA	0	0
17394	A	0	0
17394	T	0	0
17411	AT	0	0
17411	GC	0	0
17423	A	0	0
17423	G	0	0
17424	C	0	0
17424	G	0	0
17427	CT	0	0
17427	TC	0	0
17439	G	0	0
17439	T	0	0
17449	A	0	0
17449	G	0	0
17452	GG	0	0
17452	TC	0	0
17453	AA	0	0
17453	GG	0	0
17485	A	0	0
17485	G	0	0
17512	C	0	0
17512	T	0	0
17513	C	0	0
17513	T	0	0
17520	AT	0	0
17520	GC	0	0
17520	GT	0	0
17534	C	0	0
17534	T	0	0
17588	C	0	0
17588	G	0	0
17620	AATG	0	0
17620	CCAC	0	0
17632	A	0	0
17632	G	0	0
17633	AAT	0	0
17633	AGG	0	0
17633	AGT	0	0
17633	GNT	0	0
17633	NNT	0	0
17639	AA	0	0
17639	TG	0	0
17653	G	0	0
17653	T	0	0
17669	A	0	0
17669	G	0	0
17671	A	0	0
17671	G	0	0
17684	CC	0	0
17684	TT	0	0
17688	C	0	0
17688	G	0	0
17690	A	0	0
17690	T	0	0
17698	AC	0	0
17698	CA	0	0
17723	C	0	0
17723	G	0	0
17731	G	0	0
17731	N	0	0
17731	T	0	0
17732	C	0	0
17732	G	0	0
17735	A	0	0
17735	G	0	0
17738	AA	0	0
17738	GG	0	0
17740	A	0	0
17740	G	0	0
17747	A	0	0
17747	G	0	0
17748	C	0	0
17748	T	0	0
17751	C	0	0
17751	T	0	0
17763	C	0	0
17763	T	0	0
17777	C	0	0
17777	G	0	0
17777	N	0	0
17796	C	0	0
17796	G	0	0
17807	A	0	0
17807	G	0	0
17823	ATC	0	0
17823	ATT	0	0
17823	GCT	0	0
17826	G	0	0
17826	T	0	0
17828	AC	0	0
17828	TC	0	0
17828	TT	0	0
17835	C	0	0
17835	T	0	0
17847	C	0	0
17847	T	0	0
17859	AA	0	0
17859	AG	0	0
17859	TA	0	0
17867	A	0	0
17867	T	0	0
17887	A	0	0
17887	G	0	0
17904	AA	0	0
17904	AN	0	0
17904	GC	0	0
17913	A	0	0
17913	T	0	0
17943	A	0	0
17943	C	0	0
17965	C	0	0
17965	T	0	0
17966	C	0	0
17966	T	0	0
17969	AGAC	0	0
17969	GCGG	0	0
17979	A	0	0
17979	T	0	0
17980	C	0	0
17980	T	0	0
17987	A	0	0
17987	T	0	0
18000	A	0	0
18000	G	0	0
18002	CC	0	0
18002	GC	0	0
18002	GG	0	0
18029	AA	0	0
18029	GA	0	0
18029	GG	0	0
18031	G	0	0
18031	T	0	0
18042	A	0	0
18042	T	0	0
18051	A	0	0
18051	G	0	0
18058	C	0	0
18058	G	0	0
18061	C	0	0
18061	G	0	0
18063	A	0	0
18063	G	0	0
18066	G	0	0
18066	N	0	0
18066	T	0	0
18069	A	0	0
18069	N	0	0
18069	T	0	0
18074	A	0	0
18074	G	0	0
18085	CC	0	0
18085	TG	0	0
18095	A	0	0
18095	G	0	0
18096	G	0	0
18096	T	0	0
18101	AA	0	0
18101	AG	0	0
18101	TA	0	0
18105	A	0	0
18105	C	0	0
18123	C	0	0
18123	T	0	0
18125	A	0	0
18125	G	0	0
18127	ATT	0	0
18127	GGC	0	0
18127	GGT	0	0
18132	AAC	0	0
18132	GGA	0	0
18142	A	0	0
18142	C	0	0
18143	CG	0	0
18143	TC	0	0
18179	A	0	0
18179	G	0	0
18198	A	0	0
18198	G	0	0
18218	A	0	0
18218	G	0	0
18220	CAAAA	0	0
18220	CAAGC	0	0
18220	TGGTA	0	0
18238	AT	0	0
18238	TG	0	0
18258	G	0	0
18258	T	0	0
18267	AGT	0	0
18267	TAA	0	0
18281	C	0	0
18281	G	0	0
18282	A	0	0
18282	G	0	0
18293	CG	0	0
18293	GA	0	0
18294	CC	0	0
18294	GG	0	0
18362	CGC	0	0
18362	TAT	0	0
18372	CC	0	0
18372	TT	0	0
18468	C	0	0
18468	T	0	0
18473	A	0	0
18473	G	0	0
18478	A	0	0
18478	N	0	0
18478	T	0	0
18481	CATAA	0	0
18481	CTATC	0	0
18481	GAANC	0	0
18488	CT	0	0
18488	TC	0	0
18488	TT	0	0
18490	A	0	0
18490	G	0	0
18496	G	0	0
18496	T	0	0
18511	ACTT	0	0
18511	CTCC	0	0
18511	CTCT	0	0
18511	NNCT	0	0
18546	A	0	0
18546	G	0	0
18552	AG	0	0
18552	GA	0	0
18578	A	0	0
18578	G	0	0
18586	A	0	0
18586	G	0	0
18587	A	0	0
18587	G	0	0
18590	A	0	0
18590	C	0	0
18600	A	0	0
18600	G	0	0
18613	A	0	0
18613	G	0	0
18620	AGA	0	0
18620	GAG	0	0
18626	CCG	0	0
18626	TCG	0	0
18626	TGA	0	0
18627	AA	0	0
18627	CC	0	0
18630	AT	0	0
18630	CC	0	0
18638	A	0	0
18638	C	0	0
18644	C	0	0
18644	T	0	0
18654	AAC	0	0
18654	AGC	0	0
18654	GAT	0	0
18658	A	0	0
18658	C	0	0
18670	A	0	0
18670	G	0	0
18675	AA	0	0
18675	TC	0	0
18679	ATA	0	0
18679	ATC	0	0
18679	CAA	0	0
18684	AATAA	0	0
18684	GAAAA	0	0
18684	GANAA	0	0
18684	GANAC	0	0
18684	GATAA	0	0
18684	GATTA	0	0
18684	GGTAN	0	0
18692	CC	0	0
18692	TT	0	0
18695	C	0	0
18695	T	0	0
18698	AGGC	0	0
18698	GTAT	0	0
18732	C	0	0
18732	N	0	0
18732	T	0	0
18758	GAAGT	0	0
18758	GGGGT	0	0
18758	TGAAC	0	0
18765	G	0	0
18765	T	0	0
18766	A	0	0
18766	G	0	0
18770	A	0	0
18770	T	0	0
18771	AC	0	0
18771	GT	0	0
18778	C	0	0
18778	T	0	0
18781	CA	0	0
18781	GG	0	0
18788	AA	0	0
18788	AG	0	0
18788	GA	0	0
18790	AT	0	0
18790	NA	0	0
18790	TA	0	0
18809	A	0	0
18809	G	0	0
18819	ACATGA	0	0
18819	GGGTCG	0	0
18819	GTGCGA	0	0
18826	CA	0	0
18826	NT	0	0
18826	TT	0	0
18840	A	0	0
18840	T	0	0
18843	C	0	0
18843	G	0	0
18846	CC	0	0
18846	TT	0	0
18851	AAA	0	0
18851	TGT	0	0
18853	C	0	0
18853	T	0	0
18854	CTG	0	0
18854	GCT	0	0
18858	GCAC	0	0
18858	TCTT	0	0
18858	TGTT	0	0
18872	A	0	0
18872	N	0	0
18872	T	0	0
18875	CCT	0	0
18875	TAT	0	0
18875	TCA	0	0
18878	A	0	0
18878	T	0	0
18884	A	0	0
18884	G	0	0
18886	C	0	0
18886	G	0	0
18888	A	0	0
18888	T	0	0
18892	CCCG	0	0
18892	CTCN	0	0
18892	TCTC	0	0
18896	A	0	0
18896	C	0	0
18897	A	0	0
18897	C	0	0
18904	CTTGCG	0	0
18904	GTCTCG	0	0
18904	GTCTNA	0	0
18904	NGTGAG	0	0
18907	C	0	0
18907	T	0	0
18909	C	0	0
18909	T	0	0
18919	G	0	0
18919	T	0	0
18924	A	0	0
18924	G	0	0
18926	CAT	0	0
18926	GAN	0	0
18926	NAG	0	0
18926	NAT	0	0
18926	NCN	0	0
18926	TAT	0	0
18942	C	0	0
18942	G	0	0
18945	A	0	0
18945	G	0	0
18947	C	0	0
18947	N	0	0
18947	T	0	0
18948	ACG	0	0
18948	CTC	0	0
18956	AG	0	0
18956	GA	0	0
18967	A	0	0
18967	G	0	0
18970	AA	0	0
18970	TG	0	0
18972	A	0	0
18972	G	0	0
18976	CA	0	0
18976	TT	0	0
18981	A	0	0
18981	G	0	0
18984	A	0	0
18984	G	0	0
18990	A	0	0
18990	G	0	0
18990	N	0	0
19005	C	0	0
19005	T	0	0
19010	CAAACCGCTC	0	0
19010	CAATACGTTC	0	0
19010	CNAACCATTA	0	0
19010	TAAACTGCGC	0	0
19010	TATTCCGTTC	0	0
19010	TCATCCATTC	0	0
19013	C	0	0
19013	T	0	0
19024	AT	0	0
19024	GA	0	0
19030	C	0	0
19030	T	0	0
19033	A	0	0
19033	G	0	0
19042	A	0	0
19042	C	0	0
19053	A	0	0
19053	G	0	0
19056	C	0	0
19056	T	0	0
19058	C	0	0
19058	T	0	0
19060	AACC	0	0
19060	ATTA	0	0
19060	ATTC	0	0
19060	GTTA	0	0
19088	C	0	0
19088	N	0	0
19088	T	0	0
19104	AA	0	0
19104	CG	0	0
19115	C	0	0
19115	T	0	0
19117	CCCC	0	0
19117	TGTG	0	0
19119	A	0	0
19119	G	0	0
19122	C	0	0
19122	T	0	0
19139	A	0	0
19139	G	0	0
19146	AG	0	0
19146	AT	0	0
19146	GG	0	0
19149	A	0	0
19149	G	0	0
19154	CAACTG	0	0
19154	CGATGC	0	0
19154	TGCTCA	0	0
19154	TNCTCA	0	0
19160	A	0	0
19160	G	0	0
19183	AAA	0	0
19183	TAG	0	0
19183	TTG	0	0
19185	AG	0	0
19185	GA	0	0
19185	GG	0	0
19188	A	0	0
19188	G	0	0
19192	ACGC	0	0
19192	GTCT	0	0
19194	CA	0	0
19194	CG	0	0
19194	TG	0	0
19209	AGA	0	0
19209	GTT	0	0
19229	C	0	0
19229	T	0	0
19233	A	0	0
19233	C	0	0
19235	A	0	0
19235	C	0	0
19244	GC	0	0
19244	TA	0	0
19244	TC	0	0
19251	A	0	0
19251	C	0	0
19257	GCG	0	0
19257	TAA	0	0
19257	TCA	0	0
19282	C	0	0
19282	T	0	0
19309	C	0	0
19309	G	0	0
19312	CC	0	0
19312	NC	0	0
19312	TT	0	0
19336	G	0	0
19336	T	0	0
19348	G	0	0
19348	T	0	0
19365	A	0	0
19365	G	0	0
19367	A	0	0
19367	T	0	0
19380	C	0	0
19380	T	0	0
19381	CA	0	0
19381	TT	0	0
19399	C	0	0
19399	T	0	0
19417	C	0	0
19417	G	0	0
19436	A	0	0
19436	G	0	0
19460	CACTT	0	0
19460	CCTAG	0	0
19460	GCATA	0	0
19462	A	0	0
19462	G	0	0
19479	C	0	0
19479	G	0	0
19484	C	0	0
19484	G	0	0
19488	CGT	0	0
19488	TTC	0	0
19505	A	0	0
19505	G	0	0
19508	AC	0	0
19508	GT	0	0
19512	G	0	0
19512	T	0	0
19523	CCTC	0	0
19523	TTCA	0	0
19536	A	0	0
19536	G	0	0
19559	AT	0	0
19559	CG	0	0
19561	A	0	0
19561	G	0	0
19563	AAGC	0	0
19563	AGAC	0	0
19563	TAGT	0	0
19575	G	0	0
19575	T	0	0
19583	C	0	0
19583	G	0	0
19584	C	0	0
19584	T	0	0
19604	C	0	0
19604	T	0	0
19609	CTGGCC	0	0
19609	CTGGCT	0	0
19609	NTGGCC	0	0
19609	TCAATT	0	0
19609	TCGATT	0	0
19611	C	0	0
19611	T	0	0
19615	A	0	0
19615	G	0	0
19631	C	0	0
19631	T	0	0
19637	C	0	0
19637	T	0	0
19639	A	0	0
19639	C	0	0
19645	A	0	0
19645	G	0	0
19655	G	0	0
19655	T	0	0
19656	C	0	0
19656	T	0	0
19662	ATGA	0	0
19662	GCTT	0	0
19689	CG	0	0
19689	TA	0	0
19699	AA	0	0
19699	CC	0	0
19704	AATAC	0	0
19704	TGCGT	0	0
19704	TGTAC	0	0
19705	G	0	0
19705	T	0	0
19723	G	0	0
19723	T	0	0
19736	A	0	0
19736	G	0	0
19766	C	0	0
19766	G	0	0
19776	AAC	0	0
19776	NNN	0	0
19776	TTT	0	0
19782	A	0	0
19782	C	0	0
19787	G	0	0
19787	T	0	0
19790	C	0	0
19790	T	0	0
19798	A	0	0
19798	C	0	0
19813	ACAC	0	0
19813	CTGT	0	0
19818	G	0	0
19818	T	0	0
19820	G	0	0
19820	T	0	0
19827	A	0	0
19827	G	0	0
19840	CA	0	0
19840	TG	0	0
19843	CT	0	0
19843	TG	0	0
19846	AA	0	0
19846	AG	0	0
19846	GA	0	0
19846	GG	0	0
19850	A	0	0
19850	G	0	0
19856	A	0	0
19856	T	0	0
19858	C	0	0
19858	T	0	0
19862	A	0	0
19862	T	0	0
19875	G	0	0
19875	T	0	0
19893	AG	0	0
19893	CA	0	0
19899	C	0	0
19899	T	0	0
19907	CG	0	0
19907	GA	0	0
19910	C	0	0
19910	T	0	0
19921	C	0	0
19921	T	0	0
19933	C	0	0
19933	T	0	0
19944	A	0	0
19944	G	0	0
19947	C	0	0
19947	G	0	0
19963	C	0	0
19963	T	0	0
19966	ACTC	0	0
19966	CTCT	0	0
19969	AG	0	0
19969	TT	0	0
19975	C	0	0
19975	T	0	0
19980	A	0	0
19980	T	0	0
19986	G	0	0
19986	T	0	0
19987	ACT	0	0
19987	GAC	0	0
19989	CC	0	0
19989	NC	0	0
19989	NT	0	0
19989	TC	0	0
20011	C	0	0
20011	T	0	0
20013	A	0	0
20013	T	0	0
20027	CG	0	0
20027	TC	0	0
20029	C	0	0
20029	T	0	0
20030	AGT	0	0
20030	TAC	0	0
20034	CA	0	0
20034	CC	0	0
20034	NN	0	0
20034	TA	0	0
20037	A	0	0
20037	T	0	0
20038	G	0	0
20038	N	0	0
20038	T	0	0
20046	A	0	0
20046	C	0	0
20050	C	0	0
20050	T	0	0
20053	C	0	0
20053	T	0	0
20060	C	0	0
20060	T	0	0
20067	C	0	0
20067	T	0	0
20072	A	0	0
20072	G	0	0
20076	ATGNAGA	0	0
20076	ATGNGGA	0	0
20076	ATTGAGA	0	0
20076	ATTGGGA	0	0
20076	ATTGNGA	0	0
20076	NTAGNGA	0	0
20076	TATNAAA	0	0
20076	TTANAAA	0	0
20076	TTGATGA	0	0
20076	TTGATGN	0	0
20076	TTGGTGA	0	0
20076	TTGGTGT	0	0
20076	TTGNAGA	0	0
20076	TTGNGGA	0	0
20076	TTTGAGA	0	0
20076	TTTGGGA	0	0
20076	TTTGNGA	0	0
20076	TTTGNNN	0	0
20076	TTTNAAA	0	0
20082	ATGC	0	0
20082	GCCT	0	0
20100	A	0	0
20100	G	0	0
20107	CCC	0	0
20107	CTT	0	0
20107	TCC	0	0
20108	AT	0	0
20108	GA	0	0
20108	GN	0	0
20108	GT	0	0
20110	ACCT	0	0
20110	GCCT	0	0
20110	GGGC	0	0
20122	AAGCTGG	0	0
20122	GAGCCCC	0	0
20122	GGATCCC	0	0
20129	A	0	0
20129	T	0	0
20144	A	0	0
20144	G	0	0
20172	C	0	0
20172	G	0	0
20200	CAA	0	0
20200	TCA	0	0
20200	TCG	0	0
20210	ACG	0	0
20210	CCG	0	0
20210	TAA	0	0
20215	AA	0	0
20215	AG	0	0
20215	GA	0	0
20216	CAGT	0	0
20216	TGCA	0	0
20230	A	0	0
20230	G	0	0
20233	AT	0	0
20233	TG	0	0
20237	A	0	0
20237	G	0	0
20251	CGCG	0	0
20251	TTGT	0	0
20254	A	0	0
20254	C	0	0
20258	CCT	0	0
20258	TTC	0	0
20265	AA	0	0
20265	GG	0	0
20268	AT	0	0
20268	GG	0	0
20269	C	0	0
20269	T	0	0
20295	CC	0	0
20295	GC	0	0
20295	GT	0	0
20298	A	0	0
20298	G	0	0
20299	A	0	0
20299	G	0	0
20310	AACAT	0	0
20310	AGCGC	0	0
20310	GGCAC	0	0
20310	GGCGC	0	0
20310	GGGGT	0	0
20314	CT	0	0
20314	TC	0	0
20328	CA	0	0
20328	GG	0	0
20340	C	0	0
20340	T	0	0
20343	CA	0	0
20343	CT	0	0
20343	NN	0	0
20343	TA	0	0
20343	TN	0	0
20346	CTCATGT	0	0
20346	CTCGGCC	0	0
20346	TCCGTGC	0	0
20346	TTAAACC	0	0
20346	TTAAGCC	0	0
20346	TTAATGC	0	0
20346	TTCGACC	0	0
20346	TTCGTGC	0	0
20351	AAAT	0	0
20351	GGGC	0	0
20365	ATTTG	0	0
20365	CCGAA	0	0
20365	CCGCG	0	0
20369	C	0	0
20369	T	0	0
20370	CACAGACTG	0	0
20370	CCCAGGCCC	0	0
20370	CGCAAGCTG	0	0
20370	CGCGGGGTG	0	0
20370	CGGAGGCTA	0	0
20370	CGGAGGCTG	0	0
20370	GGCGGGCCG	0	0
20370	GGGAGGCTG	0	0
20373	CGG	0	0
20373	TAT	0	0
20384	AA	0	0
20384	AG	0	0
20384	GG	0	0
20410	C	0	0
20410	G	0	0
20415	ACAGTC	0	0
20415	ATAGTC	0	0
20415	ATGGTC	0	0
20415	TCAAGA	0	0
20415	TCAGTC	0	0
20415	TTAGTC	0	0
20428	ACC	0	0
20428	TGT	0	0
20433	AC	0	0
20433	CT	0	0
20449	CGG	0	0
20449	TAA	0	0
20450	ATGTG	0	0
20450	GCCTA	0	0
20450	GTCCA	0	0
20455	AG	0	0
20455	GA	0	0
20459	CAAGA	0	0
20459	CATAG	0	0
20459	TGGNN	0	0
20460	CT	0	0
20460	TC	0	0
20473	A	0	0
20473	C	0	0
20482	A	0	0
20482	T	0	0
20486	A	0	0
20486	C	0	0
20494	A	0	0
20494	C	0	0
20502	CCGCCG	0	0
20502	CCGCGG	0	0
20502	CCGTCG	0	0
20502	CGGCCC	0	0
20502	GGCCCG	0	0
20509	CA	0	0
20509	CG	0	0
20509	GG	0	0
20513	CCC	0	0
20513	TTT	0	0
20523	AAT	0	0
20523	ATC	0	0
20523	GTC	0	0
20533	CTG	0	0
20533	TAA	0	0
20534	AC	0	0
20534	AT	0	0
20534	GC	0	0
20540	CAG	0	0
20540	TGA	0	0
20544	A	0	0
20544	G	0	0
20568	C	0	0
20568	T	0	0
20569	A	0	0
20569	G	0	0
20571	AAAG	0	0
20571	TCCC	0	0
20572	ATATCCT	0	0
20572	ATCCTCC	0	0
20572	CCATCTT	0	0
20579	G	0	0
20579	N	0	0
20579	T	0	0
20589	C	0	0
20589	T	0	0
20602	G	0	0
20602	T	0	0
20604	CTT	0	0
20604	TCA	0	0
20605	CT	0	0
20605	TC	0	0
20615	G	0	0
20615	T	0	0
20620	A	0	0
20620	C	0	0
20628	CGTTG	0	0
20628	TACCA	0	0
20628	TATCG	0	0
20636	AATC	0	0
20636	GGCG	0	0
20640	A	0	0
20640	T	0	0
20641	ATGA	0	0
20641	GCTT	0	0
20644	CAA	0	0
20644	CGG	0	0
20644	TGG	0	0
20645	CAG	0	0
20645	CGT	0	0
20645	TAG	0	0
20655	AGCCG	0	0
20655	AGCTG	0	0
20655	AGTCG	0	0
20655	GATCA	0	0
20659	A	0	0
20659	C	0	0
20664	G	0	0
20664	T	0	0
20666	CA	0	0
20666	CT	0	0
20666	TT	0	0
20669	CC	0	0
20669	GT	0	0
20670	C	0	0
20670	T	0	0
20679	C	0	0
20679	N	0	0
20679	T	0	0
20692	C	0	0
20692	T	0	0
20710	C	0	0
20710	T	0	0
20723	C	0	0
20723	G	0	0
20736	CGTA	0	0
20736	GACG	0	0
20750	A	0	0
20750	G	0	0
20772	A	0	0
20772	G	0	0
20773	CCA	0	0
20773	CCG	0	0
20773	TAA	0	0
20781	A	0	0
20781	G	0	0
20783	A	0	0
20783	G	0	0
20785	C	0	0
20785	G	0	0
20787	AC	0	0
20787	TA	0	0
20790	A	0	0
20790	G	0	0
20791	ACCT	0	0
20791	GTTC	0	0
20794	CC	0	0
20794	CG	0	0
20794	TC	0	0
20798	A	0	0
20798	G	0	0
20809	A	0	0
20809	T	0	0
20813	ATG	0	0
20813	GCA	0	0
20813	NCA	0	0
20815	A	0	0
20815	T	0	0
20818	C	0	0
20818	T	0	0
20822	A	0	0
20822	G	0	0
20843	CAAG	0	0
20843	CAGT	0	0
20843	CTAG	0	0
20843	TAAG	0	0
20846	A	0	0
20846	C	0	0
20848	AAG	0	0
20848	AGA	0	0
20848	AGG	0	0
20848	GGG	0	0
20857	C	0	0
20857	G	0	0
20875	A	0	0
20875	G	0	0
20903	A	0	0
20903	T	0	0
20913	C	0	0
20913	T	0	0
20928	A	0	0
20928	C	0	0
20932	A	0	0
20932	G	0	0
20937	A	0	0
20937	G	0	0
20941	C	0	0
20941	G	0	0
20948	A	0	0
20948	C	0	0
20951	A	0	0
20951	C	0	0
20957	CAA	0	0
20957	TGG	0	0
20964	C	0	0
20964	T	0	0
20984	A	0	0
20984	G	0	0
20985	AT	0	0
20985	CA	0	0
20993	AG	0	0
20993	CC	0	0
20994	A	0	0
20994	C	0	0
20999	ACACTGGGGAGNTTC	0	0
20999	ATACACGGGAGNGCC	0	0
20999	GCATACGGGAGNGCC	0	0
20999	GCATACGGGAGNTNT	0	0
20999	GCATACGGGAGNTTC	0	0
20999	GCATACGGGCGNGCG	0	0
20999	GCATACGGGCGTGAC	0	0
20999	GCATACGGGGANGCC	0	0
20999	GCATACGTTAGNGCC	0	0
20999	GCATTCAGGAGNGCC	0	0
20999	GCTTACGGGCGCGAC	0	0
21003	CCTAAG	0	0
21003	CCTAGG	0	0
21003	TTAAGA	0	0
21003	TTACGA	0	0
21003	TTTAGA	0	0
21006	CA	0	0
21006	TC	0	0
21009	C	0	0
21009	T	0	0
21011	AACG	0	0
21011	AATG	0	0
21011	GACA	0	0
21011	GATA	0	0
21011	GTTA	0	0
21016	A	0	0
21016	G	0	0
21028	AG	0	0
21028	CT	0	0
21034	C	0	0
21034	T	0	0
21049	C	0	0
21049	T	0	0
21050	A	0	0
21050	T	0	0
21053	A	0	0
21053	C	0	0
21059	A	0	0
21059	T	0	0
21063	C	0	0
21063	T	0	0
21072	A	0	0
21072	G	0	0
21079	C	0	0
21079	G	0	0
21085	A	0	0
21085	G	0	0
21087	GCAATTC	0	0
21087	GCATCAG	0	0
21087	GCGTCAG	0	0
21087	GTGTCAG	0	0
21087	TCATCTC	0	0
21087	TCATCTG	0	0
21090	A	0	0
21090	G	0	0
21107	CG	0	0
21107	TA	0	0
21108	A	0	0
21108	T	0	0
21120	A	0	0
21120	G	0	0
21122	C	0	0
21122	N	0	0
21122	T	0	0
21126	C	0	0
21126	T	0	0
21129	C	0	0
21129	T	0	0
21163	CGCGC	0	0
21163	CGCGT	0	0
21163	CGTAC	0	0
21163	TACGC	0	0
21165	A	0	0
21165	G	0	0
21167	ATCGCT	0	0
21167	CATATC	0	0
21167	CATGCC	0	0
21177	A	0	0
21177	C	0	0
21185	C	0	0
21185	T	0	0
21188	A	0	0
21188	T	0	0
21199	GGA	0	0
21199	GGG	0	0
21199	TTA	0	0
21204	G	0	0
21204	T	0	0
21205	A	0	0
21205	G	0	0
21206	CA	0	0
21206	TA	0	0
21206	TC	0	0
21209	C	0	0
21209	T	0	0
21216	C	0	0
21216	T	0	0
21228	ATAT	0	0
21228	CCGC	0	0
21229	CTT	0	0
21229	GCG	0	0
21235	CCG	0	0
21235	CTG	0	0
21235	TTA	0	0
21248	CATAC	0	0
21248	CGTGT	0	0
21248	TGGGC	0	0
21254	C	0	0
21254	T	0	0
21259	AC	0	0
21259	GT	0	0
21286	C	0	0
21286	T	0	0
21289	C	0	0
21289	G	0	0
21299	A	0	0
21299	G	0	0
21328	C	0	0
21328	G	0	0
21332	CA	0	0
21332	TG	0	0
21334	AA	0	0
21334	CG	0	0
21338	AC	0	0
21338	AT	0	0
21338	CC	0	0
21355	CTT	0	0
21355	TCA	0	0
21355	TTT	0	0
21363	A	0	0
21363	G	0	0
21378	A	0	0
21378	T	0	0
21398	A	0	0
21398	T	0	0
21404	C	0	0
21404	G	0	0
21419	CT	0	0
21419	TC	0	0
21424	A	0	0
21424	G	0	0
21428	A	0	0
21428	G	0	0
21431	CGC	0	0
21431	GAT	0	0
21437	A	0	0
21437	G	0	0
21443	A	0	0
21443	G	0	0
21444	C	0	0
21444	T	0	0
21447	CGA	0	0
21447	CGC	0	0
21447	TAA	0	0
21452	AAG	0	0
21452	ACG	0	0
21452	GCA	0	0
21467	AC	0	0
21467	GT	0	0
21469	G	0	0
21469	T	0	0
21472	CAA	0	0
21472	CTC	0	0
21472	TTC	0	0
21479	C	0	0
21479	T	0	0
21486	C	0	0
21486	G	0	0
21497	G	0	0
21497	T	0	0
21499	ATC	0	0
21499	CCG	0	0
21499	CTC	0	0
21501	CTA	0	0
21501	TAG	0	0
21510	A	0	0
21510	G	0	0
21526	A	0	0
21526	C	0	0
21536	A	0	0
21536	C	0	0
21562	CCA	0	0
21562	GTG	0	0
21566	A	0	0
21566	G	0	0
21576	C	0	0
21576	T	0	0
21581	C	0	0
21581	T	0	0
21583	G	0	0
21583	T	0	0
21590	AA	0	0
21590	GG	0	0
21596	A	0	0
21596	C	0	0
21598	CGAG	0	0
21598	CGGA	0	0
21598	CTGG	0	0
21598	TGGG	0	0
21602	CC	0	0
21602	GT	0	0
21616	A	0	0
21616	C	0	0
21627	A	0	0
21627	C	0	0
21651	C	0	0
21651	T	0	0
21657	AA	0	0
21657	GA	0	0
21657	GG	0	0
21661	CC	0	0
21661	TC	0	0
21661	TT	0	0
21665	CA	0	0
21665	TG	0	0
21677	CT	0	0
21677	TA	0	0
21698	CTCA	0	0
21698	CTCG	0	0
21698	CTTA	0	0
21698	TGCG	0	0
21715	C	0	0
21715	T	0	0
21716	CAAC	0	0
21716	TGGT	0	0
21719	CA	0	0
21719	CG	0	0
21719	TA	0	0
21724	CCCC	0	0
21724	TCCC	0	0
21724	TCCT	0	0
21724	TTGT	0	0
21727	C	0	0
21727	T	0	0
21746	CC	0	0
21746	TT	0	0
21754	A	0	0
21754	T	0	0
21778	CT	0	0
21778	TG	0	0
21778	TT	0	0
21788	CCC	0	0
21788	TTT	0	0
21810	CC	0	0
21810	CT	0	0
21810	TC	0	0
21823	G	0	0
21823	T	0	0
21825	G	0	0
21825	T	0	0
21834	C	0	0
21834	T	0	0
21841	A	0	0
21841	G	0	0
21854	AC	0	0
21854	GG	0	0
21856	CCCTA	0	0
21856	CCCTT	0	0
21856	CTCCT	0	0
21856	CTTCT	0	0
21856	TTCTT	0	0
21863	C	0	0
21863	T	0	0
21864	A	0	0
21864	G	0	0
21865	G	0	0
21865	T	0	0
21867	C	0	0
21867	T	0	0
21872	A	0	0
21872	G	0	0
21878	AA	0	0
21878	TG	0	0
21880	GGCA	0	0
21880	TATC	0	0
21883	AGC	0	0
21883	GTG	0	0
21907	AG	0	0
21907	CA	0	0
21909	CT	0	0
21909	TC	0	0
21915	C	0	0
21915	T	0	0
21931	A	0	0
21931	T	0	0
21936	CA	0	0
21936	CT	0	0
21936	TT	0	0
21947	AG	0	0
21947	AT	0	0
21947	CG	0	0
21950	G	0	0
21950	T	0	0
21962	A	0	0
21962	G	0	0
21964	A	0	0
21964	C	0	0
21967	ATAA	0	0
21967	GCTG	0	0
21978	A	0	0
21978	G	0	0
21991	C	0	0
21991	T	0	0
21997	C	0	0
21997	T	0	0
22002	C	0	0
22002	G	0	0
22006	CCCTT	0	0
22006	CTTTA	0	0
22006	TTCGT	0	0
22023	A	0	0
22023	G	0	0
22032	GC	0	0
22032	TT	0	0
22039	CCAC	0	0
22039	GTAC	0	0
22039	GTAG	0	0
22039	GTGC	0	0
22048	CTAG	0	0
22048	TCTT	0	0
22048	TTAT	0	0
22056	C	0	0
22056	T	0	0
22071	CT	0	0
22071	TA	0	0
22071	TT	0	0
22078	CC	0	0
22078	GC	0	0
22078	GG	0	0
22079	C	0	0
22079	T	0	0
22086	CG	0	0
22086	TA	0	0
22094	AT	0	0
22094	GC	0	0
22110	C	0	0
22110	T	0	0
22115	G	0	0
22115	T	0	0
22126	A	0	0
22126	T	0	0
22141	C	0	0
22141	N	0	0
22141	T	0	0
22143	A	0	0
22143	C	0	0
22148	C	0	0
22148	G	0	0
22164	A	0	0
22164	G	0	0
22199	CG	0	0
22199	TA	0	0
22200	A	0	0
22200	G	0	0
22204	C	0	0
22204	G	0	0
22215	C	0	0
22215	T	0	0
22216	CA	0	0
22216	CG	0	0
22216	TG	0	0
22217	CC	0	0
22217	TT	0	0
22226	AA	0	0
22226	GG	0	0
22232	A	0	0
22232	T	0	0
22254	A	0	0
22254	G	0	0
22268	CAATT	0	0
22268	TGATT	0	0
22268	TGGCC	0	0
22276	CAAACT	0	0
22276	CCGGTT	0	0
22276	TCGACG	0	0
22276	TCGACN	0	0
22292	A	0	0
22292	G	0	0
22305	CGTAATA	0	0
22305	TATAAAC	0	0
22305	TGCTCTA	0	0
22305	TGTAATA	0	0
22319	G	0	0
22319	T	0	0
22321	A	0	0
22321	C	0	0
22330	C	0	0
22330	T	0	0
22347	A	0	0
22347	G	0	0
22367	AA	0	0
22367	GA	0	0
22367	GG	0	0
22373	AGG	0	0
22373	CAG	0	0
22373	CAT	0	0
22373	CGG	0	0
22385	AT	0	0
22385	GC	0	0
22386	A	0	0
22386	C	0	0
22419	C	0	0
22419	T	0	0
22421	A	0	0
22421	G	0	0
22423	GG	0	0
22423	TA	0	0
22423	TG	0	0
22429	CCCGACG	0	0
22429	CCCGGGA	0	0
22429	CCCGGGG	0	0
22429	CCTGACG	0	0
22429	CTCGACG	0	0
22429	TCCAACG	0	0
22434	C	0	0
22434	G	0	0
22458	C	0	0
22458	G	0	0
22470	C	0	0
22470	T	0	0
22476	AA	0	0
22476	CG	0	0
22488	AG	0	0
22488	GA	0	0
22488	GG	0	0
22493	C	0	0
22493	T	0	0
22521	CAC	0	0
22521	TTT	0	0
22544	CTGG	0	0
22544	GAAA	0	0
22544	GTGG	0	0
22556	CGT	0	0
22556	TTC	0	0
22557	AT	0	0
22557	CC	0	0
22574	AG	0	0
22574	GA	0	0
22591	CT	0	0
22591	TA	0	0
22606	CC	0	0
22606	TT	0	0
22614	C	0	0
22614	G	0	0
22628	A	0	0
22628	C	0	0
22647	GGCGT	0	0
22647	NACCC	0	0
22647	NGCGT	0	0
22647	TACCC	0	0
22647	TACCT	0	0
22647	TATCC	0	0
22649	CA	0	0
22649	GG	0	0
22650	AAACTG	0	0
22650	ACCACC	0	0
22650	ACCCTC	0	0
22650	GCACTG	0	0
22666	A	0	0
22666	G	0	0
22666	N	0	0
22709	A	0	0
22709	T	0	0
22710	A	0	0
22710	G	0	0
22712	C	0	0
22712	T	0	0
22720	AA	0	0
22720	GC	0	0
22754	C	0	0
22754	T	0	0
22773	G	0	0
22773	T	0	0
22774	CA	0	0
22774	TG	0	0
22779	C	0	0
22779	G	0	0
22784	A	0	0
22784	G	0	0
22787	A	0	0
22787	C	0	0
22804	ACCG	0	0
22804	GACG	0	0
22804	GCTA	0	0
22804	GCTG	0	0
22849	A	0	0
22849	C	0	0
22854	GCG	0	0
22854	TGC	0	0
22862	A	0	0
22862	C	0	0
22879	AAG	0	0
22879	GGA	0	0
22879	GGG	0	0
22885	CC	0	0
22885	CT	0	0
22885	TT	0	0
22895	CAG	0	0
22895	CGA	0	0
22895	TGG	0	0
22898	C	0	0
22898	T	0	0
22900	A	0	0
22900	G	0	0
22925	CCG	0	0
22925	CTG	0	0
22925	NTT	0	0
22925	TTG	0	0
22925	TTT	0	0
22937	C	0	0
22937	G	0	0
22944	A	0	0
22944	G	0	0
22945	G	0	0
22945	T	0	0
22961	A	0	0
22961	G	0	0
23003	A	0	0
23003	C	0	0
23006	G	0	0
23006	N	0	0
23006	T	0	0
23010	A	0	0
23010	C	0	0
23012	CGG	0	0
23012	TAA	0	0
23028	A	0	0
23028	G	0	0
23030	CAAA	0	0
23030	CAAG	0	0
23030	GGCG	0	0
23043	A	0	0
23043	N	0	0
23043	T	0	0
23055	A	0	0
23055	C	0	0
23055	N	0	0
23061	A	0	0
23061	G	0	0
23066	A	0	0
23066	G	0	0
23070	A	0	0
23070	G	0	0
23091	A	0	0
23091	G	0	0
23105	A	0	0
23105	T	0	0
23130	C	0	0
23130	G	0	0
23143	C	0	0
23143	T	0	0
23163	G	0	0
23163	T	0	0
23197	C	0	0
23197	G	0	0
23199	G	0	0
23199	T	0	0
23200	A	0	0
23200	G	0	0
23201	AA	0	0
23201	TA	0	0
23201	TG	0	0
23216	CT	0	0
23216	TC	0	0
23229	C	0	0
23229	N	0	0
23229	T	0	0
23237	A	0	0
23237	T	0	0
23241	A	0	0
23241	T	0	0
23242	AGTG	0	0
23242	TATA	0	0
23242	TGCA	0	0
23242	TGTA	0	0
23253	AAG	0	0
23253	CCT	0	0
23272	G	0	0
23272	N	0	0
23272	T	0	0
23277	C	0	0
23277	T	0	0
23281	A	0	0
23281	T	0	0
23293	C	0	0
23293	G	0	0
23297	A	0	0
23297	G	0	0
23298	CGCTA	0	0
23298	CTGGA	0	0
23298	NGCTA	0	0
23298	NGGTC	0	0
23298	NNGTC	0	0
23298	TAGTC	0	0
23301	C	0	0
23301	T	0	0
23313	C	0	0
23313	T	0	0
23314	C	0	0
23314	T	0	0
23320	G	0	0
23320	T	0	0
23324	CGAG	0	0
23324	GACA	0	0
23331	GA	0	0
23331	NG	0	0
23331	TA	0	0
23350	A	0	0
23350	G	0	0
23352	A	0	0
23352	G	0	0
23354	AAA	0	0
23354	TGG	0	0
23355	ACCTT	0	0
23355	ACTTT	0	0
23355	GTCCC	0	0
23369	G	0	0
23369	T	0	0
23376	A	0	0
23376	G	0	0
23377	A	0	0
23377	G	0	0
23384	C	0	0
23384	T	0	0
23394	ATTT	0	0
23394	GCGC	0	0
23395	A	0	0
23395	T	0	0
23402	A	0	0
23402	C	0	0
23403	A	0	0
23403	G	0	0
23412	CT	0	0
23412	GA	0	0
23422	C	0	0
23422	T	0	0
23427	A	0	0
23427	C	0	0
23453	CG	0	0
23453	TA	0	0
23455	A	0	0
23455	G	0	0
23461	GAG	0	0
23461	NTA	0	0
23461	TAG	0	0
23461	TNN	0	0
23463	CAGCCGCAGCTGGA	0	0
23463	CAGCCGCGGCTGGA	0	0
23463	CAGCCGTGCTTGTA	0	0
23463	CAGCNNTGCTTGTA	0	0
23463	CGGCTGTGGTTGTA	0	0
23463	CGGTCGTGGTGTTA	0	0
23463	GGACCATGGTTGTA	0	0
23463	GGNCNNTGGTTGTG	0	0
23486	G	0	0
23486	T	0	0
23508	ATT	0	0
23508	TCA	0	0
23524	AAA	0	0
23524	AGA	0	0
23524	CGG	0	0
23526	A	0	0
23526	G	0	0
23527	C	0	0
23527	G	0	0
23544	A	0	0
23544	G	0	0
23545	C	0	0
23545	T	0	0
23550	A	0	0
23550	G	0	0
23562	A	0	0
23562	G	0	0
23563	CAG	0	0
23563	TGA	0	0
23565	A	0	0
23565	C	0	0
23571	C	0	0
23571	T	0	0
23572	AT	0	0
23572	GG	0	0
23573	A	0	0
23573	G	0	0
23580	A	0	0
23580	G	0	0
23588	C	0	0
23588	G	0	0
23596	AAG	0	0
23596	CGA	0	0
23596	CGG	0	0
23599	A	0	0
23599	T	0	0
23601	ATTCG	0	0
23601	GCCGC	0	0
23601	GCCGG	0	0
23608	AGCC	0	0
23608	AGTC	0	0
23608	TATA	0	0
23611	C	0	0
23611	T	0	0
23614	C	0	0
23614	T	0	0
23617	C	0	0
23617	G	0	0
23621	CA	0	0
23621	NN	0	0
23621	TG	0	0
23640	A	0	0
23640	G	0	0
23657	A	0	0
23657	G	0	0
23663	GG	0	0
23663	TA	0	0
23664	A	0	0
23664	T	0	0
23671	G	0	0
23671	T	0	0
23675	A	0	0
23675	G	0	0
23680	AA	0	0
23680	GC	0	0
23690	A	0	0
23690	G	0	0
23697	A	0	0
23697	G	0	0
23699	AT	0	0
23699	GC	0	0
23705	CGTTA	0	0
23705	CTGGT	0	0
23705	CTTGN	0	0
23705	CTTGT	0	0
23705	TGTTA	0	0
23712	A	0	0
23712	G	0	0
23714	AG	0	0
23714	CA	0	0
23717	A	0	0
23717	C	0	0
23735	CA	0	0
23735	TG	0	0
23745	CA	0	0
23745	CT	0	0
23745	GA	0	0
23745	GT	0	0
23751	A	0	0
23751	G	0	0
23794	A	0	0
23794	C	0	0
23796	AA	0	0
23796	GT	0	0
23825	A	0	0
23825	T	0	0
23856	C	0	0
23856	T	0	0
23878	AC	0	0
23878	TT	0	0
23887	A	0	0
23887	C	0	0
23895	A	0	0
23895	G	0	0
23921	CGTAT	0	0
23921	GACGC	0	0
23921	GGCGC	0	0
23923	GC	0	0
23923	GT	0	0
23923	TT	0	0
23967	A	0	0
23967	C	0	0
23997	AC	0	0
23997	GT	0	0
24013	ACCC	0	0
24013	GCTC	0	0
24013	GGTA	0	0
24051	AA	0	0
24051	GT	0	0
24082	A	0	0
24082	T	0	0
24087	A	0	0
24087	G	0	0
24091	CA	0	0
24091	TT	0	0
24107	C	0	0
24107	T	0	0
24144	C	0	0
24144	T	0	0
24177	A	0	0
24177	C	0	0
24204	C	0	0
24204	T	0	0
24207	CA	0	0
24207	CG	0	0
24207	GC	0	0
24207	NN	0	0
24214	CCGC	0	0
24214	CTGC	0	0
24214	TCAT	0	0
24225	A	0	0
24225	C	0	0
24241	C	0	0
24241	T	0	0
24251	A	0	0
24251	G	0	0
24253	A	0	0
24253	T	0	0
24264	A	0	0
24264	G	0	0
24328	C	0	0
24328	T	0	0
24368	AT	0	0
24368	GG	0	0
24394	C	0	0
24394	T	0	0
24395	G	0	0
24395	T	0	0
24419	G	0	0
24419	T	0	0
24431	AGC	0	0
24431	GGT	0	0
24431	GTT	0	0
24451	G	0	0
24451	T	0	0
24459	C	0	0
24459	T	0	0
24521	A	0	0
24521	C	0	0
24539	AAT	0	0
24539	GTC	0	0
24557	G	0	0
24557	T	0	0
24568	AT	0	0
24568	GC	0	0
24584	G	0	0
24584	T	0	0
24590	CC	0	0
24590	CT	0	0
24590	TC	0	0
24590	TT	0	0
24592	G	0	0
24592	T	0	0
24593	A	0	0
24593	C	0	0
24628	ACAAAT	0	0
24628	ACAGGT	0	0
24628	CTGGGA	0	0
24630	AA	0	0
24630	GA	0	0
24630	GT	0	0
24635	A	0	0
24635	C	0	0
24666	ATA	0	0
24666	GCA	0	0
24666	GCG	0	0
24686	A	0	0
24686	G	0	0
24696	A	0	0
24696	T	0	0
24731	C	0	0
24731	G	0	0
24731	N	0	0
24751	AAG	0	0
24751	GGA	0	0
24777	ACAT	0	0
24777	ATAT	0	0
24777	ATGT	0	0
24777	GTAC	0	0
24801	C	0	0
24801	T	0	0
24827	GAT	0	0
24827	TGG	0	0
24858	A	0	0
24858	G	0	0
24866	A	0	0
24866	G	0	0
24869	A	0	0
24869	G	0	0
24931	C	0	0
24931	T	0	0
24932	AGCC	0	0
24932	GATA	0	0
24962	A	0	0
24962	T	0	0
24989	C	0	0
24989	T	0	0
24997	CC	0	0
24997	TT	0	0
25037	A	0	0
25037	C	0	0
25038	AA	0	0
25038	TA	0	0
25038	TG	0	0
25044	C	0	0
25044	T	0	0
25045	G	0	0
25045	T	0	0
25049	C	0	0
25049	T	0	0
25114	GA	0	0
25114	GG	0	0
25114	TG	0	0
25124	ATGA	0	0
25124	GCCG	0	0
25135	CTAC	0	0
25135	CTGC	0	0
25135	TGAT	0	0
25149	ACA	0	0
25149	ACG	0	0
25149	GTA	0	0
25157	A	0	0
25157	C	0	0
25165	A	0	0
25165	G	0	0
25171	C	0	0
25171	T	0	0
25173	GT	0	0
25173	TG	0	0
25192	G	0	0
25192	T	0	0
25200	C	0	0
25200	T	0	0
25214	CT	0	0
25214	TG	0	0
25214	TT	0	0
25216	C	0	0
25216	T	0	0
25219	A	0	0
25219	G	0	0
25220	ATTTGNT	0	0
25220	ATTTTNT	0	0
25220	TGGGGGT	0	0
25220	TGGGGTT	0	0
25220	TTTTGGG	0	0
25236	C	0	0
25236	T	0	0
25238	AGTCAG	0	0
25238	AGTTAG	0	0
25238	AGTTAN	0	0
25238	AGTTGA	0	0
25238	GAGTAG	0	0
25238	NNGTAG	0	0
25248	A	0	0
25248	G	0	0
25249	C	0	0
25249	T	0	0
25255	ATG	0	0
25255	CAA	0	0
25261	A	0	0
25261	C	0	0
25281	A	0	0
25281	G	0	0
25300	A	0	0
25300	G	0	0
25321	A	0	0
25321	G	0	0
25327	A	0	0
25327	G	0	0
25338	AG	0	0
25338	GG	0	0
25338	GN	0	0
25338	NA	0	0
25344	G	0	0
25344	T	0	0
25346	AG	0	0
25346	GA	0	0
25358	CCC	0	0
25358	CGA	0	0
25358	GCC	0	0
25359	G	0	0
25359	T	0	0
25360	CT	0	0
25360	TG	0	0
25375	C	0	0
25375	T	0	0
25395	CT	0	0
25395	GA	0	0
25401	A	0	0
25401	T	0	0
25422	C	0	0
25422	T	0	0
25441	A	0	0
25441	G	0	0
25448	CCG	0	0
25448	CCN	0	0
25448	CTG	0	0
25448	TCA	0	0
25448	TCG	0	0
25452	A	0	0
25452	T	0	0
25456	A	0	0
25456	G	0	0
25464	C	0	0
25464	T	0	0
25472	G	0	0
25472	T	0	0
25473	ATT	0	0
25473	GGC	0	0
25473	GTT	0	0
25474	AA	0	0
25474	GG	0	0
25480	A	0	0
25480	G	0	0
25503	CA	0	0
25503	TA	0	0
25503	TG	0	0
25504	ACTG	0	0
25504	GTCA	0	0
25516	C	0	0
25516	T	0	0
25517	C	0	0
25517	T	0	0
25527	AG	0	0
25527	GA	0	0
25535	CA	0	0
25535	TT	0	0
25537	A	0	0
25537	T	0	0
25540	GAC	0	0
25540	TGT	0	0
25541	C	0	0
25541	G	0	0
25544	AAA	0	0
25544	CCC	0	0
25547	AAAA	0	0
25547	CGTG	0	0
25556	CACANGA	0	0
25556	CGGATGC	0	0
25556	CTCAAGA	0	0
25556	TGGCTCA	0	0
25571	A	0	0
25571	G	0	0
25581	C	0	0
25581	G	0	0
25611	G	0	0
25611	T	0	0
25616	AAGG	0	0
25616	GGAT	0	0
25622	CG	0	0
25622	CT	0	0
25622	TG	0	0
25627	C	0	0
25627	T	0	0
25629	C	0	0
25629	T	0	0
25637	C	0	0
25637	T	0	0
25640	A	0	0
25640	T	0	0
25645	AG	0	0
25645	CC	0	0
25653	A	0	0
25653	G	0	0
25666	A	0	0
25666	C	0	0
25670	A	0	0
25670	G	0	0
25681	G	0	0
25681	T	0	0
25741	G	0	0
25741	T	0	0
25746	A	0	0
25746	C	0	0
25761	GA	0	0
25761	GT	0	0
25761	TT	0	0
25830	A	0	0
25830	G	0	0
25838	G	0	0
25838	T	0	0
25840	CC	0	0
25840	TC	0	0
25840	TT	0	0
25868	A	0	0
25868	G	0	0
25894	A	0	0
25894	T	0	0
25906	A	0	0
25906	G	0	0
25920	CCC	0	0
25920	CGT	0	0
25920	GGT	0	0
25930	C	0	0
25930	G	0	0
25931	C	0	0
25931	N	0	0
25931	T	0	0
25954	GACG	0	0
25954	TATA	0	0
25954	TGCG	0	0
25974	AC	0	0
25974	TA	0	0
25989	ACA	0	0
25989	TGC	0	0
25994	C	0	0
25994	G	0	0
25994	N	0	0
26011	A	0	0
26011	G	0	0
26054	A	0	0
26054	T	0	0
26068	C	0	0
26068	T	0	0
26072	A	0	0
26072	G	0	0
26097	C	0	0
26097	T	0	0
26138	C	0	0
26138	T	0	0
26142	A	0	0
26142	C	0	0
26142	N	0	0
26143	G	0	0
26143	T	0	0
26148	ATC	0	0
26148	TCA	0	0
26155	C	0	0
26155	T	0	0
26159	G	0	0
26159	T	0	0
26160	A	0	0
26160	G	0	0
26166	AT	0	0
26166	CC	0	0
26172	C	0	0
26172	T	0	0
26174	ATC	0	0
26174	TCA	0	0
26187	CTGGC	0	0
26187	GCGGC	0	0
26187	GTCAT	0	0
26187	GTGGC	0	0
26196	A	0	0
26196	T	0	0
26201	C	0	0
26201	T	0	0
26203	G	0	0
26203	T	0	0
26204	C	0	0
26204	G	0	0
26207	CTC	0	0
26207	TGT	0	0
26226	A	0	0
26226	G	0	0
26230	CTC	0	0
26230	GAA	0	0
26231	C	0	0
26231	T	0	0
26234	AC	0	0
26234	GT	0	0
26244	A	0	0
26244	G	0	0
26258	ATC	0	0
26258	TCA	0	0
26262	A	0	0
26262	G	0	0
26269	C	0	0
26269	N	0	0
26269	T	0	0
26272	C	0	0
26272	T	0	0
26277	CGCT	0	0
26277	TATG	0	0
26279	C	0	0
26279	T	0	0
26289	CAGTNN	0	0
26289	TGACGA	0	0
26289	TGACTC	0	0
26303	AGG	0	0
26303	GTA	0	0
26312	AGGGGA	0	0
26312	AGGGGG	0	0
26312	CCAGGG	0	0
26312	CCCAGG	0	0
26312	NNNNAG	0	0
26318	ATCGA	0	0
26318	ATCTC	0	0
26318	CAANA	0	0
26329	ATAG	0	0
26329	GCGA	0	0
26341	AC	0	0
26341	TG	0	0
26344	CA	0	0
26344	CG	0	0
26344	GA	0	0
26350	CTCT	0	0
26350	CTGT	0	0
26350	GAAG	0	0
26356	AT	0	0
26356	GA	0	0
26374	AC	0	0
26374	TC	0	0
26374	TT	0	0
26380	ANCTTC	0	0
26380	GACCTC	0	0
26380	GTGCTC	0	0
26380	NTGAGA	0	0
26383	A	0	0
26383	G	0	0
26389	CTC	0	0
26389	GCT	0	0
26393	CG	0	0
26393	GT	0	0
26401	A	0	0
26401	G	0	0
26404	G	0	0
26404	T	0	0
26405	A	0	0
26405	G	0	0
26412	G	0	0
26412	T	0	0
26416	AGA	0	0
26416	ATC	0	0
26416	CGN	0	0
26421	G	0	0
26421	T	0	0
26423	A	0	0
26423	T	0	0
26435	C	0	0
26435	N	0	0
26435	T	0	0
26436	C	0	0
26436	T	0	0
26442	AGT	0	0
26442	CAA	0	0
26444	G	0	0
26444	T	0	0
26458	C	0	0
26458	T	0	0
26463	GGT	0	0
26463	TTC	0	0
26480	ATCG	0	0
26480	GCAC	0	0
26506	G	0	0
26506	T	0	0
26516	A	0	0
26516	G	0	0
26524	A	0	0
26524	C	0	0
26528	AT	0	0
26528	TC	0	0
26533	ATC	0	0
26533	TCA	0	0
26537	CA	0	0
26537	TA	0	0
26537	TG	0	0
26538	C	0	0
26538	T	0	0
26548	A	0	0
26548	G	0	0
26549	ATC	0	0
26549	TCA	0	0
26561	ACTC	0	0
26561	TACA	0	0
26570	GA	0	0
26570	TC	0	0
26571	G	0	0
26571	T	0	0
26582	A	0	0
26582	T	0	0
26599	A	0	0
26599	G	0	0
26614	ATAT	0	0
26614	CGGG	0	0
26618	A	0	0
26618	C	0	0
26620	G	0	0
26620	T	0	0
26634	G	0	0
26634	T	0	0
26637	C	0	0
26637	T	0	0
26643	A	0	0
26643	G	0	0
26648	C	0	0
26648	T	0	0
26650	A	0	0
26650	T	0	0
26654	AGCAT	0	0
26654	GATAT	0	0
26654	GGCAT	0	0
26654	GGCTG	0	0
26654	GGCTT	0	0
26655	C	0	0
26655	T	0	0
26660	AGT	0	0
26660	NAC	0	0
26660	TAC	0	0
26669	AC	0	0
26669	GG	0	0
26709	G	0	0
26709	T	0	0
26711	C	0	0
26711	T	0	0
26714	A	0	0
26714	G	0	0
26715	GAA	0	0
26715	TTG	0	0
26720	A	0	0
26720	G	0	0
26726	C	0	0
26726	G	0	0
26735	A	0	0
26735	G	0	0
26743	G	0	0
26743	N	0	0
26743	T	0	0
26748	AA	0	0
26748	TA	0	0
26748	TT	0	0
26754	A	0	0
26754	G	0	0
26762	C	0	0
26762	T	0	0
26792	A	0	0
26792	G	0	0
26807	CC	0	0
26807	TG	0	0
26817	A	0	0
26817	C	0	0
26830	G	0	0
26830	T	0	0
26832	C	0	0
26832	G	0	0
26832	N	0	0
26850	G	0	0
26850	T	0	0
26859	CA	0	0
26859	GG	0	0
26859	TG	0	0
26862	C	0	0
26862	G	0	0
26869	C	0	0
26869	T	0	0
26876	C	0	0
26876	G	0	0
26876	N	0	0
26883	A	0	0
26883	G	0	0
26885	CCAGCAT	0	0
26885	CGATTGT	0	0
26885	TCGCCAC	0	0
26893	A	0	0
26893	G	0	0
26899	A	0	0
26899	G	0	0
26910	A	0	0
26910	G	0	0
26918	AG	0	0
26918	GA	0	0
26922	AA	0	0
26922	AC	0	0
26922	TC	0	0
26931	A	0	0
26931	C	0	0
26933	G	0	0
26933	T	0	0
26936	A	0	0
26936	G	0	0
26939	A	0	0
26939	T	0	0
26947	C	0	0
26947	G	0	0
26948	AAAG	0	0
26948	TGCA	0	0
26951	AAAAA	0	0
26951	CAAAA	0	0
26951	CCCTT	0	0
26959	GC	0	0
26959	TG	0	0
26968	GT	0	0
26968	TG	0	0
26968	TT	0	0
26969	AT	0	0
26969	CC	0	0
26985	A	0	0
26985	G	0	0
26988	C	0	0
26988	T	0	0
27028	C	0	0
27028	T	0	0
27044	A	0	0
27044	G	0	0
27045	G	0	0
27045	T	0	0
27050	C	0	0
27050	G	0	0
27080	A	0	0
27080	C	0	0
27091	A	0	0
27091	G	0	0
27093	C	0	0
27093	G	0	0
27097	C	0	0
27097	T	0	0
27131	A	0	0
27131	G	0	0
27142	AA	0	0
27142	TG	0	0
27153	A	0	0
27153	G	0	0
27153	N	0	0
27160	AT	0	0
27160	GC	0	0
27169	AAG	0	0
27169	GGA	0	0
27171	G	0	0
27171	T	0	0
27215	CAGG	0	0
27215	NAGG	0	0
27215	TCTC	0	0
27218	A	0	0
27218	G	0	0
27226	G	0	0
27226	T	0	0
27243	A	0	0
27243	G	0	0
27244	A	0	0
27244	G	0	0
27293	A	0	0
27293	G	0	0
27297	CAC	0	0
27297	TCT	0	0
27297	TTC	0	0
27298	CG	0	0
27298	TC	0	0
27312	A	0	0
27312	N	0	0
27312	T	0	0
27314	CTGT	0	0
27314	TCCC	0	0
27322	A	0	0
27322	G	0	0
27330	CCC	0	0
27330	TTT	0	0
27337	ACA	0	0
27337	TAT	0	0
27341	A	0	0
27341	G	0	0
27360	ACCG	0	0
27360	GTGC	0	0
27378	A	0	0
27378	C	0	0
27379	GG	0	0
27379	TA	0	0
27380	A	0	0
27380	G	0	0
27385	C	0	0
27385	T	0	0
27395	ACC	0	0
27395	TGA	0	0
27399	AC	0	0
27399	GT	0	0
27405	CCTA	0	0
27405	TTGG	0	0
27410	AGCA	0	0
27410	AGCT	0	0
27410	AGTT	0	0
27410	ATTT	0	0
27410	GGTT	0	0
27420	G	0	0
27420	T	0	0
27430	ACGAA	0	0
27430	ATTGC	0	0
27430	CCCAA	0	0
27434	CATG	0	0
27434	GCGA	0	0
27439	C	0	0
27439	T	0	0
27454	C	0	0
27454	T	0	0
27469	A	0	0
27469	T	0	0
27473	GGTG	0	0
27473	TGTG	0	0
27473	TTGA	0	0
27473	TTTG	0	0
27479	A	0	0
27479	C	0	0
27494	CA	0	0
27494	GC	0	0
27517	C	0	0
27517	T	0	0
27534	A	0	0
27534	G	0	0
27536	AG	0	0
27536	CG	0	0
27536	CT	0	0
27540	C	0	0
27540	T	0	0
27551	AGAA	0	0
27551	CTGC	0	0
27551	CTGG	0	0
27561	C	0	0
27561	G	0	0
27587	A	0	0
27587	G	0	0
27589	ACAGA	0	0
27589	CGATG	0	0
27589	TATNA	0	0
27609	A	0	0
27609	G	0	0
27623	AGAG	0	0
27623	GAGA	0	0
27631	CC	0	0
27631	TA	0	0
27656	CA	0	0
27656	TA	0	0
27656	TG	0	0
27675	A	0	0
27675	C	0	0
27699	A	0	0
27699	G	0	0
27713	AA	0	0
27713	GG	0	0
27723	G	0	0
27723	T	0	0
27728	ATGC	0	0
27728	TGAT	0	0
27729	CTG	0	0
27729	TCA	0	0
27732	A	0	0
27732	G	0	0
27752	AGATAGN	0	0
27752	TCGAGCT	0	0
27752	TGGAGGA	0	0
27761	CG	0	0
27761	TG	0	0
27761	TT	0	0
27769	ACTG	0	0
27769	GCAG	0	0
27769	GNAG	0	0
27769	GTAC	0	0
27782	A	0	0
27782	G	0	0
27792	GGA	0	0
27792	TAC	0	0
27801	ACTG	0	0
27801	CGAT	0	0
27809	GAAAATATAAGA	0	0
27809	GTCAACAGAAGC	0	0
27809	GTCAACATAAGC	0	0
27809	GTCAACGTAAGC	0	0
27809	GTCATCATAAGC	0	0
27809	GTCTACATGAAC	0	0
27809	TTCAACATAGGC	0	0
27817	AT	0	0
27817	GG	0	0
27819	A	0	0
27819	C	0	0
27822	C	0	0
27822	T	0	0
27828	ATAC	0	0
27828	TGTA	0	0
27841	ATAGGATA	0	0
27841	GCAAAGCA	0	0
27841	GGAAAGCA	0	0
27841	GGGAGGCA	0	0
27841	GTAAAATG	0	0
27844	A	0	0
27844	G	0	0
27870	AG	0	0
27870	GC	0	0
27870	GG	0	0
27872	G	0	0
27872	T	0	0
27876	CC	0	0
27876	TT	0	0
27881	A	0	0
27881	G	0	0
27884	CGAA	0	0
27884	GTTC	0	0
27891	A	0	0
27891	G	0	0
27894	G	0	0
27894	T	0	0
27904	CCT	0	0
27904	TCG	0	0
27904	TTG	0	0
27910	A	0	0
27910	C	0	0
27913	ACT	0	0
27913	CAA	0	0
27930	CA	0	0
27930	CG	0	0
27930	TA	0	0
27933	C	0	0
27933	T	0	0
27935	C	0	0
27935	G	0	0
27946	A	0	0
27946	G	0	0
27984	A	0	0
27984	G	0	0
27994	CT	0	0
27994	TA	0	0
28010	ACC	0	0
28010	ACT	0	0
28010	NCT	0	0
28010	TTT	0	0
28011	C	0	0
28011	G	0	0
28017	AT	0	0
28017	NN	0	0
28017	TG	0	0
28018	A	0	0
28018	T	0	0
28028	A	0	0
28028	G	0	0
28034	G	0	0
28034	T	0	0
28035	C	0	0
28035	G	0	0
28039	A	0	0
28039	G	0	0
28040	CT	0	0
28040	TC	0	0
28040	TT	0	0
28047	C	0	0
28047	T	0	0
28049	A	0	0
28049	G	0	0
28049	N	0	0
28051	CA	0	0
28051	TG	0	0
28060	A	0	0
28060	G	0	0
28069	CAGAT	0	0
28069	NACAT	0	0
28069	TTGGC	0	0
28069	TTGNN	0	0
28070	A	0	0
28070	G	0	0
28097	AC	0	0
28097	GT	0	0
28107	C	0	0
28107	T	0	0
28110	CA	0	0
28110	TT	0	0
28121	A	0	0
28121	G	0	0
28130	A	0	0
28130	G	0	0
28131	A	0	0
28131	G	0	0
28149	AA	0	0
28149	AC	0	0
28149	CA	0	0
28170	C	0	0
28170	T	0	0
28176	A	0	0
28176	C	0	0
28191	C	0	0
28191	T	0	0
28192	AA	0	0
28192	CC	0	0
28197	AGC	0	0
28197	TCA	0	0
28198	AA	0	0
28198	GG	0	0
28201	CTC	0	0
28201	TCT	0	0
28204	AACA	0	0
28204	GCTC	0	0
28212	CT	0	0
28212	TC	0	0
28220	AT	0	0
28220	GC	0	0
28226	CTC	0	0
28226	GAA	0	0
28234	A	0	0
28234	G	0	0
28239	GA	0	0
28239	TC	0	0
28240	A	0	0
28240	G	0	0
28252	GT	0	0
28252	NT	0	0
28252	TC	0	0
28252	TT	0	0
28259	A	0	0
28259	G	0	0
28268	G	0	0
28268	T	0	0
28282	C	0	0
28282	T	0	0
28290	CCCTC	0	0
28290	CCTCT	0	0
28290	TGTCT	0	0
28291	C	0	0
28291	T	0	0
28302	AA	0	0
28302	CG	0	0
28318	A	0	0
28318	C	0	0
28321	A	0	0
28321	G	0	0
28322	G	0	0
28322	T	0	0
28330	A	0	0
28330	G	0	0
28331	AT	0	0
28331	CC	0	0
28333	C	0	0
28333	T	0	0
28336	GA	0	0
28336	TC	0	0
28337	GA	0	0
28337	TC	0	0
28344	A	0	0
28344	C	0	0
28344	N	0	0
28369	A	0	0
28369	G	0	0
28370	GC	0	0
28370	TC	0	0
28370	TT	0	0
28388	A	0	0
28388	G	0	0
28392	A	0	0
28392	G	0	0
28401	AC	0	0
28401	AT	0	0
28401	GT	0	0
28406	A	0	0
28406	T	0	0
28410	AA	0	0
28410	TG	0	0
28412	G	0	0
28412	T	0	0
28424	GCCC	0	0
28424	NCAC	0	0
28424	TGCA	0	0
28427	AAGTG	0	0
28427	GGACT	0	0
28427	GGATT	0	0
28428	CC	0	0
28428	TT	0	0
28439	A	0	0
28439	G	0	0
28461	C	0	0
28461	G	0	0
28475	A	0	0
28475	G	0	0
28476	AA	0	0
28476	GG	0	0
28479	AA	0	0
28479	GT	0	0
28479	NN	0	0
28488	A	0	0
28488	G	0	0
28491	CAC	0	0
28491	TAT	0	0
28491	TGT	0	0
28508	A	0	0
28508	T	0	0
28520	AA	0	0
28520	TT	0	0
28529	C	0	0
28529	T	0	0
28533	G	0	0
28533	T	0	0
28556	C	0	0
28556	T	0	0
28564	C	0	0
28564	G	0	0
28571	AC	0	0
28571	AT	0	0
28571	TC	0	0
28579	C	0	0
28579	G	0	0
28581	GTCA	0	0
28581	TCTC	0	0
28590	A	0	0
28590	T	0	0
28603	AG	0	0
28603	TA	0	0
28606	AG	0	0
28606	CA	0	0
28608	CA	0	0
28608	GG	0	0
28612	C	0	0
28612	T	0	0
28616	ATGACTGA	0	0
28616	ATGACTGC	0	0
28616	ATGCAGTA	0	0
28616	NNNNNTGA	0	0
28616	TACACNNA	0	0
28637	G	0	0
28637	T	0	0
28660	A	0	0
28660	C	0	0
28663	CGTT	0	0
28663	TACA	0	0
28681	GGT	0	0
28681	TTC	0	0
28693	CC	0	0
28693	TC	0	0
28693	TT	0	0
28694	G	0	0
28694	T	0	0
28695	A	0	0
28695	T	0	0
28741	A	0	0
28741	T	0	0
28747	A	0	0
28747	C	0	0
28756	CCA	0	0
28756	CTA	0	0
28756	CTT	0	0
28756	GTA	0	0
28775	C	0	0
28775	G	0	0
28780	CA	0	0
28780	GT	0	0
28782	CGA	0	0
28782	CGG	0	0
28782	TTA	0	0
28783	A	0	0
28783	G	0	0
28793	A	0	0
28793	G	0	0
28795	A	0	0
28795	G	0	0
28797	ATA	0	0
28797	ATG	0	0
28797	CAG	0	0
28797	NTG	0	0
28801	C	0	0
28801	G	0	0
28803	A	0	0
28803	G	0	0
28805	C	0	0
28805	T	0	0
28822	A	0	0
28822	G	0	0
28825	A	0	0
28825	C	0	0
28835	C	0	0
28835	G	0	0
28853	AG	0	0
28853	GA	0	0
28853	GG	0	0
28854	C	0	0
28854	T	0	0
28864	A	0	0
28864	T	0	0
28880	CAGC	0	0
28880	TGAA	0	0
28890	G	0	0
28890	T	0	0
28893	C	0	0
28893	T	0	0
28897	A	0	0
28897	G	0	0
28903	A	0	0
28903	G	0	0
28911	AA	0	0
28911	GA	0	0
28911	GG	0	0
28912	C	0	0
28912	G	0	0
28918	C	0	0
28918	T	0	0
28924	AAAC	0	0
28924	GTGT	0	0
28930	GC	0	0
28930	TT	0	0
28932	C	0	0
28932	T	0	0
28942	CG	0	0
28942	TA	0	0
28947	A	0	0
28947	G	0	0
28953	G	0	0
28953	T	0	0
28955	A	0	0
28955	C	0	0
28958	C	0	0
28958	T	0	0
28984	G	0	0
28984	T	0	0
28985	C	0	0
28985	T	0	0
28992	A	0	0
28992	G	0	0
28996	A	0	0
28996	T	0	0
28997	C	0	0
28997	G	0	0
29048	AG	0	0
29048	CC	0	0
29056	A	0	0
29056	G	0	0
29065	G	0	0
29065	T	0	0
29066	C	0	0
29066	T	0	0
29079	A	0	0
29079	G	0	0
29089	AC	0	0
29089	GA	0	0
29112	CAT	0	0
29112	GAC	0	0
29112	GAT	0	0
29112	GCT	0	0
29112	NAT	0	0
29119	A	0	0
29119	G	0	0
29123	G	0	0
29123	T	0	0
29125	ACCA	0	0
29125	CAGC	0	0
29133	G	0	0
29133	N	0	0
29133	T	0	0
29136	AAGC	0	0
29136	CGTA	0	0
29138	GN	0	0
29138	TC	0	0
29138	TG	0	0
29147	GG	0	0
29147	TG	0	0
29147	TT	0	0
29150	A	0	0
29150	C	0	0
29172	AGAG	0	0
29172	TAGT	0	0
29176	AGAG	0	0
29176	TAGT	0	0
29186	AC	0	0
29186	GC	0	0
29186	GT	0	0
29189	A	0	0
29189	C	0	0
29195	A	0	0
29195	G	0	0
29203	ACAC	0	0
29203	CCAC	0	0
29203	CCGG	0	0
29203	CGAC	0	0
29220	A	0	0
29220	C	0	0
29260	A	0	0
29260	G	0	0
29260	N	0	0
29261	C	0	0
29261	T	0	0
29269	C	0	0
29269	T	0	0
29276	A	0	0
29276	T	0	0
29321	C	0	0
29321	T	0	0
29352	A	0	0
29352	G	0	0
29353	A	0	0
29353	G	0	0
29354	A	0	0
29354	T	0	0
29361	C	0	0
29361	T	0	0
29362	AG	0	0
29362	GA	0	0
29381	A	0	0
29381	G	0	0
29386	A	0	0
29386	C	0	0
29388	C	0	0
29388	G	0	0
29389	A	0	0
29389	G	0	0
29391	C	0	0
29391	T	0	0
29402	A	0	0
29402	G	0	0
29405	A	0	0
29405	G	0	0
29426	AG	0	0
29426	TA	0	0
29426	TG	0	0
29433	A	0	0
29433	T	0	0
29434	A	0	0
29434	T	0	0
29450	A	0	0
29450	G	0	0
29454	AT	0	0
29454	CG	0	0
29466	A	0	0
29466	G	0	0
29468	GG	0	0
29468	TA	0	0
29489	C	0	0
29489	T	0	0
29491	AAAC	0	0
29491	AAGC	0	0
29491	AGAC	0	0
29491	AGAG	0	0
29491	GGAC	0	0
29509	ACAC	0	0
29509	GTGG	0	0
29511	C	0	0
29511	T	0	0
29515	G	0	0
29515	T	0	0
29518	AC	0	0
29518	NN	0	0
29518	NT	0	0
29518	TC	0	0
29534	ACC	0	0
29534	ATC	0	0
29534	TTT	0	0
29555	G	0	0
29555	T	0	0
29556	C	0	0
29556	T	0	0
29591	CC	0	0
29591	GT	0	0
29604	ACA	0	0
29604	ATG	0	0
29604	GTA	0	0
29605	C	0	0
29605	T	0	0
29626	CC	0	0
29626	GG	0	0
29631	C	0	0
29631	N	0	0
29631	T	0	0
29648	A	0	0
29648	T	0	0
29650	A	0	0
29650	G	0	0
29673	C	0	0
29673	T	0	0
29676	A	0	0
29676	G	0	0
29686	C	0	0
29686	T	0	0
29701	C	0	0
29701	T	0	0
29714	A	0	0
29714	C	0	0
29726	A	0	0
29726	G	0	0
29726	N	0	0
29728	GT	0	0
29728	TG	0	0
29731	C	0	0
29731	T	0	0
29740	ATC	0	0
29740	GCT	0	0
29751	C	0	0
29751	T	0	0
29752	A	0	0
29752	G	0	0
29754	A	0	0
29754	G	0	0
29767	CT	0	0
29767	TC	0	0
29768	CCAACA	0	0
29768	CGATGC	0	0
29768	TGCTCA	0	0
29773	A	0	0
29773	T	0	0
29779	A	0	0
29779	G	0	0
29780	A	0	0
29780	G	0	0
29782	ATA	0	0
29782	CAG	0	0
29784	A	0	0
29784	C	0	0
29800	C	0	0
29800	T	0	0
29804	C	0	0
29804	T	0	0
29824	G	0	0
29824	T	0	0
29836	CA	0	0
29836	CG	0	0
29836	GG	0	0
29840	C	0	0
29840	G	0	0
29846	C	0	0
29846	T	0	0
29849	GCG	0	0
29849	TGA	0	0
29851	AT	0	0
29851	GC	0	0
29866	A	0	0
29866	C	0	0
29869	C	0	0
29869	T	0	0
29880	A	0	0
29880	G	0	0
29890	A	0	0
29890	G	0	0
29911	ACGC	0	0
29911	GGTT	0	0
29921	A	0	0
29921	T	0	0
29922	C	0	0
29922	G	0	0
29943	C	0	0
29943	T	0	0
29950	A	0	0
29950	G	0	0
29972	C	0	0
29972	G	0	0
29974	C	0	0
29974	T	0	0
29976	A	0	0
29976	T	0	0
29989	CA	0	0
29989	TT	0	0
30000	A	0	0
30000	G	0	0
30006	CCA	0	0
30006	TGG	0	0
30017	CA	0	0
30017	NA	0	0
30017	NG	0	0
30017	TA	0	0
30026	A	0	0
30026	G	0	0
30030	C	0	0
30030	T	0	0
30041	C	0	0
30041	T	0	0
30049	C	0	0
30049	T	0	0
30053	C	0	0
30053	T	0	0
30054	C	0	0
30054	T	0	0
30072	CC	0	0
30072	TG	0	0
30087	C	0	0
30087	N	0	0
30087	T	0	0
30093	ACA	0	0
30093	CTG	0	0
30094	C	0	0
30094	G	0	0
30104	AA	0	0
30104	GC	0	0
30108	GC	0	0
30108	TA	0	0
30118	CT	0	0
30118	TC	0	0
30120	ACA	0	0
30120	CGG	0	0
30132	G	0	0
30132	T	0	0
30138	AGCGG	0	0
30138	GACAC	0	0
30138	GATAG	0	0
30143	AA	0	0
30143	GT	0	0
30150	AC	0	0
30150	GG	0	0
30155	A	0	0
30155	G	0	0
30159	C	0	0
30159	T	0	0
30169	A	0	0
30169	G	0	0
30171	A	0	0
30171	G	0	0
30230	CAT	0	0
30230	CGC	0	0
30230	TAT	0	0
30240	CN	0	0
30240	TA	0	0
30240	TG	0	0
30240	TN	0	0
30244	CA	0	0
30244	GC	0	0
30248	AAA	0	0
30248	AGN	0	0
30248	GAC	0	0
30248	NAA	0	0
30260	A	0	0
30260	C	0	0
30262	C	0	0
30262	T	0	0
30266	A	0	0
30266	N	0	0
30266	T	0	0
30315	CA	0	0
30315	GC	0	0
30318	C	0	0
30318	G	0	0
30321	CTA	0	0
30321	TCC	0	0
30322	C	0	0
30322	T	0	0
30323	C	0	0
30323	T	0	0
30328	C	0	0
30328	T	0	0
30337	A	0	0
30337	C	0	0
30352	AA	0	0
30352	TT	0	0
30361	ACA	0	0
30361	CGG	0	0
30373	A	0	0
30373	G	0	0
30376	CA	0	0
30376	GC	0	0
30377	AA	0	0
30377	TC	0	0
30386	G	0	0
30386	T	0	0
30392	CA	0	0
30392	GC	0	0
30393	ACTG	0	0
30393	GTGC	0	0
30406	CATT	0	0
30406	NACA	0	0
30406	TATC	0	0
30406	TCTT	0	0
30408	GCC	0	0
30408	NGG	0	0
30408	TCC	0	0
30410	C	0	0
30410	T	0	0
30423	CAGTA	0	0
30423	CTTGA	0	0
30423	GTTGC	0	0
30428	AGA	0	0
30428	GTC	0	0
30434	A	0	0
30434	G	0	0
30448	A	0	0
30448	N	0	0
30448	T	0	0
30471	CTG	0	0
30471	TCA	0	0
30475	C	0	0
30475	T	0	0
30485	ACGNA	0	0
30485	GCAAC	0	0
30485	GTATC	0	0
30490	G	0	0
30490	T	0	0
30496	AA	0	0
30496	AG	0	0
30496	GG	0	0
30504	AA	0	0
30504	AG	0	0
30504	GG	0	0
30515	C	0	0
30515	T	0	0
30520	C	0	0
30520	T	0	0
30530	ATT	0	0
30530	CAA	0	0
30530	CTA	0	0
30530	CTT	0	0
30531	A	0	0
30531	G	0	0
30540	C	0	0
30540	G	0	0
30542	AGA	0	0
30542	GTC	0	0
30550	GG	0	0
30550	TG	0	0
30550	TT	0	0
30555	CGAA	0	0
30555	TAGC	0	0
30575	AGG	0	0
30575	CCC	0	0
30575	CGC	0	0
30576	A	0	0
30576	G	0	0
30586	A	0	0
30586	C	0	0
30589	A	0	0
30589	C	0	0
30593	C	0	0
30593	T	0	0
30594	A	0	0
30594	G	0	0
30629	A	0	0
30629	G	0	0
30629	N	0	0
30634	C	0	0
30634	G	0	0
30642	A	0	0
30642	T	0	0
30646	G	0	0
30646	T	0	0
30648	AGCAAG	0	0
30648	AGCGGA	0	0
30648	GAAAAG	0	0
30652	GG	0	0
30652	TA	0	0
30661	A	0	0
30661	G	0	0
30665	CA	0	0
30665	GC	0	0
30671	AA	0	0
30671	GG	0	0
30677	CG	0	0
30677	GT	0	0
30694	A	0	0
30694	T	0	0
30699	C	0	0
30699	T	0	0
30712	C	0	0
30712	T	0	0
30718	C	0	0
30718	T	0	0
30728	G	0	0
30728	T	0	0
30743	G	0	0
30743	T	0	0
30753	CG	0	0
30753	TG	0	0
30753	TT	0	0
30759	C	0	0
30759	T	0	0
30780	C	0	0
30780	T	0	0
30782	ATGG	0	0
30782	CCAT	0	0
30785	A	0	0
30785	G	0	0
30788	C	0	0
30788	T	0	0
30791	C	0	0
30791	T	0	0
30794	A	0	0
30794	G	0	0
30797	C	0	0
30797	T	0	0
30808	G	0	0
30808	T	0	0
30812	G	0	0
30812	T	0	0
30817	C	0	0
30817	G	0	0
30838	G	0	0
30838	T	0	0
30875	AGGG	0	0
30875	TAAA	0	0
30875	TGGG	0	0
30878	C	0	0
30878	T	0	0
30881	A	0	0
30881	T	0	0
30884	A	0	0
30884	G	0	0
30886	A	0	0
30886	T	0	0
30888	G	0	0
30888	T	0	0
30894	C	0	0
30894	G	0	0
30895	A	0	0
30895	T	0	0
30905	AA	0	0
30905	AG	0	0
30905	GN	0	0
30907	C	0	0
30907	T	0	0
30929	C	0	0
30929	T	0	0
30968	CAC	0	0
30968	TAG	0	0
30968	TGG	0	0
30972	A	0	0
30972	T	0	0
30978	A	0	0
30978	T	0	0
30985	C	0	0
30985	T	0	0
30986	AC	0	0
30986	CG	0	0
30988	A	0	0
30988	T	0	0
30997	A	0	0
30997	C	0	0
31009	C	0	0
31009	G	0	0
31011	G	0	0
31011	T	0	0
31016	C	0	0
31016	T	0	0
31021	C	0	0
31021	G	0	0
31024	A	0	0
31024	G	0	0
31027	C	0	0
31027	G	0	0
31033	C	0	0
31033	T	0	0
31049	AT	0	0
31049	CA	0	0
31053	GC	0	0
31053	TA	0	0
31055	A	0	0
31055	C	0	0
31062	ATGT	0	0
31062	CGCC	0	0
31077	C	0	0
31077	T	0	0
31107	AATCCGCTCG	0	0
31107	GGCCCGCTCG	0	0
31107	GGCCGATTGA	0	0
31107	GGCCGGTTCA	0	0
31107	GGCCGGTTGA	0	0
31107	GGTACGTTCA	0	0
31107	GGTCCGTCCA	0	0
31107	GGTCCGTTCA	0	0
31116	C	0	0
31116	T	0	0
31119	AC	0	0
31119	GT	0	0
31166	A	0	0
31166	T	0	0
31179	CTGC	0	0
31179	TGAA	0	0
31191	G	0	0
31191	T	0	0
31199	A	0	0
31199	T	0	0
31201	AGT	0	0
31201	GTA	0	0
31210	AAAG	0	0
31210	GGGA	0	0
31218	A	0	0
31218	G	0	0
31232	C	0	0
31232	T	0	0
31234	CG	0	0
31234	TC	0	0
31257	GATGC	0	0
31257	GATGG	0	0
31257	NACGN	0	0
31257	TTTAG	0	0
31291	A	0	0
31291	G	0	0
31308	CA	0	0
31308	GT	0	0
31352	ATTG	0	0
31352	TGCA	0	0
31365	A	0	0
31365	G	0	0
31369	AAAGATA	0	0
31369	AAGAGTG	0	0
31369	AGGAATG	0	0
31369	GAGAGCG	0	0
31377	AC	0	0
31377	GT	0	0
31394	AA	0	0
31394	GG	0	0
31413	CA	0	0
31413	TG	0	0
31429	A	0	0
31429	T	0	0
31431	AGC	0	0
31431	AGT	0	0
31431	TAT	0	0
31442	CC	0	0
31442	TT	0	0
31443	A	0	0
31443	C	0	0
31454	A	0	0
31454	G	0	0
31468	AGGG	0	0
31468	GAAA	0	0
31474	C	0	0
31474	T	0	0
31489	C	0	0
31489	T	0	0
31496	ACACAGA	0	0
31496	ACTGAGC	0	0
31496	CCTGATN	0	0
31496	NAACTGN	0	0
31514	A	0	0
31514	G	0	0
31552	A	0	0
31552	C	0	0
31552	T	0	0
31560	C	0	0
31560	T	0	0
31567	AG	0	0
31567	CC	0	0
31597	A	0	0
31597	G	0	0
31628	A	0	0
31628	C	0	0
31629	C	0	0
31629	T	0	0
31637	A	0	0
31637	G	0	0
31642	A	0	0
31642	T	0	0
31649	A	0	0
31649	G	0	0
31652	C	0	0
31652	T	0	0
31659	C	0	0
31659	T	0	0
31679	A	0	0
31679	G	0	0
31682	A	0	0
31682	C	0	0
31688	C	0	0
31688	G	0	0
31715	C	0	0
31715	T	0	0
31725	C	0	0
31725	T	0	0
31793	A	0	0
31793	G	0	0
31794	ACAA	0	0
31794	ACAC	0	0
31794	ATAC	0	0
31794	TCGC	0	0
31796	A	0	0
31796	G	0	0
31799	CA	0	0
31799	CT	0	0
31799	GT	0	0
31813	C	0	0
31813	T	0	0
31829	AA	0	0
31829	AT	0	0
31829	GT	0	0
31837	C	0	0
31837	T	0	0
31844	GG	0	0
31844	GT	0	0
31844	TG	0	0
31844	TT	0	0
31848	G	0	0
31848	T	0	0
31851	AG	0	0
31851	GT	0	0
31853	CTT	0	0
31853	GCC	0	0
31875	A	0	0
31875	G	0	0
31894	A	0	0
31894	G	0	0
31897	A	0	0
31897	G	0	0
31918	A	0	0
31918	G	0	0
31948	A	0	0
31948	G	0	0
31949	A	0	0
31949	N	0	0
31949	T	0	0
31964	GA	0	0
31964	GG	0	0
31964	TG	0	0
31976	C	0	0
31976	T	0	0
31989	AC	0	0
31989	CA	0	0
31996	AC	0	0
31996	GG	0	0
32018	CCC	0	0
32018	TTT	0	0
32019	A	0	0
32019	G	0	0
32032	A	0	0
32032	C	0	0
32054	CTA	0	0
32054	TCG	0	0
32068	AG	0	0
32068	TA	0	0
32093	G	0	0
32093	N	0	0
32093	T	0	0
32094	CG	0	0
32094	TA	0	0
32108	A	0	0
32108	T	0	0
32118	A	0	0
32118	T	0	0
32138	AGT	0	0
32138	GAG	0	0
32139	G	0	0
32139	T	0	0
32164	CAA	0	0
32164	CGG	0	0
32164	TGG	0	0
32166	AT	0	0
32166	CC	0	0
32175	CTAGG	0	0
32175	GCGAA	0	0
32175	GCGGG	0	0
32189	GA	0	0
32189	NN	0	0
32189	TC	0	0
32207	GGGC	0	0
32207	TAAA	0	0
32221	A	0	0
32221	G	0	0
32225	A	0	0
32225	G	0	0
32236	A	0	0
32236	G	0	0
32259	CG	0	0
32259	TA	0	0
32259	TG	0	0
32260	A	0	0
32260	C	0	0
32264	A	0	0
32264	G	0	0
32269	A	0	0
32269	C	0	0
32270	C	0	0
32270	T	0	0
32290	A	0	0
32290	G	0	0
32292	CG	0	0
32292	GA	0	0
32292	GG	0	0
32300	A	0	0
32300	G	0	0
32315	ACAA	0	0
32315	GAGC	0	0
32325	G	0	0
32325	N	0	0
32325	T	0	0
32339	C	0	0
32339	T	0	0
32347	CAAA	0	0
32347	GAAA	0	0
32347	GGTG	0	0
32348	AAA	0	0
32348	CGG	0	0
32371	AAT	0	0
32371	TAA	0	0
32371	TAT	0	0
32371	TTA	0	0
32384	CA	0	0
32384	CC	0	0
32384	GC	0	0
32409	A	0	0
32409	G	0	0
32435	C	0	0
32435	T	0	0
32463	C	0	0
32463	T	0	0
32464	CG	0	0
32464	GA	0	0
32469	G	0	0
32469	T	0	0
32490	A	0	0
32490	G	0	0
32528	C	0	0
32528	T	0	0
32537	CG	0	0
32537	GA	0	0
32556	G	0	0
32556	T	0	0
32562	A	0	0
32562	T	0	0
32580	A	0	0
32580	G	0	0
32585	A	0	0
32585	G	0	0
32595	C	0	0
32595	G	0	0
32598	A	0	0
32598	G	0	0
32602	A	0	0
32602	C	0	0
32603	A	0	0
32603	C	0	0
32604	AGG	0	0
32604	GAA	0	0
32615	AA	0	0
32615	TG	0	0
32623	C	0	0
32623	N	0	0
32623	T	0	0
32633	A	0	0
32633	C	0	0
32640	AT	0	0
32640	GG	0	0
32641	GG	0	0
32641	NG	0	0
32641	NT	0	0
32641	TG	0	0
32646	A	0	0
32646	G	0	0
32647	CA	0	0
32647	GG	0	0
32651	C	0	0
32651	T	0	0
32665	C	0	0
32665	T	0	0
32697	AG	0	0
32697	GT	0	0
32698	A	0	0
32698	C	0	0
32698	N	0	0
32734	G	0	0
32734	T	0	0
32745	CTCA	0	0
32745	TCTC	0	0
32752	G	0	0
32752	T	0	0
32753	C	0	0
32753	T	0	0
32760	A	0	0
32760	G	0	0
32762	AAAAAA	0	0
32762	AGAAAA	0	0
32762	ANGAGA	0	0
32762	CAAGAG	0	0
32769	C	0	0
32769	G	0	0
32774	A	0	0
32774	G	0	0
32776	A	0	0
32776	G	0	0
32782	ACC	0	0
32782	ACT	0	0
32782	ATC	0	0
32782	GTC	0	0
32793	AAC	0	0
32793	GGT	0	0
32809	CA	0	0
32809	CC	0	0
32809	TC	0	0
32845	A	0	0
32845	G	0	0
32851	CATA	0	0
32851	TCGG	0	0
32884	C	0	0
32884	G	0	0
32910	AACGG	0	0
32910	ATTGG	0	0
32910	GTCAA	0	0
32917	CGG	0	0
32917	TAA	0	0
32923	AG	0	0
32923	CT	0	0
32948	C	0	0
32948	T	0	0
32974	A	0	0
32974	C	0	0
33005	C	0	0
33005	G	0	0
33010	AC	0	0
33010	AG	0	0
33010	CG	0	0
33036	G	0	0
33036	T	0	0
33037	A	0	0
33037	C	0	0
33054	C	0	0
33054	G	0	0
33082	A	0	0
33082	C	0	0
33109	C	0	0
33109	T	0	0
33111	A	0	0
33111	G	0	0
33125	A	0	0
33125	T	0	0
33128	GAC	0	0
33128	GAT	0	0
33128	TGC	0	0
33157	CGGC	0	0
33157	TAAT	0	0
33158	C	0	0
33158	T	0	0
33219	A	0	0
33219	G	0	0
33222	A	0	0
33222	T	0	0
33224	A	0	0
33224	T	0	0
33239	A	0	0
33239	G	0	0
33257	CCATGTT	0	0
33257	CGCGGCT	0	0
33257	GCCGTCC	0	0
33267	CAGTTA	0	0
33267	CGGCAC	0	0
33267	GGACAC	0	0
33267	GGGCAC	0	0
33269	A	0	0
33269	T	0	0
33293	C	0	0
33293	T	0	0
33296	CCTG	0	0
33296	TACT	0	0
33305	G	0	0
33305	T	0	0
33398	C	0	0
33398	T	0	0
33436	GC	0	0
33436	GT	0	0
33436	TC	0	0
33447	C	0	0
33447	T	0	0
33461	A	0	0
33461	G	0	0
33478	CN	0	0
33478	CT	0	0
33478	GA	0	0
33481	CGG	0	0
33481	TAG	0	0
33481	TGC	0	0
33481	TGG	0	0
33520	A	0	0
33520	T	0	0
33561	CC	0	0
33561	TT	0	0
33573	CC	0	0
33573	GT	0	0
33575	AC	0	0
33575	TT	0	0
33578	CCGC	0	0
33578	TTCT	0	0
33580	C	0	0
33580	T	0	0
33605	G	0	0
33605	T	0	0
33616	CCA	0	0
33616	GTG	0	0
33658	CC	0	0
33658	GG	0	0
33672	A	0	0
33672	G	0	0
33680	C	0	0
33680	T	0	0
33698	AAGC	0	0
33698	GTAG	0	0
33707	A	0	0
33707	G	0	0
33730	A	0	0
33730	G	0	0
33735	A	0	0
33735	G	0	0
33739	AAA	0	0
33739	GCG	0	0
33749	G	0	0
33749	T	0	0
33752	A	0	0
33752	G	0	0
33776	A	0	0
33776	G	0	0
33777	A	0	0
33777	T	0	0
33800	CTGC	0	0
33800	GCCT	0	0
33806	CTA	0	0
33806	GCG	0	0
33819	CT	0	0
33819	TC	0	0
33831	A	0	0
33831	G	0	0
33851	CT	0	0
33851	TC	0	0
33857	C	0	0
33857	T	0	0
33858	A	0	0
33858	T	0	0
33864	A	0	0
33864	C	0	0
33920	GA	0	0
33920	TA	0	0
33920	TG	0	0
33959	GCCGC	0	0
33959	GCTGC	0	0
33959	GGTAT	0	0
33959	TCTAT	0	0
33960	CCGCT	0	0
33960	CTCTG	0	0
33960	TTCCG	0	0
33961	CC	0	0
33961	TT	0	0
33964	AGTGC	0	0
33964	GAGAT	0	0
33964	GGGGC	0	0
33978	CACAA	0	0
33978	CACAG	0	0
33978	CGCAG	0	0
33978	CGCGG	0	0
33978	TGTAG	0	0
33980	A	0	0
33980	G	0	0
33993	ACA	0	0
33993	GCT	0	0
33993	GTT	0	0
33995	CG	0	0
33995	GA	0	0
34009	CC	0	0
34009	TT	0	0
34018	ACG	0	0
34018	TTA	0	0
34025	ACC	0	0
34025	GTT	0	0
34041	AG	0	0
34041	CA	0	0
34045	CA	0	0
34045	TG	0	0
34047	AA	0	0
34047	AG	0	0
34047	GG	0	0
34049	C	0	0
34049	T	0	0
34067	AC	0	0
34067	GT	0	0
34075	C	0	0
34075	G	0	0
34103	A	0	0
34103	G	0	0
34114	ATGC	0	0
34114	GCCT	0	0
34134	C	0	0
34134	T	0	0
34173	AGCG	0	0
34173	GTTA	0	0
34181	AGT	0	0
34181	ATT	0	0
34181	GTC	0	0
34204	A	0	0
34204	G	0	0
34222	G	0	0
34222	T	0	0
34242	CCG	0	0
34242	TTT	0	0
34247	ATCG	0	0
34247	GCTT	0	0
34257	CA	0	0
34257	CG	0	0
34257	TA	0	0
34278	C	0	0
34278	T	0	0
34295	C	0	0
34295	T	0	0
34299	C	0	0
34299	T	0	0
34302	A	0	0
34302	G	0	0
34304	C	0	0
34304	T	0	0
34332	CCG	0	0
34332	TTA	0	0
34335	CATC	0	0
34335	GGAT	0	0
34355	ACAT	0	0
34355	AGAC	0	0
34355	GCGT	0	0
34381	C	0	0
34381	T	0	0
34415	C	0	0
34415	T	0	0
34433	ACAT	0	0
34433	GAGC	0	0
34433	GCAT	0	0
34440	ATT	0	0
34440	TCC	0	0
34440	TCT	0	0
34442	G	0	0
34442	T	0	0
34455	ACAG	0	0
34455	ATAA	0	0
34455	ATGG	0	0
34455	CTAG	0	0
34468	CCT	0	0
34468	TAC	0	0
34469	C	0	0
34469	G	0	0
34486	ACC	0	0
34486	CTA	0	0
34487	C	0	0
34487	T	0	0
34498	C	0	0
34498	T	0	0
34509	CG	0	0
34509	TC	0	0
34509	TG	0	0
34510	A	0	0
34510	T	0	0
34512	A	0	0
34512	G	0	0
34514	AA	0	0
34514	GG	0	0
34521	A	0	0
34521	T	0	0
34543	CCA	0	0
34543	GTG	0	0
34546	A	0	0
34546	G	0	0
34574	A	0	0
34574	T	0	0
34589	AA	0	0
34589	TT	0	0
34665	C	0	0
34665	T	0	0
34698	A	0	0
34698	G	0	0
34705	C	0	0
34705	T	0	0
34736	A	0	0
34736	G	0	0
34740	CA	0	0
34740	TT	0	0
34750	C	0	0
34750	T	0	0
34755	A	0	0
34755	G	0	0
34761	A	0	0
34761	G	0	0
34765	A	0	0
34765	C	0	0
34801	CAGA	0	0
34801	GGCG	0	0
34801	NNCG	0	0
34802	A	0	0
34802	T	0	0
34806	A	0	0
34806	C	0	0
34834	A	0	0
34834	C	0	0
34866	A	0	0
34866	T	0	0
34873	CAT	0	0
34873	TGG	0	0
34892	C	0	0
34892	N	0	0
34892	T	0	0
34900	A	0	0
34900	G	0	0
34917	A	0	0
34917	T	0	0
34954	C	0	0
34954	T	0	0
34971	G	0	0
34971	T	0	0
34995	ATTGG	0	0
34995	ATTGT	0	0
34995	ATTTG	0	0
34995	TGGGG	0	0
35044	AA	0	0
35044	TG	0	0
35047	C	0	0
35047	G	0	0
35061	A	0	0
35061	G	0	0
35072	ATC	0	0
35072	GAA	0	0
35089	A	0	0
35089	G	0	0
35116	CA	0	0
35116	TA	0	0
35116	TT	0	0
35129	A	0	0
35129	C	0	0
35133	A	0	0
35133	C	0	0
35160	G	0	0
35160	T	0	0
35175	AT	0	0
35175	CC	0	0
35182	ATGC	0	0
35182	GGAA	0	0
35207	AG	0	0
35207	GT	0	0
35209	G	0	0
35209	N	0	0
35209	T	0	0
35212	ACCG	0	0
35212	GGGT	0	0
35222	A	0	0
35222	C	0	0
35228	A	0	0
35228	C	0	0
35229	CGC	0	0
35229	GCG	0	0
35258	AGANNNNNNNNNNGCNCAA	0	0
35258	CAATNNNNNNNNNGCCCAA	0	0
35258	CAGANNNACCGAGGCCCNA	0	0
35258	CAGGCGAGCCGAGTCCCAA	0	0
35258	CAGGCTCGCCGAGGCCCTA	0	0
35258	CAGNNNNNAAGAGGCCCGA	0	0
35258	CAGNNNNNACGCTNCCCGA	0	0
35258	CAGNNNNNNACAGACCCGA	0	0
35258	CAGNNNNNNCAACACCCCA	0	0
35258	CAGNNNNNNNNNNACCCTG	0	0
35258	CAGNNNNNNNNNNACNCTG	0	0
35258	CAGTAAGACCGAGGCCCNA	0	0
35258	CAGTATCACCGAGGCCCCA	0	0
35258	CAGTGNCTCCGAGTCCCCA	0	0
35258	CAGTGNNNNNNNNTCCCCA	0	0
35258	CAGTNGAACCGAGCCCCAA	0	0
35258	CAGTNTCACCGAGGCCCCA	0	0
35258	CANNNNNNNCGAANCGCTA	0	0
35258	CANNNNNNNNNNACCCCAA	0	0
35258	CANNNNNNNNNNNNNCGGA	0	0
35258	CANNNNNNNNNNNTCCCGA	0	0
35258	CNNNNNNNNNNNNNGGCTA	0	0
35258	CNNNNNNNNTGAGNCNCCA	0	0
35258	GAGTNNNNNNNNNNNNCAA	0	0
35260	C	0	0
35260	T	0	0
35272	AT	0	0
35272	TC	0	0
35276	C	0	0
35276	G	0	0
35285	A	0	0
35285	G	0	0
35316	CC	0	0
35316	CN	0	0
35316	TG	0	0
35316	TT	0	0
35325	CG	0	0
35325	TA	0	0
35330	A	0	0
35330	C	0	0
35331	A	0	0
35331	G	0	0
35333	CAA	0	0
35333	TGG	0	0
35343	AG	0	0
35343	GG	0	0
35343	GT	0	0
35353	ATC	0	0
35353	GAT	0	0
35358	A	0	0
35358	G	0	0
35368	AC	0	0
35368	GT	0	0
35377	C	0	0
35377	T	0	0
35394	C	0	0
35394	G	0	0
35420	A	0	0
35420	T	0	0
35424	A	0	0
35424	C	0	0
35433	AATTGT	0	0
35433	ACTCAG	0	0
35433	ACTCAT	0	0
35433	ACTTGT	0	0
35433	CCGCAT	0	0
35440	G	0	0
35440	T	0	0
35448	A	0	0
35448	G	0	0
35465	C	0	0
35465	T	0	0
35477	A	0	0
35477	G	0	0
35494	G	0	0
35494	T	0	0
35550	ATCT	0	0
35550	ATTT	0	0
35550	GCTC	0	0
35569	A	0	0
35569	G	0	0
35574	C	0	0
35574	G	0	0
35582	A	0	0
35582	C	0	0
35612	ACC	0	0
35612	GTT	0	0
35634	G	0	0
35634	N	0	0
35634	T	0	0
35640	AAA	0	0
35640	CAA	0	0
35640	CCG	0	0
35655	G	0	0
35655	T	0	0
35659	C	0	0
35659	T	0	0
35672	G	0	0
35672	N	0	0
35672	T	0	0
35718	A	0	0
35718	G	0	0
35728	C	0	0
35728	T	0	0
35765	CAA	0	0
35765	CCC	0	0
35765	GCC	0	0
35781	G	0	0
35781	T	0	0
35788	ACAA	0	0
35788	ATAG	0	0
35788	ATGA	0	0
35788	CTGA	0	0
35813	ATG	0	0
35813	GCA	0	0
35846	CCC	0	0
35846	TGT	0	0
35858	A	0	0
35858	G	0	0
35858	N	0	0
35861	C	0	0
35861	T	0	0
35888	C	0	0
35888	T	0	0
35904	CGG	0	0
35904	TAC	0	0
35912	A	0	0
35912	G	0	0
35938	A	0	0
35938	G	0	0
35982	C	0	0
35982	N	0	0
35982	T	0	0
36008	AG	0	0
36008	GC	0	0
36021	C	0	0
36021	T	0	0
36027	A	0	0
36027	G	0	0
36027	N	0	0
36032	C	0	0
36032	T	0	0
36040	A	0	0
36040	T	0	0
36058	C	0	0
36058	T	0	0
36063	C	0	0
36063	T	0	0
36093	G	0	0
36093	T	0	0
36114	AAA	0	0
36114	GTG	0	0
36147	C	0	0
36147	T	0	0
36152	CGACCGT	0	0
36152	CGGCTCC	0	0
36152	TAGGGCC	0	0
36161	C	0	0
36161	T	0	0
36163	C	0	0
36163	T	0	0
36176	AGTT	0	0
36176	GATA	0	0
36176	GGCA	0	0
36176	GGTA	0	0
36176	GGTT	0	0
36180	AT	0	0
36180	TG	0	0
36189	CCTC	0	0
36189	TGCT	0	0
36199	CT	0	0
36199	TC	0	0
36202	ACG	0	0
36202	GAA	0	0
36222	G	0	0
36222	T	0	0
36226	G	0	0
36226	T	0	0
36243	G	0	0
36243	T	0	0
36248	CT	0	0
36248	TC	0	0
36264	CG	0	0
36264	GA	0	0
36277	AG	0	0
36277	GA	0	0
36310	AG	0	0
36310	GC	0	0
36348	A	0	0
36348	T	0	0
36354	ATA	0	0
36354	GCG	0	0
36382	C	0	0
36382	T	0	0
36401	G	0	0
36401	T	0	0
36406	A	0	0
36406	G	0	0
36409	G	0	0
36409	T	0	0
36428	AACGG	0	0
36428	GTTAA	0	0
36428	GTTAG	0	0
36429	A	0	0
36429	G	0	0
36430	C	0	0
36430	G	0	0
36432	A	0	0
36432	T	0	0
36436	AA	0	0
36436	TC	0	0
36456	AGA	0	0
36456	NGC	0	0
36456	NTC	0	0
36456	TGC	0	0
36472	C	0	0
36472	T	0	0
36484	C	0	0
36484	T	0	0
36485	CAGG	0	0
36485	TGAC	0	0
36496	G	0	0
36496	T	0	0
36499	A	0	0
36499	G	0	0
36524	A	0	0
36524	N	0	0
36524	T	0	0
36540	A	0	0
36540	G	0	0
36565	A	0	0
36565	T	0	0
36569	ACTA	0	0
36569	TGGG	0	0
36584	G	0	0
36584	T	0	0
36592	A	0	0
36592	G	0	0
36597	CT	0	0
36597	TA	0	0
36615	AC	0	0
36615	CC	0	0
36615	CT	0	0
36622	CGG	0	0
36622	TAA	0	0
36623	C	0	0
36623	G	0	0
36703	A	0	0
36703	G	0	0
36739	A	0	0
36739	G	0	0
36818	AA	0	0
36818	AT	0	0
36818	GT	0	0
36860	C	0	0
36860	T	0	0
36929	C	0	0
36929	T	0	0
36932	A	0	0
36932	G	0	0
36967	A	0	0
36967	T	0	0
36986	CTAG	0	0
36986	TCGA	0	0
36995	A	0	0
36995	C	0	0
37000	GGA	0	0
37000	TAG	0	0
37017	C	0	0
37017	T	0	0
37021	AC	0	0
37021	GA	0	0
37022	CACAG	0	0
37022	CACGG	0	0
37022	TGTGA	0	0
37030	AAC	0	0
37030	GAA	0	0
37030	GGA	0	0
37062	AAC	0	0
37062	AAT	0	0
37062	GGT	0	0
37067	A	0	0
37067	C	0	0
37076	CCAT	0	0
37076	TTGC	0	0
37079	C	0	0
37079	T	0	0
37117	GT	0	0
37117	TG	0	0
37143	GA	0	0
37143	GG	0	0
37143	TA	0	0
37170	A	0	0
37170	C	0	0
37176	AAAT	0	0
37176	GGGC	0	0
37240	C	0	0
37240	G	0	0
37242	ATG	0	0
37242	TAT	0	0
37251	A	0	0
37251	G	0	0
37254	G	0	0
37254	T	0	0
37318	ATATTG	0	0
37318	TAACCT	0	0
37318	TATCTG	0	0
37323	AA	0	0
37323	AT	0	0
37323	GA	0	0
37331	CTGT	0	0
37331	TCAC	0	0
37343	CGGGG	0	0
37343	GCGAC	0	0
37343	GCTAC	0	0
37360	ATT	0	0
37360	GAC	0	0
37362	CCGC	0	0
37362	TTAG	0	0
37408	CT	0	0
37408	TC	0	0
37449	C	0	0
37449	T	0	0
37518	C	0	0
37518	G	0	0
37520	CTGG	0	0
37520	TGTT	0	0
37547	CCTC	0	0
37547	TTCT	0	0
37573	CTA	0	0
37573	TCG	0	0
37624	GTAA	0	0
37624	TCGC	0	0
37630	A	0	0
37630	G	0	0
37643	C	0	0
37643	G	0	0
37647	CTG	0	0
37647	TCA	0	0
37672	C	0	0
37672	T	0	0
37684	G	0	0
37684	T	0	0
37693	A	0	0
37693	C	0	0
37700	A	0	0
37700	G	0	0
37708	G	0	0
37708	T	0	0
37734	AAT	0	0
37734	CCC	0	0
37760	A	0	0
37760	G	0	0
37771	CT	0	0
37771	NT	0	0
37771	TC	0	0
37771	TT	0	0
37780	G	0	0
37780	T	0	0
37782	A	0	0
37782	G	0	0
37809	AGT	0	0
37809	GTA	0	0
37813	A	0	0
37813	G	0	0
37817	C	0	0
37817	T	0	0
37823	C	0	0
37823	T	0	0
37826	G	0	0
37826	T	0	0
37838	A	0	0
37838	G	0	0
37849	A	0	0
37849	G	0	0
37859	A	0	0
37859	G	0	0
37863	C	0	0
37863	T	0	0
37874	CNN	0	0
37874	TAC	0	0
37874	TAN	0	0
37874	TNN	0	0
37874	TTT	0	0
37895	GTA	0	0
37895	TCG	0	0
37905	AAG	0	0
37905	GCA	0	0
37909	AAG	0	0
37909	GCT	0	0
37918	AA	0	0
37918	GT	0	0
37927	A	0	0
37927	G	0	0
37928	A	0	0
37928	G	0	0
37948	A	0	0
37948	C	0	0
37956	G	0	0
37956	T	0	0
37984	A	0	0
37984	G	0	0
37987	C	0	0
37987	T	0	0
37995	A	0	0
37995	G	0	0
37998	AG	0	0
37998	CA	0	0
38015	A	0	0
38015	G	0	0
38015	N	0	0
38021	A	0	0
38021	N	0	0
38021	T	0	0
38030	A	0	0
38030	C	0	0
38044	A	0	0
38044	T	0	0
38047	A	0	0
38047	T	0	0
38060	C	0	0
38060	T	0	0
38104	C	0	0
38104	G	0	0
38109	GA	0	0
38109	TC	0	0
38115	CAG	0	0
38115	TCC	0	0
38117	AA	0	0
38117	GC	0	0
38119	G	0	0
38119	T	0	0
38176	G	0	0
38176	T	0	0
38183	CCA	0	0
38183	CTG	0	0
38183	TTG	0	0
38195	CG	0	0
38195	TA	0	0
38203	A	0	0
38203	G	0	0
38210	C	0	0
38210	T	0	0
38230	G	0	0
38230	T	0	0
38232	AA	0	0
38232	GG	0	0
38256	ACC	0	0
38256	GCT	0	0
38256	GTT	0	0
38288	C	0	0
38288	G	0	0
38304	C	0	0
38304	T	0	0
38306	A	0	0
38306	C	0	0
38332	C	0	0
38332	T	0	0
38334	AGA	0	0
38334	GAG	0	0
38365	C	0	0
38365	G	0	0
38373	AAG	0	0
38373	GTA	0	0
38398	A	0	0
38398	G	0	0
38429	A	0	0
38429	G	0	0
38435	AAC	0	0
38435	GAC	0	0
38435	GGT	0	0
38474	AA	0	0
38474	AG	0	0
38474	TG	0	0
38483	A	0	0
38483	G	0	0
38492	A	0	0
38492	G	0	0
38506	GC	0	0
38506	NN	0	0
38506	TA	0	0
38516	CTTGC	0	0
38516	TCCCC	0	0
38516	TCCGT	0	0
38518	CAAC	0	0
38518	CGGC	0	0
38518	TAGG	0	0
38529	A	0	0
38529	G	0	0
38531	CCAACA	0	0
38531	GCAAGG	0	0
38531	GCGGCA	0	0
38531	GGAGCA	0	0
38580	C	0	0
38580	T	0	0
38617	ACG	0	0
38617	AGA	0	0
38617	AGG	0	0
38617	CGG	0	0
38626	A	0	0
38626	G	0	0
38645	C	0	0
38645	G	0	0
38653	A	0	0
38653	C	0	0
38684	C	0	0
38684	T	0	0
38785	A	0	0
38785	G	0	0
38791	C	0	0
38791	T	0	0
38826	G	0	0
38826	N	0	0
38826	T	0	0
38829	C	0	0
38829	G	0	0
38910	AT	0	0
38910	GC	0	0
38917	C	0	0
38917	T	0	0
38937	G	0	0
38937	T	0	0
38948	AGCG	0	0
38948	GCGC	0	0
38954	CGAAC	0	0
38954	CGGAC	0	0
38954	GAAGT	0	0
38957	C	0	0
38957	T	0	0
38962	A	0	0
38962	C	0	0
38976	A	0	0
38976	G	0	0
38985	G	0	0
38985	T	0	0
38989	C	0	0
38989	T	0	0
38990	A	0	0
38990	G	0	0
39001	A	0	0
39001	C	0	0
39015	G	0	0
39015	T	0	0
39016	A	0	0
39016	T	0	0
39025	C	0	0
39025	T	0	0
39044	GAA	0	0
39044	TTG	0	0
39065	AC	0	0
39065	TG	0	0
39067	C	0	0
39067	T	0	0
39078	CC	0	0
39078	TT	0	0
39097	CCGCAGT	0	0
39097	CCTAAAT	0	0
39097	CCTCAAT	0	0
39097	CCTCAGC	0	0
39097	CCTCAGT	0	0
39097	CCTCGAT	0	0
39097	CTTCAGT	0	0
39097	TCTCAGT	0	0
39113	C	0	0
39113	T	0	0
39137	A	0	0
39137	G	0	0
39140	G	0	0
39140	T	0	0
39144	A	0	0
39144	N	0	0
39144	T	0	0
39147	AC	0	0
39147	TG	0	0
39163	AATGGGGG	0	0
39163	AATTTGGG	0	0
39163	GATGGGGG	0	0
39163	GATTGGGG	0	0
39163	GATTTTTT	0	0
39163	GGGGGGGG	0	0
39178	A	0	0
39178	C	0	0
39180	G	0	0
39180	T	0	0
39188	AC	0	0
39188	CC	0	0
39188	CG	0	0
39190	A	0	0
39190	G	0	0
39212	C	0	0
39212	T	0	0
39219	C	0	0
39219	T	0	0
39230	C	0	0
39230	T	0	0
39236	A	0	0
39236	G	0	0
39249	GC	0	0
39249	TC	0	0
39249	TT	0	0
39250	AACG	0	0
39250	TGAT	0	0
39252	C	0	0
39252	T	0	0
39273	ATTT	0	0
39273	CCTG	0	0
39273	CTGG	0	0
39295	ACAG	0	0
39295	CTCA	0	0
39305	AG	0	0
39305	GA	0	0
39319	C	0	0
39319	T	0	0
39327	A	0	0
39327	G	0	0
39328	A	0	0
39328	G	0	0
39344	C	0	0
39344	T	0	0
39373	CT	0	0
39373	TA	0	0
39376	AGTC	0	0
39376	TCCG	0	0
39384	CTTC	0	0
39384	GGCG	0	0
39386	ACA	0	0
39386	ACC	0	0
39386	TTC	0	0
39391	ACAG	0	0
39391	CTCA	0	0
39416	A	0	0
39416	G	0	0
39419	GC	0	0
39419	TA	0	0
39430	ATAG	0	0
39430	GGTT	0	0
39440	AA	0	0
39440	GT	0	0
39461	AG	0	0
39461	TA	0	0
39462	C	0	0
39462	G	0	0
39466	ACA	0	0
39466	TAT	0	0
39479	G	0	0
39479	T	0	0
39505	CCAGC	0	0
39505	GCGCG	0	0
39505	GTGCG	0	0
39510	C	0	0
39510	T	0	0
39513	CT	0	0
39513	TC	0	0
39521	C	0	0
39521	T	0	0
39526	AA	0	0
39526	TC	0	0
39536	A	0	0
39536	C	0	0
39572	A	0	0
39572	C	0	0
39577	CT	0	0
39577	TA	0	0
39582	ACAG	0	0
39582	CTCA	0	0
39602	CTTG	0	0
39602	GCCA	0	0
39602	GTTG	0	0
39621	C	0	0
39621	T	0	0
39626	A	0	0
39626	G	0	0
39641	GAAGACAG	0	0
39641	GATCACAG	0	0
39641	NNACACAG	0	0
39641	NNAGTGTC	0	0
39641	TCACACAG	0	0
39716	C	0	0
39716	G	0	0
39759	G	0	0
39759	T	0	0
39826	C	0	0
39826	G	0	0
39828	GG	0	0
39828	TC	0	0
39845	AA	0	0
39845	TG	0	0
39899	CCGGCAA	0	0
39899	CCGGCGA	0	0
39899	CCGGCGG	0	0
39899	TGAATGG	0	0
39899	TGGGCGA	0	0
39922	C	0	0
39922	T	0	0
39976	AG	0	0
39976	GA	0	0
39977	A	0	0
39977	C	0	0
40006	C	0	0
40006	T	0	0
40106	AT	0	0
40106	GC	0	0
40117	C	0	0
40117	G	0	0
40126	C	0	0
40126	T	0	0
40137	G	0	0
40137	T	0	0
40144	CACT	0	0
40144	CGCT	0	0
40144	CGGT	0	0
40144	TACC	0	0
40144	TACT	0	0
40160	CTC	0	0
40160	TCT	0	0
40161	AAG	0	0
40161	TTC	0	0
40184	A	0	0
40184	C	0	0
40190	AAG	0	0
40190	TTC	0	0
40192	ATTC	0	0
40192	CACG	0	0
40203	C	0	0
40203	T	0	0
40230	C	0	0
40230	T	0	0
40233	C	0	0
40233	T	0	0
40240	CG	0	0
40240	GT	0	0
40241	AA	0	0
40241	AG	0	0
40241	GA	0	0
40248	A	0	0
40248	C	0	0
40254	A	0	0
40254	G	0	0
40264	AC	0	0
40264	GT	0	0
40266	AT	0	0
40266	GG	0	0
40294	ATGT	0	0
40294	GGAC	0	0
40297	A	0	0
40297	G	0	0
40368	AGT	0	0
40368	GAC	0	0
40372	ACCCCTCCT	0	0
40372	CCCCCCCCG	0	0
40372	CCCTCTCCT	0	0
40372	CCTTCTCTT	0	0
40372	CTTTTTGTT	0	0
40379	A	0	0
40379	G	0	0
40402	C	0	0
40402	G	0	0
40428	AC	0	0
40428	GA	0	0
40428	GC	0	0
40444	C	0	0
40444	T	0	0
40451	A	0	0
40451	G	0	0
40453	G	0	0
40453	T	0	0
40469	C	0	0
40469	T	0	0
40474	GA	0	0
40474	TG	0	0
40487	ANACAG	0	0
40487	ATAGAC	0	0
40487	NNNCAT	0	0
40487	TCTTAC	0	0
40487	TTCAGC	0	0
40496	G	0	0
40496	T	0	0
40497	G	0	0
40497	N	0	0
40497	T	0	0
40505	CTC	0	0
40505	TCT	0	0
40505	TTC	0	0
40506	A	0	0
40506	G	0	0
40515	A	0	0
40515	T	0	0
40526	C	0	0
40526	T	0	0
40529	AACC	0	0
40529	TGAA	0	0
40547	A	0	0
40547	G	0	0
40547	N	0	0
40549	ACGATA	0	0
40549	GTAGCA	0	0
40549	GTGACG	0	0
40549	GTGGCA	0	0
40551	C	0	0
40551	T	0	0
40557	AACC	0	0
40557	TGAA	0	0
40560	AGAG	0	0
40560	GACA	0	0
40566	CAC	0	0
40566	CTG	0	0
40566	GGC	0	0
40579	A	0	0
40579	G	0	0
40583	AACCGA	0	0
40583	AACCTG	0	0
40583	TGAATG	0	0
40585	AACC	0	0
40585	CCGT	0	0
40585	TGAA	0	0
40615	CGCC	0	0
40615	GCTT	0	0
40617	C	0	0
40617	T	0	0
40620	AACCGAGA	0	0
40620	ACACAGAA	0	0
40620	ACACGAGA	0	0
40620	ACAGCAGA	0	0
40620	ACATTGGC	0	0
40620	AGAGTCAA	0	0
40620	CAATGGAA	0	0
40620	CACTTCGA	0	0
40620	CAGATCTG	0	0
40620	CAGCGTTA	0	0
40620	CCGTGAGA	0	0
40620	CGCTGATC	0	0
40620	GAGCTGAA	0	0
40620	TGAAGAGA	0	0
40621	G	0	0
40621	T	0	0
40629	AACC	0	0
40629	TGAA	0	0
40633	AAGC	0	0
40633	GGAT	0	0
40637	AGG	0	0
40637	GAA	0	0
40643	CG	0	0
40643	TA	0	0
40643	TG	0	0
40644	CCANN	0	0
40644	GAAAG	0	0
40644	GGTGT	0	0
40654	CGCCG	0	0
40654	CGNTA	0	0
40654	TCTCG	0	0
40658	AGTTCCA	0	0
40658	GCCCATA	0	0
40658	GGCTCTG	0	0
40666	AC	0	0
40666	GA	0	0
40696	AAG	0	0
40696	CCT	0	0
40700	CACAGTCGGTAA	0	0
40700	CACTGCCAGCAA	0	0
40700	CAGCGTCGCTCA	0	0
40700	CGCCGTTGGTAG	0	0
40700	TACTATCGGTAG	0	0
40711	AG	0	0
40711	TC	0	0
40719	AC	0	0
40719	TG	0	0
40722	AA	0	0
40722	CT	0	0
40725	A	0	0
40725	T	0	0
40732	C	0	0
40732	T	0	0
40740	C	0	0
40740	T	0	0
40753	AAAG	0	0
40753	GTGT	0	0
40755	A	0	0
40755	G	0	0
40767	A	0	0
40767	G	0	0
40789	C	0	0
40789	T	0	0
40791	A	0	0
40791	G	0	0
40806	CCC	0	0
40806	TTT	0	0
40809	ACGC	0	0
40809	TGAG	0	0
40815	CT	0	0
40815	TA	0	0
40834	A	0	0
40834	G	0	0
40837	CGAG	0	0
40837	TAGT	0	0
40856	C	0	0
40856	T	0	0
40885	ACC	0	0
40885	TGA	0	0
40905	AGAG	0	0
40905	GACA	0	0
40924	AAAG	0	0
40924	GTGT	0	0
40929	AACC	0	0
40929	TGAA	0	0
40930	AAAG	0	0
40930	GTGT	0	0
40935	A	0	0
40935	T	0	0
40939	CT	0	0
40939	GN	0	0
40939	GT	0	0
40939	NA	0	0
40939	NN	0	0
40939	NT	0	0
40941	A	0	0
40941	G	0	0
40949	CT	0	0
40949	TA	0	0
40977	C	0	0
40977	T	0	0
41003	C	0	0
41003	T	0	0
41011	A	0	0
41011	G	0	0
41038	A	0	0
41038	C	0	0
41141	C	0	0
41141	T	0	0
41173	GCGA	0	0
41173	TGCG	0	0
41183	CG	0	0
41183	TC	0	0
41242	CCGTA	0	0
41242	TGCAA	0	0
41242	TGCAG	0	0
41262	A	0	0
41262	G	0	0
41263	A	0	0
41263	T	0	0
41270	CAAGC	0	0
41270	CGGGA	0	0
41270	CGGGC	0	0
41270	TGGAC	0	0
41308	A	0	0
41308	T	0	0
41334	AAGGA	0	0
41334	CCACA	0	0
41334	CCACG	0	0
41451	C	0	0
41451	T	0	0
41454	C	0	0
41454	T	0	0
41456	C	0	0
41456	T	0	0
41467	G	0	0
41467	T	0	0
41470	CTTC	0	0
41470	TGGT	0	0
41473	ACTG	0	0
41473	GCCG	0	0
41473	GGTA	0	0
41499	A	0	0
41499	T	0	0
41506	G	0	0
41506	T	0	0
41513	ATGG	0	0
41513	TGCT	0	0
41523	G	0	0
41523	T	0	0
41534	C	0	0
41534	T	0	0
41545	C	0	0
41545	G	0	0
41560	ACAA	0	0
41560	GCAG	0	0
41560	GTGA	0	0
41575	GG	0	0
41575	TC	0	0
41582	C	0	0
41582	T	0	0
41583	A	0	0
41583	C	0	0
41596	CGGGGT	0	0
41596	CTGCAT	0	0
41596	GGACGC	0	0
41599	CTTC	0	0
41599	TGGT	0	0
41605	GGCT	0	0
41605	GGGT	0	0
41605	TCGC	0	0
41605	TGGC	0	0
41606	C	0	0
41606	T	0	0
41613	C	0	0
41613	G	0	0
41618	AACA	0	0
41618	CTTC	0	0
41633	CCGT	0	0
41633	TTCC	0	0
41635	CACG	0	0
41635	TTAA	0	0
41636	C	0	0
41636	T	0	0
41645	CGACCC	0	0
41645	CTACCT	0	0
41645	CTACTT	0	0
41645	CTGTCT	0	0
41645	GTATCG	0	0
41656	C	0	0
41656	T	0	0
41662	AC	0	0
41662	GC	0	0
41662	GT	0	0
41672	CG	0	0
41672	TA	0	0
41688	A	0	0
41688	G	0	0
41688	N	0	0
41704	A	0	0
41704	C	0	0
41710	A	0	0
41710	C	0	0
41719	AAGNAT	0	0
41719	GGAAGG	0	0
41719	GGGGAG	0	0
41736	A	0	0
41736	G	0	0
41739	C	0	0
41739	T	0	0
41740	C	0	0
41740	T	0	0
41741	A	0	0
41741	C	0	0
41766	A	0	0
41766	G	0	0
41768	A	0	0
41768	G	0	0
41770	CG	0	0
41770	NA	0	0
41770	TA	0	0
41785	CA	0	0
41785	TG	0	0
41793	A	0	0
41793	G	0	0
41806	CAATT	0	0
41806	CCATT	0	0
41806	GCGAC	0	0
41807	A	0	0
41807	G	0	0
41837	AA	0	0
41837	CG	0	0
41865	A	0	0
41865	G	0	0
41901	CA	0	0
41901	GG	0	0
41914	GGT	0	0
41914	NCA	0	0
41914	TCT	0	0
41919	AC	0	0
41919	CT	0	0
41938	A	0	0
41938	C	0	0
41941	C	0	0
41941	T	0	0
41954	A	0	0
41954	G	0	0
41960	ATA	0	0
41960	ATG	0	0
41960	TAG	0	0
41973	A	0	0
41973	G	0	0
41974	AC	0	0
41974	GT	0	0
41986	CT	0	0
41986	GG	0	0
42012	A	0	0
42012	G	0	0
42018	ACC	0	0
42018	TGG	0	0
42040	CCCT	0	0
42040	TATC	0	0
42043	AGGA	0	0
42043	TTCC	0	0
42045	AAG	0	0
42045	TCG	0	0
42045	TCT	0	0
42057	A	0	0
42057	G	0	0
42078	CC	0	0
42078	CT	0	0
42078	TT	0	0
42080	AACG	0	0
42080	AAGG	0	0
42080	TTCC	0	0
42081	ACANAGA	0	0
42081	NNNNAGG	0	0
42081	TCTTACA	0	0
42081	TTCAGCA	0	0
42086	CTTA	0	0
42086	TCAG	0	0
42093	AAG	0	0
42093	TTC	0	0
42113	CCT	0	0
42113	TAC	0	0
42127	C	0	0
42127	G	0	0
42130	A	0	0
42130	G	0	0
42132	AT	0	0
42132	TA	0	0
42132	TT	0	0
42164	AAT	0	0
42164	TCC	0	0
42170	AAAC	0	0
42170	TTCG	0	0
42218	C	0	0
42218	G	0	0
42227	AAGCGG	0	0
42227	CTGGCC	0	0
42227	TTCCGC	0	0
42228	AA	0	0
42228	TC	0	0
42244	AAG	0	0
42244	TTC	0	0
42250	AAGC	0	0
42250	TTCT	0	0
42256	A	0	0
42256	G	0	0
42266	A	0	0
42266	T	0	0
42269	A	0	0
42269	C	0	0
42275	GG	0	0
42275	TT	0	0
42281	A	0	0
42281	T	0	0
42318	A	0	0
42318	G	0	0
42354	C	0	0
42354	G	0	0
42363	GATA	0	0
42363	TGGG	0	0
42369	AGAC	0	0
42369	GAGC	0	0
42369	GAGG	0	0
42390	C	0	0
42390	T	0	0
42407	C	0	0
42407	T	0	0
42417	ATC	0	0
42417	CCA	0	0
42420	GTCC	0	0
42420	TGTT	0	0
42435	AAC	0	0
42435	AGT	0	0
42435	GGT	0	0
42472	ACTG	0	0
42472	GTCA	0	0
42474	AT	0	0
42474	GC	0	0
42480	ACGG	0	0
42480	GTCA	0	0
42485	CC	0	0
42485	GA	0	0
42485	GC	0	0
42487	CACC	0	0
42487	GCTG	0	0
42500	CTCT	0	0
42500	CTTT	0	0
42500	GCCC	0	0
42503	C	0	0
42503	T	0	0
42526	AAAT	0	0
42526	CGGA	0	0
42531	AA	0	0
42531	GG	0	0
42539	AAT	0	0
42539	GGC	0	0
42551	CG	0	0
42551	GA	0	0
42554	GC	0	0
42554	TT	0	0
42557	A	0	0
42557	C	0	0
42576	G	0	0
42576	T	0	0
42585	C	0	0
42585	T	0	0
42588	AT	0	0
42588	GG	0	0
42609	CA	0	0
42609	CC	0	0
42609	TC	0	0
42615	C	0	0
42615	G	0	0
42616	ACG	0	0
42616	GTT	0	0
42618	A	0	0
42618	G	0	0
42647	CA	0	0
42647	TG	0	0
42651	C	0	0
42651	G	0	0
42669	AC	0	0
42669	TA	0	0
42670	A	0	0
42670	C	0	0
42676	AAC	0	0
42676	GGT	0	0
42684	CAA	0	0
42684	TGC	0	0
42706	CCT	0	0
42706	TTG	0	0
42706	TTT	0	0
42714	A	0	0
42714	G	0	0
42719	AG	0	0
42719	GA	0	0
42721	A	0	0
42721	G	0	0
42722	CACAT	0	0
42722	CGTGT	0	0
42722	TATGC	0	0
42722	TATGT	0	0
42749	AC	0	0
42749	GG	0	0
42759	AT	0	0
42759	GC	0	0
42774	ATAT	0	0
42774	GGGC	0	0
42780	AAAAT	0	0
42780	GGGCC	0	0
42780	GGGCT	0	0
42799	ACAGA	0	0
42799	GAGAA	0	0
42799	GAGAG	0	0
42806	C	0	0
42806	G	0	0
42809	G	0	0
42809	T	0	0
42813	C	0	0
42813	T	0	0
42846	A	0	0
42846	T	0	0
42849	A	0	0
42849	T	0	0
42852	AAGAG	0	0
42852	GGGGC	0	0
42852	GGTGC	0	0
42859	CAAG	0	0
42859	CAGG	0	0
42859	TGAA	0	0
42865	C	0	0
42865	T	0	0
42876	C	0	0
42876	T	0	0
42880	GC	0	0
42880	GT	0	0
42880	TC	0	0
42882	C	0	0
42882	T	0	0
42888	C	0	0
42888	G	0	0
42893	A	0	0
42893	G	0	0
42895	AATCT	0	0
42895	GCACC	0	0
42895	GCATT	0	0
42937	AA	0	0
42937	TG	0	0
42955	G	0	0
42955	T	0	0
42957	A	0	0
42957	C	0	0
42962	C	0	0
42962	T	0	0
42966	AGAGAG	0	0
42966	AGGTGT	0	0
42966	CAATGT	0	0
42977	A	0	0
42977	T	0	0
42978	C	0	0
42978	T	0	0
42986	G	0	0
42986	T	0	0
43006	A	0	0
43006	G	0	0
43009	CC	0	0
43009	TC	0	0
43009	TT	0	0
43020	A	0	0
43020	G	0	0
43048	AGG	0	0
43048	GAA	0	0
43053	AA	0	0
43053	GG	0	0
43054	ACGG	0	0
43054	GGAA	0	0
43054	GGGA	0	0
43054	NGGA	0	0
43083	A	0	0
43083	C	0	0
43084	ATCA	0	0
43084	GCTG	0	0
43085	AGG	0	0
43085	GCC	0	0
43104	C	0	0
43104	T	0	0
43111	ATTG	0	0
43111	GCGA	0	0
43150	A	0	0
43150	T	0	0
43151	CGA	0	0
43151	TTT	0	0
43163	C	0	0
43163	T	0	0
43166	CG	0	0
43166	NG	0	0
43166	TT	0	0
43187	CCAG	0	0
43187	TTGC	0	0
43191	A	0	0
43191	T	0	0
43194	A	0	0
43194	C	0	0
43209	A	0	0
43209	G	0	0
43222	CTG	0	0
43222	TCT	0	0
43222	TTG	0	0
43241	AAT	0	0
43241	CGC	0	0
43242	A	0	0
43242	C	0	0
43245	CTT	0	0
43245	TCA	0	0
43246	CC	0	0
43246	GT	0	0
43254	CG	0	0
43254	TA	0	0
43264	CGT	0	0
43264	TCC	0	0
43266	C	0	0
43266	T	0	0
43270	AGTA	0	0
43270	GTAG	0	0
43273	C	0	0
43273	T	0	0
43276	AA	0	0
43276	TG	0	0
43300	A	0	0
43300	G	0	0
43301	AAACC	0	0
43301	ATGTT	0	0
43301	CTGCT	0	0
43317	ATCGT	0	0
43317	GCTGC	0	0
43317	GCTTC	0	0
43334	C	0	0
43334	T	0	0
43337	CCAT	0	0
43337	GTGC	0	0
43349	ACAT	0	0
43349	TGAG	0	0
43349	TGGG	0	0
43361	AGAAC	0	0
43361	GAAGC	0	0
43361	GGAAT	0	0
43361	GGGAC	0	0
43364	AAACTGATC	0	0
43364	GAACTGACC	0	0
43364	GAACTGGCC	0	0
43364	GAATTGACC	0	0
43364	GAGCCCGCC	0	0
43364	GGACCAGCT	0	0
43365	CC	0	0
43365	TT	0	0
43367	ATGC	0	0
43367	ATGT	0	0
43367	GCAT	0	0
43369	A	0	0
43369	G	0	0
43380	CTA	0	0
43380	TCG	0	0
43384	GT	0	0
43384	TC	0	0
43390	AT	0	0
43390	CC	0	0
43396	AGC	0	0
43396	ATC	0	0
43396	GGA	0	0
43399	CC	0	0
43399	TT	0	0
43424	ATGGTT	0	0
43424	CTGAGC	0	0
43424	GCCGGC	0	0
43428	AT	0	0
43428	CC	0	0
43429	AC	0	0
43429	AT	0	0
43429	GT	0	0
43430	CGCT	0	0
43430	TATC	0	0
43438	AAG	0	0
43438	GGC	0	0
43439	G	0	0
43439	T	0	0
43449	A	0	0
43449	C	0	0
43450	ATG	0	0
43450	GCA	0	0
43450	GTA	0	0
43465	AC	0	0
43465	GT	0	0
43467	GT	0	0
43467	TC	0	0
43517	C	0	0
43517	T	0	0
43518	CC	0	0
43518	GT	0	0
43529	CCG	0	0
43529	TAA	0	0
43529	TCG	0	0
43532	A	0	0
43532	C	0	0
43547	C	0	0
43547	T	0	0
43557	GAAGTG	0	0
43557	TAGATA	0	0
43557	TTGTGA	0	0
43565	A	0	0
43565	G	0	0
43594	AT	0	0
43594	CA	0	0
43624	AGT	0	0
43624	GCC	0	0
43626	GC	0	0
43626	TT	0	0
43634	AAGA	0	0
43634	CCAT	0	0
43635	A	0	0
43635	G	0	0
43642	ATG	0	0
43642	TCA	0	0
43644	AT	0	0
43644	GG	0	0
43644	GT	0	0
43647	CC	0	0
43647	GT	0	0
43678	ACGAG	0	0
43678	AGAGA	0	0
43678	GCGAG	0	0
43682	CAATTT	0	0
43682	TAACCT	0	0
43682	TGTTTA	0	0
43690	C	0	0
43690	G	0	0
43701	A	0	0
43701	T	0	0
43729	AC	0	0
43729	CA	0	0
43769	CTC	0	0
43769	TCT	0	0
43772	CTG	0	0
43772	TGA	0	0
43780	C	0	0
43780	T	0	0
43783	C	0	0
43783	T	0	0
43791	CCTCCT	0	0
43791	CTCTTC	0	0
43791	TTTCTT	0	0
43836	CAA	0	0
43836	GGA	0	0
43836	GGG	0	0
43838	C	0	0
43838	T	0	0
43841	ATG	0	0
43841	CAA	0	0
43846	A	0	0
43846	G	0	0
43871	C	0	0
43871	T	0	0
43872	ATC	0	0
43872	ATG	0	0
43872	GCC	0	0
43883	C	0	0
43883	T	0	0
43900	A	0	0
43900	G	0	0
43907	A	0	0
43907	G	0	0
43910	CA	0	0
43910	TG	0	0
43914	ACCTG	0	0
43914	TACTG	0	0
43914	TCTCA	0	0
43916	CTCAAG	0	0
43916	CTCGTA	0	0
43916	TATGAA	0	0
43917	GG	0	0
43917	TA	0	0
43926	AGA	0	0
43926	TCC	0	0
43927	AAA	0	0
43927	GAG	0	0
43927	GCG	0	0
43952	A	0	0
43952	G	0	0
43952	N	0	0
43961	C	0	0
43961	G	0	0
43964	CT	0	0
43964	TC	0	0
43988	CCC	0	0
43988	TAA	0	0
44006	AT	0	0
44006	TG	0	0
44032	C	0	0
44032	T	0	0
44047	GCTC	0	0
44047	GTAA	0	0
44047	TCCC	0	0
44047	TCTC	0	0
44051	AA	0	0
44051	GG	0	0
44066	C	0	0
44066	T	0	0
44072	AA	0	0
44072	GG	0	0
44076	CGC	0	0
44076	GAG	0	0
44101	CC	0	0
44101	TC	0	0
44101	TT	0	0
44105	AACTT	0	0
44105	AGCTC	0	0
44105	AGTTT	0	0
44105	TGCCC	0	0
44135	CTG	0	0
44135	TCA	0	0
44151	ATGG	0	0
44151	CATT	0	0
44154	CCT	0	0
44154	TTG	0	0
44157	C	0	0
44157	T	0	0
44181	AATAT	0	0
44181	TATAT	0	0
44181	TTATA	0	0
44197	ACA	0	0
44197	GTG	0	0
44199	CGTC	0	0
44199	TTAT	0	0
44205	GAGT	0	0
44205	TCCC	0	0
44211	CG	0	0
44211	TC	0	0
44220	A	0	0
44220	G	0	0
44234	A	0	0
44234	G	0	0
44240	G	0	0
44240	T	0	0
44254	CCTC	0	0
44254	TTCG	0	0
44290	CC	0	0
44290	TC	0	0
44290	TT	0	0
44322	CC	0	0
44322	TT	0	0
44330	C	0	0
44330	T	0	0
44342	AGG	0	0
44342	GAT	0	0
44348	ATAGT	0	0
44348	GGGCT	0	0
44348	GGGGG	0	0
44348	GGGGT	0	0
44358	ACT	0	0
44358	TTC	0	0
44360	AAT	0	0
44360	GGC	0	0
44365	ATA	0	0
44365	TGG	0	0
44375	A	0	0
44375	G	0	0
44378	C	0	0
44378	G	0	0
44429	GC	0	0
44429	GT	0	0
44429	TT	0	0
44436	CGTG	0	0
44436	TACA	0	0
44437	ACT	0	0
44437	CAA	0	0
44442	C	0	0
44442	T	0	0
44449	A	0	0
44449	C	0	0
44459	AGTAGCT	0	0
44459	TATACTA	0	0
44459	TGACCCT	0	0
44459	TGACCTT	0	0
44462	AC	0	0
44462	TT	0	0
44467	C	0	0
44467	T	0	0
44468	AC	0	0
44468	CG	0	0
44499	CCT	0	0
44499	TGA	0	0
44512	A	0	0
44512	G	0	0
44512	N	0	0
44529	CAGGCGGTGA	0	0
44529	CCGCGGGTGG	0	0
44529	TAAGCGATGG	0	0
44529	TAGGCAGTGG	0	0
44529	TAGGCGGGAA	0	0
44529	TAGGCGGTGA	0	0
44540	C	0	0
44540	T	0	0
44545	C	0	0
44545	T	0	0
44550	C	0	0
44550	T	0	0
44563	C	0	0
44563	T	0	0
44597	C	0	0
44597	T	0	0
44604	A	0	0
44604	G	0	0
44608	A	0	0
44608	C	0	0
44628	GAC	0	0
44628	GTT	0	0
44628	TAC	0	0
44643	ACC	0	0
44643	GTA	0	0
44644	CT	0	0
44644	TG	0	0
44677	A	0	0
44677	C	0	0
44679	AAAC	0	0
44679	GTGT	0	0
44680	A	0	0
44680	C	0	0
44688	A	0	0
44688	T	0	0
44706	C	0	0
44706	T	0	0
44753	AAG	0	0
44753	AGA	0	0
44753	GGA	0	0
44754	C	0	0
44754	T	0	0
44755	AC	0	0
44755	TT	0	0
44765	A	0	0
44765	G	0	0
44765	T	0	0
44790	A	0	0
44790	G	0	0
44796	G	0	0
44796	T	0	0
44797	AT	0	0
44797	GC	0	0
44797	GT	0	0
44802	A	0	0
44802	T	0	0
44809	CCC	0	0
44809	GTG	0	0
44816	A	0	0
44816	C	0	0
44832	A	0	0
44832	G	0	0
44834	AAG	0	0
44834	TGA	0	0
44838	C	0	0
44838	T	0	0
44850	ACAAGA	0	0
44850	ATAGAG	0	0
44850	GCGGGG	0	0
44862	CTCCGC	0	0
44862	CTCCTC	0	0
44862	CTCTGC	0	0
44862	CTTCGA	0	0
44862	GGCCGC	0	0
44874	A	0	0
44874	G	0	0
44900	CGG	0	0
44900	TAA	0	0
44903	ACTT	0	0
44903	GTCC	0	0
44908	CAT	0	0
44908	TCC	0	0
44909	A	0	0
44909	G	0	0
44942	ACGA	0	0
44942	GTAC	0	0
44962	CCA	0	0
44962	TTT	0	0
44966	CG	0	0
44966	TA	0	0
44969	GC	0	0
44969	GT	0	0
44969	TT	0	0
44971	CG	0	0
44971	TA	0	0
44988	C	0	0
44988	T	0	0
44992	ATC	0	0
44992	GGT	0	0
45019	CATCG	0	0
45019	GATTA	0	0
45019	GGATA	0	0
45028	ATCT	0	0
45028	TCTC	0	0
45030	AGGT	0	0
45030	GCAC	0	0
45032	CC	0	0
45032	TT	0	0
45055	C	0	0
45055	G	0	0
45064	CC	0	0
45064	TT	0	0
45067	C	0	0
45067	T	0	0
45069	CG	0	0
45069	TA	0	0
45083	C	0	0
45083	T	0	0
45122	CG	0	0
45122	TA	0	0
45124	C	0	0
45124	T	0	0
45130	C	0	0
45130	G	0	0
45144	C	0	0
45144	G	0	0
45150	CGCCG	0	0
45150	GAGAG	0	0
45150	GAGCA	0	0
45152	A	0	0
45152	G	0	0
45157	ACAA	0	0
45157	ACAG	0	0
45157	ACGG	0	0
45157	GGAG	0	0
45167	AG	0	0
45167	GA	0	0
45176	ACAA	0	0
45176	GGGG	0	0
45204	AG	0	0
45204	CA	0	0
45213	AA	0	0
45213	CA	0	0
45213	CC	0	0
45217	C	0	0
45217	T	0	0
45222	G	0	0
45222	T	0	0
45223	CAGTC	0	0
45223	CGGCT	0	0
45223	CGGTC	0	0
45223	TGATT	0	0
45225	C	0	0
45225	G	0	0
45229	CC	0	0
45229	CT	0	0
45229	GC	0	0
45231	CC	0	0
45231	TC	0	0
45231	TT	0	0
45247	A	0	0
45247	G	0	0
45266	C	0	0
45266	T	0	0
45277	AAT	0	0
45277	CGC	0	0
45278	AC	0	0
45278	GT	0	0
45306	CAT	0	0
45306	CGC	0	0
45306	GAT	0	0
45317	A	0	0
45317	C	0	0
45323	CAAGT	0	0
45323	CATGT	0	0
45323	TGTTC	0	0
45324	A	0	0
45324	C	0	0
45336	A	0	0
45336	G	0	0
45337	AA	0	0
45337	TG	0	0
45353	AC	0	0
45353	AG	0	0
45353	TG	0	0
45355	A	0	0
45355	G	0	0
45369	CCGCAA	0	0
45369	CTGTAA	0	0
45369	TTATGG	0	0
45371	C	0	0
45371	G	0	0
45376	CCAG	0	0
45376	TTGA	0	0
45382	CA	0	0
45382	TT	0	0
45383	GCCG	0	0
45383	TCCG	0	0
45383	TCTA	0	0
45383	TTCG	0	0
45411	AGAT	0	0
45411	GAGC	0	0
45422	CC	0	0
45422	CT	0	0
45422	TC	0	0
45423	AGCT	0	0
45423	CAAC	0	0
45425	C	0	0
45425	T	0	0
45433	AAGG	0	0
45433	GGAA	0	0
45452	A	0	0
45452	G	0	0
45453	CA	0	0
45453	CG	0	0
45453	GG	0	0
45458	A	0	0
45458	C	0	0
45465	CC	0	0
45465	CT	0	0
45465	TC	0	0
45467	C	0	0
45467	T	0	0
45492	ATA	0	0
45492	GCA	0	0
45492	GTG	0	0
45493	A	0	0
45493	C	0	0
45496	AT	0	0
45496	CC	0	0
45501	A	0	0
45501	G	0	0
45539	A	0	0
45539	G	0	0
45547	CGGA	0	0
45547	TAAT	0	0
45580	A	0	0
45580	C	0	0
45588	A	0	0
45588	G	0	0
45606	AG	0	0
45606	AN	0	0
45606	CC	0	0
45631	G	0	0
45631	T	0	0
45637	C	0	0
45637	G	0	0
45641	A	0	0
45641	T	0	0
45653	C	0	0
45653	T	0	0
45658	CC	0	0
45658	TT	0	0
45666	C	0	0
45666	G	0	0
45697	G	0	0
45697	T	0	0
45700	G	0	0
45700	T	0	0
45713	A	0	0
45713	G	0	0
45732	GTTG	0	0
45732	TGAC	0	0
45742	ACC	0	0
45742	GAT	0	0
45754	G	0	0
45754	T	0	0
45766	C	0	0
45766	T	0	0
45791	C	0	0
45791	G	0	0
45796	C	0	0
45796	T	0	0
45808	G	0	0
45808	T	0	0
45824	C	0	0
45824	T	0	0
45829	A	0	0
45829	G	0	0
45830	ACACA	0	0
45830	GCGTA	0	0
45830	GCGTT	0	0
45830	GTGTA	0	0
45836	A	0	0
45836	G	0	0
45851	C	0	0
45851	T	0	0
45855	ATC	0	0
45855	GCC	0	0
45855	GCG	0	0
45880	AGA	0	0
45880	TTT	0	0
45881	CG	0	0
45881	TA	0	0
45883	CT	0	0
45883	GC	0	0
45899	GCC	0	0
45899	TCC	0	0
45899	TCT	0	0
45899	TTC	0	0
45933	C	0	0
45933	T	0	0
45939	AG	0	0
45939	CA	0	0
45949	GAAGCA	0	0
45949	GAAGGC	0	0
45949	GGAGGC	0	0
45949	TAATGC	0	0
45949	TACTGC	0	0
46000	A	0	0
46000	G	0	0
46010	A	0	0
46010	G	0	0
46023	C	0	0
46023	G	0	0
46051	AA	0	0
46051	AG	0	0
46051	GA	0	0
46055	CGT	0	0
46055	GAC	0	0
46086	ACAC	0	0
46086	ACAT	0	0
46086	AGGC	0	0
46086	GCAC	0	0
46111	A	0	0
46111	G	0	0
46114	CCC	0	0
46114	TAT	0	0
46120	ACGGAGATCT	0	0
46120	ATCAGGATAA	0	0
46120	ATCAGGATCA	0	0
46120	GTCAGATTCT	0	0
46120	GTCAGGACCA	0	0
46120	GTGGGGATCT	0	0
46126	CTA	0	0
46126	TCC	0	0
46144	C	0	0
46144	G	0	0
46248	GG	0	0
46248	GT	0	0
46248	TT	0	0
46250	CC	0	0
46250	CT	0	0
46250	TC	0	0
46268	CT	0	0
46268	TC	0	0
46280	A	0	0
46280	G	0	0
46300	CTGT	0	0
46300	TCGT	0	0
46300	TTAT	0	0
46300	TTGC	0	0
46300	TTGT	0	0
46304	AT	0	0
46304	CG	0	0
46316	ACT	0	0
46316	ATG	0	0
46316	GTG	0	0
46320	AG	0	0
46320	TC	0	0
46320	TG	0	0
46354	C	0	0
46354	T	0	0
46376	CTC	0	0
46376	TAT	0	0
46384	AG	0	0
46384	GA	0	0
46392	A	0	0
46392	G	0	0
46393	CCC	0	0
46393	TTT	0	0
46396	C	0	0
46396	G	0	0
46415	G	0	0
46415	T	0	0
46429	A	0	0
46429	G	0	0
46444	C	0	0
46444	T	0	0
46465	CGG	0	0
46465	GAA	0	0
46465	TGA	0	0
46469	A	0	0
46469	G	0	0
46497	C	0	0
46497	G	0	0
46502	G	0	0
46502	T	0	0
46503	GC	0	0
46503	TA	0	0
46531	AT	0	0
46531	CG	0	0
46532	A	0	0
46532	G	0	0
46539	A	0	0
46539	G	0	0
46547	G	0	0
46547	T	0	0
46551	AGATAG	0	0
46551	AGGCAA	0	0
46551	CAGTGA	0	0
46552	A	0	0
46552	G	0	0
46560	AC	0	0
46560	GT	0	0
46564	C	0	0
46564	T	0	0
46602	CGA	0	0
46602	TAG	0	0
46608	C	0	0
46608	T	0	0
46629	A	0	0
46629	C	0	0
46633	CA	0	0
46633	CT	0	0
46633	TT	0	0
46637	CTGG	0	0
46637	TGAC	0	0
46642	AA	0	0
46642	GC	0	0
46651	G	0	0
46651	T	0	0
46657	CTTAGT	0	0
46657	TACAGA	0	0
46657	TACAGC	0	0
46657	TATCCC	0	0
46665	CG	0	0
46665	GC	0	0
46665	GG	0	0
46672	A	0	0
46672	G	0	0
46701	AGC	0	0
46701	CTT	0	0
46711	A	0	0
46711	G	0	0
46714	A	0	0
46714	G	0	0
46733	GA	0	0
46733	GG	0	0
46733	TG	0	0
46741	CG	0	0
46741	GA	0	0
46785	GC	0	0
46785	TT	0	0
46789	CGG	0	0
46789	TCT	0	0
46839	CGAC	0	0
46839	CTAC	0	0
46839	CTGG	0	0
46839	GTAC	0	0
46855	C	0	0
46855	T	0	0
46858	CG	0	0
46858	TA	0	0
46862	CTAC	0	0
46862	TCGG	0	0
46872	C	0	0
46872	T	0	0
46878	GG	0	0
46878	TT	0	0
46887	C	0	0
46887	N	0	0
46887	T	0	0
46889	AT	0	0
46889	GC	0	0
46892	GT	0	0
46892	TA	0	0
46902	CAC	0	0
46902	CGC	0	0
46902	TGT	0	0
46907	C	0	0
46907	T	0	0
46931	A	0	0
46931	G	0	0
46934	CCAC	0	0
46934	CTGC	0	0
46934	TCAT	0	0
46959	AAG	0	0
46959	GGA	0	0
46974	CCA	0	0
46974	GAG	0	0
46977	A	0	0
46977	T	0	0
47002	ATCT	0	0
47002	ATTT	0	0
47002	GCCC	0	0
47012	ATA	0	0
47012	GAG	0	0
47019	C	0	0
47019	T	0	0
47024	C	0	0
47024	T	0	0
47032	CCCTCCA	0	0
47032	GTATCTA	0	0
47032	GTCCTTG	0	0
47032	GTCTCTA	0	0
47033	C	0	0
47033	G	0	0
47074	AGACG	0	0
47074	GAGTG	0	0
47074	GGACA	0	0
47092	A	0	0
47092	C	0	0
47096	A	0	0
47096	C	0	0
47102	CC	0	0
47102	GC	0	0
47102	GT	0	0
47108	A	0	0
47108	G	0	0
47111	AAAA	0	0
47111	GGGG	0	0
47113	CCC	0	0
47113	TTT	0	0
47133	AAT	0	0
47133	CGC	0	0
47165	GCT	0	0
47165	GTG	0	0
47165	TTG	0	0
47168	C	0	0
47168	T	0	0
47177	AG	0	0
47177	GA	0	0
47182	CCCA	0	0
47182	CCCC	0	0
47182	CGCC	0	0
47182	CGGC	0	0
47182	TGGC	0	0
47191	ACG	0	0
47191	GTA	0	0
47213	CT	0	0
47213	GC	0	0
47234	A	0	0
47234	G	0	0
47253	CG	0	0
47253	TA	0	0
47260	A	0	0
47260	G	0	0
47272	ACG	0	0
47272	GTA	0	0
47294	AA	0	0
47294	TG	0	0
47298	CTT	0	0
47298	TCC	0	0
47301	C	0	0
47301	T	0	0
47310	CC	0	0
47310	CT	0	0
47310	GC	0	0
47310	GT	0	0
47326	AA	0	0
47326	AC	0	0
47326	GA	0	0
47328	A	0	0
47328	T	0	0
47334	A	0	0
47334	G	0	0
47343	ACGCA	0	0
47343	GCCGG	0	0
47343	GTGCA	0	0
47352	AA	0	0
47352	GC	0	0
47356	C	0	0
47356	T	0	0
47362	G	0	0
47362	T	0	0
47364	AG	0	0
47364	CC	0	0
47369	A	0	0
47369	G	0	0
47380	AG	0	0
47380	TA	0	0
47413	ACTTCAGG	0	0
47413	TTCCCGAN	0	0
47413	TTCCTGAN	0	0
47413	TTTTCAAC	0	0
47435	AC	0	0
47435	GT	0	0
47450	AG	0	0
47450	GA	0	0
47451	CA	0	0
47451	CG	0	0
47451	TA	0	0
47471	G	0	0
47471	T	0	0
47473	A	0	0
47473	C	0	0
47495	AT	0	0
47495	CC	0	0
47497	A	0	0
47497	G	0	0
47525	CC	0	0
47525	GC	0	0
47525	GT	0	0
47537	C	0	0
47537	T	0	0
47606	CATG	0	0
47606	TTGA	0	0
47613	ATA	0	0
47613	GCA	0	0
47613	GTA	0	0
47613	GTG	0	0
47626	CCGT	0	0
47626	CTGT	0	0
47626	TCAC	0	0
47634	C	0	0
47634	T	0	0
47660	A	0	0
47660	G	0	0
47665	CC	0	0
47665	TA	0	0
47665	TC	0	0
47668	C	0	0
47668	T	0	0
47678	A	0	0
47678	G	0	0
47710	A	0	0
47710	T	0	0
47717	A	0	0
47717	C	0	0
47722	AG	0	0
47722	GC	0	0
47738	CCT	0	0
47738	TCT	0	0
47738	TTC	0	0
47782	AG	0	0
47782	GG	0	0
47782	GT	0	0
47787	GCC	0	0
47787	TTT	0	0
47796	A	0	0
47796	G	0	0
47817	CAATAC	0	0
47817	TAACGG	0	0
47817	TCCTGG	0	0
47853	GGC	0	0
47853	TCG	0	0
47876	A	0	0
47876	G	0	0
47891	A	0	0
47891	T	0	0
47914	CGAA	0	0
47914	TAGG	0	0
47934	A	0	0
47934	G	0	0
47953	CC	0	0
47953	GT	0	0
47956	AACG	0	0
47956	AGGT	0	0
47956	GGCG	0	0
47970	ACGTAAC	0	0
47970	ACGTAGC	0	0
47970	ATACGGC	0	0
47970	TCACGGT	0	0
47990	C	0	0
47990	T	0	0
47996	G	0	0
47996	T	0	0
48001	AAGTA	0	0
48001	AATTG	0	0
48001	TGGCG	0	0
48001	TGGTG	0	0
48018	AAC	0	0
48018	GCA	0	0
48023	AGAT	0	0
48023	GCTC	0	0
48029	A	0	0
48029	G	0	0
48045	C	0	0
48045	T	0	0
48050	G	0	0
48050	T	0	0
48051	CC	0	0
48051	TT	0	0
48067	CGAC	0	0
48067	TAGT	0	0
48071	C	0	0
48071	G	0	0
48087	C	0	0
48087	T	0	0
48102	CC	0	0
48102	CT	0	0
48102	GC	0	0
48102	GT	0	0
48126	CGACATC	0	0
48126	CGATGCC	0	0
48126	TATTGCT	0	0
48158	AACT	0	0
48158	GGAA	0	0
48179	CGTT	0	0
48179	GTGA	0	0
48182	A	0	0
48182	C	0	0
48212	C	0	0
48212	T	0	0
48216	A	0	0
48216	G	0	0
48258	CGG	0	0
48258	TTA	0	0
48268	ATCCCT	0	0
48268	CCTCCT	0	0
48268	CTTTTC	0	0
48359	CT	0	0
48359	TG	0	0
48436	AC	0	0
48436	TC	0	0
48436	TG	0	0
48460	C	0	0
48460	T	0	0
48463	A	0	0
48463	G	0	0
48535	CG	0	0
48535	GG	0	0
48535	GT	0	0
48536	GA	0	0
48536	TC	0	0
48539	C	0	0
48539	T	0	0
48541	CA	0	0
48541	TA	0	0
48541	TT	0	0
48546	GGCTGA	0	0
48546	GGCTGC	0	0
48546	TATGAC	0	0
48546	TATTAC	0	0
48551	AA	0	0
48551	GG	0	0
48568	A	0	0
48568	T	0	0
48574	CAC	0	0
48574	CAT	0	0
48574	GGT	0	0
48586	CC	0	0
48586	TT	0	0
48599	AACAA	0	0
48599	GGTAG	0	0
48599	GGTGG	0	0
48605	A	0	0
48605	G	0	0
48610	C	0	0
48610	G	0	0
48622	A	0	0
48622	G	0	0
48625	GA	0	0
48625	TG	0	0
48636	CCTGT	0	0
48636	TCCAG	0	0
48636	TCCGG	0	0
48636	TTCGG	0	0
48652	C	0	0
48652	T	0	0
48654	CA	0	0
48654	CG	0	0
48654	GA	0	0
48655	GG	0	0
48655	TC	0	0
48659	AGA	0	0
48659	GCA	0	0
48659	GCG	0	0
48662	ATG	0	0
48662	GCA	0	0
48663	AGTT	0	0
48663	TACC	0	0
48667	A	0	0
48667	C	0	0
48682	ACGT	0	0
48682	ATGT	0	0
48682	GTAC	0	0
48692	A	0	0
48692	T	0	0
48698	AATAC	0	0
48698	TACAC	0	0
48698	TATAT	0	0
48698	TGTGC	0	0
48708	C	0	0
48708	T	0	0
48709	CTC	0	0
48709	TCA	0	0
48709	TTA	0	0
48711	CGT	0	0
48711	GAG	0	0
48715	CCA	0	0
48715	TCG	0	0
48715	TTG	0	0
48717	CGCA	0	0
48717	TCTG	0	0
48726	A	0	0
48726	G	0	0
48728	CC	0	0
48728	GA	0	0
48750	A	0	0
48750	G	0	0
48752	CT	0	0
48752	TC	0	0
48761	AACTG	0	0
48761	AAGTG	0	0
48761	GCGCA	0	0
48782	GAG	0	0
48782	GGA	0	0
48782	TGA	0	0
48805	ACG	0	0
48805	ATT	0	0
48805	GTT	0	0
48813	A	0	0
48813	T	0	0
48816	AAGGTG	0	0
48816	GAACCT	0	0
48816	GAGCCT	0	0
48816	GGACCT	0	0
48818	CAA	0	0
48818	CGA	0	0
48818	TGT	0	0
48821	ACCACTAC	0	0
48821	ATCACTAC	0	0
48821	ATCATCAT	0	0
48821	GTTTCTAC	0	0
48821	GTTTCTGC	0	0
48828	GCA	0	0
48828	GTA	0	0
48828	TTG	0	0
48829	CATC	0	0
48829	TGCT	0	0
48830	AA	0	0
48830	GC	0	0
48831	C	0	0
48831	T	0	0
48832	A	0	0
48832	G	0	0
48839	A	0	0
48839	G	0	0
48844	CGA	0	0
48844	GTA	0	0
48844	GTG	0	0
48861	CCAG	0	0
48861	TAGC	0	0
48868	AAA	0	0
48868	ACA	0	0
48868	TAG	0	0
48871	ACTTC	0	0
48871	GTCCC	0	0
48871	GTCCT	0	0
48873	CACGC	0	0
48873	TACGC	0	0
48873	TGTAT	0	0
48876	CGACA	0	0
48876	CGACC	0	0
48876	TCTTC	0	0
48876	TGACC	0	0
48877	CAC	0	0
48877	CGT	0	0
48877	GGT	0	0
48879	AC	0	0
48879	GT	0	0
48883	CCTC	0	0
48883	TTGG	0	0
48887	AGGG	0	0
48887	GAAA	0	0
48887	GAGG	0	0
48889	AAGT	0	0
48889	ATGG	0	0
48889	GTAN	0	0
48891	CAGC	0	0
48891	CTAT	0	0
48891	TAGC	0	0
48892	CG	0	0
48892	TA	0	0
48905	AA	0	0
48905	GG	0	0
48910	A	0	0
48910	G	0	0
48913	CA	0	0
48913	CG	0	0
48913	TG	0	0
48922	CA	0	0
48922	TG	0	0
48935	AGA	0	0
48935	TAA	0	0
48935	TAG	0	0
48941	AC	0	0
48941	GC	0	0
48941	GT	0	0
48949	GGA	0	0
48949	TAG	0	0
48950	ATGC	0	0
48950	GAAT	0	0
48955	A	0	0
48955	C	0	0
48956	CGTA	0	0
48956	GTAG	0	0
48969	AA	0	0
48969	AG	0	0
48969	CG	0	0
48971	C	0	0
48971	T	0	0
48982	A	0	0
48982	G	0	0
48985	C	0	0
48985	G	0	0
48986	CATAC	0	0
48986	TGCAT	0	0
48986	TGCGC	0	0
48987	A	0	0
48987	G	0	0
48994	A	0	0
48994	G	0	0
49000	GGG	0	0
49000	TAC	0	0
49009	C	0	0
49009	G	0	0
49015	AGC	0	0
49015	TAT	0	0
49015	TGT	0	0
49021	A	0	0
49021	T	0	0
49033	AGT	0	0
49033	GAG	0	0
49064	ATCG	0	0
49064	GCTA	0	0
49072	C	0	0
49072	T	0	0
49075	C	0	0
49075	T	0	0
49097	A	0	0
49097	G	0	0
49112	C	0	0
49112	T	0	0
49123	A	0	0
49123	G	0	0
49125	ACG	0	0
49125	ATA	0	0
49125	GTA	0	0
49137	A	0	0
49137	G	0	0
49146	CCAC	0	0
49146	CCGA	0	0
49146	CGAC	0	0
49146	TCGA	0	0
49147	AAA	0	0
49147	AGA	0	0
49147	AGG	0	0
49147	GGA	0	0
49154	CGC	0	0
49154	CGG	0	0
49154	TAG	0	0
49155	A	0	0
49155	G	0	0
49159	ACCT	0	0
49159	ATCT	0	0
49159	GCCA	0	0
49159	GCGA	0	0
49160	C	0	0
49160	T	0	0
49172	C	0	0
49172	T	0	0
49181	ACCT	0	0
49181	GCCC	0	0
49181	GTTT	0	0
49190	CTC	0	0
49190	TCT	0	0
49196	G	0	0
49196	T	0	0
49200	ACAT	0	0
49200	TTGA	0	0
49203	AT	0	0
49203	GC	0	0
49205	A	0	0
49205	G	0	0
49207	CCCT	0	0
49207	TTTC	0	0
49212	AC	0	0
49212	CT	0	0
49213	AT	0	0
49213	CA	0	0
49215	AC	0	0
49215	TT	0	0
49216	CCAC	0	0
49216	CCGC	0	0
49216	CTAC	0	0
49216	TCGG	0	0
49218	ATC	0	0
49218	GCT	0	0
49223	GAGC	0	0
49223	GAGT	0	0
49223	GGGT	0	0
49223	TAAT	0	0
49225	C	0	0
49225	T	0	0
49233	CGCG	0	0
49233	CGTA	0	0
49233	GATA	0	0
49235	C	0	0
49235	T	0	0
49248	AG	0	0
49248	GC	0	0
49265	A	0	0
49265	G	0	0
49270	A	0	0
49270	C	0	0
49272	GA	0	0
49272	TG	0	0
49280	C	0	0
49280	T	0	0
49284	G	0	0
49284	T	0	0
49285	A	0	0
49285	G	0	0
49295	AGAC	0	0
49295	TATT	0	0
49297	ACTA	0	0
49297	GGCG	0	0
49302	CA	0	0
49302	CG	0	0
49302	TA	0	0
49308	AAGA	0	0
49308	GATG	0	0
49308	GGTG	0	0
49312	A	0	0
49312	G	0	0
49326	AA	0	0
49326	AG	0	0
49326	GA	0	0
49343	A	0	0
49343	C	0	0
49360	A	0	0
49360	G	0	0
49387	G	0	0
49387	T	0	0
49476	A	0	0
49476	T	0	0
49502	AC	0	0
49502	GT	0	0
49533	C	0	0
49533	T	0	0
49548	A	0	0
49548	T	0	0
49612	G	0	0
49612	T	0	0
49632	A	0	0
49632	G	0	0
49633	C	0	0
49633	T	0	0
49646	A	0	0
49646	C	0	0
49648	ACGA	0	0
49648	GTAG	0	0
49798	C	0	0
49798	T	0	0
49856	A	0	0
49856	G	0	0
49878	C	0	0
49878	T	0	0
49881	G	0	0
49881	T	0	0
49999	A	0	0
49999	C	0	0
50009	C	0	0
50009	T	0	0
50069	CCTC	0	0
50069	TACA	0	0
50079	C	0	0
50079	G	0	0
50114	A	0	0
50114	T	0	0
50143	GAA	0	0
50143	TCT	0	0
50175	A	0	0
50175	G	0	0
50234	C	0	0
50234	T	0	0
50237	GACT	0	0
50237	GGGT	0	0
50237	TGGC	0	0
50303	AG	0	0
50303	CT	0	0
50342	C	0	0
50342	T	0	0
50414	A	0	0
50414	G	0	0
50426	A	0	0
50426	G	0	0
50473	AT	0	0
50473	GC	0	0
50473	GT	0	0
50477	C	0	0
50477	T	0	0
50484	AA	0	0
50484	TC	0	0
50486	CAT	0	0
50486	CGC	0	0
50486	CGT	0	0
50486	TGT	0	0
50507	AC	0	0
50507	GC	0	0
50507	GT	0	0
50511	A	0	0
50511	C	0	0
50536	CC	0	0
50536	TT	0	0
50547	AAT	0	0
50547	AGC	0	0
50547	GGT	0	0
50548	C	0	0
50548	T	0	0
50558	G	0	0
50558	T	0	0
50584	GCTT	0	0
50584	TTCG	0	0
50588	CCTA	0	0
50588	TTGG	0	0
50592	G	0	0
50592	T	0	0
50639	CAACC	0	0
50639	CGACC	0	0
50639	CGACT	0	0
50639	CGGCT	0	0
50639	TGATC	0	0
50644	A	0	0
50644	N	0	0
50644	T	0	0
50647	AC	0	0
50647	GT	0	0
50663	A	0	0
50663	G	0	0
50670	AA	0	0
50670	GG	0	0
50671	ATT	0	0
50671	GCG	0	0
50675	A	0	0
50675	C	0	0
50685	C	0	0
50685	T	0	0
50692	A	0	0
50692	G	0	0
50731	G	0	0
50731	T	0	0
50742	G	0	0
50742	T	0	0
50749	AGA	0	0
50749	TAA	0	0
50749	TAT	0	0
50749	TGA	0	0
50757	C	0	0
50757	T	0	0
50762	A	0	0
50762	G	0	0
50764	CA	0	0
50764	CG	0	0
50764	TA	0	0
50772	CT	0	0
50772	TC	0	0
50782	G	0	0
50782	T	0	0
50786	AC	0	0
50786	AT	0	0
50786	GT	0	0
50816	G	0	0
50816	T	0	0
50818	AC	0	0
50818	AT	0	0
50818	GC	0	0
50824	A	0	0
50824	G	0	0
50828	C	0	0
50828	G	0	0
50829	C	0	0
50829	T	0	0
50830	CCT	0	0
50830	CTC	0	0
50830	GTC	0	0
50852	A	0	0
50852	T	0	0
50859	A	0	0
50859	G	0	0
50877	CAC	0	0
50877	TGT	0	0
50890	CTTG	0	0
50890	TCCA	0	0
50895	A	0	0
50895	G	0	0
50916	C	0	0
50916	T	0	0
50920	AGG	0	0
50920	GAG	0	0
50920	GGA	0	0
50920	GGG	0	0
50929	ATC	0	0
50929	GAT	0	0
50929	GTC	0	0
50931	AAGTG	0	0
50931	GGCCA	0	0
50931	GGTCG	0	0
50951	CCC	0	0
50951	CCT	0	0
50951	CTT	0	0
50951	TCC	0	0
50968	GC	0	0
50968	TA	0	0
51001	C	0	0
51001	G	0	0
51015	C	0	0
51015	G	0	0
51033	A	0	0
51033	G	0	0
51039	A	0	0
51039	G	0	0
51046	CA	0	0
51046	CG	0	0
51046	TA	0	0
51064	AA	0	0
51064	AN	0	0
51064	GA	0	0
51064	GC	0	0
51083	C	0	0
51083	T	0	0
51090	ACAA	0	0
51090	TATC	0	0
51237	A	0	0
51237	G	0	0
51254	A	0	0
51254	C	0	0
51280	A	0	0
51280	G	0	0
51293	C	0	0
51293	T	0	0
51306	A	0	0
51306	C	0	0
51354	A	0	0
51354	G	0	0
51391	A	0	0
51391	T	0	0
51513	AG	0	0
51513	GA	0	0
51519	C	0	0
51519	T	0	0
51556	C	0	0
51556	T	0	0
51572	CAGG	0	0
51572	TACA	0	0
51572	TGCA	0	0
51581	A	0	0
51581	G	0	0
51581	N	0	0
51595	C	0	0
51595	T	0	0
51605	A	0	0
51605	G	0	0
51712	A	0	0
51712	G	0	0
51713	G	0	0
51713	T	0	0
51758	AG	0	0
51758	AT	0	0
51758	TG	0	0
51758	TT	0	0
51790	A	0	0
51790	G	0	0
51877	AGG	0	0
51877	CCC	0	0
51880	C	0	0
51880	T	0	0
51890	C	0	0
51890	G	0	0
51980	AGGT	0	0
51980	TTCA	0	0
52030	A	0	0
52030	G	0	0
52056	AA	0	0
52056	TG	0	0
52064	A	0	0
52064	C	0	0
52079	A	0	0
52079	G	0	0
52089	A	0	0
52089	G	0	0
52093	ACC	0	0
52093	ATC	0	0
52093	ATG	0	0
52093	GTG	0	0
52110	GATGG	0	0
52110	GTCGC	0	0
52110	TATAG	0	0
52176	A	0	0
52176	C	0	0
52177	AT	0	0
52177	NN	0	0
52177	TG	0	0
52203	A	0	0
52203	C	0	0
52211	C	0	0
52211	T	0	0
52236	C	0	0
52236	G	0	0
52254	AA	0	0
52254	GG	0	0
52278	C	0	0
52278	T	0	0
52330	AAA	0	0
52330	TTG	0	0
52340	AG	0	0
52340	GT	0	0
52347	A	0	0
52347	G	0	0
52421	A	0	0
52421	G	0	0
52516	AA	0	0
52516	AG	0	0
52516	GG	0	0
52535	G	0	0
52535	T	0	0
52577	C	0	0
52577	G	0	0
52602	GTCCA	0	0
52602	GTTCA	0	0
52602	TCTTG	0	0
52604	ATA	0	0
52604	TCG	0	0
52607	AGATGG	0	0
52607	AGATTG	0	0
52607	CAGCGA	0	0
52607	CGGCGG	0	0
52607	GGGCGG	0	0
52635	A	0	0
52635	C	0	0
52650	A	0	0
52650	C	0	0
52662	ACG	0	0
52662	ATG	0	0
52662	GCA	0	0
52664	A	0	0
52664	G	0	0
52666	CGC	0	0
52666	TAT	0	0
52674	CTCG	0	0
52674	TCTA	0	0
52688	C	0	0
52688	T	0	0
52710	C	0	0
52710	T	0	0
52764	ACC	0	0
52764	ACT	0	0
52764	ATT	0	0
52764	CCT	0	0
52773	ACAG	0	0
52773	CCGA	0	0
52773	CTAG	0	0
52785	GG	0	0
52785	TA	0	0
52803	G	0	0
52803	T	0	0
52820	G	0	0
52820	T	0	0
52823	A	0	0
52823	C	0	0
52824	ACTT	0	0
52824	GTCC	0	0
52833	A	0	0
52833	G	0	0
52860	CG	0	0
52860	GC	0	0
52862	G	0	0
52862	T	0	0
52879	CG	0	0
52879	TA	0	0
52882	CA	0	0
52882	TC	0	0
52900	CTCG	0	0
52900	TCAA	0	0
52911	G	0	0
52911	T	0	0
52916	G	0	0
52916	T	0	0
52951	C	0	0
52951	G	0	0
52993	G	0	0
52993	T	0	0
52998	G	0	0
52998	T	0	0
53008	G	0	0
53008	T	0	0
53024	G	0	0
53024	T	0	0
53077	G	0	0
53077	T	0	0
53102	GG	0	0
53102	GT	0	0
53102	TG	0	0
53130	G	0	0
53130	T	0	0
53155	G	0	0
53155	T	0	0
53173	G	0	0
53173	T	0	0
53178	A	0	0
53178	G	0	0
53284	A	0	0
53284	C	0	0
53459	A	0	0
53459	C	0	0
53463	A	0	0
53463	C	0	0
53543	AA	0	0
53543	CC	0	0
53545	A	0	0
53545	G	0	0
53552	CGT	0	0
53552	TCG	0	0
53569	A	0	0
53569	C	0	0
53572	A	0	0
53572	C	0	0
53604	G	0	0
53604	T	0	0
53606	A	0	0
53606	G	0	0
53610	G	0	0
53610	T	0	0
53617	A	0	0
53617	T	0	0
53640	G	0	0
53640	T	0	0
53644	A	0	0
53644	C	0	0
53647	ACT	0	0
53647	GTC	0	0
53662	G	0	0
53662	T	0	0
53698	A	0	0
53698	C	0	0
53701	A	0	0
53701	C	0	0
53711	A	0	0
53711	C	0	0
53716	A	0	0
53716	C	0	0
53852	A	0	0
53852	C	0	0
53935	A	0	0
53935	C	0	0
53970	G	0	0
53970	T	0	0
53979	AG	0	0
53979	CA	0	0
54020	AG	0	0
54020	CG	0	0
54020	CT	0	0
54022	A	0	0
54022	C	0	0
54133	C	0	0
54133	T	0	0
54159	AGAG	0	0
54159	GACG	0	0
54159	GACT	0	0
54159	GGGG	0	0
54169	AGGCTT	0	0
54169	GATTGT	0	0
54169	GGTCTC	0	0
54169	GGTCTT	0	0
54175	ACAGT	0	0
54175	ACTAT	0	0
54175	ACTGT	0	0
54175	CCCGC	0	0
54175	CCCGT	0	0
54175	GTTGT	0	0
54176	C	0	0
54176	T	0	0
54184	CCCAGC	0	0
54184	TCAAAA	0	0
54184	TTCGAA	0	0
54185	CA	0	0
54185	TT	0	0
54194	CA	0	0
54194	TT	0	0
54203	CT	0	0
54203	TC	0	0
54212	A	0	0
54212	G	0	0
54220	C	0	0
54220	T	0	0
54248	CCGC	0	0
54248	TTAA	0	0
54248	TTGA	0	0
54250	ACCGGC	0	0
54250	TCCAGT	0	0
54250	TCTAAT	0	0
54250	TTCAGC	0	0
54251	A	0	0
54251	C	0	0
54251	G	0	0
54267	AC	0	0
54267	GA	0	0
54272	AAAT	0	0
54272	GGGC	0	0
54286	AA	0	0
54286	GG	0	0
54292	C	0	0
54292	G	0	0
54299	G	0	0
54299	T	0	0
54321	CCT	0	0
54321	TGG	0	0
54332	AGA	0	0
54332	AGG	0	0
54332	GAA	0	0
54342	G	0	0
54342	T	0	0
54353	GA	0	0
54353	TC	0	0
54354	CAT	0	0
54354	TGC	0	0
54364	A	0	0
54364	G	0	0
54366	CA	0	0
54366	TT	0	0
54383	C	0	0
54383	T	0	0
54386	GTAA	0	0
54386	TCCC	0	0
54389	ATG	0	0
54389	GCA	0	0
54393	CAT	0	0
54393	CGC	0	0
54393	TGC	0	0
54397	CCACGC	0	0
54397	CCCAAT	0	0
54397	CCCCGC	0	0
54397	CCCCGT	0	0
54397	CTCCGT	0	0
54397	TCCCGT	0	0
54406	CACGCACA	0	0
54406	CGCACGCA	0	0
54406	CGCGCAAA	0	0
54406	CGCGTGCA	0	0
54406	CGTGCAAA	0	0
54406	GGCGCAGT	0	0
54408	GAGG	0	0
54408	TGAA	0	0
54412	A	0	0
54412	G	0	0
54421	AGC	0	0
54421	GAT	0	0
54427	A	0	0
54427	G	0	0
54491	CTA	0	0
54491	TAG	0	0
54495	AGGA	0	0
54495	GAGG	0	0
54495	GGAG	0	0
54562	AGCA	0	0
54562	TCTG	0	0
54590	C	0	0
54590	T	0	0
54599	A	0	0
54599	G	0	0
54614	AC	0	0
54614	GT	0	0
54627	AT	0	0
54627	CC	0	0
54627	CT	0	0
54636	AT	0	0
54636	GG	0	0
54648	AT	0	0
54648	TC	0	0
54656	ACC	0	0
54656	ATC	0	0
54656	GTT	0	0
54664	A	0	0
54664	T	0	0
54666	ACG	0	0
54666	ATA	0	0
54666	ATG	0	0
54666	GTG	0	0
54694	C	0	0
54694	T	0	0
54710	A	0	0
54710	C	0	0
54712	CG	0	0
54712	GC	0	0
54712	GG	0	0
54728	A	0	0
54728	G	0	0
54729	AAT	0	0
54729	AGC	0	0
54729	CGC	0	0
54738	AAT	0	0
54738	GAC	0	0
54738	GGC	0	0
54747	CA	0	0
54747	GC	0	0
54749	C	0	0
54749	G	0	0
54757	G	0	0
54757	T	0	0
54783	CACCA	0	0
54783	CGCTG	0	0
54783	CGTTG	0	0
54783	GGCTG	0	0
54805	AG	0	0
54805	CA	0	0
54805	CG	0	0
54805	GG	0	0
54822	C	0	0
54822	T	0	0
54841	CCCTCTA	0	0
54841	TCCTGCA	0	0
54841	TTTCCTG	0	0
54841	TTTTGCG	0	0
54860	A	0	0
54860	G	0	0
54866	C	0	0
54866	G	0	0
54868	A	0	0
54868	C	0	0
54870	G	0	0
54870	T	0	0
54900	A	0	0
54900	G	0	0
54904	C	0	0
54904	T	0	0
54922	A	0	0
54922	G	0	0
54924	C	0	0
54924	T	0	0
54927	C	0	0
54927	T	0	0
54929	ATACT	0	0
54929	TCCTG	0	0
54929	TTCAG	0	0
54947	AAAA	0	0
54947	AAGG	0	0
54947	GTGA	0	0
54958	AC	0	0
54958	AT	0	0
54958	GC	0	0
54999	CAGAC	0	0
54999	CTAAG	0	0
54999	CTGAC	0	0
54999	CTGGC	0	0
54999	TTGAC	0	0
55001	AAGGT	0	0
55001	AGTAG	0	0
55001	AGTGT	0	0
55001	CGTGT	0	0
55003	CA	0	0
55003	TG	0	0
55026	GCTTAAGTTTT	0	0
55026	TGGCAAGTCTT	0	0
55026	TGTCAAGCCGT	0	0
55026	TGTCAAGCCTT	0	0
55026	TGTCAAGTCTT	0	0
55026	TGTCCGCTCTC	0	0
55030	AAC	0	0
55030	GCT	0	0
55040	CT	0	0
55040	TG	0	0
55040	TT	0	0
55067	C	0	0
55067	T	0	0
55078	C	0	0
55078	T	0	0
55085	CC	0	0
55085	TA	0	0
55087	C	0	0
55087	T	0	0
55090	CC	0	0
55090	TT	0	0
55097	CC	0	0
55097	TT	0	0
55139	CG	0	0
55139	TC	0	0
55154	CAGTC	0	0
55154	TAGCA	0	0
55154	TAGTC	0	0
55154	TGATC	0	0
55165	ATAT	0	0
55165	GCGC	0	0
55173	C	0	0
55173	T	0	0
55175	A	0	0
55175	G	0	0
55180	CCCA	0	0
55180	TTTG	0	0
55196	CCCTA	0	0
55196	TATCA	0	0
55196	TATCG	0	0
55196	TCCTA	0	0
55196	TCTCA	0	0
55227	C	0	0
55227	G	0	0
55234	CCTT	0	0
55234	GGGC	0	0
55243	C	0	0
55243	T	0	0
55269	C	0	0
55269	T	0	0
55295	A	0	0
55295	C	0	0
55314	A	0	0
55314	G	0	0
55323	A	0	0
55323	G	0	0
55394	C	0	0
55394	G	0	0
55436	CCT	0	0
55436	TTC	0	0
55436	TTT	0	0
55483	C	0	0
55483	T	0	0
55494	A	0	0
55494	G	0	0
55517	G	0	0
55517	T	0	0
55523	CT	0	0
55523	TC	0	0
55525	AAAC	0	0
55525	CTCA	0	0
55533	CC	0	0
55533	GA	0	0
55535	A	0	0
55535	C	0	0
55554	C	0	0
55554	T	0	0
55563	A	0	0
55563	T	0	0
55565	A	0	0
55565	G	0	0
55573	AGCC	0	0
55573	TATT	0	0
55586	AAAA	0	0
55586	CCGC	0	0
55590	A	0	0
55590	G	0	0
55640	AG	0	0
55640	GA	0	0
55657	A	0	0
55657	G	0	0
55673	G	0	0
55673	T	0	0
55687	AC	0	0
55687	CA	0	0
55690	A	0	0
55690	G	0	0
55691	CCGAA	0	0
55691	CCGAC	0	0
55691	GACGA	0	0
55712	C	0	0
55712	T	0	0
55717	C	0	0
55717	G	0	0
55723	A	0	0
55723	C	0	0
55757	A	0	0
55757	T	0	0
55763	A	0	0
55763	T	0	0
55770	A	0	0
55770	T	0	0
55791	C	0	0
55791	G	0	0
55802	ACCG	0	0
55802	CAGC	0	0
55803	A	0	0
55803	C	0	0
55807	A	0	0
55807	G	0	0
55808	AG	0	0
55808	TT	0	0
55824	AG	0	0
55824	TT	0	0
55830	A	0	0
55830	G	0	0
55904	A	0	0
55904	G	0	0
55916	CTGA	0	0
55916	TCTG	0	0
55923	C	0	0
55923	T	0	0
55929	CGAG	0	0
55929	GCTT	0	0
55935	A	0	0
55935	G	0	0
55942	ACGA	0	0
55942	CTAT	0	0
55952	CT	0	0
55952	TC	0	0
55952	TT	0	0
55962	CCGA	0	0
55962	GACG	0	0
55964	C	0	0
55964	T	0	0
55971	A	0	0
55971	G	0	0
56021	A	0	0
56021	C	0	0
56065	A	0	0
56065	G	0	0
56138	AA	0	0
56138	GG	0	0
56143	GA	0	0
56143	TG	0	0
56209	A	0	0
56209	G	0	0
56250	A	0	0
56250	G	0	0
56279	C	0	0
56279	G	0	0
56293	AT	0	0
56293	GC	0	0
56328	CTCG	0	0
56328	TCAA	0	0
56328	TCCA	0	0
56455	A	0	0
56455	G	0	0
56473	A	0	0
56473	C	0	0
56483	A	0	0
56483	T	0	0
56487	CAT	0	0
56487	TAC	0	0
56487	TAT	0	0
56487	TCT	0	0
56499	CC	0	0
56499	TG	0	0
56505	G	0	0
56505	T	0	0
56527	GCAG	0	0
56527	TTGA	0	0
56533	A	0	0
56533	T	0	0
56580	A	0	0
56580	T	0	0
56591	G	0	0
56591	T	0	0
56639	CCC	0	0
56639	TTA	0	0
56645	C	0	0
56645	T	0	0
56653	AA	0	0
56653	AT	0	0
56653	TT	0	0
56658	AAAC	0	0
56658	ATAC	0	0
56658	TTCA	0	0
56660	AA	0	0
56660	TG	0	0
56668	A	0	0
56668	G	0	0
56683	G	0	0
56683	N	0	0
56683	T	0	0
56685	AA	0	0
56685	AG	0	0
56685	GA	0	0
56713	AG	0	0
56713	CA	0	0
56731	G	0	0
56731	T	0	0
56746	A	0	0
56746	G	0	0
56759	C	0	0
56759	G	0	0
56773	CA	0	0
56773	GT	0	0
56773	NN	0	0
56775	A	0	0
56775	T	0	0
56792	GCGC	0	0
56792	TATA	0	0
56839	A	0	0
56839	G	0	0
56843	G	0	0
56843	T	0	0
56847	A	0	0
56847	G	0	0
56877	A	0	0
56877	C	0	0
56889	AG	0	0
56889	CT	0	0
56928	A	0	0
56928	G	0	0
56942	AC	0	0
56942	AT	0	0
56942	TT	0	0
56965	A	0	0
56965	G	0	0
56969	CG	0	0
56969	TA	0	0
56977	A	0	0
56977	C	0	0
57034	A	0	0
57034	G	0	0
57036	A	0	0
57036	C	0	0
57045	A	0	0
57045	T	0	0
57096	G	0	0
57096	T	0	0
57106	AGCT	0	0
57106	CCAA	0	0
57106	NNNN	0	0
57146	A	0	0
57146	G	0	0
57147	A	0	0
57147	C	0	0
57149	C	0	0
57149	G	0	0
57168	CG	0	0
57168	GA	0	0
57180	AA	0	0
57180	AG	0	0
57180	TG	0	0
57335	CN	0	0
57335	CT	0	0
57335	TA	0	0
57340	A	0	0
57340	G	0	0
57387	AA	0	0
57387	CA	0	0
57387	CG	0	0
57393	C	0	0
57393	T	0	0
57579	AG	0	0
57579	CA	0	0
57629	CT	0	0
57629	GA	0	0
57634	CAGAA	0	0
57634	CTGAT	0	0
57634	GCAGA	0	0
57635	A	0	0
57635	G	0	0
57648	C	0	0
57648	T	0	0
57656	CAAA	0	0
57656	TTGC	0	0
57677	G	0	0
57677	T	0	0
57683	A	0	0
57683	G	0	0
57715	C	0	0
57715	N	0	0
57715	T	0	0
57743	C	0	0
57743	T	0	0
57748	A	0	0
57748	G	0	0
57811	CAAA	0	0
57811	TTGC	0	0
57835	ACAG	0	0
57835	CTCC	0	0
57875	A	0	0
57875	G	0	0
57904	C	0	0
57904	G	0	0
57910	AACA	0	0
57910	CGAT	0	0
57920	AT	0	0
57920	GC	0	0
57958	A	0	0
57958	G	0	0
57965	A	0	0
57965	G	0	0
57976	A	0	0
57976	T	0	0
58014	A	0	0
58014	G	0	0
58014	N	0	0
58040	G	0	0
58040	T	0	0
58081	ACGC	0	0
58081	CATG	0	0
58131	A	0	0
58131	C	0	0
58134	C	0	0
58134	T	0	0
58153	C	0	0
58153	G	0	0
58159	A	0	0
58159	T	0	0
58193	C	0	0
58193	T	0	0
58197	ATG	0	0
58197	TCA	0	0
58208	A	0	0
58208	C	0	0
58219	A	0	0
58219	G	0	0
58222	A	0	0
58222	T	0	0
58233	C	0	0
58233	T	0	0
58247	A	0	0
58247	C	0	0
58258	C	0	0
58258	T	0	0
58270	CATT	0	0
58270	CTAT	0	0
58270	CTTA	0	0
58270	CTTT	0	0
58270	TATA	0	0
58270	TATT	0	0
58270	TTTA	0	0
58270	TTTT	0	0
58280	A	0	0
58280	G	0	0
58313	C	0	0
58313	G	0	0
58317	C	0	0
58317	T	0	0
58400	G	0	0
58400	T	0	0
58403	A	0	0
58403	G	0	0
58451	A	0	0
58451	G	0	0
58489	A	0	0
58489	N	0	0
58489	T	0	0
58492	A	0	0
58492	G	0	0
58498	CGGAGA	0	0
58498	GAAAAA	0	0
58498	GAGCGG	0	0
58505	C	0	0
58505	T	0	0
58525	C	0	0
58525	T	0	0
58543	CA	0	0
58543	TG	0	0
58545	C	0	0
58545	T	0	0
58550	GG	0	0
58550	TT	0	0
58558	A	0	0
58558	G	0	0
58628	CCTCA	0	0
58628	TGCTA	0	0
58628	TNNTG	0	0
58664	C	0	0
58664	T	0	0
58666	C	0	0
58666	T	0	0
58673	CG	0	0
58673	GT	0	0
58703	A	0	0
58703	G	0	0
58707	ACANNNNAGCT	0	0
58707	ACNNNNNNNAG	0	0
58707	AGANNNNTCGC	0	0
58707	CAACGCTTCCG	0	0
58707	CAACTATTGCC	0	0
58707	CAAGTGGTTCC	0	0
58707	CAANNCTTCCG	0	0
58707	CAATGCCTTCA	0	0
58707	CAATGNNTGCA	0	0
58707	CAATTGATGCG	0	0
58707	CCANNGAAGCT	0	0
58707	CCGTNGANNCG	0	0
58707	CNNNNNNTGCC	0	0
58732	G	0	0
58732	T	0	0
58741	A	0	0
58741	T	0	0
58763	A	0	0
58763	G	0	0
58824	A	0	0
58824	T	0	0
58870	A	0	0
58870	G	0	0
58887	C	0	0
58887	T	0	0
58891	ACT	0	0
58891	GAG	0	0
58911	CCGC	0	0
58911	TTAT	0	0
58922	C	0	0
58922	N	0	0
58922	T	0	0
58942	A	0	0
58942	G	0	0
58954	A	0	0
58954	G	0	0
58989	C	0	0
58989	G	0	0
58997	A	0	0
58997	G	0	0
59011	A	0	0
59011	T	0	0
59122	CA	0	0
59122	CG	0	0
59122	GA	0	0
59148	A	0	0
59148	G	0	0
59165	C	0	0
59165	T	0	0
59166	C	0	0
59166	T	0	0
59174	A	0	0
59174	C	0	0
59178	AC	0	0
59178	GT	0	0
59179	A	0	0
59179	G	0	0
59221	G	0	0
59221	T	0	0
59233	CC	0	0
59233	TG	0	0
59257	G	0	0
59257	T	0	0
59267	A	0	0
59267	G	0	0
59271	A	0	0
59271	G	0	0
59280	C	0	0
59280	G	0	0
59363	CC	0	0
59363	TT	0	0
59444	A	0	0
59444	C	0	0
59453	A	0	0
59453	G	0	0
59465	GCG	0	0
59465	GTG	0	0
59465	TCA	0	0
59472	C	0	0
59472	T	0	0
59579	A	0	0
59579	T	0	0
59580	A	0	0
59580	G	0	0
59589	CT	0	0
59589	TC	0	0
59589	TT	0	0
59666	A	0	0
59666	C	0	0
59687	C	0	0
59687	T	0	0
59700	A	0	0
59700	C	0	0
59704	A	0	0
59704	G	0	0
59726	A	0	0
59726	G	0	0
59734	CTG	0	0
59734	TCA	0	0
59745	A	0	0
59745	G	0	0
59746	C	0	0
59746	G	0	0
59754	C	0	0
59754	T	0	0
59760	A	0	0
59760	G	0	0
59796	G	0	0
59796	T	0	0
59803	C	0	0
59803	T	0	0
59851	G	0	0
59851	T	0	0
59896	C	0	0
59896	T	0	0
59902	G	0	0
59902	T	0	0
59912	A	0	0
59912	C	0	0
59937	G	0	0
59937	T	0	0
59990	A	0	0
59990	T	0	0
60138	C	0	0
60138	T	0	0
60141	AT	0	0
60141	CA	0	0
60143	GA	0	0
60143	TC	0	0
60171	A	0	0
60171	T	0	0
60175	C	0	0
60175	T	0	0
60181	CC	0	0
60181	TT	0	0
60190	AA	0	0
60190	TC	0	0
60195	C	0	0
60195	G	0	0
60195	N	0	0
60211	C	0	0
60211	T	0	0
60222	GAAT	0	0
60222	GAGT	0	0
60222	GCGC	0	0
60222	TAGT	0	0
60225	A	0	0
60225	T	0	0
60279	A	0	0
60279	G	0	0
60337	C	0	0
60337	T	0	0
60353	A	0	0
60353	G	0	0
60353	N	0	0
60355	CA	0	0
60355	TG	0	0
60554	G	0	0
60554	T	0	0
60613	A	0	0
60613	G	0	0
60615	CTC	0	0
60615	TAG	0	0
60622	C	0	0
60622	T	0	0
60654	ATG	0	0
60654	GCT	0	0
60674	A	0	0
60674	C	0	0
60683	C	0	0
60683	T	0	0
60708	A	0	0
60708	G	0	0
60727	AT	0	0
60727	CG	0	0
60778	CGA	0	0
60778	TCG	0	0
60795	A	0	0
60795	G	0	0
60799	AC	0	0
60799	AG	0	0
60799	GG	0	0
60827	G	0	0
60827	T	0	0
60840	ATGGAA	0	0
60840	CTTCGA	0	0
60840	GATCTG	0	0
60840	GCGTTA	0	0
60846	C	0	0
60846	T	0	0
60851	CT	0	0
60851	NN	0	0
60851	TC	0	0
60878	CATG	0	0
60878	GGCT	0	0
60910	A	0	0
60910	G	0	0
60914	C	0	0
60914	G	0	0
60950	AA	0	0
60950	TC	0	0
60954	AC	0	0
60954	TT	0	0
60969	A	0	0
60969	T	0	0
61025	C	0	0
61025	T	0	0
61037	CAG	0	0
61037	TTT	0	0
61088	C	0	0
61088	T	0	0
61090	A	0	0
61090	C	0	0
61155	A	0	0
61155	G	0	0
61244	A	0	0
61244	G	0	0
61279	A	0	0
61279	G	0	0
61297	C	0	0
61297	T	0	0
61303	C	0	0
61303	T	0	0
61309	A	0	0
61309	G	0	0
61341	C	0	0
61341	T	0	0
61486	A	0	0
61486	G	0	0
61518	C	0	0
61518	T	0	0
61656	CCCT	0	0
61656	GTAA	0	0
61690	A	0	0
61690	C	0	0
61691	C	0	0
61691	T	0	0
61694	A	0	0
61694	C	0	0
61700	A	0	0
61700	G	0	0
61783	C	0	0
61783	G	0	0
61799	A	0	0
61799	G	0	0
61867	C	0	0
61867	G	0	0
61909	A	0	0
61909	G	0	0
61937	ACC	0	0
61937	GAT	0	0
61965	C	0	0
61965	T	0	0
61983	A	0	0
61983	C	0	0
62043	C	0	0
62043	T	0	0
62049	A	0	0
62049	C	0	0
62185	A	0	0
62185	T	0	0
62202	AT	0	0
62202	GC	0	0
62222	CT	0	0
62222	GG	0	0
62233	C	0	0
62233	T	0	0
62323	G	0	0
62323	T	0	0
62326	C	0	0
62326	G	0	0
62335	G	0	0
62335	T	0	0
62355	A	0	0
62355	G	0	0
62374	A	0	0
62374	C	0	0
62397	A	0	0
62397	G	0	0
62432	C	0	0
62432	G	0	0
62468	G	0	0
62468	N	0	0
62468	T	0	0
62480	AA	0	0
62480	AG	0	0
62480	GA	0	0
62500	C	0	0
62500	T	0	0
62554	C	0	0
62554	T	0	0
62562	A	0	0
62562	T	0	0
62594	ATTTGGAG	0	0
62594	ATTTGGGC	0	0
62594	ATTTTGAG	0	0
62594	ATTTTTAG	0	0
62594	GGGGNNAG	0	0
62680	C	0	0
62680	T	0	0
62744	C	0	0
62744	T	0	0
62760	A	0	0
62760	G	0	0
62776	C	0	0
62776	T	0	0
62806	C	0	0
62806	T	0	0
62818	GTC	0	0
62818	TGT	0	0
62823	C	0	0
62823	G	0	0
62825	CG	0	0
62825	TA	0	0
62830	AAGCTCTGCGA	0	0
62830	AGGCTACATAG	0	0
62830	AGGCTCCGCAG	0	0
62830	AGGTTCCGCAG	0	0
62830	AGTTCCCGCAG	0	0
62830	GGGCTCCGCAG	0	0
62833	GAC	0	0
62833	TGG	0	0
62837	A	0	0
62837	C	0	0
62841	CA	0	0
62841	GG	0	0
62842	CAA	0	0
62842	TGG	0	0
62843	G	0	0
62843	T	0	0
62852	ATG	0	0
62852	CGA	0	0
62852	CTG	0	0
62855	AT	0	0
62855	GC	0	0
62856	G	0	0
62856	T	0	0
62859	ACT	0	0
62859	CGC	0	0
62863	C	0	0
62863	T	0	0
62868	ACA	0	0
62868	ACG	0	0
62868	GTG	0	0
62878	A	0	0
62878	C	0	0
62884	C	0	0
62884	T	0	0
62889	A	0	0
62889	G	0	0
62898	CC	0	0
62898	TT	0	0
62905	ACG	0	0
62905	TAA	0	0
62908	AC	0	0
62908	GG	0	0
62910	CC	0	0
62910	CT	0	0
62910	TT	0	0
62921	CT	0	0
62921	TC	0	0
62922	C	0	0
62922	T	0	0
62923	AC	0	0
62923	GT	0	0
62936	CCC	0	0
62936	GTG	0	0
62939	CCA	0	0
62939	CCC	0	0
62939	TAC	0	0
62948	CGG	0	0
62948	TAA	0	0
62949	A	0	0
62949	G	0	0
62950	CT	0	0
62950	TA	0	0
62951	CGA	0	0
62951	CGG	0	0
62951	GTG	0	0
62955	A	0	0
62955	G	0	0
62965	AAC	0	0
62965	GGG	0	0
62974	G	0	0
62974	T	0	0
62982	AGGG	0	0
62982	GTAA	0	0
62982	GTGG	0	0
63004	AAT	0	0
63004	GCC	0	0
63018	C	0	0
63018	T	0	0
63022	A	0	0
63022	G	0	0
63031	CGT	0	0
63031	TAG	0	0
63040	G	0	0
63040	T	0	0
63042	AA	0	0
63042	GA	0	0
63042	GG	0	0
63045	CACC	0	0
63045	TCAA	0	0
63058	CATT	0	0
63058	TGCC	0	0
63060	AGC	0	0
63060	GAG	0	0
63061	CG	0	0
63061	CT	0	0
63061	TG	0	0
63072	CCC	0	0
63072	TTC	0	0
63072	TTT	0	0
63077	A	0	0
63077	G	0	0
63089	AGA	0	0
63089	AGG	0	0
63089	GAG	0	0
63090	C	0	0
63090	T	0	0
63095	C	0	0
63095	G	0	0
63131	AGACG	0	0
63131	AGGCA	0	0
63131	AGGCG	0	0
63131	GAGAG	0	0
63131	GAGCG	0	0
63153	G	0	0
63153	T	0	0
63155	CTCCCT	0	0
63155	TCCCCC	0	0
63155	TCTCCC	0	0
63155	TTCTGC	0	0
63169	CGAT	0	0
63169	TACA	0	0
63179	C	0	0
63179	T	0	0
63196	C	0	0
63196	T	0	0
63200	A	0	0
63200	G	0	0
63212	C	0	0
63212	T	0	0
63224	A	0	0
63224	G	0	0
63225	A	0	0
63225	G	0	0
63228	CTG	0	0
63228	TCA	0	0
63234	A	0	0
63234	G	0	0
63244	A	0	0
63244	C	0	0
63251	CCTCA	0	0
63251	CTCNN	0	0
63251	TCCTG	0	0
63268	C	0	0
63268	T	0	0
63280	AC	0	0
63280	GT	0	0
63282	AA	0	0
63282	GC	0	0
63285	A	0	0
63285	C	0	0
63289	CA	0	0
63289	TG	0	0
63296	AGAA	0	0
63296	AGGG	0	0
63296	GAGA	0	0
63301	C	0	0
63301	T	0	0
63302	A	0	0
63302	C	0	0
63304	C	0	0
63304	T	0	0
63307	AC	0	0
63307	CT	0	0
63309	AGCG	0	0
63309	GATA	0	0
63324	CC	0	0
63324	TT	0	0
63330	CG	0	0
63330	GC	0	0
63331	CA	0	0
63331	TG	0	0
63334	CCT	0	0
63334	GAC	0	0
63335	AAAG	0	0
63335	AAGG	0	0
63335	AGAC	0	0
63335	ATAC	0	0
63335	CAAG	0	0
63338	AAGAGG	0	0
63338	AGGGAG	0	0
63338	GGCAGT	0	0
63345	AG	0	0
63345	AT	0	0
63345	CG	0	0
63345	CT	0	0
63345	TG	0	0
63354	ATGG	0	0
63354	GGGA	0	0
63354	GGTA	0	0
63360	GAGA	0	0
63360	TTAG	0	0
63397	CAT	0	0
63397	TTC	0	0
63398	A	0	0
63398	C	0	0
63410	A	0	0
63410	G	0	0
63414	AC	0	0
63414	GT	0	0
63421	ATC	0	0
63421	TCT	0	0
63439	ACGC	0	0
63439	ATTC	0	0
63439	ATTT	0	0
63439	GTTC	0	0
63439	GTTT	0	0
63444	CCTAA	0	0
63444	CCTGA	0	0
63444	CCTGG	0	0
63444	CGTGA	0	0
63444	TCCGA	0	0
63449	A	0	0
63449	G	0	0
63458	A	0	0
63458	G	0	0
63471	ATT	0	0
63471	GGA	0	0
63475	GCTA	0	0
63475	GTTG	0	0
63475	TTCG	0	0
63479	CTA	0	0
63479	GAG	0	0
63482	AAG	0	0
63482	GGC	0	0
63494	AC	0	0
63494	GT	0	0
63495	C	0	0
63495	T	0	0
63496	GA	0	0
63496	TC	0	0
63503	C	0	0
63503	T	0	0
63510	C	0	0
63510	T	0	0
63515	CA	0	0
63515	TC	0	0
63524	ACAA	0	0
63524	GTGG	0	0
63537	A	0	0
63537	T	0	0
63541	C	0	0
63541	T	0	0
63542	CCA	0	0
63542	TTA	0	0
63542	TTG	0	0
63545	A	0	0
63545	G	0	0
63547	C	0	0
63547	T	0	0
63549	A	0	0
63549	G	0	0
63559	AG	0	0
63559	GA	0	0
63561	A	0	0
63561	G	0	0
63573	A	0	0
63573	G	0	0
63578	A	0	0
63578	G	0	0
63581	C	0	0
63581	G	0	0
63586	AA	0	0
63586	GG	0	0
63589	AAA	0	0
63589	GGG	0	0
63596	ATCG	0	0
63596	GGTA	0	0
63596	GGTG	0	0
63600	AT	0	0
63600	GC	0	0
63601	CCC	0	0
63601	TTT	0	0
63604	AG	0	0
63604	GA	0	0
63611	G	0	0
63611	T	0	0
63618	CGAG	0	0
63618	CGGA	0	0
63618	TAGA	0	0
63620	AGTGTT	0	0
63620	GAAAGA	0	0
63620	GATGTT	0	0
63627	GGT	0	0
63627	TAC	0	0
63639	AC	0	0
63639	GC	0	0
63639	GT	0	0
63644	CACAT	0	0
63644	CATAG	0	0
63644	CGTAG	0	0
63644	TATGG	0	0
63655	A	0	0
63655	G	0	0
63665	AAAA	0	0
63665	CGGT	0	0
63666	CCCCCCCC	0	0
63666	CCCCTCCC	0	0
63666	CCCTCCCC	0	0
63666	CCTCCCCC	0	0
63666	CCTCCTTT	0	0
63666	CTTCCCCC	0	0
63666	TCTCTCCC	0	0
63669	CAT	0	0
63669	TCC	0	0
63672	CACC	0	0
63672	CGTC	0	0
63672	TACT	0	0
63674	CCCG	0	0
63674	TATT	0	0
63678	CGAAGTG	0	0
63678	GAAGGAG	0	0
63678	GAGGAAA	0	0
63679	ATG	0	0
63679	GCC	0	0
63679	GTG	0	0
63680	A	0	0
63680	G	0	0
63686	ACAA	0	0
63686	GTGG	0	0
63712	AA	0	0
63712	GC	0	0
63725	A	0	0
63725	G	0	0
63727	GGCGTT	0	0
63727	TTTACG	0	0
63727	TTTATT	0	0
63733	CC	0	0
63733	TT	0	0
63738	GAC	0	0
63738	GGG	0	0
63738	TAC	0	0
63745	A	0	0
63745	C	0	0
63746	C	0	0
63746	T	0	0
63749	ACA	0	0
63749	GTT	0	0
63754	AAA	0	0
63754	AGA	0	0
63754	GGC	0	0
63756	C	0	0
63756	T	0	0
63758	CAA	0	0
63758	TGC	0	0
63766	AC	0	0
63766	GA	0	0
63776	CA	0	0
63776	TG	0	0
63781	CCTAA	0	0
63781	CCTAG	0	0
63781	TGGGG	0	0
63798	CA	0	0
63798	CG	0	0
63798	GA	0	0
63799	CA	0	0
63799	CG	0	0
63799	GG	0	0
63801	CCG	0	0
63801	GTA	0	0
63809	A	0	0
63809	G	0	0
63811	CGGC	0	0
63811	GTCG	0	0
63818	C	0	0
63818	T	0	0
63823	ATAAGGC	0	0
63823	CCGATGT	0	0
63823	CTAAGGC	0	0
63823	GCGTGAT	0	0
63832	AA	0	0
63832	GA	0	0
63832	GG	0	0
63844	A	0	0
63844	C	0	0
63845	CCTCCC	0	0
63845	TCTAGC	0	0
63845	TCTCCA	0	0
63845	TGCCCC	0	0
63847	CA	0	0
63847	TG	0	0
63858	CA	0	0
63858	TG	0	0
63863	CT	0	0
63863	TC	0	0
63867	CCGA	0	0
63867	TTAC	0	0
63878	AT	0	0
63878	GC	0	0
63887	ACA	0	0
63887	TAG	0	0
63892	ATC	0	0
63892	GGT	0	0
63895	A	0	0
63895	C	0	0
63907	CA	0	0
63907	TG	0	0
63913	ATCAT	0	0
63913	ATTAT	0	0
63913	GCCGC	0	0
63921	AC	0	0
63921	GA	0	0
63924	A	0	0
63924	G	0	0
63925	AT	0	0
63925	CC	0	0
63926	ACG	0	0
63926	TTA	0	0
63935	A	0	0
63935	G	0	0
63945	A	0	0
63945	G	0	0
63948	CGGGGA	0	0
63948	GAAAAG	0	0
63948	GAGGGG	0	0
63956	ATC	0	0
63956	GCT	0	0
63962	AG	0	0
63962	CA	0	0
63962	CG	0	0
63973	A	0	0
63973	G	0	0
63974	AC	0	0
63974	GC	0	0
63974	GT	0	0
63980	C	0	0
63980	T	0	0
63987	C	0	0
63987	T	0	0
63993	ACCC	0	0
63993	ACCT	0	0
63993	CCCC	0	0
63993	CCTC	0	0
63993	CGCC	0	0
63995	AAGA	0	0
63995	GCAG	0	0
63999	AG	0	0
63999	GA	0	0
64001	ACCG	0	0
64001	TTAA	0	0
64005	C	0	0
64005	T	0	0
64010	ATAT	0	0
64010	GCAC	0	0
64010	GCGC	0	0
64014	A	0	0
64014	G	0	0
64016	AAC	0	0
64016	CTT	0	0
64037	A	0	0
64037	G	0	0
64045	AAC	0	0
64045	GCT	0	0
64053	G	0	0
64053	T	0	0
64056	AATGA	0	0
64056	AGCAG	0	0
64056	GGCAG	0	0
64056	GGCAN	0	0
64057	ATAC	0	0
64057	GCGC	0	0
64057	GCGT	0	0
64059	CC	0	0
64059	TG	0	0
64065	AC	0	0
64065	GC	0	0
64065	GT	0	0
64080	CACTT	0	0
64080	CGCTT	0	0
64080	CGTGC	0	0
64080	TGTGC	0	0
64087	CA	0	0
64087	TG	0	0
64090	AT	0	0
64090	GC	0	0
64099	ACA	0	0
64099	GTG	0	0
64100	CG	0	0
64100	TC	0	0
64114	C	0	0
64114	T	0	0
64130	AG	0	0
64130	CG	0	0
64130	GA	0	0
64132	CCCG	0	0
64132	CTTC	0	0
64132	GTCC	0	0
64134	A	0	0
64134	G	0	0
64140	AA	0	0
64140	CA	0	0
64140	CG	0	0
64142	CA	0	0
64142	CG	0	0
64142	TG	0	0
64145	GGCAAGCG	0	0
64145	GGCGAGCG	0	0
64145	TAGGGGCG	0	0
64145	TGGGGATT	0	0
64145	TGGGGGTG	0	0
64152	A	0	0
64152	G	0	0
64153	C	0	0
64153	T	0	0
64167	AG	0	0
64167	GA	0	0
64177	GGG	0	0
64177	TAA	0	0
64177	TAG	0	0
64180	CAG	0	0
64180	GGT	0	0
64187	GAC	0	0
64187	TGT	0	0
64190	CA	0	0
64190	CG	0	0
64190	TG	0	0
64198	C	0	0
64198	T	0	0
64201	AAGG	0	0
64201	GGAC	0	0
64210	ACAT	0	0
64210	CTTC	0	0
64211	AA	0	0
64211	GA	0	0
64211	GG	0	0
64213	AT	0	0
64213	GC	0	0
64214	AA	0	0
64214	GA	0	0
64214	GT	0	0
64245	ATC	0	0
64245	GGC	0	0
64245	GGT	0	0
64249	C	0	0
64249	T	0	0
64260	CACATGC	0	0
64260	CGCGAGG	0	0
64260	TATATTC	0	0
64263	AT	0	0
64263	GC	0	0
64266	CAACCC	0	0
64266	CGACTG	0	0
64266	CGGCTG	0	0
64266	TGGATG	0	0
64274	AG	0	0
64274	GA	0	0
64281	C	0	0
64281	T	0	0
64290	CT	0	0
64290	TC	0	0
64290	TT	0	0
64292	A	0	0
64292	G	0	0
64310	CGA	0	0
64310	TTG	0	0
64311	AGTGTTT	0	0
64311	GACACCC	0	0
64311	GGTGCTC	0	0
64327	CGCAGCTG	0	0
64327	GCTGATCT	0	0
64327	GGTAGTCG	0	0
64328	C	0	0
64328	G	0	0
64329	A	0	0
64329	G	0	0
64345	AG	0	0
64345	TA	0	0
64362	AACA	0	0
64362	AGTG	0	0
64362	GGTG	0	0
64365	C	0	0
64365	T	0	0
64368	A	0	0
64368	C	0	0
64372	A	0	0
64372	G	0	0
64373	GGC	0	0
64373	TAC	0	0
64373	TAT	0	0
64377	CTTA	0	0
64377	TCCT	0	0
64402	AC	0	0
64402	TT	0	0
64403	GC	0	0
64403	TA	0	0
64418	CGC	0	0
64418	GAA	0	0
64421	AT	0	0
64421	CC	0	0
64422	G	0	0
64422	T	0	0
64426	CG	0	0
64426	TA	0	0
64434	A	0	0
64434	G	0	0
64445	C	0	0
64445	T	0	0
64466	CCCT	0	0
64466	CGCC	0	0
64466	TGTC	0	0
64475	ACC	0	0
64475	GTT	0	0
64478	AC	0	0
64478	GT	0	0
64483	C	0	0
64483	T	0	0
64488	ACGC	0	0
64488	ATAT	0	0
64488	TTAT	0	0
64489	C	0	0
64489	T	0	0
64492	C	0	0
64492	G	0	0
64499	C	0	0
64499	T	0	0
64515	GAC	0	0
64515	TCT	0	0
64525	A	0	0
64525	G	0	0
64542	A	0	0
64542	G	0	0
64545	CAGC	0	0
64545	GGAT	0	0
64549	AGAC	0	0
64549	GTAT	0	0
64549	GTGT	0	0
64554	A	0	0
64554	G	0	0
64567	GCCC	0	0
64567	GCCT	0	0
64567	TTTC	0	0
64569	CTCG	0	0
64569	TCGA	0	0
64573	G	0	0
64573	T	0	0
64584	AC	0	0
64584	GT	0	0
64585	CGGA	0	0
64585	TATG	0	0
64608	AACC	0	0
64608	AGCC	0	0
64608	AGCT	0	0
64608	GATC	0	0
64612	AAAGT	0	0
64612	AGACC	0	0
64612	AGACT	0	0
64612	AGGCT	0	0
64612	GGACT	0	0
64614	AAT	0	0
64614	CGC	0	0
64614	CGT	0	0
64618	A	0	0
64618	G	0	0
64626	ATGA	0	0
64626	CCAG	0	0
64635	A	0	0
64635	G	0	0
64647	C	0	0
64647	T	0	0
64649	C	0	0
64649	T	0	0
64664	A	0	0
64664	G	0	0
64668	CCTC	0	0
64668	TTCT	0	0
64670	AG	0	0
64670	CA	0	0
64715	G	0	0
64715	T	0	0
64717	A	0	0
64717	G	0	0
64721	A	0	0
64721	G	0	0
64723	G	0	0
64723	T	0	0
64734	C	0	0
64734	T	0	0
64742	C	0	0
64742	T	0	0
64751	GC	0	0
64751	TT	0	0
64763	CACTCC	0	0
64763	CATCCC	0	0
64763	CATCTT	0	0
64763	TGCTCT	0	0
64774	CA	0	0
64774	TG	0	0
64777	ACGC	0	0
64777	GAAT	0	0
64798	C	0	0
64798	T	0	0
64799	C	0	0
64799	G	0	0
64801	CCGC	0	0
64801	TTAT	0	0
64824	AGT	0	0
64824	GAC	0	0
64824	GGT	0	0
64842	AAGCGC	0	0
64842	AGACGC	0	0
64842	CGGTAG	0	0
64842	CGGTGG	0	0
64846	AACA	0	0
64846	GGTG	0	0
64849	C	0	0
64849	G	0	0
64852	CC	0	0
64852	TT	0	0
64855	C	0	0
64855	T	0	0
64858	CGGA	0	0
64858	TTAG	0	0
64859	CG	0	0
64859	TA	0	0
64866	AAC	0	0
64866	CGT	0	0
64880	CG	0	0
64880	TA	0	0
64882	CAATGA	0	0
64882	GAGGGG	0	0
64882	GGGGAG	0	0
64897	CAG	0	0
64897	GCT	0	0
64909	CGCG	0	0
64909	TAGA	0	0
64912	CTCG	0	0
64912	TCTT	0	0
64918	C	0	0
64918	T	0	0
64924	AAA	0	0
64924	CGC	0	0
64926	C	0	0
64926	T	0	0
64927	CTCG	0	0
64927	TCGA	0	0
64933	AA	0	0
64933	GC	0	0
64940	CGTC	0	0
64940	TACC	0	0
64940	TACT	0	0
64948	AGC	0	0
64948	CCT	0	0
64956	A	0	0
64956	G	0	0
64960	GG	0	0
64960	TA	0	0
64971	A	0	0
64971	T	0	0
64979	AA	0	0
64979	AG	0	0
64979	GA	0	0
64998	A	0	0
64998	C	0	0
64999	A	0	0
64999	C	0	0
65013	A	0	0
65013	G	0	0
65017	A	0	0
65017	T	0	0
65042	C	0	0
65042	T	0	0
65067	G	0	0
65067	T	0	0
65077	CGA	0	0
65077	GCG	0	0
65100	C	0	0
65100	T	0	0
65101	AG	0	0
65101	GA	0	0
65104	A	0	0
65104	G	0	0
65110	GAT	0	0
65110	TGC	0	0
65111	A	0	0
65111	C	0	0
65117	CA	0	0
65117	GG	0	0
65118	CT	0	0
65118	TC	0	0
65121	ACT	0	0
65121	GTG	0	0
65124	AA	0	0
65124	GC	0	0
65125	AGGT	0	0
65125	GAGT	0	0
65125	GGAT	0	0
65125	GGGC	0	0
65125	GGGT	0	0
65128	AT	0	0
65128	GG	0	0
65134	C	0	0
65134	T	0	0
65140	C	0	0
65140	T	0	0
65145	CGTA	0	0
65145	TACG	0	0
65154	CA	0	0
65154	TT	0	0
65160	AG	0	0
65160	GA	0	0
65160	GG	0	0
65168	AGA	0	0
65168	TTT	0	0
65180	CAGT	0	0
65180	GGAG	0	0
65181	A	0	0
65181	G	0	0
65185	AC	0	0
65185	CT	0	0
65187	A	0	0
65187	G	0	0
65193	C	0	0
65193	T	0	0
65197	A	0	0
65197	G	0	0
65210	ACAA	0	0
65210	CTGG	0	0
65220	CG	0	0
65220	TA	0	0
65221	C	0	0
65221	T	0	0
65224	CT	0	0
65224	TG	0	0
65235	AC	0	0
65235	GT	0	0
65242	CGG	0	0
65242	CTG	0	0
65242	GTT	0	0
65244	AT	0	0
65244	GC	0	0
65245	CA	0	0
65245	GG	0	0
65246	CGACG	0	0
65246	CGATG	0	0
65246	TAGTA	0	0
65249	C	0	0
65249	T	0	0
65251	C	0	0
65251	T	0	0
65256	AA	0	0
65256	TC	0	0
65258	C	0	0
65258	T	0	0
65261	CA	0	0
65261	GG	0	0
65267	A	0	0
65267	T	0	0
65268	A	0	0
65268	C	0	0
65269	A	0	0
65269	G	0	0
65277	ACG	0	0
65277	CGC	0	0
65281	C	0	0
65281	T	0	0
65284	C	0	0
65284	T	0	0
65297	ATCA	0	0
65297	GCCG	0	0
65297	GTAG	0	0
65316	AG	0	0
65316	TC	0	0
65318	CAAACG	0	0
65318	CAGACG	0	0
65318	CTGCTA	0	0
65318	TAGACG	0	0
65330	AG	0	0
65330	GA	0	0
65331	AGAT	0	0
65331	TAGC	0	0
65341	CAAC	0	0
65341	TGGA	0	0
65341	TGGC	0	0
65366	C	0	0
65366	T	0	0
65369	G	0	0
65369	T	0	0
65386	A	0	0
65386	C	0	0
65409	CT	0	0
65409	TC	0	0
65423	CG	0	0
65423	TA	0	0
65423	TG	0	0
65424	C	0	0
65424	T	0	0
65449	CACCC	0	0
65449	CATTT	0	0
65449	CGCCC	0	0
65449	TACCC	0	0
65459	C	0	0
65459	T	0	0
65464	ACA	0	0
65464	GAC	0	0
65470	A	0	0
65470	C	0	0
65472	CCA	0	0
65472	CTA	0	0
65472	TTT	0	0
65473	C	0	0
65473	T	0	0
65478	ACA	0	0
65478	ACG	0	0
65478	GTA	0	0
65480	AG	0	0
65480	CA	0	0
65482	A	0	0
65482	G	0	0
65491	CCGACCA	0	0
65491	TCGACCA	0	0
65491	TTAATTA	0	0
65491	TTGATCG	0	0
65491	TTGGCCA	0	0
65501	CTGC	0	0
65501	TCAT	0	0
65504	C	0	0
65504	T	0	0
65528	AGA	0	0
65528	GAG	0	0
65528	GGA	0	0
65528	GGG	0	0
65531	CCCA	0	0
65531	TTAG	0	0
65533	AG	0	0
65533	CA	0	0
65534	C	0	0
65534	T	0	0
65563	GT	0	0
65563	TC	0	0
65587	CCTC	0	0
65587	TTCC	0	0
65587	TTCT	0	0
65598	CTGA	0	0
65598	TCAG	0	0
65601	A	0	0
65601	C	0	0
65606	A	0	0
65606	T	0	0
65611	C	0	0
65611	T	0	0
65621	AGCG	0	0
65621	GATA	0	0
65630	CT	0	0
65630	TC	0	0
65646	AT	0	0
65646	GG	0	0
65656	A	0	0
65656	G	0	0
65666	A	0	0
65666	G	0	0
65680	A	0	0
65680	G	0	0
65692	CCG	0	0
65692	TTA	0	0
65698	CT	0	0
65698	TC	0	0
65710	AC	0	0
65710	TT	0	0
65721	C	0	0
65721	T	0	0
65729	AAG	0	0
65729	GGT	0	0
65731	AT	0	0
65731	GC	0	0
65731	GT	0	0
65744	C	0	0
65744	T	0	0
65749	AA	0	0
65749	CG	0	0
65779	C	0	0
65779	G	0	0
65783	CC	0	0
65783	TT	0	0
65799	G	0	0
65799	T	0	0
65801	AGA	0	0
65801	GAT	0	0
65847	C	0	0
65847	T	0	0
65858	AT	0	0
65858	GC	0	0
65860	AAA	0	0
65860	AGG	0	0
65860	GAG	0	0
65861	A	0	0
65861	C	0	0
65872	A	0	0
65872	G	0	0
65874	C	0	0
65874	T	0	0
65875	A	0	0
65875	C	0	0
65882	C	0	0
65882	T	0	0
65883	A	0	0
65883	G	0	0
65886	GAGT	0	0
65886	TGAC	0	0
65887	ATACGA	0	0
65887	ATCTAG	0	0
65887	GCACGA	0	0
65887	GTACAG	0	0
65891	C	0	0
65891	T	0	0
65902	AA	0	0
65902	GG	0	0
65903	CG	0	0
65903	TA	0	0
65904	A	0	0
65904	G	0	0
65922	AA	0	0
65922	AG	0	0
65922	GG	0	0
65931	AGCTC	0	0
65931	AGTGC	0	0
65931	GATGT	0	0
65932	C	0	0
65932	G	0	0
65947	CT	0	0
65947	TC	0	0
65956	GCT	0	0
65956	TAC	0	0
65969	C	0	0
65969	G	0	0
65995	AG	0	0
65995	GA	0	0
65998	CC	0	0
65998	TT	0	0
65999	AGTCG	0	0
65999	CACCG	0	0
65999	CATAA	0	0
66012	ACCCA	0	0
66012	GTATT	0	0
66012	GTCCA	0	0
66032	A	0	0
66032	G	0	0
66036	A	0	0
66036	G	0	0
66051	A	0	0
66051	G	0	0
66069	A	0	0
66069	G	0	0
66071	C	0	0
66071	G	0	0
66071	T	0	0
66074	CA	0	0
66074	TG	0	0
66081	C	0	0
66081	T	0	0
66094	C	0	0
66094	G	0	0
66097	A	0	0
66097	G	0	0
66107	AA	0	0
66107	GG	0	0
66116	AC	0	0
66116	TC	0	0
66116	TT	0	0
66118	C	0	0
66118	T	0	0
66121	A	0	0
66121	C	0	0
66133	C	0	0
66133	T	0	0
66144	CGTCTGG	0	0
66144	CTTTCGG	0	0
66144	TGACCAA	0	0
66144	TGTCCAA	0	0
66154	A	0	0
66154	G	0	0
66168	AACA	0	0
66168	GGAC	0	0
66197	CG	0	0
66197	TA	0	0
66202	G	0	0
66202	T	0	0
66228	ATAA	0	0
66228	GCGA	0	0
66228	GTAA	0	0
66228	GTGG	0	0
66233	AAGA	0	0
66233	GGAG	0	0
66236	AAATC	0	0
66236	AGGCC	0	0
66236	AGGTC	0	0
66236	GGGTG	0	0
66240	G	0	0
66240	T	0	0
66255	G	0	0
66255	T	0	0
66261	A	0	0
66261	T	0	0
66268	CCAG	0	0
66268	CCGG	0	0
66268	TGGC	0	0
66288	CGCA	0	0
66288	TCTG	0	0
66288	TGCA	0	0
66292	C	0	0
66292	G	0	0
66297	ATC	0	0
66297	GAT	0	0
66307	ACC	0	0
66307	CTG	0	0
66321	C	0	0
66321	T	0	0
66322	AAGT	0	0
66322	GGAA	0	0
66338	A	0	0
66338	G	0	0
66344	A	0	0
66344	G	0	0
66349	CGG	0	0
66349	TTA	0	0
66355	CGG	0	0
66355	TAA	0	0
66360	CG	0	0
66360	TA	0	0
66363	AT	0	0
66363	GC	0	0
66375	A	0	0
66375	G	0	0
66376	A	0	0
66376	G	0	0
66377	CT	0	0
66377	TC	0	0
66381	GGGG	0	0
66381	TAAA	0	0
66400	CC	0	0
66400	TC	0	0
66400	TG	0	0
66401	AGGG	0	0
66401	GAAT	0	0
66403	AAA	0	0
66403	AAG	0	0
66403	GAA	0	0
66403	GGA	0	0
66404	A	0	0
66404	G	0	0
66414	C	0	0
66414	T	0	0
66418	ACC	0	0
66418	ATT	0	0
66418	GTC	0	0
66423	C	0	0
66423	T	0	0
66426	GTCC	0	0
66426	TCGT	0	0
66431	C	0	0
66431	T	0	0
66433	CCAG	0	0
66433	CTCA	0	0
66433	TCAA	0	0
66434	AT	0	0
66434	GC	0	0
66440	ATCA	0	0
66440	GCTG	0	0
66442	A	0	0
66442	G	0	0
66447	A	0	0
66447	G	0	0
66451	C	0	0
66451	T	0	0
66461	C	0	0
66461	T	0	0
66466	CCA	0	0
66466	GTG	0	0
66470	AGA	0	0
66470	GAT	0	0
66477	CC	0	0
66477	TC	0	0
66477	TT	0	0
66483	A	0	0
66483	G	0	0
66494	C	0	0
66494	T	0	0
66498	CA	0	0
66498	CC	0	0
66498	GA	0	0
66513	ACC	0	0
66513	ATT	0	0
66513	GCC	0	0
66528	A	0	0
66528	G	0	0
66539	C	0	0
66539	G	0	0
66540	C	0	0
66540	T	0	0
66541	CTA	0	0
66541	GCC	0	0
66541	GTC	0	0
66542	GG	0	0
66542	TA	0	0
66545	A	0	0
66545	C	0	0
66547	C	0	0
66547	T	0	0
66565	A	0	0
66565	G	0	0
66573	C	0	0
66573	T	0	0
66576	A	0	0
66576	G	0	0
66582	AA	0	0
66582	AG	0	0
66582	GA	0	0
66586	CT	0	0
66586	GC	0	0
66586	GT	0	0
66595	CAAC	0	0
66595	TTCG	0	0
66614	CA	0	0
66614	CG	0	0
66614	TG	0	0
66623	CCAT	0	0
66623	TTTC	0	0
66630	AAAC	0	0
66630	AAAT	0	0
66630	GCGT	0	0
66641	C	0	0
66641	T	0	0
66652	A	0	0
66652	G	0	0
66666	A	0	0
66666	G	0	0
66672	C	0	0
66672	T	0	0
66673	GGCA	0	0
66673	TATC	0	0
66682	AC	0	0
66682	GA	0	0
66690	AATAGA	0	0
66690	AATGTA	0	0
66690	AGTAGG	0	0
66690	TGAAGA	0	0
66698	CG	0	0
66698	TT	0	0
66718	A	0	0
66718	G	0	0
66744	CATG	0	0
66744	TGGC	0	0
66747	CCCG	0	0
66747	CTTA	0	0
66747	TCTA	0	0
66759	AGCG	0	0
66759	GAAC	0	0
66760	A	0	0
66760	G	0	0
66772	AC	0	0
66772	AT	0	0
66772	CC	0	0
66780	CGACG	0	0
66780	TCACG	0	0
66780	TGAAA	0	0
66780	TGTCG	0	0
66785	C	0	0
66785	T	0	0
66788	A	0	0
66788	G	0	0
66793	AA	0	0
66793	GT	0	0
66796	AAGAT	0	0
66796	GAACC	0	0
66796	GAACT	0	0
66796	GGGCT	0	0
66807	CA	0	0
66807	CG	0	0
66807	TG	0	0
66814	C	0	0
66814	T	0	0
66841	GCC	0	0
66841	TGA	0	0
66842	AC	0	0
66842	GA	0	0
66845	AAA	0	0
66845	GAA	0	0
66845	GAT	0	0
66845	GGA	0	0
66861	CGGA	0	0
66861	CGTC	0	0
66861	TAGA	0	0
66864	A	0	0
66864	T	0	0
66865	AAG	0	0
66865	CCC	0	0
66867	CA	0	0
66867	CG	0	0
66867	TG	0	0
66874	C	0	0
66874	G	0	0
66888	CCTTTC	0	0
66888	CTCTTT	0	0
66888	TTTCCC	0	0
66903	CGCAGCG	0	0
66903	CGCGACC	0	0
66903	CGTGGTG	0	0
66903	TACGGCG	0	0
66909	A	0	0
66909	G	0	0
66915	C	0	0
66915	G	0	0
66933	AC	0	0
66933	GT	0	0
66937	CCCGC	0	0
66937	CTTGC	0	0
66937	TCCTC	0	0
66937	TCCTT	0	0
66946	G	0	0
66946	T	0	0
66953	ATG	0	0
66953	GCA	0	0
66953	GTG	0	0
66955	ACTGT	0	0
66955	ATGAG	0	0
66955	TTGAG	0	0
66960	A	0	0
66960	G	0	0
66962	AA	0	0
66962	GG	0	0
66967	AT	0	0
66967	GC	0	0
66971	CTCA	0	0
66971	TATG	0	0
66974	C	0	0
66974	T	0	0
66977	AT	0	0
66977	GC	0	0
66979	AA	0	0
66979	CG	0	0
67007	AG	0	0
67007	GA	0	0
67027	C	0	0
67027	T	0	0
67055	CG	0	0
67055	GA	0	0
67057	C	0	0
67057	T	0	0
67058	C	0	0
67058	T	0	0
67072	A	0	0
67072	T	0	0
67093	A	0	0
67093	C	0	0
67098	CT	0	0
67098	TC	0	0
67098	TT	0	0
67105	G	0	0
67105	T	0	0
67116	C	0	0
67116	G	0	0
67139	C	0	0
67139	T	0	0
67140	CAGT	0	0
67140	CCAC	0	0
67140	TCAC	0	0
67158	A	0	0
67158	G	0	0
67188	AA	0	0
67188	AT	0	0
67188	GT	0	0
67189	CAC	0	0
67189	GGT	0	0
67215	G	0	0
67215	T	0	0
67264	CCA	0	0
67264	TTC	0	0
67274	A	0	0
67274	T	0	0
67283	A	0	0
67283	G	0	0
67287	A	0	0
67287	C	0	0
67354	C	0	0
67354	T	0	0
67418	A	0	0
67418	G	0	0
67436	A	0	0
67436	G	0	0
67442	G	0	0
67442	T	0	0
67459	CAC	0	0
67459	TGT	0	0
67480	AGA	0	0
67480	TAA	0	0
67480	TAG	0	0
67492	C	0	0
67492	T	0	0
67536	CA	0	0
67536	TC	0	0
67549	C	0	0
67549	G	0	0
67566	C	0	0
67566	T	0	0
67580	A	0	0
67580	G	0	0
67581	C	0	0
67581	T	0	0
67596	A	0	0
67596	G	0	0
67603	CT	0	0
67603	TG	0	0
67614	CA	0	0
67614	GT	0	0
67696	C	0	0
67696	T	0	0
67700	AGG	0	0
67700	GAG	0	0
67700	GGA	0	0
67718	A	0	0
67718	G	0	0
67719	CG	0	0
67719	GA	0	0
67725	CTA	0	0
67725	CTG	0	0
67725	TCA	0	0
67733	G	0	0
67733	T	0	0
67745	G	0	0
67745	T	0	0
67763	CG	0	0
67763	TT	0	0
67771	CG	0	0
67771	TA	0	0
67806	ACT	0	0
67806	GAC	0	0
67806	GCC	0	0
67810	C	0	0
67810	T	0	0
67823	C	0	0
67823	T	0	0
67837	AACGG	0	0
67837	AATAA	0	0
67837	GGTGA	0	0
67838	G	0	0
67838	T	0	0
67843	CGG	0	0
67843	TAA	0	0
67869	A	0	0
67869	G	0	0
67965	ATCC	0	0
67965	GCGA	0	0
67977	AGTC	0	0
67977	ATGT	0	0
67977	GTGT	0	0
67991	ATA	0	0
67991	GGG	0	0
67998	G	0	0
67998	T	0	0
68005	CTAT	0	0
68005	GCCA	0	0
68069	A	0	0
68069	G	0	0
68070	CGATC	0	0
68070	CGTCA	0	0
68070	TAATC	0	0
68077	CA	0	0
68077	GG	0	0
68084	C	0	0
68084	T	0	0
68106	AAC	0	0
68106	AAT	0	0
68106	GTT	0	0
68108	CC	0	0
68108	TG	0	0
68113	C	0	0
68113	T	0	0
68115	A	0	0
68115	G	0	0
68124	A	0	0
68124	G	0	0
68155	CCT	0	0
68155	TCC	0	0
68155	TGC	0	0
68157	GT	0	0
68157	TC	0	0
68167	A	0	0
68167	T	0	0
68182	C	0	0
68182	T	0	0
68194	ACGGA	0	0
68194	GTCAG	0	0
68194	GTCGG	0	0
68199	C	0	0
68199	T	0	0
68215	C	0	0
68215	T	0	0
68235	AC	0	0
68235	AT	0	0
68235	GT	0	0
68236	AA	0	0
68236	GG	0	0
68244	CTC	0	0
68244	TCT	0	0
68244	TTC	0	0
68249	AACTC	0	0
68249	AGCCT	0	0
68249	AGGTC	0	0
68249	GGCCT	0	0
68251	CTCG	0	0
68251	CTTC	0	0
68251	GCCG	0	0
68263	A	0	0
68263	G	0	0
68278	CAG	0	0
68278	GCA	0	0
68280	C	0	0
68280	G	0	0
68284	CG	0	0
68284	TC	0	0
68291	A	0	0
68291	G	0	0
68293	CCA	0	0
68293	CTG	0	0
68293	TCG	0	0
68296	C	0	0
68296	G	0	0
68297	AC	0	0
68297	GT	0	0
68299	A	0	0
68299	G	0	0
68309	C	0	0
68309	T	0	0
68328	C	0	0
68328	T	0	0
68340	A	0	0
68340	G	0	0
68343	GCT	0	0
68343	TTG	0	0
68351	C	0	0
68351	T	0	0
68353	A	0	0
68353	G	0	0
68361	A	0	0
68361	G	0	0
68362	CG	0	0
68362	TT	0	0
68366	GC	0	0
68366	TT	0	0
68377	C	0	0
68377	G	0	0
68407	GGAA	0	0
68407	TAGG	0	0
68411	ACC	0	0
68411	GTT	0	0
68413	G	0	0
68413	T	0	0
68417	CC	0	0
68417	TT	0	0
68423	A	0	0
68423	G	0	0
68428	A	0	0
68428	G	0	0
68443	AAA	0	0
68443	GGG	0	0
68482	AG	0	0
68482	CA	0	0
68497	C	0	0
68497	G	0	0
68504	AAGC	0	0
68504	GGAT	0	0
68510	AG	0	0
68510	GA	0	0
68521	A	0	0
68521	C	0	0
68522	C	0	0
68522	T	0	0
68524	AAAT	0	0
68524	AAGT	0	0
68524	AGAC	0	0
68524	GGAC	0	0
68528	AG	0	0
68528	GC	0	0
68532	G	0	0
68532	T	0	0
68538	CC	0	0
68538	TT	0	0
68542	GA	0	0
68542	TG	0	0
68562	AGA	0	0
68562	TCT	0	0
68573	CGT	0	0
68573	GAC	0	0
68589	CTGAA	0	0
68589	CTGAC	0	0
68589	TCTGA	0	0
68594	ATGT	0	0
68594	GCAC	0	0
68597	A	0	0
68597	C	0	0
68602	A	0	0
68602	C	0	0
68615	AG	0	0
68615	GC	0	0
68628	A	0	0
68628	C	0	0
68631	G	0	0
68631	T	0	0
68641	CTA	0	0
68641	TCG	0	0
68647	A	0	0
68647	T	0	0
68651	AT	0	0
68651	GC	0	0
68657	CG	0	0
68657	GC	0	0
68671	GAG	0	0
68671	GGG	0	0
68671	GTA	0	0
68671	TGG	0	0
68672	A	0	0
68672	G	0	0
68685	CCCAGGT	0	0
68685	CCTAGGT	0	0
68685	TCCAGAC	0	0
68685	TTTGTGT	0	0
68697	A	0	0
68697	G	0	0
68705	A	0	0
68705	T	0	0
68706	A	0	0
68706	G	0	0
68708	C	0	0
68708	T	0	0
68714	AGTA	0	0
68714	GCGG	0	0
68717	CTG	0	0
68717	TGA	0	0
68725	AAAT	0	0
68725	GGCC	0	0
68764	G	0	0
68764	T	0	0
68769	A	0	0
68769	C	0	0
68771	C	0	0
68771	T	0	0
68813	AG	0	0
68813	GA	0	0
68818	A	0	0
68818	G	0	0
68828	ACC	0	0
68828	GTT	0	0
68889	A	0	0
68889	G	0	0
68898	CCA	0	0
68898	CTA	0	0
68898	TCC	0	0
68902	A	0	0
68902	G	0	0
68931	G	0	0
68931	T	0	0
68932	C	0	0
68932	T	0	0
68937	CGCT	0	0
68937	TAAC	0	0
68942	A	0	0
68942	T	0	0
68962	C	0	0
68962	G	0	0
68968	GCACT	0	0
68968	GCGCC	0	0
68968	GCGTC	0	0
68968	TAGCC	0	0
68979	C	0	0
68979	T	0	0
69003	CACT	0	0
69003	CATT	0	0
69003	TCTC	0	0
69013	C	0	0
69013	T	0	0
69055	AC	0	0
69055	CT	0	0
69067	AAA	0	0
69067	GCG	0	0
69069	C	0	0
69069	T	0	0
69083	A	0	0
69083	C	0	0
69101	A	0	0
69101	G	0	0
69141	A	0	0
69141	G	0	0
69169	C	0	0
69169	T	0	0
69193	A	0	0
69193	N	0	0
69193	T	0	0
69198	ATC	0	0
69198	CAA	0	0
69207	ACC	0	0
69207	GTT	0	0
69212	CCC	0	0
69212	GTT	0	0
69216	AG	0	0
69216	GC	0	0
69218	G	0	0
69218	T	0	0
69245	AC	0	0
69245	GG	0	0
69248	CC	0	0
69248	GA	0	0
69260	AG	0	0
69260	GA	0	0
69261	AT	0	0
69261	GC	0	0
69274	CT	0	0
69274	GC	0	0
69283	AA	0	0
69283	GG	0	0
69292	G	0	0
69292	T	0	0
69322	CA	0	0
69322	TG	0	0
69327	A	0	0
69327	G	0	0
69340	CA	0	0
69340	TG	0	0
69345	C	0	0
69345	T	0	0
69375	C	0	0
69375	G	0	0
69392	C	0	0
69392	T	0	0
69411	CA	0	0
69411	TG	0	0
69423	CGT	0	0
69423	TCC	0	0
69455	A	0	0
69455	G	0	0
69467	AT	0	0
69467	GA	0	0
69482	C	0	0
69482	G	0	0
69495	CT	0	0
69495	TC	0	0
69519	CTCT	0	0
69519	GCTC	0	0
69535	AAC	0	0
69535	GGT	0	0
69539	A	0	0
69539	T	0	0
69546	CCA	0	0
69546	TTC	0	0
69549	CT	0	0
69549	TC	0	0
69563	C	0	0
69563	T	0	0
69565	GG	0	0
69565	TA	0	0
69599	C	0	0
69599	G	0	0
69609	C	0	0
69609	T	0	0
69630	C	0	0
69630	T	0	0
69637	GTG	0	0
69637	TCA	0	0
69648	GC	0	0
69648	TA	0	0
69648	TC	0	0
69664	C	0	0
69664	G	0	0
69668	CC	0	0
69668	TT	0	0
69684	C	0	0
69684	T	0	0
69699	CTT	0	0
69699	TGT	0	0
69699	TTC	0	0
69701	ATC	0	0
69701	CCT	0	0
69714	C	0	0
69714	T	0	0
69719	C	0	0
69719	T	0	0
69726	AAAG	0	0
69726	CCAC	0	0
69726	CCGC	0	0
69753	C	0	0
69753	T	0	0
69762	CA	0	0
69762	TC	0	0
69770	AT	0	0
69770	GC	0	0
69773	A	0	0
69773	G	0	0
69775	ACT	0	0
69775	GTC	0	0
69794	CG	0	0
69794	GT	0	0
69797	AT	0	0
69797	GC	0	0
69806	ACA	0	0
69806	GTG	0	0
69854	A	0	0
69854	G	0	0
69874	A	0	0
69874	G	0	0
69881	AC	0	0
69881	CG	0	0
69908	C	0	0
69908	G	0	0
69909	CACGGG	0	0
69909	GGAAGA	0	0
69909	GGCGTG	0	0
69911	AA	0	0
69911	GG	0	0
69925	AAATTTAAT	0	0
69925	AAGTCTAAT	0	0
69925	AGGCCTAGC	0	0
69925	GAATTAGAT	0	0
69928	C	0	0
69928	T	0	0
69932	A	0	0
69932	G	0	0
69937	CG	0	0
69937	TA	0	0
69940	A	0	0
69940	C	0	0
69956	AT	0	0
69956	GA	0	0
69956	GT	0	0
69964	CAT	0	0
69964	GGC	0	0
69995	CC	0	0
69995	TT	0	0
69998	A	0	0
69998	C	0	0
70008	ACGACA	0	0
70008	ACGAGA	0	0
70008	ACGGGG	0	0
70008	GTAAGG	0	0
70010	A	0	0
70010	G	0	0
70037	A	0	0
70037	G	0	0
70041	AGTT	0	0
70041	GTAC	0	0
70047	A	0	0
70047	G	0	0
70052	CAT	0	0
70052	CTT	0	0
70052	TTC	0	0
70056	AG	0	0
70056	GA	0	0
70060	CCCT	0	0
70060	CCTT	0	0
70060	TTCC	0	0
70068	C	0	0
70068	T	0	0
70090	A	0	0
70090	G	0	0
70098	A	0	0
70098	T	0	0
70120	C	0	0
70120	T	0	0
70124	C	0	0
70124	T	0	0
70129	CA	0	0
70129	TG	0	0
70134	A	0	0
70134	G	0	0
70136	AGA	0	0
70136	GAC	0	0
70140	AACA	0	0
70140	GGTT	0	0
70147	ATAG	0	0
70147	GCCA	0	0
70163	CTGG	0	0
70163	TCAA	0	0
70166	ATCT	0	0
70166	CCTC	0	0
70179	ACTT	0	0
70179	GTCC	0	0
70183	CTT	0	0
70183	GCC	0	0
70193	C	0	0
70193	T	0	0
70209	CT	0	0
70209	TC	0	0
70215	CA	0	0
70215	CC	0	0
70215	TA	0	0
70218	A	0	0
70218	G	0	0
70233	AC	0	0
70233	TG	0	0
70234	G	0	0
70234	T	0	0
70242	AAG	0	0
70242	GGC	0	0
70243	ATC	0	0
70243	GGT	0	0
70245	CACTC	0	0
70245	CTTGA	0	0
70245	TACTC	0	0
70256	AACA	0	0
70256	GGCT	0	0
70256	GGTT	0	0
70270	CAA	0	0
70270	TCA	0	0
70270	TCG	0	0
70275	AG	0	0
70275	GA	0	0
70280	C	0	0
70280	G	0	0
70286	AA	0	0
70286	GG	0	0
70308	C	0	0
70308	G	0	0
70311	A	0	0
70311	G	0	0
70345	C	0	0
70345	T	0	0
70346	C	0	0
70346	T	0	0
70356	CTC	0	0
70356	TCT	0	0
70365	AA	0	0
70365	GG	0	0
70369	A	0	0
70369	G	0	0
70374	A	0	0
70374	C	0	0
70395	C	0	0
70395	T	0	0
70415	A	0	0
70415	G	0	0
70426	CT	0	0
70426	TG	0	0
70469	CAT	0	0
70469	GGG	0	0
70490	A	0	0
70490	G	0	0
70506	A	0	0
70506	C	0	0
70515	A	0	0
70515	G	0	0
70543	A	0	0
70543	G	0	0
70545	A	0	0
70545	G	0	0
70598	GG	0	0
70598	TG	0	0
70598	TT	0	0
70610	ACG	0	0
70610	GGT	0	0
70648	GTAG	0	0
70648	TGGA	0	0
70657	C	0	0
70657	T	0	0
70697	ATC	0	0
70697	ATT	0	0
70697	CCT	0	0
70711	AA	0	0
70711	GG	0	0
70721	A	0	0
70721	G	0	0
70726	A	0	0
70726	G	0	0
70730	CGGC	0	0
70730	GAAT	0	0
70744	C	0	0
70744	T	0	0
70754	A	0	0
70754	G	0	0
70755	AA	0	0
70755	AC	0	0
70755	GA	0	0
70755	GC	0	0
70795	AA	0	0
70795	GG	0	0
70811	C	0	0
70811	G	0	0
70831	CA	0	0
70831	CG	0	0
70831	TG	0	0
70863	AA	0	0
70863	AG	0	0
70863	GA	0	0
70878	CAG	0	0
70878	TAG	0	0
70878	TGT	0	0
70923	CCG	0	0
70923	TCG	0	0
70923	TTT	0	0
70934	AA	0	0
70934	GG	0	0
70967	CTAC	0	0
70967	GCGA	0	0
70967	GCGC	0	0
70969	G	0	0
70969	T	0	0
70970	CC	0	0
70970	TT	0	0
70983	CCC	0	0
70983	TTT	0	0
71013	C	0	0
71013	G	0	0
71017	A	0	0
71017	C	0	0
71027	G	0	0
71027	T	0	0
71082	G	0	0
71082	T	0	0
71111	A	0	0
71111	G	0	0
71157	GG	0	0
71157	GT	0	0
71157	TG	0	0
71216	A	0	0
71216	G	0	0
71256	ATT	0	0
71256	TCC	0	0
71266	C	0	0
71266	G	0	0
71274	ATC	0	0
71274	GGT	0	0
71291	ACC	0	0
71291	ACT	0	0
71291	GTC	0	0
71299	A	0	0
71299	C	0	0
71312	AG	0	0
71312	GA	0	0
71328	AA	0	0
71328	GC	0	0
71359	C	0	0
71359	T	0	0
71360	A	0	0
71360	C	0	0
71388	A	0	0
71388	C	0	0
71417	ATC	0	0
71417	TCT	0	0
71461	A	0	0
71461	T	0	0
71470	A	0	0
71470	G	0	0
71477	C	0	0
71477	T	0	0
71478	A	0	0
71478	C	0	0
71479	G	0	0
71479	T	0	0
71524	ATC	0	0
71524	ATT	0	0
71524	TCC	0	0
71540	A	0	0
71540	G	0	0
71560	A	0	0
71560	C	0	0
71625	CTG	0	0
71625	TCA	0	0
71742	A	0	0
71742	G	0	0
71756	CGG	0	0
71756	TTT	0	0
71831	A	0	0
71831	C	0	0
71833	A	0	0
71833	G	0	0
71849	A	0	0
71849	T	0	0
71872	A	0	0
71872	G	0	0
71875	C	0	0
71875	T	0	0
71982	CT	0	0
71982	TG	0	0
71983	CT	0	0
71983	TG	0	0
71984	ACG	0	0
71984	GTA	0	0
71989	A	0	0
71989	G	0	0
72003	CTG	0	0
72003	TCA	0	0
72023	A	0	0
72023	C	0	0
72036	CG	0	0
72036	TA	0	0
72081	C	0	0
72081	T	0	0
72086	CCC	0	0
72086	CCT	0	0
72086	TTC	0	0
72097	AT	0	0
72097	GC	0	0
72102	CCCCTTCC	0	0
72102	CCCCTTCG	0	0
72102	CCCTTTCG	0	0
72102	CTTCTTCC	0	0
72102	TCCCGAGC	0	0
72141	A	0	0
72141	G	0	0
72166	CTAGATA	0	0
72166	CTGAATT	0	0
72166	TCGAGCT	0	0
72183	A	0	0
72183	G	0	0
72214	CC	0	0
72214	TT	0	0
72215	C	0	0
72215	T	0	0
72225	GC	0	0
72225	TT	0	0
72226	AG	0	0
72226	GA	0	0
72232	A	0	0
72232	G	0	0
72248	CG	0	0
72248	GC	0	0
72249	CC	0	0
72249	GT	0	0
72275	A	0	0
72275	C	0	0
72286	AGAC	0	0
72286	GAGT	0	0
72292	A	0	0
72292	G	0	0
72316	A	0	0
72316	G	0	0
72336	A	0	0
72336	C	0	0
72345	G	0	0
72345	T	0	0
72348	ACC	0	0
72348	ATC	0	0
72348	GTC	0	0
72348	GTT	0	0
72351	C	0	0
72351	T	0	0
72370	CT	0	0
72370	TC	0	0
72387	A	0	0
72387	G	0	0
72395	AAGT	0	0
72395	GGAA	0	0
72398	C	0	0
72398	T	0	0
72399	CA	0	0
72399	TG	0	0
72415	CATC	0	0
72415	TGCT	0	0
72475	G	0	0
72475	T	0	0
72489	A	0	0
72489	T	0	0
72498	A	0	0
72498	G	0	0
72499	A	0	0
72499	G	0	0
72513	ACTTA	0	0
72513	AGTGA	0	0
72513	CCGTG	0	0
72516	C	0	0
72516	T	0	0
72524	A	0	0
72524	G	0	0
72529	A	0	0
72529	G	0	0
72534	CA	0	0
72534	TG	0	0
72546	C	0	0
72546	T	0	0
72556	A	0	0
72556	G	0	0
72557	A	0	0
72557	C	0	0
72562	AAT	0	0
72562	GAC	0	0
72562	GAT	0	0
72562	GGT	0	0
72563	CTAG	0	0
72563	TCCA	0	0
72576	C	0	0
72576	T	0	0
72592	A	0	0
72592	G	0	0
72600	A	0	0
72600	G	0	0
72601	A	0	0
72601	G	0	0
72615	A	0	0
72615	G	0	0
72623	CCGA	0	0
72623	TTAT	0	0
72649	AG	0	0
72649	CA	0	0
72683	CC	0	0
72683	TT	0	0
72686	CCC	0	0
72686	CTC	0	0
72686	TCG	0	0
72688	ATCC	0	0
72688	CCTT	0	0
72707	A	0	0
72707	T	0	0
72769	G	0	0
72769	T	0	0
72808	A	0	0
72808	T	0	0
72826	C	0	0
72826	T	0	0
72843	C	0	0
72843	G	0	0
72862	CCGCGC	0	0
72862	CCTCGC	0	0
72862	CCTCGT	0	0
72862	CTTGGT	0	0
72862	CTTGTT	0	0
72862	TCTCGC	0	0
72865	C	0	0
72865	G	0	0
72890	C	0	0
72890	T	0	0
72893	CG	0	0
72893	GA	0	0
72927	CT	0	0
72927	TC	0	0
72927	TT	0	0
72964	AGG	0	0
72964	GTA	0	0
72968	CA	0	0
72968	TG	0	0
72971	CG	0	0
72971	TC	0	0
72996	ATC	0	0
72996	GCA	0	0
73002	A	0	0
73002	T	0	0
73021	CT	0	0
73021	TC	0	0
73024	GTCA	0	0
73024	TGTG	0	0
73037	C	0	0
73037	T	0	0
73113	A	0	0
73113	C	0	0
73115	AACT	0	0
73115	AGGC	0	0
73115	TGGC	0	0
73116	C	0	0
73116	T	0	0
73141	AC	0	0
73141	CT	0	0
73152	AC	0	0
73152	GT	0	0
73163	AA	0	0
73163	GG	0	0
73194	CA	0	0
73194	TG	0	0
73206	CCC	0	0
73206	TTT	0	0
73209	AAA	0	0
73209	TGA	0	0
73209	TGC	0	0
73220	G	0	0
73220	T	0	0
73236	GG	0	0
73236	TT	0	0
73246	A	0	0
73246	T	0	0
73265	A	0	0
73265	G	0	0
73278	C	0	0
73278	T	0	0
73288	C	0	0
73288	T	0	0
73291	C	0	0
73291	T	0	0
73308	CGC	0	0
73308	TCT	0	0
73314	ATC	0	0
73314	GGT	0	0
73376	AT	0	0
73376	GC	0	0
73397	AA	0	0
73397	GT	0	0
73398	C	0	0
73398	T	0	0
73415	ACT	0	0
73415	GTA	0	0
73431	CATT	0	0
73431	TGCA	0	0
73466	CAG	0	0
73466	TAG	0	0
73466	TCA	0	0
73492	AG	0	0
73492	GA	0	0
73492	GG	0	0
73560	C	0	0
73560	T	0	0
73565	CC	0	0
73565	TT	0	0
73569	A	0	0
73569	G	0	0
73577	C	0	0
73577	T	0	0
73604	G	0	0
73604	T	0	0
73673	C	0	0
73673	T	0	0
73708	A	0	0
73708	C	0	0
73712	G	0	0
73712	T	0	0
73733	G	0	0
73733	T	0	0
73755	AAAA	0	0
73755	GAGG	0	0
73755	GTGG	0	0
73765	A	0	0
73765	G	0	0
73766	A	0	0
73766	G	0	0
73775	A	0	0
73775	C	0	0
73799	A	0	0
73799	G	0	0
73859	G	0	0
73859	T	0	0
73893	G	0	0
73893	T	0	0
73898	A	0	0
73898	C	0	0
73915	A	0	0
73915	G	0	0
73923	A	0	0
73923	T	0	0
73947	A	0	0
73947	C	0	0
73961	CGT	0	0
73961	TAC	0	0
74164	CG	0	0
74164	TA	0	0
74193	CTCA	0	0
74193	TCTG	0	0
74219	A	0	0
74219	G	0	0
74233	CCT	0	0
74233	CTT	0	0
74233	TCC	0	0
74269	CC	0	0
74269	TA	0	0
74270	AT	0	0
74270	GC	0	0
74273	A	0	0
74273	G	0	0
74278	C	0	0
74278	G	0	0
74332	GC	0	0
74332	TA	0	0
74566	A	0	0
74566	C	0	0
74623	G	0	0
74623	N	0	0
74623	T	0	0
74645	AC	0	0
74645	GC	0	0
74645	GT	0	0
74746	C	0	0
74746	G	0	0
74898	G	0	0
74898	T	0	0
75008	A	0	0
75008	G	0	0
75016	CG	0	0
75016	TA	0	0
75035	A	0	0
75035	G	0	0
75076	A	0	0
75076	G	0	0
75089	A	0	0
75089	G	0	0
75110	CC	0	0
75110	GG	0	0
75120	C	0	0
75120	T	0	0
75135	A	0	0
75135	C	0	0
75290	A	0	0
75290	C	0	0
75330	C	0	0
75330	T	0	0
75347	C	0	0
75347	T	0	0
75400	AG	0	0
75400	CG	0	0
75400	CT	0	0
75415	G	0	0
75415	T	0	0
75441	A	0	0
75441	G	0	0
75512	A	0	0
75512	G	0	0
75541	C	0	0
75541	T	0	0
75542	CC	0	0
75542	GT	0	0
75551	A	0	0
75551	C	0	0
75610	ACA	0	0
75610	GAG	0	0
75614	A	0	0
75614	C	0	0
75627	ACCA	0	0
75627	CTTG	0	0
75681	AG	0	0
75681	CA	0	0
75714	G	0	0
75714	T	0	0
75742	C	0	0
75742	T	0	0
75849	A	0	0
75849	G	0	0
75851	A	0	0
75851	G	0	0
75852	C	0	0
75852	T	0	0
75854	A	0	0
75854	T	0	0
75892	A	0	0
75892	C	0	0
75950	AG	0	0
75950	AT	0	0
75950	GG	0	0
75950	GT	0	0
75953	A	0	0
75953	G	0	0
75957	A	0	0
75957	G	0	0
75976	C	0	0
75976	G	0	0
76005	AAAA	0	0
76005	GGGG	0	0
76072	AA	0	0
76072	GG	0	0
76081	G	0	0
76081	T	0	0
76141	A	0	0
76141	G	0	0
76157	AGA	0	0
76157	GTC	0	0
76158	C	0	0
76158	G	0	0
76171	A	0	0
76171	C	0	0
76176	A	0	0
76176	G	0	0
76206	CT	0	0
76206	TC	0	0
76267	C	0	0
76267	T	0	0
76294	CAA	0	0
76294	TGG	0	0
76308	A	0	0
76308	G	0	0
76340	C	0	0
76340	T	0	0
76369	CG	0	0
76369	TC	0	0
76371	C	0	0
76371	G	0	0
76374	A	0	0
76374	G	0	0
76375	A	0	0
76375	G	0	0
76380	CGGG	0	0
76380	GAAA	0	0
76390	C	0	0
76390	T	0	0
76415	AGT	0	0
76415	GAG	0	0
76474	C	0	0
76474	T	0	0
76555	C	0	0
76555	T	0	0
76573	AAT	0	0
76573	GTA	0	0
76654	AAAA	0	0
76654	GGGG	0	0
76662	AA	0	0
76662	GG	0	0
76685	GC	0	0
76685	TG	0	0
76732	ACC	0	0
76732	CAG	0	0
76762	AAA	0	0
76762	TTA	0	0
76762	TTT	0	0
76775	CGCC	0	0
76775	TAAA	0	0
76825	A	0	0
76825	G	0	0
76838	G	0	0
76838	T	0	0
76843	AGAA	0	0
76843	AGAT	0	0
76843	AGTT	0	0
76843	ATAA	0	0
76843	ATTA	0	0
76843	ATTT	0	0
76843	GGAA	0	0
76843	GGAT	0	0
76843	GGTA	0	0
76843	GGTT	0	0
76843	GTAA	0	0
76843	GTAT	0	0
76852	C	0	0
76852	T	0	0
76866	C	0	0
76866	T	0	0
76881	A	0	0
76881	G	0	0
76892	A	0	0
76892	G	0	0
76898	A	0	0
76898	G	0	0
76921	AC	0	0
76921	GA	0	0
76957	C	0	0
76957	G	0	0
76958	G	0	0
76958	T	0	0
76971	A	0	0
76971	C	0	0
77046	A	0	0
77046	C	0	0
77151	A	0	0
77151	G	0	0
77186	A	0	0
77186	G	0	0
77195	A	0	0
77195	C	0	0
77221	G	0	0
77221	T	0	0
77226	CGAC	0	0
77226	GCCA	0	0
77231	A	0	0
77231	G	0	0
77282	AA	0	0
77282	GT	0	0
77355	C	0	0
77355	T	0	0
77440	G	0	0
77440	T	0	0
77446	GCGG	0	0
77446	TAAA	0	0
77476	A	0	0
77476	G	0	0
77493	C	0	0
77493	T	0	0
77495	C	0	0
77495	T	0	0
77501	C	0	0
77501	G	0	0
77507	C	0	0
77507	T	0	0
77527	C	0	0
77527	T	0	0
77572	CC	0	0
77572	GG	0	0
77677	A	0	0
77677	C	0	0
77745	G	0	0
77745	T	0	0
77817	GA	0	0
77817	TA	0	0
77817	TT	0	0
77838	CAAAC	0	0
77838	CAGGT	0	0
77838	TGGAT	0	0
77844	C	0	0
77844	T	0	0
77884	ACGCATT	0	0
77884	GTACGTT	0	0
77884	GTGTGCC	0	0
77909	A	0	0
77909	G	0	0
77912	A	0	0
77912	G	0	0
77937	AA	0	0
77937	GG	0	0
77945	A	0	0
77945	G	0	0
77963	G	0	0
77963	T	0	0
78011	A	0	0
78011	T	0	0
78050	AAA	0	0
78050	CGC	0	0
78058	AC	0	0
78058	GC	0	0
78058	GG	0	0
78063	C	0	0
78063	T	0	0
78064	CA	0	0
78064	TG	0	0
78169	CCC	0	0
78169	TGT	0	0
78183	C	0	0
78183	T	0	0
78186	GA	0	0
78186	TT	0	0
78193	C	0	0
78193	T	0	0
78203	AA	0	0
78203	GG	0	0
78204	A	0	0
78204	C	0	0
78226	CTT	0	0
78226	TCA	0	0
78241	C	0	0
78241	G	0	0
78268	CC	0	0
78268	TT	0	0
78341	CTA	0	0
78341	TCG	0	0
78399	C	0	0
78399	G	0	0
78407	AA	0	0
78407	TT	0	0
78414	A	0	0
78414	G	0	0
78417	ACA	0	0
78417	GGG	0	0
78454	CCTG	0	0
78454	TGCT	0	0
78632	A	0	0
78632	G	0	0
78638	AG	0	0
78638	TC	0	0
78640	CT	0	0
78640	TC	0	0
78643	CCTT	0	0
78643	TTGC	0	0
78646	A	0	0
78646	C	0	0
78661	A	0	0
78661	G	0	0
78663	GCA	0	0
78663	TCG	0	0
78663	TTA	0	0
78684	A	0	0
78684	G	0	0
78690	G	0	0
78690	T	0	0
78699	CG	0	0
78699	TA	0	0
78699	TG	0	0
78710	AG	0	0
78710	GT	0	0
78715	C	0	0
78715	T	0	0
78893	CA	0	0
78893	GA	0	0
78893	GG	0	0
79045	A	0	0
79045	G	0	0
79069	CC	0	0
79069	CT	0	0
79069	GC	0	0
79076	G	0	0
79076	T	0	0
79080	A	0	0
79080	C	0	0
79083	C	0	0
79083	T	0	0
79099	C	0	0
79099	T	0	0
79100	C	0	0
79100	T	0	0
79129	A	0	0
79129	G	0	0
79138	G	0	0
79138	T	0	0
79150	G	0	0
79150	T	0	0
79180	C	0	0
79180	T	0	0
79245	CGTG	0	0
79245	GCCA	0	0
79287	CC	0	0
79287	TT	0	0
79307	A	0	0
79307	C	0	0
79316	A	0	0
79316	G	0	0
79343	AT	0	0
79343	GG	0	0
79462	C	0	0
79462	T	0	0
79477	C	0	0
79477	T	0	0
79556	A	0	0
79556	C	0	0
79560	C	0	0
79560	T	0	0
79567	ACCG	0	0
79567	GTTA	0	0
79602	G	0	0
79602	T	0	0
79623	CA	0	0
79623	TG	0	0
79632	C	0	0
79632	T	0	0
79648	G	0	0
79648	T	0	0
79705	AC	0	0
79705	GT	0	0
79786	C	0	0
79786	T	0	0
79822	CA	0	0
79822	TG	0	0
79856	A	0	0
79856	T	0	0
79949	G	0	0
79949	T	0	0
79968	CTA	0	0
79968	TCG	0	0
80027	CGT	0	0
80027	GAC	0	0
80056	ACCA	0	0
80056	GTTG	0	0
80132	A	0	0
80132	G	0	0
80251	A	0	0
80251	C	0	0
80288	G	0	0
80288	T	0	0
80558	C	0	0
80558	T	0	0
80640	GG	0	0
80640	TG	0	0
80640	TT	0	0
80646	C	0	0
80646	T	0	0
80756	G	0	0
80756	T	0	0
80776	G	0	0
80776	T	0	0
80802	A	0	0
80802	G	0	0
80913	C	0	0
80913	T	0	0
80926	G	0	0
80926	T	0	0
81119	AG	0	0
81119	CT	0	0
81152	CGA	0	0
81152	CGG	0	0
81152	TAG	0	0
81339	GC	0	0
81339	TT	0	0
81383	CCAC	0	0
81383	TTGA	0	0
81421	CCTG	0	0
81421	TTCA	0	0
81421	TTTA	0	0
81448	A	0	0
81448	C	0	0
81465	C	0	0
81465	T	0	0
81502	AG	0	0
81502	GA	0	0
81515	C	0	0
81515	T	0	0
81600	C	0	0
81600	T	0	0
81631	G	0	0
81631	T	0	0
81654	C	0	0
81654	T	0	0
81713	CGG	0	0
81713	TAC	0	0
81717	A	0	0
81717	G	0	0
81719	G	0	0
81719	T	0	0
81789	CC	0	0
81789	CT	0	0
81789	TC	0	0
81894	G	0	0
81894	T	0	0
81929	C	0	0
81929	T	0	0
81959	C	0	0
81959	T	0	0
81996	A	0	0
81996	G	0	0
82052	C	0	0
82052	T	0	0
82123	C	0	0
82123	T	0	0
82128	A	0	0
82128	G	0	0
82133	GG	0	0
82133	TC	0	0
82159	A	0	0
82159	G	0	0
82187	CTG	0	0
82187	TCA	0	0
82194	AG	0	0
82194	GA	0	0
82209	CT	0	0
82209	TC	0	0
82236	A	0	0
82236	C	0	0
82258	ATGG	0	0
82258	GCAA	0	0
82272	A	0	0
82272	G	0	0
82286	A	0	0
82286	C	0	0
82295	C	0	0
82295	G	0	0
82308	CACT	0	0
82308	CATC	0	0
82308	TGTC	0	0
82323	C	0	0
82323	T	0	0
82356	C	0	0
82356	T	0	0
82361	A	0	0
82361	G	0	0
82370	AC	0	0
82370	GT	0	0
82383	ACG	0	0
82383	GTA	0	0
82425	CT	0	0
82425	GA	0	0
82430	CC	0	0
82430	TA	0	0
82440	G	0	0
82440	T	0	0
82484	AT	0	0
82484	GG	0	0
82515	AC	0	0
82515	AT	0	0
82515	TC	0	0
82553	A	0	0
82553	G	0	0
82581	AC	0	0
82581	TA	0	0
82584	AGT	0	0
82584	CAC	0	0
82681	C	0	0
82681	T	0	0
82727	G	0	0
82727	T	0	0
82747	AA	0	0
82747	GG	0	0
82759	CCAC	0	0
82759	GAGG	0	0
82771	A	0	0
82771	G	0	0
82772	A	0	0
82772	G	0	0
82774	G	0	0
82774	T	0	0
82777	A	0	0
82777	G	0	0
82780	C	0	0
82780	T	0	0
82799	AGTA	0	0
82799	GTAT	0	0
82837	AT	0	0
82837	GC	0	0
82847	AG	0	0
82847	GA	0	0
82904	G	0	0
82904	T	0	0
82978	C	0	0
82978	G	0	0
83100	G	0	0
83100	T	0	0
83178	C	0	0
83178	T	0	0
83282	G	0	0
83282	T	0	0
83536	G	0	0
83536	T	0	0
83554	A	0	0
83554	T	0	0
83656	AAT	0	0
83656	GCC	0	0
83732	A	0	0
83732	C	0	0
83775	A	0	0
83775	C	0	0
83844	CAC	0	0
83844	TGG	0	0
83874	A	0	0
83874	C	0	0
83881	A	0	0
83881	G	0	0
83950	CC	0	0
83950	CG	0	0
83950	TG	0	0
83954	C	0	0
83954	T	0	0
83964	A	0	0
83964	G	0	0
83981	CCC	0	0
83981	CTC	0	0
83981	TCT	0	0
84013	ACA	0	0
84013	GGG	0	0
84037	C	0	0
84037	T	0	0
84051	A	0	0
84051	G	0	0
84084	A	0	0
84084	G	0	0
84087	A	0	0
84087	C	0	0
84285	A	0	0
84285	C	0	0
84326	A	0	0
84326	G	0	0
84409	CG	0	0
84409	GC	0	0
84422	CG	0	0
84422	TC	0	0
84533	GTTT	0	0
84533	TCAC	0	0
84595	C	0	0
84595	T	0	0
84652	C	0	0
84652	G	0	0
84669	CGTA	0	0
84669	TTCT	0	0
84821	AG	0	0
84821	GA	0	0
84880	A	0	0
84880	G	0	0
84895	CA	0	0
84895	TA	0	0
84895	TG	0	0
84919	CT	0	0
84919	TC	0	0
84919	TT	0	0
85063	A	0	0
85063	G	0	0
85069	AC	0	0
85069	CT	0	0
85072	AGTT	0	0
85072	GACC	0	0
85092	C	0	0
85092	T	0	0
85107	A	0	0
85107	G	0	0
85136	A	0	0
85136	G	0	0
85143	A	0	0
85143	C	0	0
85176	ACT	0	0
85176	TAC	0	0
85266	A	0	0
85266	G	0	0
85304	A	0	0
85304	G	0	0
85373	CA	0	0
85373	GT	0	0
85377	A	0	0
85377	G	0	0
85382	CT	0	0
85382	GC	0	0
85414	GA	0	0
85414	TT	0	0
85420	C	0	0
85420	T	0	0
85424	C	0	0
85424	T	0	0
85439	A	0	0
85439	G	0	0
85528	AGA	0	0
85528	GGA	0	0
85528	GTC	0	0
85607	A	0	0
85607	G	0	0
85647	G	0	0
85647	T	0	0
85650	AGCGCG	0	0
85650	GATCGT	0	0
85650	GGCCCT	0	0
85711	A	0	0
85711	T	0	0
85727	AG	0	0
85727	CA	0	0
85756	C	0	0
85756	G	0	0
85840	G	0	0
85840	T	0	0
85895	AA	0	0
85895	GG	0	0
85943	C	0	0
85943	G	0	0
85947	C	0	0
85947	T	0	0
86097	AGT	0	0
86097	ATT	0	0
86097	TTC	0	0
86137	CCG	0	0
86137	GTA	0	0
86182	AT	0	0
86182	GC	0	0
86225	CG	0	0
86225	TC	0	0
86236	A	0	0
86236	G	0	0
86236	N	0	0
86281	G	0	0
86281	T	0	0
86362	AT	0	0
86362	GC	0	0
86375	CA	0	0
86375	GG	0	0
86410	A	0	0
86410	G	0	0
86421	CCCC	0	0
86421	TTGT	0	0
86453	CGG	0	0
86453	TAC	0	0
86470	A	0	0
86470	G	0	0
86566	C	0	0
86566	T	0	0
86583	CT	0	0
86583	TA	0	0
86592	CGGC	0	0
86592	GAGA	0	0
86592	GATA	0	0
86632	A	0	0
86632	G	0	0
86666	AT	0	0
86666	GC	0	0
86685	C	0	0
86685	G	0	0
86690	C	0	0
86690	T	0	0
86704	AC	0	0
86704	GT	0	0
86705	A	0	0
86705	C	0	0
86733	CTTG	0	0
86733	TCCC	0	0
86742	A	0	0
86742	T	0	0
86746	A	0	0
86746	G	0	0
86786	A	0	0
86786	G	0	0
86874	C	0	0
86874	T	0	0
86878	AT	0	0
86878	GC	0	0
86887	ATT	0	0
86887	GAC	0	0
86900	A	0	0
86900	G	0	0
86923	C	0	0
86923	T	0	0
86926	C	0	0
86926	T	0	0
86945	G	0	0
86945	T	0	0
86987	A	0	0
86987	G	0	0
87040	C	0	0
87040	G	0	0
87073	CC	0	0
87073	TT	0	0
87109	AC	0	0
87109	GT	0	0
87131	A	0	0
87131	G	0	0
87199	C	0	0
87199	G	0	0
87238	G	0	0
87238	T	0	0
87241	AC	0	0
87241	GT	0	0
87252	C	0	0
87252	T	0	0
87288	C	0	0
87288	T	0	0
87324	CG	0	0
87324	TA	0	0
87324	TG	0	0
87365	CTCC	0	0
87365	GCTG	0	0
87379	CAAG	0	0
87379	TTGA	0	0
87381	AA	0	0
87381	GC	0	0
87487	G	0	0
87487	T	0	0
87495	CG	0	0
87495	GA	0	0
87553	AC	0	0
87553	TT	0	0
87694	A	0	0
87694	C	0	0
87740	C	0	0
87740	T	0	0
87754	G	0	0
87754	T	0	0
87859	A	0	0
87859	G	0	0
87863	C	0	0
87863	G	0	0
87875	G	0	0
87875	T	0	0
87934	A	0	0
87934	C	0	0
87993	G	0	0
87993	T	0	0
88096	C	0	0
88096	T	0	0
88132	CCTG	0	0
88132	TGCC	0	0
88135	CTCC	0	0
88135	TCGG	0	0
88154	CT	0	0
88154	TC	0	0
88166	CACG	0	0
88166	GGGA	0	0
88171	ATTAG	0	0
88171	TCCGG	0	0
88171	TTTAA	0	0
88192	C	0	0
88192	T	0	0
88249	C	0	0
88249	T	0	0
88320	C	0	0
88320	T	0	0
88354	C	0	0
88354	T	0	0
88355	CGC	0	0
88355	GAT	0	0
88358	AC	0	0
88358	GG	0	0
88435	G	0	0
88435	T	0	0
88436	CGT	0	0
88436	GAC	0	0
88479	C	0	0
88479	T	0	0
88495	C	0	0
88495	T	0	0
88519	CG	0	0
88519	TC	0	0
88539	AG	0	0
88539	GA	0	0
88544	C	0	0
88544	G	0	0
88614	G	0	0
88614	T	0	0
88730	C	0	0
88730	T	0	0
88748	A	0	0
88748	G	0	0
88767	AC	0	0
88767	GA	0	0
88768	A	0	0
88768	C	0	0
88797	C	0	0
88797	T	0	0
88830	CG	0	0
88830	GA	0	0
88863	C	0	0
88863	T	0	0
88884	A	0	0
88884	G	0	0
88924	A	0	0
88924	G	0	0
88926	C	0	0
88926	T	0	0
89087	A	0	0
89087	C	0	0
89106	AA	0	0
89106	CC	0	0
89164	G	0	0
89164	T	0	0
89172	A	0	0
89172	G	0	0
89211	A	0	0
89211	G	0	0
89244	C	0	0
89244	T	0	0
89299	CG	0	0
89299	TA	0	0
89741	G	0	0
89741	T	0	0
89771	CGT	0	0
89771	TCG	0	0
89782	C	0	0
89782	G	0	0
89785	CCA	0	0
89785	TTT	0	0
89793	C	0	0
89793	G	0	0
89811	G	0	0
89811	T	0	0
89826	G	0	0
89826	T	0	0
89962	G	0	0
89962	T	0	0
90056	CT	0	0
90056	TC	0	0
90059	A	0	0
90059	G	0	0
90091	C	0	0
90091	T	0	0
90179	C	0	0
90179	T	0	0
90251	AA	0	0
90251	GC	0	0
90348	A	0	0
90348	G	0	0
90399	G	0	0
90399	T	0	0
90411	C	0	0
90411	T	0	0
90538	C	0	0
90538	G	0	0
90581	C	0	0
90581	G	0	0
90625	ACT	0	0
90625	GAC	0	0
90666	GG	0	0
90666	TA	0	0
90720	C	0	0
90720	T	0	0
90734	A	0	0
90734	G	0	0
90781	C	0	0
90781	T	0	0
90788	A	0	0
90788	G	0	0
90829	A	0	0
90829	C	0	0
91037	A	0	0
91037	G	0	0
91046	G	0	0
91046	T	0	0
91083	A	0	0
91083	G	0	0
91120	A	0	0
91120	G	0	0
91273	A	0	0
91273	C	0	0
91406	A	0	0
91406	C	0	0
91758	C	0	0
91758	T	0	0
91849	C	0	0
91849	T	0	0
91955	C	0	0
91955	T	0	0
92415	AG	0	0
92415	GA	0	0
92620	A	0	0
92620	G	0	0
92668	A	0	0
92668	G	0	0
92803	C	0	0
92803	T	0	0
92811	AA	0	0
92811	GC	0	0
92855	G	0	0
92855	T	0	0
92969	C	0	0
92969	T	0	0
92990	C	0	0
92990	T	0	0
93070	G	0	0
93070	T	0	0
93074	C	0	0
93074	T	0	0
93122	CC	0	0
93122	TT	0	0
93150	G	0	0
93150	T	0	0
93190	A	0	0
93190	T	0	0
93253	C	0	0
93253	T	0	0
93354	A	0	0
93354	G	0	0
93356	C	0	0
93356	G	0	0
93452	AT	0	0
93452	GC	0	0
93453	G	0	0
93453	T	0	0
93456	GG	0	0
93456	TT	0	0
93471	A	0	0
93471	G	0	0
93479	C	0	0
93479	G	0	0
93486	G	0	0
93486	T	0	0
93544	G	0	0
93544	T	0	0
93546	C	0	0
93546	T	0	0
93572	A	0	0
93572	G	0	0
93573	CA	0	0
93573	TT	0	0
93574	AAT	0	0
93574	GTA	0	0
93574	GTT	0	0
93647	C	0	0
93647	G	0	0
93774	AC	0	0
93774	TT	0	0
93817	C	0	0
93817	G	0	0
93826	CC	0	0
93826	GC	0	0
93826	GT	0	0
93862	A	0	0
93862	C	0	0
93883	A	0	0
93883	G	0	0
94210	A	0	0
94210	G	0	0
94241	G	0	0
94241	T	0	0
94403	GCC	0	0
94403	GTG	0	0
94403	TCC	0	0
94411	G	0	0
94411	T	0	0
94502	AA	0	0
94502	GG	0	0
94708	AG	0	0
94708	TT	0	0
94730	G	0	0
94730	T	0	0
94739	A	0	0
94739	T	0	0
94780	G	0	0
94780	T	0	0
94901	AA	0	0
94901	AT	0	0
94901	TA	0	0
94928	CT	0	0
94928	TA	0	0
94954	CC	0	0
94954	GG	0	0
95023	CCA	0	0
95023	TTC	0	0
95039	G	0	0
95039	T	0	0
# cstacks completed on 2026-03-06 12:14:48
