denovo_map.pl version _VERSION_ started at 2026-03-06 11:46:54
/home/hemstrow/miniforge3/bin/denovo_map.pl --samples ./samples --popmap popmap.txt -o ./stacks -n 4 -M 2 -r 0.5 -T 4 -X ustacks: -m 4 -X populations: --vcf -X gstacks: --write-alignments

ustacks
==========

Sample 1 of 181 'CGTACG_GGAAACATCGTGCAGG'
----------
ustacks --in-type fastq --file ./samples/CGTACG_GGAAACATCGTGCAGG.1.fq --out-path ./stacks --name CGTACG_GGAAACATCGTGCAGG -M 2 --threads 4  -m 4
ustacks parameters selected:
  Input file: './samples/CGTACG_GGAAACATCGTGCAGG.1.fq'
  Min depth of coverage to create a stack (m): 4
  Repeat removal algorithm: enabled
  Max distance allowed between stacks (M): 2
  Max distance allowed to align secondary reads: 4
  Max number of stacks allowed per de novo locus: 3
  Deleveraging algorithm: disabled
  Gapped assembly: enabled
  Minimum alignment length: 0.8
  Model type: SNP
  Alpha significance level for model: 0.05

Loading RAD-Tags...
Warning: Input reads contained 2 uncalled nucleotides.

Loaded 20000 reads; formed:
  1366 stacks representing 16465 primary reads (82.3%)
  2606 secondary stacks representing 3535 secondary reads (17.7%)

Stack coverage: mean=12.05; stdev=28.78; max=498; n_reads=16465(82.3%)
Removing repetitive stacks: cov > 99 (mean+3*stdev)...
  Blacklisted 21 stacks.
Coverage after repeat removal: mean=9.19; stdev=6.09; max=77; n_reads=12359(61.8%)

Assembling stacks (max dist. M=2)...
  Assembled 1345 stacks into 1342; blacklisted 0 stacks.
Coverage after assembling stacks: mean=9.32; stdev=6.28; max=77; n_reads=12359(61.8%)

Merging secondary stacks (max dist. N=4 from consensus)...
  Merged 691 out of 3535 secondary reads (19.5%), 37 merged with gapped alignments.
Coverage after merging secondary stacks: mean=9.84; stdev=6.70; max=83; n_reads=13050(65.2%)

Assembling stacks, allowing for gaps (min. match length 80.0%)...
  Assembled 1342 stacks into 1281 stacks.
Coverage after gapped assembly: mean=10.32; stdev=7.20; max=83; n_reads=13050(65.2%)

Merging secondary stacks, allowing for gaps (min. match length 80.0%)...
  Merged 246 out of 2844 secondary reads (8.6%).
Coverage after merging gapped secondary stacks: mean=10.51; stdev=7.37; max=83; n_reads=13296(66.5%)

Final number of stacks built: 1281
Final coverage: mean=10.51; stdev=7.37; max=83; n_reads=13296(66.5%)
Calling consensus sequences and haplotypes for catalog assembly...
Writing tags, SNPs, and alleles files to './stacks/CGTACG_GGAAACATCGTGCAGG'...done.
ustacks is done.

Sample 2 of 181 'CGTACG_GGAACAACCATGCAGG'
----------
ustacks --in-type fastq --file ./samples/CGTACG_GGAACAACCATGCAGG.1.fq --out-path ./stacks --name CGTACG_GGAACAACCATGCAGG -M 2 --threads 4  -m 4
ustacks parameters selected:
  Input file: './samples/CGTACG_GGAACAACCATGCAGG.1.fq'
  Min depth of coverage to create a stack (m): 4
  Repeat removal algorithm: enabled
  Max distance allowed between stacks (M): 2
  Max distance allowed to align secondary reads: 4
  Max number of stacks allowed per de novo locus: 3
  Deleveraging algorithm: disabled
  Gapped assembly: enabled
  Minimum alignment length: 0.8
  Model type: SNP
  Alpha significance level for model: 0.05

Loading RAD-Tags...
Warning: Input reads contained 7 uncalled nucleotides.

Loaded 20000 reads; formed:
  1424 stacks representing 16530 primary reads (82.7%)
  2576 secondary stacks representing 3470 secondary reads (17.3%)

Stack coverage: mean=11.61; stdev=24.43; max=448; n_reads=16530(82.7%)
Removing repetitive stacks: cov > 85 (mean+3*stdev)...
  Blacklisted 20 stacks.
Coverage after repeat removal: mean=9.22; stdev=5.96; max=72; n_reads=12946(64.7%)

Assembling stacks (max dist. M=2)...
  Assembled 1404 stacks into 1410; blacklisted 0 stacks.
Coverage after assembling stacks: mean=9.30; stdev=6.02; max=72; n_reads=12946(64.7%)

Merging secondary stacks (max dist. N=4 from consensus)...
  Merged 776 out of 3470 secondary reads (22.4%), 54 merged with gapped alignments.
Coverage after merging secondary stacks: mean=9.86; stdev=6.35; max=77; n_reads=13722(68.6%)

Assembling stacks, allowing for gaps (min. match length 80.0%)...
  Assembled 1410 stacks into 1366 stacks.
Coverage after gapped assembly: mean=10.18; stdev=6.64; max=77; n_reads=13722(68.6%)

Merging secondary stacks, allowing for gaps (min. match length 80.0%)...
  Merged 121 out of 2694 secondary reads (4.5%).
Coverage after merging gapped secondary stacks: mean=10.27; stdev=6.72; max=77; n_reads=13843(69.2%)

Final number of stacks built: 1366
Final coverage: mean=10.27; stdev=6.72; max=77; n_reads=13843(69.2%)
Calling consensus sequences and haplotypes for catalog assembly...
Writing tags, SNPs, and alleles files to './stacks/CGTACG_GGAACAACCATGCAGG'...done.
ustacks is done.

Sample 3 of 181 'CGTACG_GGAACCGAGATGCAGG'
----------
ustacks --in-type fastq --file ./samples/CGTACG_GGAACCGAGATGCAGG.1.fq --out-path ./stacks --name CGTACG_GGAACCGAGATGCAGG -M 2 --threads 4  -m 4
ustacks parameters selected:
  Input file: './samples/CGTACG_GGAACCGAGATGCAGG.1.fq'
  Min depth of coverage to create a stack (m): 4
  Repeat removal algorithm: enabled
  Max distance allowed between stacks (M): 2
  Max distance allowed to align secondary reads: 4
  Max number of stacks allowed per de novo locus: 3
  Deleveraging algorithm: disabled
  Gapped assembly: enabled
  Minimum alignment length: 0.8
  Model type: SNP
  Alpha significance level for model: 0.05

Loading RAD-Tags...
Warning: Input reads contained 4 uncalled nucleotides.

Loaded 20000 reads; formed:
  1503 stacks representing 13340 primary reads (66.7%)
  4484 secondary stacks representing 6660 secondary reads (33.3%)

Stack coverage: mean=8.88; stdev=17.77; max=279; n_reads=13340(66.7%)
Removing repetitive stacks: cov > 63 (mean+3*stdev)...
  Blacklisted 24 stacks.
Coverage after repeat removal: mean=7.02; stdev=3.65; max=58; n_reads=10378(51.9%)

Assembling stacks (max dist. M=2)...
  Assembled 1479 stacks into 1484; blacklisted 0 stacks.
Coverage after assembling stacks: mean=7.08; stdev=3.76; max=58; n_reads=10378(51.9%)

Merging secondary stacks (max dist. N=4 from consensus)...
  Merged 569 out of 6660 secondary reads (8.5%), 49 merged with gapped alignments.
Coverage after merging secondary stacks: mean=7.47; stdev=4.06; max=64; n_reads=10947(54.7%)

Assembling stacks, allowing for gaps (min. match length 80.0%)...
  Assembled 1484 stacks into 1438 stacks.
Coverage after gapped assembly: mean=7.71; stdev=4.41; max=64; n_reads=10947(54.7%)

Merging secondary stacks, allowing for gaps (min. match length 80.0%)...
  Merged 421 out of 6091 secondary reads (6.9%).
Coverage after merging gapped secondary stacks: mean=8.01; stdev=4.79; max=64; n_reads=11368(56.8%)

Final number of stacks built: 1438
Final coverage: mean=8.01; stdev=4.79; max=64; n_reads=11368(56.8%)
Calling consensus sequences and haplotypes for catalog assembly...
Writing tags, SNPs, and alleles files to './stacks/CGTACG_GGAACCGAGATGCAGG'...done.
ustacks is done.

Sample 4 of 181 'CGTACG_GGAACGCTTATGCAGG'
----------
ustacks --in-type fastq --file ./samples/CGTACG_GGAACGCTTATGCAGG.1.fq --out-path ./stacks --name CGTACG_GGAACGCTTATGCAGG -M 2 --threads 4  -m 4
ustacks parameters selected:
  Input file: './samples/CGTACG_GGAACGCTTATGCAGG.1.fq'
  Min depth of coverage to create a stack (m): 4
  Repeat removal algorithm: enabled
  Max distance allowed between stacks (M): 2
  Max distance allowed to align secondary reads: 4
  Max number of stacks allowed per de novo locus: 3
  Deleveraging algorithm: disabled
  Gapped assembly: enabled
  Minimum alignment length: 0.8
  Model type: SNP
  Alpha significance level for model: 0.05

Loading RAD-Tags...
Warning: Input reads contained 3 uncalled nucleotides.

Loaded 20000 reads; formed:
  1494 stacks representing 15375 primary reads (76.9%)
  3173 secondary stacks representing 4625 secondary reads (23.1%)

Stack coverage: mean=10.29; stdev=24.05; max=403; n_reads=15375(76.9%)
Removing repetitive stacks: cov > 83 (mean+3*stdev)...
  Blacklisted 20 stacks.
Coverage after repeat removal: mean=7.95; stdev=5.18; max=81; n_reads=11721(58.6%)

Assembling stacks (max dist. M=2)...
  Assembled 1474 stacks into 1473; blacklisted 0 stacks.
Coverage after assembling stacks: mean=8.05; stdev=5.34; max=81; n_reads=11721(58.6%)

Merging secondary stacks (max dist. N=4 from consensus)...
  Merged 646 out of 4625 secondary reads (14.0%), 40 merged with gapped alignments.
Coverage after merging secondary stacks: mean=8.49; stdev=5.75; max=92; n_reads=12367(61.8%)

Assembling stacks, allowing for gaps (min. match length 80.0%)...
  Assembled 1473 stacks into 1412 stacks.
Coverage after gapped assembly: mean=8.87; stdev=6.10; max=92; n_reads=12367(61.8%)

Merging secondary stacks, allowing for gaps (min. match length 80.0%)...
  Merged 397 out of 3979 secondary reads (10.0%).
Coverage after merging gapped secondary stacks: mean=9.15; stdev=6.30; max=92; n_reads=12764(63.8%)

Final number of stacks built: 1412
Final coverage: mean=9.15; stdev=6.30; max=92; n_reads=12764(63.8%)
Calling consensus sequences and haplotypes for catalog assembly...
Writing tags, SNPs, and alleles files to './stacks/CGTACG_GGAACGCTTATGCAGG'...done.
ustacks is done.

Sample 5 of 181 'CGTACG_GGAAGACGGATGCAGG'
----------
ustacks --in-type fastq --file ./samples/CGTACG_GGAAGACGGATGCAGG.1.fq --out-path ./stacks --name CGTACG_GGAAGACGGATGCAGG -M 2 --threads 4  -m 4
ustacks parameters selected:
  Input file: './samples/CGTACG_GGAAGACGGATGCAGG.1.fq'
  Min depth of coverage to create a stack (m): 4
  Repeat removal algorithm: enabled
  Max distance allowed between stacks (M): 2
  Max distance allowed to align secondary reads: 4
  Max number of stacks allowed per de novo locus: 3
  Deleveraging algorithm: disabled
  Gapped assembly: enabled
  Minimum alignment length: 0.8
  Model type: SNP
  Alpha significance level for model: 0.05

Loading RAD-Tags...
Warning: Input reads contained 1 uncalled nucleotides.

Loaded 20000 reads; formed:
  1592 stacks representing 14763 primary reads (73.8%)
  3587 secondary stacks representing 5237 secondary reads (26.2%)

Stack coverage: mean=9.27; stdev=19.52; max=331; n_reads=14763(73.8%)
Removing repetitive stacks: cov > 68 (mean+3*stdev)...
  Blacklisted 20 stacks.
Coverage after repeat removal: mean=7.41; stdev=4.38; max=65; n_reads=11643(58.2%)

Assembling stacks (max dist. M=2)...
  Assembled 1572 stacks into 1568; blacklisted 0 stacks.
Coverage after assembling stacks: mean=7.51; stdev=4.48; max=65; n_reads=11643(58.2%)

Merging secondary stacks (max dist. N=4 from consensus)...
  Merged 709 out of 5237 secondary reads (13.5%), 68 merged with gapped alignments.
Coverage after merging secondary stacks: mean=7.97; stdev=4.72; max=69; n_reads=12352(61.8%)

Assembling stacks, allowing for gaps (min. match length 80.0%)...
  Assembled 1568 stacks into 1516 stacks.
Coverage after gapped assembly: mean=8.25; stdev=4.99; max=69; n_reads=12352(61.8%)

Merging secondary stacks, allowing for gaps (min. match length 80.0%)...
  Merged 432 out of 4528 secondary reads (9.5%).
Coverage after merging gapped secondary stacks: mean=8.53; stdev=5.28; max=69; n_reads=12784(63.9%)

Final number of stacks built: 1516
Final coverage: mean=8.53; stdev=5.28; max=69; n_reads=12784(63.9%)
Calling consensus sequences and haplotypes for catalog assembly...
Writing tags, SNPs, and alleles files to './stacks/CGTACG_GGAAGACGGATGCAGG'...done.
ustacks is done.

Sample 6 of 181 'CGTACG_GGAAGGTACATGCAGG'
----------
ustacks --in-type fastq --file ./samples/CGTACG_GGAAGGTACATGCAGG.1.fq --out-path ./stacks --name CGTACG_GGAAGGTACATGCAGG -M 2 --threads 4  -m 4
ustacks parameters selected:
  Input file: './samples/CGTACG_GGAAGGTACATGCAGG.1.fq'
  Min depth of coverage to create a stack (m): 4
  Repeat removal algorithm: enabled
  Max distance allowed between stacks (M): 2
  Max distance allowed to align secondary reads: 4
  Max number of stacks allowed per de novo locus: 3
  Deleveraging algorithm: disabled
  Gapped assembly: enabled
  Minimum alignment length: 0.8
  Model type: SNP
  Alpha significance level for model: 0.05

Loading RAD-Tags...
Warning: Input reads contained 6 uncalled nucleotides.

Loaded 20000 reads; formed:
  1371 stacks representing 16461 primary reads (82.3%)
  2621 secondary stacks representing 3539 secondary reads (17.7%)

Stack coverage: mean=12.01; stdev=24.41; max=360; n_reads=16461(82.3%)
Removing repetitive stacks: cov > 86 (mean+3*stdev)...
  Blacklisted 22 stacks.
Coverage after repeat removal: mean=9.50; stdev=5.92; max=66; n_reads=12812(64.1%)

Assembling stacks (max dist. M=2)...
  Assembled 1349 stacks into 1353; blacklisted 0 stacks.
Coverage after assembling stacks: mean=9.59; stdev=6.03; max=66; n_reads=12812(64.1%)

Merging secondary stacks (max dist. N=4 from consensus)...
  Merged 750 out of 3539 secondary reads (21.2%), 40 merged with gapped alignments.
Coverage after merging secondary stacks: mean=10.15; stdev=6.45; max=70; n_reads=13562(67.8%)

Assembling stacks, allowing for gaps (min. match length 80.0%)...
  Assembled 1353 stacks into 1308 stacks.
Coverage after gapped assembly: mean=10.51; stdev=6.78; max=70; n_reads=13562(67.8%)

Merging secondary stacks, allowing for gaps (min. match length 80.0%)...
  Merged 164 out of 2789 secondary reads (5.9%).
Coverage after merging gapped secondary stacks: mean=10.63; stdev=6.84; max=70; n_reads=13726(68.6%)

Final number of stacks built: 1308
Final coverage: mean=10.63; stdev=6.84; max=70; n_reads=13726(68.6%)
Calling consensus sequences and haplotypes for catalog assembly...
Writing tags, SNPs, and alleles files to './stacks/CGTACG_GGAAGGTACATGCAGG'...done.
ustacks is done.

Sample 7 of 181 'CGTACG_GGAATGTTGCTGCAGG'
----------
ustacks --in-type fastq --file ./samples/CGTACG_GGAATGTTGCTGCAGG.1.fq --out-path ./stacks --name CGTACG_GGAATGTTGCTGCAGG -M 2 --threads 4  -m 4
ustacks parameters selected:
  Input file: './samples/CGTACG_GGAATGTTGCTGCAGG.1.fq'
  Min depth of coverage to create a stack (m): 4
  Repeat removal algorithm: enabled
  Max distance allowed between stacks (M): 2
  Max distance allowed to align secondary reads: 4
  Max number of stacks allowed per de novo locus: 3
  Deleveraging algorithm: disabled
  Gapped assembly: enabled
  Minimum alignment length: 0.8
  Model type: SNP
  Alpha significance level for model: 0.05

Loading RAD-Tags...
Warning: Input reads contained 5 uncalled nucleotides.

Loaded 20000 reads; formed:
  1450 stacks representing 16776 primary reads (83.9%)
  2557 secondary stacks representing 3224 secondary reads (16.1%)

Stack coverage: mean=11.57; stdev=12.55; max=290; n_reads=16776(83.9%)
Removing repetitive stacks: cov > 50 (mean+3*stdev)...
  Blacklisted 16 stacks.
Coverage after repeat removal: mean=10.70; stdev=6.34; max=45; n_reads=15341(76.7%)

Assembling stacks (max dist. M=2)...
  Assembled 1434 stacks into 1421; blacklisted 0 stacks.
Coverage after assembling stacks: mean=10.90; stdev=6.41; max=45; n_reads=15341(76.7%)

Merging secondary stacks (max dist. N=4 from consensus)...
  Merged 1077 out of 3224 secondary reads (33.4%), 67 merged with gapped alignments.
Coverage after merging secondary stacks: mean=11.66; stdev=6.87; max=50; n_reads=16418(82.1%)

Assembling stacks, allowing for gaps (min. match length 80.0%)...
  Assembled 1421 stacks into 1388 stacks.
Coverage after gapped assembly: mean=11.94; stdev=7.14; max=50; n_reads=16418(82.1%)

Merging secondary stacks, allowing for gaps (min. match length 80.0%)...
  Merged 67 out of 2147 secondary reads (3.1%).
Coverage after merging gapped secondary stacks: mean=11.99; stdev=7.15; max=50; n_reads=16485(82.4%)

Final number of stacks built: 1388
Final coverage: mean=11.99; stdev=7.15; max=50; n_reads=16485(82.4%)
Calling consensus sequences and haplotypes for catalog assembly...
Writing tags, SNPs, and alleles files to './stacks/CGTACG_GGAATGTTGCTGCAGG'...done.
ustacks is done.

Sample 8 of 181 'CGTACG_GGACAAGCTATGCAGG'
----------
ustacks --in-type fastq --file ./samples/CGTACG_GGACAAGCTATGCAGG.1.fq --out-path ./stacks --name CGTACG_GGACAAGCTATGCAGG -M 2 --threads 4  -m 4
ustacks parameters selected:
  Input file: './samples/CGTACG_GGACAAGCTATGCAGG.1.fq'
  Min depth of coverage to create a stack (m): 4
  Repeat removal algorithm: enabled
  Max distance allowed between stacks (M): 2
  Max distance allowed to align secondary reads: 4
  Max number of stacks allowed per de novo locus: 3
  Deleveraging algorithm: disabled
  Gapped assembly: enabled
  Minimum alignment length: 0.8
  Model type: SNP
  Alpha significance level for model: 0.05

Loading RAD-Tags...
Warning: Input reads contained 6 uncalled nucleotides.

Loaded 20000 reads; formed:
  1755 stacks representing 14880 primary reads (74.4%)
  3449 secondary stacks representing 5120 secondary reads (25.6%)

Stack coverage: mean=8.48; stdev=10.68; max=182; n_reads=14880(74.4%)
Removing repetitive stacks: cov > 41 (mean+3*stdev)...
  Blacklisted 16 stacks.
Coverage after repeat removal: mean=7.67; stdev=4.45; max=41; n_reads=13340(66.7%)

Assembling stacks (max dist. M=2)...
  Assembled 1739 stacks into 1727; blacklisted 0 stacks.
Coverage after assembling stacks: mean=7.79; stdev=4.59; max=45; n_reads=13340(66.7%)

Merging secondary stacks (max dist. N=4 from consensus)...
  Merged 831 out of 5120 secondary reads (16.2%), 62 merged with gapped alignments.
Coverage after merging secondary stacks: mean=8.27; stdev=4.88; max=50; n_reads=14171(70.9%)

Assembling stacks, allowing for gaps (min. match length 80.0%)...
  Assembled 1727 stacks into 1703 stacks.
Coverage after gapped assembly: mean=8.39; stdev=4.99; max=50; n_reads=14171(70.9%)

Merging secondary stacks, allowing for gaps (min. match length 80.0%)...
  Merged 156 out of 4289 secondary reads (3.6%).
Coverage after merging gapped secondary stacks: mean=8.48; stdev=5.05; max=50; n_reads=14327(71.6%)

Final number of stacks built: 1703
Final coverage: mean=8.48; stdev=5.05; max=50; n_reads=14327(71.6%)
Calling consensus sequences and haplotypes for catalog assembly...
Writing tags, SNPs, and alleles files to './stacks/CGTACG_GGACAAGCTATGCAGG'...done.
ustacks is done.

Sample 9 of 181 'CGTACG_GGACACAGAATGCAGG'
----------
ustacks --in-type fastq --file ./samples/CGTACG_GGACACAGAATGCAGG.1.fq --out-path ./stacks --name CGTACG_GGACACAGAATGCAGG -M 2 --threads 4  -m 4
ustacks parameters selected:
  Input file: './samples/CGTACG_GGACACAGAATGCAGG.1.fq'
  Min depth of coverage to create a stack (m): 4
  Repeat removal algorithm: enabled
  Max distance allowed between stacks (M): 2
  Max distance allowed to align secondary reads: 4
  Max number of stacks allowed per de novo locus: 3
  Deleveraging algorithm: disabled
  Gapped assembly: enabled
  Minimum alignment length: 0.8
  Model type: SNP
  Alpha significance level for model: 0.05

Loading RAD-Tags...
Warning: Input reads contained 4 uncalled nucleotides.

Loaded 20000 reads; formed:
  1539 stacks representing 14876 primary reads (74.4%)
  3483 secondary stacks representing 5124 secondary reads (25.6%)

Stack coverage: mean=9.67; stdev=20.69; max=346; n_reads=14876(74.4%)
Removing repetitive stacks: cov > 72 (mean+3*stdev)...
  Blacklisted 24 stacks.
Coverage after repeat removal: mean=7.70; stdev=4.42; max=56; n_reads=11667(58.3%)

Assembling stacks (max dist. M=2)...
  Assembled 1515 stacks into 1510; blacklisted 0 stacks.
Coverage after assembling stacks: mean=7.82; stdev=4.61; max=56; n_reads=11667(58.3%)

Merging secondary stacks (max dist. N=4 from consensus)...
  Merged 617 out of 5124 secondary reads (12.0%), 43 merged with gapped alignments.
Coverage after merging secondary stacks: mean=8.23; stdev=4.83; max=57; n_reads=12284(61.4%)

Assembling stacks, allowing for gaps (min. match length 80.0%)...
  Assembled 1510 stacks into 1449 stacks.
Coverage after gapped assembly: mean=8.58; stdev=5.13; max=57; n_reads=12284(61.4%)

Merging secondary stacks, allowing for gaps (min. match length 80.0%)...
  Merged 395 out of 4507 secondary reads (8.8%).
Coverage after merging gapped secondary stacks: mean=8.86; stdev=5.37; max=57; n_reads=12679(63.4%)

Final number of stacks built: 1449
Final coverage: mean=8.86; stdev=5.37; max=57; n_reads=12679(63.4%)
Calling consensus sequences and haplotypes for catalog assembly...
Writing tags, SNPs, and alleles files to './stacks/CGTACG_GGACACAGAATGCAGG'...done.
ustacks is done.

Sample 10 of 181 'CGTACG_GGACACGAGATGCAGG'
----------
ustacks --in-type fastq --file ./samples/CGTACG_GGACACGAGATGCAGG.1.fq --out-path ./stacks --name CGTACG_GGACACGAGATGCAGG -M 2 --threads 4  -m 4
ustacks parameters selected:
  Input file: './samples/CGTACG_GGACACGAGATGCAGG.1.fq'
  Min depth of coverage to create a stack (m): 4
  Repeat removal algorithm: enabled
  Max distance allowed between stacks (M): 2
  Max distance allowed to align secondary reads: 4
  Max number of stacks allowed per de novo locus: 3
  Deleveraging algorithm: disabled
  Gapped assembly: enabled
  Minimum alignment length: 0.8
  Model type: SNP
  Alpha significance level for model: 0.05

Loading RAD-Tags...
Warning: Input reads contained 6 uncalled nucleotides.

Loaded 20000 reads; formed:
  1650 stacks representing 13460 primary reads (67.3%)
  4408 secondary stacks representing 6540 secondary reads (32.7%)

Stack coverage: mean=8.16; stdev=14.80; max=262; n_reads=13460(67.3%)
Removing repetitive stacks: cov > 53 (mean+3*stdev)...
  Blacklisted 19 stacks.
Coverage after repeat removal: mean=6.90; stdev=3.92; max=52; n_reads=11257(56.3%)

Assembling stacks (max dist. M=2)...
  Assembled 1631 stacks into 1631; blacklisted 0 stacks.
Coverage after assembling stacks: mean=6.97; stdev=4.00; max=52; n_reads=11257(56.3%)

Merging secondary stacks (max dist. N=4 from consensus)...
  Merged 626 out of 6540 secondary reads (9.6%), 41 merged with gapped alignments.
Coverage after merging secondary stacks: mean=7.35; stdev=4.28; max=58; n_reads=11883(59.4%)

Assembling stacks, allowing for gaps (min. match length 80.0%)...
  Assembled 1631 stacks into 1600 stacks.
Coverage after gapped assembly: mean=7.50; stdev=4.38; max=58; n_reads=11883(59.4%)

Merging secondary stacks, allowing for gaps (min. match length 80.0%)...
  Merged 244 out of 5914 secondary reads (4.1%).
Coverage after merging gapped secondary stacks: mean=7.65; stdev=4.52; max=58; n_reads=12127(60.6%)

Final number of stacks built: 1600
Final coverage: mean=7.65; stdev=4.52; max=58; n_reads=12127(60.6%)
Calling consensus sequences and haplotypes for catalog assembly...
Writing tags, SNPs, and alleles files to './stacks/CGTACG_GGACACGAGATGCAGG'...done.
ustacks is done.

Sample 11 of 181 'CGTACG_GGACAGATTCTGCAGG'
----------
ustacks --in-type fastq --file ./samples/CGTACG_GGACAGATTCTGCAGG.1.fq --out-path ./stacks --name CGTACG_GGACAGATTCTGCAGG -M 2 --threads 4  -m 4
ustacks parameters selected:
  Input file: './samples/CGTACG_GGACAGATTCTGCAGG.1.fq'
  Min depth of coverage to create a stack (m): 4
  Repeat removal algorithm: enabled
  Max distance allowed between stacks (M): 2
  Max distance allowed to align secondary reads: 4
  Max number of stacks allowed per de novo locus: 3
  Deleveraging algorithm: disabled
  Gapped assembly: enabled
  Minimum alignment length: 0.8
  Model type: SNP
  Alpha significance level for model: 0.05

Loading RAD-Tags...
Warning: Input reads contained 2 uncalled nucleotides.

Loaded 20000 reads; formed:
  1778 stacks representing 14819 primary reads (74.1%)
  3490 secondary stacks representing 5181 secondary reads (25.9%)

Stack coverage: mean=8.33; stdev=11.49; max=252; n_reads=14819(74.1%)
Removing repetitive stacks: cov > 43 (mean+3*stdev)...
  Blacklisted 19 stacks.
Coverage after repeat removal: mean=7.48; stdev=4.14; max=43; n_reads=13161(65.8%)

Assembling stacks (max dist. M=2)...
  Assembled 1759 stacks into 1768; blacklisted 0 stacks.
Coverage after assembling stacks: mean=7.51; stdev=4.16; max=43; n_reads=13161(65.8%)

Merging secondary stacks (max dist. N=4 from consensus)...
  Merged 723 out of 5181 secondary reads (14.0%), 58 merged with gapped alignments.
Coverage after merging secondary stacks: mean=7.92; stdev=4.45; max=45; n_reads=13884(69.4%)

Assembling stacks, allowing for gaps (min. match length 80.0%)...
  Assembled 1768 stacks into 1744 stacks.
Coverage after gapped assembly: mean=8.03; stdev=4.56; max=45; n_reads=13884(69.4%)

Merging secondary stacks, allowing for gaps (min. match length 80.0%)...
  Merged 160 out of 4458 secondary reads (3.6%).
Coverage after merging gapped secondary stacks: mean=8.13; stdev=4.61; max=45; n_reads=14044(70.2%)

Final number of stacks built: 1744
Final coverage: mean=8.13; stdev=4.61; max=45; n_reads=14044(70.2%)
Calling consensus sequences and haplotypes for catalog assembly...
Writing tags, SNPs, and alleles files to './stacks/CGTACG_GGACAGATTCTGCAGG'...done.
ustacks is done.

Sample 12 of 181 'CGTACG_GGACAGCAGATGCAGG'
----------
ustacks --in-type fastq --file ./samples/CGTACG_GGACAGCAGATGCAGG.1.fq --out-path ./stacks --name CGTACG_GGACAGCAGATGCAGG -M 2 --threads 4  -m 4
ustacks parameters selected:
  Input file: './samples/CGTACG_GGACAGCAGATGCAGG.1.fq'
  Min depth of coverage to create a stack (m): 4
  Repeat removal algorithm: enabled
  Max distance allowed between stacks (M): 2
  Max distance allowed to align secondary reads: 4
  Max number of stacks allowed per de novo locus: 3
  Deleveraging algorithm: disabled
  Gapped assembly: enabled
  Minimum alignment length: 0.8
  Model type: SNP
  Alpha significance level for model: 0.05

Loading RAD-Tags...
Warning: Input reads contained 5 uncalled nucleotides.

Loaded 20000 reads; formed:
  1471 stacks representing 15601 primary reads (78.0%)
  3050 secondary stacks representing 4399 secondary reads (22.0%)

Stack coverage: mean=10.61; stdev=27.19; max=476; n_reads=15601(78.0%)
Removing repetitive stacks: cov > 93 (mean+3*stdev)...
  Blacklisted 22 stacks.
Coverage after repeat removal: mean=8.03; stdev=5.33; max=81; n_reads=11633(58.2%)

Assembling stacks (max dist. M=2)...
  Assembled 1449 stacks into 1448; blacklisted 0 stacks.
Coverage after assembling stacks: mean=8.13; stdev=5.49; max=81; n_reads=11633(58.2%)

Merging secondary stacks (max dist. N=4 from consensus)...
  Merged 664 out of 4399 secondary reads (15.1%), 21 merged with gapped alignments.
Coverage after merging secondary stacks: mean=8.59; stdev=5.82; max=85; n_reads=12297(61.5%)

Assembling stacks, allowing for gaps (min. match length 80.0%)...
  Assembled 1448 stacks into 1384 stacks.
Coverage after gapped assembly: mean=9.00; stdev=6.18; max=85; n_reads=12297(61.5%)

Merging secondary stacks, allowing for gaps (min. match length 80.0%)...
  Merged 436 out of 3735 secondary reads (11.7%).
Coverage after merging gapped secondary stacks: mean=9.31; stdev=6.43; max=85; n_reads=12733(63.7%)

Final number of stacks built: 1384
Final coverage: mean=9.31; stdev=6.43; max=85; n_reads=12733(63.7%)
Calling consensus sequences and haplotypes for catalog assembly...
Writing tags, SNPs, and alleles files to './stacks/CGTACG_GGACAGCAGATGCAGG'...done.
ustacks is done.

Sample 13 of 181 'CGTACG_GGACATTGGCTGCAGG'
----------
ustacks --in-type fastq --file ./samples/CGTACG_GGACATTGGCTGCAGG.1.fq --out-path ./stacks --name CGTACG_GGACATTGGCTGCAGG -M 2 --threads 4  -m 4
ustacks parameters selected:
  Input file: './samples/CGTACG_GGACATTGGCTGCAGG.1.fq'
  Min depth of coverage to create a stack (m): 4
  Repeat removal algorithm: enabled
  Max distance allowed between stacks (M): 2
  Max distance allowed to align secondary reads: 4
  Max number of stacks allowed per de novo locus: 3
  Deleveraging algorithm: disabled
  Gapped assembly: enabled
  Minimum alignment length: 0.8
  Model type: SNP
  Alpha significance level for model: 0.05

Loading RAD-Tags...
Warning: Input reads contained 3 uncalled nucleotides.

Loaded 20000 reads; formed:
  1212 stacks representing 17082 primary reads (85.4%)
  2307 secondary stacks representing 2918 secondary reads (14.6%)

Stack coverage: mean=14.09; stdev=27.72; max=478; n_reads=17082(85.4%)
Removing repetitive stacks: cov > 98 (mean+3*stdev)...
  Blacklisted 18 stacks.
Coverage after repeat removal: mean=11.30; stdev=7.23; max=90; n_reads=13495(67.5%)

Assembling stacks (max dist. M=2)...
  Assembled 1194 stacks into 1190; blacklisted 0 stacks.
Coverage after assembling stacks: mean=11.49; stdev=7.34; max=90; n_reads=13495(67.5%)

Merging secondary stacks (max dist. N=4 from consensus)...
  Merged 930 out of 2918 secondary reads (31.9%), 62 merged with gapped alignments.
Coverage after merging secondary stacks: mean=12.29; stdev=7.79; max=93; n_reads=14425(72.1%)

Assembling stacks, allowing for gaps (min. match length 80.0%)...
  Assembled 1190 stacks into 1142 stacks.
Coverage after gapped assembly: mean=12.81; stdev=8.33; max=93; n_reads=14425(72.1%)

Merging secondary stacks, allowing for gaps (min. match length 80.0%)...
  Merged 123 out of 1988 secondary reads (6.2%).
Coverage after merging gapped secondary stacks: mean=12.92; stdev=8.38; max=93; n_reads=14548(72.7%)

Final number of stacks built: 1142
Final coverage: mean=12.92; stdev=8.38; max=93; n_reads=14548(72.7%)
Calling consensus sequences and haplotypes for catalog assembly...
Writing tags, SNPs, and alleles files to './stacks/CGTACG_GGACATTGGCTGCAGG'...done.
ustacks is done.

Sample 14 of 181 'CGTACG_GGACCACTGTTGCAGG'
----------
ustacks --in-type fastq --file ./samples/CGTACG_GGACCACTGTTGCAGG.1.fq --out-path ./stacks --name CGTACG_GGACCACTGTTGCAGG -M 2 --threads 4  -m 4
ustacks parameters selected:
  Input file: './samples/CGTACG_GGACCACTGTTGCAGG.1.fq'
  Min depth of coverage to create a stack (m): 4
  Repeat removal algorithm: enabled
  Max distance allowed between stacks (M): 2
  Max distance allowed to align secondary reads: 4
  Max number of stacks allowed per de novo locus: 3
  Deleveraging algorithm: disabled
  Gapped assembly: enabled
  Minimum alignment length: 0.8
  Model type: SNP
  Alpha significance level for model: 0.05

Loading RAD-Tags...
Warning: Input reads contained 9 uncalled nucleotides.

Loaded 20000 reads; formed:
  1384 stacks representing 16842 primary reads (84.2%)
  2445 secondary stacks representing 3158 secondary reads (15.8%)

Stack coverage: mean=12.17; stdev=15.47; max=214; n_reads=16842(84.2%)
Removing repetitive stacks: cov > 59 (mean+3*stdev)...
  Blacklisted 18 stacks.
Coverage after repeat removal: mean=10.83; stdev=7.37; max=58; n_reads=14800(74.0%)

Assembling stacks (max dist. M=2)...
  Assembled 1366 stacks into 1348; blacklisted 0 stacks.
Coverage after assembling stacks: mean=11.11; stdev=7.58; max=58; n_reads=14800(74.0%)

Merging secondary stacks (max dist. N=4 from consensus)...
  Merged 941 out of 3158 secondary reads (29.8%), 49 merged with gapped alignments.
Coverage after merging secondary stacks: mean=11.82; stdev=8.08; max=64; n_reads=15741(78.7%)

Assembling stacks, allowing for gaps (min. match length 80.0%)...
  Assembled 1348 stacks into 1311 stacks.
Coverage after gapped assembly: mean=12.16; stdev=8.36; max=64; n_reads=15741(78.7%)

Merging secondary stacks, allowing for gaps (min. match length 80.0%)...
  Merged 87 out of 2217 secondary reads (3.9%).
Coverage after merging gapped secondary stacks: mean=12.22; stdev=8.39; max=64; n_reads=15828(79.1%)

Final number of stacks built: 1311
Final coverage: mean=12.22; stdev=8.39; max=64; n_reads=15828(79.1%)
Calling consensus sequences and haplotypes for catalog assembly...
Writing tags, SNPs, and alleles files to './stacks/CGTACG_GGACCACTGTTGCAGG'...done.
ustacks is done.

Sample 15 of 181 'CGTACG_GGACCTCCAATGCAGG'
----------
ustacks --in-type fastq --file ./samples/CGTACG_GGACCTCCAATGCAGG.1.fq --out-path ./stacks --name CGTACG_GGACCTCCAATGCAGG -M 2 --threads 4  -m 4
ustacks parameters selected:
  Input file: './samples/CGTACG_GGACCTCCAATGCAGG.1.fq'
  Min depth of coverage to create a stack (m): 4
  Repeat removal algorithm: enabled
  Max distance allowed between stacks (M): 2
  Max distance allowed to align secondary reads: 4
  Max number of stacks allowed per de novo locus: 3
  Deleveraging algorithm: disabled
  Gapped assembly: enabled
  Minimum alignment length: 0.8
  Model type: SNP
  Alpha significance level for model: 0.05

Loading RAD-Tags...
Warning: Input reads contained 1 uncalled nucleotides.

Loaded 20000 reads; formed:
  1562 stacks representing 14604 primary reads (73.0%)
  3638 secondary stacks representing 5396 secondary reads (27.0%)

Stack coverage: mean=9.35; stdev=18.71; max=313; n_reads=14604(73.0%)
Removing repetitive stacks: cov > 66 (mean+3*stdev)...
  Blacklisted 21 stacks.
Coverage after repeat removal: mean=7.55; stdev=4.45; max=61; n_reads=11637(58.2%)

Assembling stacks (max dist. M=2)...
  Assembled 1541 stacks into 1526; blacklisted 0 stacks.
Coverage after assembling stacks: mean=7.72; stdev=4.69; max=61; n_reads=11637(58.2%)

Merging secondary stacks (max dist. N=4 from consensus)...
  Merged 666 out of 5396 secondary reads (12.3%), 49 merged with gapped alignments.
Coverage after merging secondary stacks: mean=8.16; stdev=5.01; max=65; n_reads=12303(61.5%)

Assembling stacks, allowing for gaps (min. match length 80.0%)...
  Assembled 1526 stacks into 1478 stacks.
Coverage after gapped assembly: mean=8.43; stdev=5.20; max=65; n_reads=12303(61.5%)

Merging secondary stacks, allowing for gaps (min. match length 80.0%)...
  Merged 302 out of 4730 secondary reads (6.4%).
Coverage after merging gapped secondary stacks: mean=8.63; stdev=5.37; max=65; n_reads=12605(63.0%)

Final number of stacks built: 1478
Final coverage: mean=8.63; stdev=5.37; max=65; n_reads=12605(63.0%)
Calling consensus sequences and haplotypes for catalog assembly...
Writing tags, SNPs, and alleles files to './stacks/CGTACG_GGACCTCCAATGCAGG'...done.
ustacks is done.

Sample 16 of 181 'CGTACG_GGACGCTCGATGCAGG'
----------
ustacks --in-type fastq --file ./samples/CGTACG_GGACGCTCGATGCAGG.1.fq --out-path ./stacks --name CGTACG_GGACGCTCGATGCAGG -M 2 --threads 4  -m 4
ustacks parameters selected:
  Input file: './samples/CGTACG_GGACGCTCGATGCAGG.1.fq'
  Min depth of coverage to create a stack (m): 4
  Repeat removal algorithm: enabled
  Max distance allowed between stacks (M): 2
  Max distance allowed to align secondary reads: 4
  Max number of stacks allowed per de novo locus: 3
  Deleveraging algorithm: disabled
  Gapped assembly: enabled
  Minimum alignment length: 0.8
  Model type: SNP
  Alpha significance level for model: 0.05

Loading RAD-Tags...
Warning: Input reads contained 2 uncalled nucleotides.

Loaded 20000 reads; formed:
  1482 stacks representing 12980 primary reads (64.9%)
  4771 secondary stacks representing 7020 secondary reads (35.1%)

Stack coverage: mean=8.76; stdev=22.07; max=367; n_reads=12980(64.9%)
Removing repetitive stacks: cov > 75 (mean+3*stdev)...
  Blacklisted 21 stacks.
Coverage after repeat removal: mean=6.55; stdev=3.52; max=70; n_reads=9568(47.8%)

Assembling stacks (max dist. M=2)...
  Assembled 1461 stacks into 1471; blacklisted 0 stacks.
Coverage after assembling stacks: mean=6.58; stdev=3.57; max=70; n_reads=9568(47.8%)

Merging secondary stacks (max dist. N=4 from consensus)...
  Merged 496 out of 7020 secondary reads (7.1%), 43 merged with gapped alignments.
Coverage after merging secondary stacks: mean=6.93; stdev=3.85; max=75; n_reads=10064(50.3%)

Assembling stacks, allowing for gaps (min. match length 80.0%)...
  Assembled 1471 stacks into 1408 stacks.
Coverage after gapped assembly: mean=7.24; stdev=4.22; max=75; n_reads=10064(50.3%)

Merging secondary stacks, allowing for gaps (min. match length 80.0%)...
  Merged 592 out of 6524 secondary reads (9.1%).
Coverage after merging gapped secondary stacks: mean=7.67; stdev=4.73; max=76; n_reads=10656(53.3%)

Final number of stacks built: 1408
Final coverage: mean=7.67; stdev=4.73; max=76; n_reads=10656(53.3%)
Calling consensus sequences and haplotypes for catalog assembly...
Writing tags, SNPs, and alleles files to './stacks/CGTACG_GGACGCTCGATGCAGG'...done.
ustacks is done.

Sample 17 of 181 'CGTACG_GGACGTATCATGCAGG'
----------
ustacks --in-type fastq --file ./samples/CGTACG_GGACGTATCATGCAGG.1.fq --out-path ./stacks --name CGTACG_GGACGTATCATGCAGG -M 2 --threads 4  -m 4
ustacks parameters selected:
  Input file: './samples/CGTACG_GGACGTATCATGCAGG.1.fq'
  Min depth of coverage to create a stack (m): 4
  Repeat removal algorithm: enabled
  Max distance allowed between stacks (M): 2
  Max distance allowed to align secondary reads: 4
  Max number of stacks allowed per de novo locus: 3
  Deleveraging algorithm: disabled
  Gapped assembly: enabled
  Minimum alignment length: 0.8
  Model type: SNP
  Alpha significance level for model: 0.05

Loading RAD-Tags...
Warning: Input reads contained 4 uncalled nucleotides.

Loaded 20000 reads; formed:
  1453 stacks representing 14140 primary reads (70.7%)
  4030 secondary stacks representing 5860 secondary reads (29.3%)

Stack coverage: mean=9.73; stdev=24.84; max=412; n_reads=14140(70.7%)
Removing repetitive stacks: cov > 85 (mean+3*stdev)...
  Blacklisted 24 stacks.
Coverage after repeat removal: mean=7.27; stdev=4.09; max=54; n_reads=10392(52.0%)

Assembling stacks (max dist. M=2)...
  Assembled 1429 stacks into 1427; blacklisted 0 stacks.
Coverage after assembling stacks: mean=7.38; stdev=4.29; max=54; n_reads=10392(52.0%)

Merging secondary stacks (max dist. N=4 from consensus)...
  Merged 589 out of 5860 secondary reads (10.1%), 33 merged with gapped alignments.
Coverage after merging secondary stacks: mean=7.79; stdev=4.66; max=62; n_reads=10981(54.9%)

Assembling stacks, allowing for gaps (min. match length 80.0%)...
  Assembled 1427 stacks into 1373 stacks.
Coverage after gapped assembly: mean=8.10; stdev=4.95; max=62; n_reads=10981(54.9%)

Merging secondary stacks, allowing for gaps (min. match length 80.0%)...
  Merged 525 out of 5271 secondary reads (10.0%).
Coverage after merging gapped secondary stacks: mean=8.49; stdev=5.31; max=62; n_reads=11506(57.5%)

Final number of stacks built: 1373
Final coverage: mean=8.49; stdev=5.31; max=62; n_reads=11506(57.5%)
Calling consensus sequences and haplotypes for catalog assembly...
Writing tags, SNPs, and alleles files to './stacks/CGTACG_GGACGTATCATGCAGG'...done.
ustacks is done.

Sample 18 of 181 'CGTACG_GGACTATGCATGCAGG'
----------
ustacks --in-type fastq --file ./samples/CGTACG_GGACTATGCATGCAGG.1.fq --out-path ./stacks --name CGTACG_GGACTATGCATGCAGG -M 2 --threads 4  -m 4
ustacks parameters selected:
  Input file: './samples/CGTACG_GGACTATGCATGCAGG.1.fq'
  Min depth of coverage to create a stack (m): 4
  Repeat removal algorithm: enabled
  Max distance allowed between stacks (M): 2
  Max distance allowed to align secondary reads: 4
  Max number of stacks allowed per de novo locus: 3
  Deleveraging algorithm: disabled
  Gapped assembly: enabled
  Minimum alignment length: 0.8
  Model type: SNP
  Alpha significance level for model: 0.05

Loading RAD-Tags...

Loaded 20000 reads; formed:
  1609 stacks representing 12558 primary reads (62.8%)
  5041 secondary stacks representing 7442 secondary reads (37.2%)

Stack coverage: mean=7.80; stdev=12.24; max=199; n_reads=12558(62.8%)
Removing repetitive stacks: cov > 45 (mean+3*stdev)...
  Blacklisted 23 stacks.
Coverage after repeat removal: mean=6.68; stdev=3.38; max=35; n_reads=10589(52.9%)

Assembling stacks (max dist. M=2)...
  Assembled 1586 stacks into 1592; blacklisted 0 stacks.
Coverage after assembling stacks: mean=6.72; stdev=3.50; max=39; n_reads=10589(52.9%)

Merging secondary stacks (max dist. N=4 from consensus)...
  Merged 668 out of 7442 secondary reads (9.0%), 46 merged with gapped alignments.
Coverage after merging secondary stacks: mean=7.15; stdev=3.99; max=70; n_reads=11257(56.3%)

Assembling stacks, allowing for gaps (min. match length 80.0%)...
  Assembled 1592 stacks into 1558 stacks.
Coverage after gapped assembly: mean=7.30; stdev=4.15; max=70; n_reads=11257(56.3%)

Merging secondary stacks, allowing for gaps (min. match length 80.0%)...
  Merged 299 out of 6774 secondary reads (4.4%).
Coverage after merging gapped secondary stacks: mean=7.50; stdev=4.38; max=70; n_reads=11556(57.8%)

Final number of stacks built: 1558
Final coverage: mean=7.50; stdev=4.38; max=70; n_reads=11556(57.8%)
Calling consensus sequences and haplotypes for catalog assembly...
Writing tags, SNPs, and alleles files to './stacks/CGTACG_GGACTATGCATGCAGG'...done.
ustacks is done.

Sample 19 of 181 'CGTACG_GGAGAGTCAATGCAGG'
----------
ustacks --in-type fastq --file ./samples/CGTACG_GGAGAGTCAATGCAGG.1.fq --out-path ./stacks --name CGTACG_GGAGAGTCAATGCAGG -M 2 --threads 4  -m 4
ustacks parameters selected:
  Input file: './samples/CGTACG_GGAGAGTCAATGCAGG.1.fq'
  Min depth of coverage to create a stack (m): 4
  Repeat removal algorithm: enabled
  Max distance allowed between stacks (M): 2
  Max distance allowed to align secondary reads: 4
  Max number of stacks allowed per de novo locus: 3
  Deleveraging algorithm: disabled
  Gapped assembly: enabled
  Minimum alignment length: 0.8
  Model type: SNP
  Alpha significance level for model: 0.05

Loading RAD-Tags...
Warning: Input reads contained 3 uncalled nucleotides.

Loaded 20000 reads; formed:
  1574 stacks representing 13663 primary reads (68.3%)
  4231 secondary stacks representing 6337 secondary reads (31.7%)

Stack coverage: mean=8.68; stdev=16.27; max=278; n_reads=13663(68.3%)
Removing repetitive stacks: cov > 58 (mean+3*stdev)...
  Blacklisted 21 stacks.
Coverage after repeat removal: mean=7.06; stdev=3.76; max=43; n_reads=10967(54.8%)

Assembling stacks (max dist. M=2)...
  Assembled 1553 stacks into 1558; blacklisted 0 stacks.
Coverage after assembling stacks: mean=7.13; stdev=4.03; max=74; n_reads=10967(54.8%)

Merging secondary stacks (max dist. N=4 from consensus)...
  Merged 594 out of 6337 secondary reads (9.4%), 54 merged with gapped alignments.
Coverage after merging secondary stacks: mean=7.51; stdev=4.25; max=79; n_reads=11561(57.8%)

Assembling stacks, allowing for gaps (min. match length 80.0%)...
  Assembled 1558 stacks into 1516 stacks.
Coverage after gapped assembly: mean=7.72; stdev=4.47; max=79; n_reads=11561(57.8%)

Merging secondary stacks, allowing for gaps (min. match length 80.0%)...
  Merged 466 out of 5743 secondary reads (8.1%).
Coverage after merging gapped secondary stacks: mean=8.03; stdev=4.74; max=79; n_reads=12027(60.1%)

Final number of stacks built: 1516
Final coverage: mean=8.03; stdev=4.74; max=79; n_reads=12027(60.1%)
Calling consensus sequences and haplotypes for catalog assembly...
Writing tags, SNPs, and alleles files to './stacks/CGTACG_GGAGAGTCAATGCAGG'...done.
ustacks is done.

Sample 20 of 181 'CGTACG_GGAGATCGCATGCAGG'
----------
ustacks --in-type fastq --file ./samples/CGTACG_GGAGATCGCATGCAGG.1.fq --out-path ./stacks --name CGTACG_GGAGATCGCATGCAGG -M 2 --threads 4  -m 4
ustacks parameters selected:
  Input file: './samples/CGTACG_GGAGATCGCATGCAGG.1.fq'
  Min depth of coverage to create a stack (m): 4
  Repeat removal algorithm: enabled
  Max distance allowed between stacks (M): 2
  Max distance allowed to align secondary reads: 4
  Max number of stacks allowed per de novo locus: 3
  Deleveraging algorithm: disabled
  Gapped assembly: enabled
  Minimum alignment length: 0.8
  Model type: SNP
  Alpha significance level for model: 0.05

Loading RAD-Tags...
Warning: Input reads contained 2 uncalled nucleotides.

Loaded 20000 reads; formed:
  1657 stacks representing 16101 primary reads (80.5%)
  2783 secondary stacks representing 3899 secondary reads (19.5%)

Stack coverage: mean=9.72; stdev=13.80; max=248; n_reads=16101(80.5%)
Removing repetitive stacks: cov > 52 (mean+3*stdev)...
  Blacklisted 17 stacks.
Coverage after repeat removal: mean=8.58; stdev=4.84; max=38; n_reads=14070(70.3%)

Assembling stacks (max dist. M=2)...
  Assembled 1640 stacks into 1640; blacklisted 0 stacks.
Coverage after assembling stacks: mean=8.66; stdev=4.93; max=38; n_reads=14070(70.3%)

Merging secondary stacks (max dist. N=4 from consensus)...
  Merged 771 out of 3899 secondary reads (19.8%), 49 merged with gapped alignments.
Coverage after merging secondary stacks: mean=9.14; stdev=5.22; max=46; n_reads=14841(74.2%)

Assembling stacks, allowing for gaps (min. match length 80.0%)...
  Assembled 1640 stacks into 1616 stacks.
Coverage after gapped assembly: mean=9.28; stdev=5.33; max=46; n_reads=14841(74.2%)

Merging secondary stacks, allowing for gaps (min. match length 80.0%)...
  Merged 115 out of 3128 secondary reads (3.7%).
Coverage after merging gapped secondary stacks: mean=9.35; stdev=5.36; max=46; n_reads=14956(74.8%)

Final number of stacks built: 1616
Final coverage: mean=9.35; stdev=5.36; max=46; n_reads=14956(74.8%)
Calling consensus sequences and haplotypes for catalog assembly...
Writing tags, SNPs, and alleles files to './stacks/CGTACG_GGAGATCGCATGCAGG'...done.
ustacks is done.

Sample 21 of 181 'CGTACG_GGAGCAGGAATGCAGG'
----------
ustacks --in-type fastq --file ./samples/CGTACG_GGAGCAGGAATGCAGG.1.fq --out-path ./stacks --name CGTACG_GGAGCAGGAATGCAGG -M 2 --threads 4  -m 4
ustacks parameters selected:
  Input file: './samples/CGTACG_GGAGCAGGAATGCAGG.1.fq'
  Min depth of coverage to create a stack (m): 4
  Repeat removal algorithm: enabled
  Max distance allowed between stacks (M): 2
  Max distance allowed to align secondary reads: 4
  Max number of stacks allowed per de novo locus: 3
  Deleveraging algorithm: disabled
  Gapped assembly: enabled
  Minimum alignment length: 0.8
  Model type: SNP
  Alpha significance level for model: 0.05

Loading RAD-Tags...
Warning: Input reads contained 9 uncalled nucleotides.

Loaded 20000 reads; formed:
  1034 stacks representing 16510 primary reads (82.5%)
  2906 secondary stacks representing 3490 secondary reads (17.4%)

Stack coverage: mean=15.97; stdev=25.61; max=311; n_reads=16510(82.5%)
Removing repetitive stacks: cov > 93 (mean+3*stdev)...
  Blacklisted 20 stacks.
Coverage after repeat removal: mean=13.23; stdev=9.36; max=86; n_reads=13413(67.1%)

Assembling stacks (max dist. M=2)...
  Assembled 1014 stacks into 1012; blacklisted 0 stacks.
Coverage after assembling stacks: mean=13.45; stdev=9.48; max=88; n_reads=13413(67.1%)

Merging secondary stacks (max dist. N=4 from consensus)...
  Merged 1477 out of 3490 secondary reads (42.3%), 106 merged with gapped alignments.
Coverage after merging secondary stacks: mean=14.93; stdev=10.51; max=108; n_reads=14890(74.5%)

Assembling stacks, allowing for gaps (min. match length 80.0%)...
  Assembled 1012 stacks into 983 stacks.
Coverage after gapped assembly: mean=15.38; stdev=10.91; max=108; n_reads=14890(74.5%)

Merging secondary stacks, allowing for gaps (min. match length 80.0%)...
  Merged 108 out of 2013 secondary reads (5.4%).
Coverage after merging gapped secondary stacks: mean=15.49; stdev=10.96; max=108; n_reads=14998(75.0%)

Final number of stacks built: 983
Final coverage: mean=15.49; stdev=10.96; max=108; n_reads=14998(75.0%)
Calling consensus sequences and haplotypes for catalog assembly...
Writing tags, SNPs, and alleles files to './stacks/CGTACG_GGAGCAGGAATGCAGG'...done.
ustacks is done.

Sample 22 of 181 'CGTACG_GGAGTACAAGTGCAGG'
----------
ustacks --in-type fastq --file ./samples/CGTACG_GGAGTACAAGTGCAGG.1.fq --out-path ./stacks --name CGTACG_GGAGTACAAGTGCAGG -M 2 --threads 4  -m 4
ustacks parameters selected:
  Input file: './samples/CGTACG_GGAGTACAAGTGCAGG.1.fq'
  Min depth of coverage to create a stack (m): 4
  Repeat removal algorithm: enabled
  Max distance allowed between stacks (M): 2
  Max distance allowed to align secondary reads: 4
  Max number of stacks allowed per de novo locus: 3
  Deleveraging algorithm: disabled
  Gapped assembly: enabled
  Minimum alignment length: 0.8
  Model type: SNP
  Alpha significance level for model: 0.05

Loading RAD-Tags...
Warning: Input reads contained 1 uncalled nucleotides.

Loaded 20000 reads; formed:
  1458 stacks representing 16756 primary reads (83.8%)
  2399 secondary stacks representing 3244 secondary reads (16.2%)

Stack coverage: mean=11.49; stdev=20.49; max=367; n_reads=16756(83.8%)
Removing repetitive stacks: cov > 73 (mean+3*stdev)...
  Blacklisted 18 stacks.
Coverage after repeat removal: mean=9.61; stdev=6.21; max=61; n_reads=13840(69.2%)

Assembling stacks (max dist. M=2)...
  Assembled 1440 stacks into 1440; blacklisted 0 stacks.
Coverage after assembling stacks: mean=9.72; stdev=6.27; max=61; n_reads=13840(69.2%)

Merging secondary stacks (max dist. N=4 from consensus)...
  Merged 812 out of 3244 secondary reads (25.0%), 57 merged with gapped alignments.
Coverage after merging secondary stacks: mean=10.29; stdev=6.64; max=68; n_reads=14652(73.3%)

Assembling stacks, allowing for gaps (min. match length 80.0%)...
  Assembled 1440 stacks into 1404 stacks.
Coverage after gapped assembly: mean=10.56; stdev=6.92; max=68; n_reads=14652(73.3%)

Merging secondary stacks, allowing for gaps (min. match length 80.0%)...
  Merged 122 out of 2432 secondary reads (5.0%).
Coverage after merging gapped secondary stacks: mean=10.64; stdev=6.96; max=68; n_reads=14774(73.9%)

Final number of stacks built: 1404
Final coverage: mean=10.64; stdev=6.96; max=68; n_reads=14774(73.9%)
Calling consensus sequences and haplotypes for catalog assembly...
Writing tags, SNPs, and alleles files to './stacks/CGTACG_GGAGTACAAGTGCAGG'...done.
ustacks is done.

Sample 23 of 181 'CGTACG_GGAGTCAAGCTGCAGG'
----------
ustacks --in-type fastq --file ./samples/CGTACG_GGAGTCAAGCTGCAGG.1.fq --out-path ./stacks --name CGTACG_GGAGTCAAGCTGCAGG -M 2 --threads 4  -m 4
ustacks parameters selected:
  Input file: './samples/CGTACG_GGAGTCAAGCTGCAGG.1.fq'
  Min depth of coverage to create a stack (m): 4
  Repeat removal algorithm: enabled
  Max distance allowed between stacks (M): 2
  Max distance allowed to align secondary reads: 4
  Max number of stacks allowed per de novo locus: 3
  Deleveraging algorithm: disabled
  Gapped assembly: enabled
  Minimum alignment length: 0.8
  Model type: SNP
  Alpha significance level for model: 0.05

Loading RAD-Tags...
Warning: Input reads contained 10 uncalled nucleotides.

Loaded 20000 reads; formed:
  1356 stacks representing 17037 primary reads (85.2%)
  2363 secondary stacks representing 2963 secondary reads (14.8%)

Stack coverage: mean=12.56; stdev=19.29; max=498; n_reads=17037(85.2%)
Removing repetitive stacks: cov > 71 (mean+3*stdev)...
  Blacklisted 12 stacks.
Coverage after repeat removal: mean=11.37; stdev=7.89; max=70; n_reads=15277(76.4%)

Assembling stacks (max dist. M=2)...
  Assembled 1344 stacks into 1332; blacklisted 0 stacks.
Coverage after assembling stacks: mean=11.55; stdev=8.06; max=70; n_reads=15277(76.4%)

Merging secondary stacks (max dist. N=4 from consensus)...
  Merged 1204 out of 2963 secondary reads (40.6%), 79 merged with gapped alignments.
Coverage after merging secondary stacks: mean=12.46; stdev=8.75; max=88; n_reads=16481(82.4%)

Assembling stacks, allowing for gaps (min. match length 80.0%)...
  Assembled 1332 stacks into 1297 stacks.
Coverage after gapped assembly: mean=12.80; stdev=9.14; max=88; n_reads=16481(82.4%)

Merging secondary stacks, allowing for gaps (min. match length 80.0%)...
  Merged 69 out of 1759 secondary reads (3.9%).
Coverage after merging gapped secondary stacks: mean=12.85; stdev=9.15; max=88; n_reads=16550(82.8%)

Final number of stacks built: 1297
Final coverage: mean=12.85; stdev=9.15; max=88; n_reads=16550(82.8%)
Calling consensus sequences and haplotypes for catalog assembly...
Writing tags, SNPs, and alleles files to './stacks/CGTACG_GGAGTCAAGCTGCAGG'...done.
ustacks is done.

Sample 24 of 181 'CGTACG_GGAGTCACTATGCAGG'
----------
ustacks --in-type fastq --file ./samples/CGTACG_GGAGTCACTATGCAGG.1.fq --out-path ./stacks --name CGTACG_GGAGTCACTATGCAGG -M 2 --threads 4  -m 4
ustacks parameters selected:
  Input file: './samples/CGTACG_GGAGTCACTATGCAGG.1.fq'
  Min depth of coverage to create a stack (m): 4
  Repeat removal algorithm: enabled
  Max distance allowed between stacks (M): 2
  Max distance allowed to align secondary reads: 4
  Max number of stacks allowed per de novo locus: 3
  Deleveraging algorithm: disabled
  Gapped assembly: enabled
  Minimum alignment length: 0.8
  Model type: SNP
  Alpha significance level for model: 0.05

Loading RAD-Tags...
Warning: Input reads contained 6 uncalled nucleotides.

Loaded 20000 reads; formed:
  1568 stacks representing 15977 primary reads (79.9%)
  2814 secondary stacks representing 4023 secondary reads (20.1%)

Stack coverage: mean=10.19; stdev=22.25; max=420; n_reads=15977(79.9%)
Removing repetitive stacks: cov > 77 (mean+3*stdev)...
  Blacklisted 19 stacks.
Coverage after repeat removal: mean=8.24; stdev=4.89; max=64; n_reads=12761(63.8%)

Assembling stacks (max dist. M=2)...
  Assembled 1549 stacks into 1554; blacklisted 0 stacks.
Coverage after assembling stacks: mean=8.30; stdev=4.98; max=69; n_reads=12761(63.8%)

Merging secondary stacks (max dist. N=4 from consensus)...
  Merged 717 out of 4023 secondary reads (17.8%), 55 merged with gapped alignments.
Coverage after merging secondary stacks: mean=8.76; stdev=5.29; max=73; n_reads=13478(67.4%)

Assembling stacks, allowing for gaps (min. match length 80.0%)...
  Assembled 1554 stacks into 1515 stacks.
Coverage after gapped assembly: mean=8.99; stdev=5.50; max=73; n_reads=13478(67.4%)

Merging secondary stacks, allowing for gaps (min. match length 80.0%)...
  Merged 151 out of 3306 secondary reads (4.6%).
Coverage after merging gapped secondary stacks: mean=9.09; stdev=5.55; max=73; n_reads=13629(68.1%)

Final number of stacks built: 1515
Final coverage: mean=9.09; stdev=5.55; max=73; n_reads=13629(68.1%)
Calling consensus sequences and haplotypes for catalog assembly...
Writing tags, SNPs, and alleles files to './stacks/CGTACG_GGAGTCACTATGCAGG'...done.
ustacks is done.

Sample 25 of 181 'CGTACG_GGAGTGGTCATGCAGG'
----------
ustacks --in-type fastq --file ./samples/CGTACG_GGAGTGGTCATGCAGG.1.fq --out-path ./stacks --name CGTACG_GGAGTGGTCATGCAGG -M 2 --threads 4  -m 4
ustacks parameters selected:
  Input file: './samples/CGTACG_GGAGTGGTCATGCAGG.1.fq'
  Min depth of coverage to create a stack (m): 4
  Repeat removal algorithm: enabled
  Max distance allowed between stacks (M): 2
  Max distance allowed to align secondary reads: 4
  Max number of stacks allowed per de novo locus: 3
  Deleveraging algorithm: disabled
  Gapped assembly: enabled
  Minimum alignment length: 0.8
  Model type: SNP
  Alpha significance level for model: 0.05

Loading RAD-Tags...
Warning: Input reads contained 7 uncalled nucleotides.

Loaded 20000 reads; formed:
  1469 stacks representing 15631 primary reads (78.2%)
  3044 secondary stacks representing 4369 secondary reads (21.8%)

Stack coverage: mean=10.64; stdev=26.61; max=412; n_reads=15631(78.2%)
Removing repetitive stacks: cov > 91 (mean+3*stdev)...
  Blacklisted 25 stacks.
Coverage after repeat removal: mean=7.97; stdev=5.32; max=79; n_reads=11515(57.6%)

Assembling stacks (max dist. M=2)...
  Assembled 1444 stacks into 1451; blacklisted 0 stacks.
Coverage after assembling stacks: mean=8.03; stdev=5.40; max=79; n_reads=11515(57.6%)

Merging secondary stacks (max dist. N=4 from consensus)...
  Merged 661 out of 4369 secondary reads (15.1%), 40 merged with gapped alignments.
Coverage after merging secondary stacks: mean=8.49; stdev=5.75; max=88; n_reads=12176(60.9%)

Assembling stacks, allowing for gaps (min. match length 80.0%)...
  Assembled 1451 stacks into 1377 stacks.
Coverage after gapped assembly: mean=8.95; stdev=6.20; max=88; n_reads=12176(60.9%)

Merging secondary stacks, allowing for gaps (min. match length 80.0%)...
  Merged 376 out of 3708 secondary reads (10.1%).
Coverage after merging gapped secondary stacks: mean=9.23; stdev=6.41; max=88; n_reads=12552(62.8%)

Final number of stacks built: 1377
Final coverage: mean=9.23; stdev=6.41; max=88; n_reads=12552(62.8%)
Calling consensus sequences and haplotypes for catalog assembly...
Writing tags, SNPs, and alleles files to './stacks/CGTACG_GGAGTGGTCATGCAGG'...done.
ustacks is done.

Sample 26 of 181 'CGTACG_GGATAGCGACTGCAGG'
----------
ustacks --in-type fastq --file ./samples/CGTACG_GGATAGCGACTGCAGG.1.fq --out-path ./stacks --name CGTACG_GGATAGCGACTGCAGG -M 2 --threads 4  -m 4
ustacks parameters selected:
  Input file: './samples/CGTACG_GGATAGCGACTGCAGG.1.fq'
  Min depth of coverage to create a stack (m): 4
  Repeat removal algorithm: enabled
  Max distance allowed between stacks (M): 2
  Max distance allowed to align secondary reads: 4
  Max number of stacks allowed per de novo locus: 3
  Deleveraging algorithm: disabled
  Gapped assembly: enabled
  Minimum alignment length: 0.8
  Model type: SNP
  Alpha significance level for model: 0.05

Loading RAD-Tags...
Warning: Input reads contained 7 uncalled nucleotides.

Loaded 20000 reads; formed:
  1192 stacks representing 16814 primary reads (84.1%)
  2634 secondary stacks representing 3186 secondary reads (15.9%)

Stack coverage: mean=14.11; stdev=14.50; max=273; n_reads=16814(84.1%)
Removing repetitive stacks: cov > 58 (mean+3*stdev)...
  Blacklisted 13 stacks.
Coverage after repeat removal: mean=13.12; stdev=8.46; max=53; n_reads=15473(77.4%)

Assembling stacks (max dist. M=2)...
  Assembled 1179 stacks into 1167; blacklisted 0 stacks.
Coverage after assembling stacks: mean=13.38; stdev=8.61; max=55; n_reads=15473(77.4%)

Merging secondary stacks (max dist. N=4 from consensus)...
  Merged 1711 out of 3186 secondary reads (53.7%), 126 merged with gapped alignments.
Coverage after merging secondary stacks: mean=14.87; stdev=9.54; max=61; n_reads=17184(85.9%)

Assembling stacks, allowing for gaps (min. match length 80.0%)...
  Assembled 1167 stacks into 1133 stacks.
Coverage after gapped assembly: mean=15.32; stdev=9.85; max=76; n_reads=17184(85.9%)

Merging secondary stacks, allowing for gaps (min. match length 80.0%)...
  Merged 89 out of 1475 secondary reads (6.0%).
Coverage after merging gapped secondary stacks: mean=15.39; stdev=9.90; max=78; n_reads=17273(86.4%)

Final number of stacks built: 1133
Final coverage: mean=15.39; stdev=9.90; max=78; n_reads=17273(86.4%)
Calling consensus sequences and haplotypes for catalog assembly...
Writing tags, SNPs, and alleles files to './stacks/CGTACG_GGATAGCGACTGCAGG'...done.
ustacks is done.

Sample 27 of 181 'CGTACG_GGATGCCTAATGCAGG'
----------
ustacks --in-type fastq --file ./samples/CGTACG_GGATGCCTAATGCAGG.1.fq --out-path ./stacks --name CGTACG_GGATGCCTAATGCAGG -M 2 --threads 4  -m 4
ustacks parameters selected:
  Input file: './samples/CGTACG_GGATGCCTAATGCAGG.1.fq'
  Min depth of coverage to create a stack (m): 4
  Repeat removal algorithm: enabled
  Max distance allowed between stacks (M): 2
  Max distance allowed to align secondary reads: 4
  Max number of stacks allowed per de novo locus: 3
  Deleveraging algorithm: disabled
  Gapped assembly: enabled
  Minimum alignment length: 0.8
  Model type: SNP
  Alpha significance level for model: 0.05

Loading RAD-Tags...
Warning: Input reads contained 4 uncalled nucleotides.

Loaded 20000 reads; formed:
  1285 stacks representing 16887 primary reads (84.4%)
  2509 secondary stacks representing 3113 secondary reads (15.6%)

Stack coverage: mean=13.14; stdev=25.86; max=401; n_reads=16887(84.4%)
Removing repetitive stacks: cov > 91 (mean+3*stdev)...
  Blacklisted 22 stacks.
Coverage after repeat removal: mean=10.56; stdev=6.55; max=48; n_reads=13337(66.7%)

Assembling stacks (max dist. M=2)...
  Assembled 1263 stacks into 1267; blacklisted 0 stacks.
Coverage after assembling stacks: mean=10.67; stdev=6.62; max=48; n_reads=13337(66.7%)

Merging secondary stacks (max dist. N=4 from consensus)...
  Merged 952 out of 3113 secondary reads (30.6%), 53 merged with gapped alignments.
Coverage after merging secondary stacks: mean=11.43; stdev=7.08; max=49; n_reads=14289(71.4%)

Assembling stacks, allowing for gaps (min. match length 80.0%)...
  Assembled 1267 stacks into 1208 stacks.
Coverage after gapped assembly: mean=12.00; stdev=7.76; max=73; n_reads=14289(71.4%)

Merging secondary stacks, allowing for gaps (min. match length 80.0%)...
  Merged 116 out of 2161 secondary reads (5.4%).
Coverage after merging gapped secondary stacks: mean=12.09; stdev=7.82; max=73; n_reads=14405(72.0%)

Final number of stacks built: 1208
Final coverage: mean=12.09; stdev=7.82; max=73; n_reads=14405(72.0%)
Calling consensus sequences and haplotypes for catalog assembly...
Writing tags, SNPs, and alleles files to './stacks/CGTACG_GGATGCCTAATGCAGG'...done.
ustacks is done.

Sample 28 of 181 'CGTACG_GGATTGAGGATGCAGG'
----------
ustacks --in-type fastq --file ./samples/CGTACG_GGATTGAGGATGCAGG.1.fq --out-path ./stacks --name CGTACG_GGATTGAGGATGCAGG -M 2 --threads 4  -m 4
ustacks parameters selected:
  Input file: './samples/CGTACG_GGATTGAGGATGCAGG.1.fq'
  Min depth of coverage to create a stack (m): 4
  Repeat removal algorithm: enabled
  Max distance allowed between stacks (M): 2
  Max distance allowed to align secondary reads: 4
  Max number of stacks allowed per de novo locus: 3
  Deleveraging algorithm: disabled
  Gapped assembly: enabled
  Minimum alignment length: 0.8
  Model type: SNP
  Alpha significance level for model: 0.05

Loading RAD-Tags...
Warning: Input reads contained 2 uncalled nucleotides.

Loaded 20000 reads; formed:
  1661 stacks representing 15894 primary reads (79.5%)
  2835 secondary stacks representing 4106 secondary reads (20.5%)

Stack coverage: mean=9.57; stdev=12.55; max=204; n_reads=15894(79.5%)
Removing repetitive stacks: cov > 48 (mean+3*stdev)...
  Blacklisted 21 stacks.
Coverage after repeat removal: mean=8.50; stdev=5.09; max=41; n_reads=13937(69.7%)

Assembling stacks (max dist. M=2)...
  Assembled 1640 stacks into 1631; blacklisted 1 stacks.
Coverage after assembling stacks: mean=8.61; stdev=5.33; max=69; n_reads=13887(69.4%)

Merging secondary stacks (max dist. N=4 from consensus)...
  Merged 727 out of 4106 secondary reads (17.7%), 58 merged with gapped alignments.
Coverage after merging secondary stacks: mean=9.06; stdev=5.69; max=83; n_reads=14614(73.1%)

Assembling stacks, allowing for gaps (min. match length 80.0%)...
  Assembled 1631 stacks into 1601 stacks.
Coverage after gapped assembly: mean=9.23; stdev=5.81; max=83; n_reads=14614(73.1%)

Merging secondary stacks, allowing for gaps (min. match length 80.0%)...
  Merged 168 out of 3379 secondary reads (5.0%).
Coverage after merging gapped secondary stacks: mean=9.34; stdev=5.86; max=83; n_reads=14782(73.9%)

Final number of stacks built: 1601
Final coverage: mean=9.34; stdev=5.86; max=83; n_reads=14782(73.9%)
Calling consensus sequences and haplotypes for catalog assembly...
Writing tags, SNPs, and alleles files to './stacks/CGTACG_GGATTGAGGATGCAGG'...done.
ustacks is done.

Sample 29 of 181 'CGTACG_GGCAACCACATGCAGG'
----------
ustacks --in-type fastq --file ./samples/CGTACG_GGCAACCACATGCAGG.1.fq --out-path ./stacks --name CGTACG_GGCAACCACATGCAGG -M 2 --threads 4  -m 4
ustacks parameters selected:
  Input file: './samples/CGTACG_GGCAACCACATGCAGG.1.fq'
  Min depth of coverage to create a stack (m): 4
  Repeat removal algorithm: enabled
  Max distance allowed between stacks (M): 2
  Max distance allowed to align secondary reads: 4
  Max number of stacks allowed per de novo locus: 3
  Deleveraging algorithm: disabled
  Gapped assembly: enabled
  Minimum alignment length: 0.8
  Model type: SNP
  Alpha significance level for model: 0.05

Loading RAD-Tags...
Warning: Input reads contained 6 uncalled nucleotides.

Loaded 20000 reads; formed:
  1354 stacks representing 16723 primary reads (83.6%)
  2614 secondary stacks representing 3277 secondary reads (16.4%)

Stack coverage: mean=12.35; stdev=16.66; max=240; n_reads=16723(83.6%)
Removing repetitive stacks: cov > 63 (mean+3*stdev)...
  Blacklisted 19 stacks.
Coverage after repeat removal: mean=10.76; stdev=6.67; max=58; n_reads=14360(71.8%)

Assembling stacks (max dist. M=2)...
  Assembled 1335 stacks into 1332; blacklisted 0 stacks.
Coverage after assembling stacks: mean=10.92; stdev=6.72; max=58; n_reads=14360(71.8%)

Merging secondary stacks (max dist. N=4 from consensus)...
  Merged 1042 out of 3277 secondary reads (31.8%), 67 merged with gapped alignments.
Coverage after merging secondary stacks: mean=11.71; stdev=7.23; max=60; n_reads=15402(77.0%)

Assembling stacks, allowing for gaps (min. match length 80.0%)...
  Assembled 1332 stacks into 1300 stacks.
Coverage after gapped assembly: mean=12.00; stdev=7.44; max=60; n_reads=15402(77.0%)

Merging secondary stacks, allowing for gaps (min. match length 80.0%)...
  Merged 66 out of 2235 secondary reads (3.0%).
Coverage after merging gapped secondary stacks: mean=12.06; stdev=7.44; max=60; n_reads=15468(77.3%)

Final number of stacks built: 1300
Final coverage: mean=12.06; stdev=7.44; max=60; n_reads=15468(77.3%)
Calling consensus sequences and haplotypes for catalog assembly...
Writing tags, SNPs, and alleles files to './stacks/CGTACG_GGCAACCACATGCAGG'...done.
ustacks is done.

Sample 30 of 181 'CGTACG_GGCAATGGAATGCAGG'
----------
ustacks --in-type fastq --file ./samples/CGTACG_GGCAATGGAATGCAGG.1.fq --out-path ./stacks --name CGTACG_GGCAATGGAATGCAGG -M 2 --threads 4  -m 4
ustacks parameters selected:
  Input file: './samples/CGTACG_GGCAATGGAATGCAGG.1.fq'
  Min depth of coverage to create a stack (m): 4
  Repeat removal algorithm: enabled
  Max distance allowed between stacks (M): 2
  Max distance allowed to align secondary reads: 4
  Max number of stacks allowed per de novo locus: 3
  Deleveraging algorithm: disabled
  Gapped assembly: enabled
  Minimum alignment length: 0.8
  Model type: SNP
  Alpha significance level for model: 0.05

Loading RAD-Tags...
Warning: Input reads contained 1 uncalled nucleotides.

Loaded 20000 reads; formed:
  1721 stacks representing 15213 primary reads (76.1%)
  3225 secondary stacks representing 4787 secondary reads (23.9%)

Stack coverage: mean=8.84; stdev=12.97; max=255; n_reads=15213(76.1%)
Removing repetitive stacks: cov > 48 (mean+3*stdev)...
  Blacklisted 18 stacks.
Coverage after repeat removal: mean=7.73; stdev=4.15; max=36; n_reads=13167(65.8%)

Assembling stacks (max dist. M=2)...
  Assembled 1703 stacks into 1701; blacklisted 0 stacks.
Coverage after assembling stacks: mean=7.82; stdev=4.30; max=42; n_reads=13167(65.8%)

Merging secondary stacks (max dist. N=4 from consensus)...
  Merged 672 out of 4787 secondary reads (14.0%), 49 merged with gapped alignments.
Coverage after merging secondary stacks: mean=8.22; stdev=4.53; max=47; n_reads=13839(69.2%)

Assembling stacks, allowing for gaps (min. match length 80.0%)...
  Assembled 1701 stacks into 1680 stacks.
Coverage after gapped assembly: mean=8.32; stdev=4.59; max=47; n_reads=13839(69.2%)

Merging secondary stacks, allowing for gaps (min. match length 80.0%)...
  Merged 157 out of 4115 secondary reads (3.8%).
Coverage after merging gapped secondary stacks: mean=8.42; stdev=4.63; max=47; n_reads=13996(70.0%)

Final number of stacks built: 1680
Final coverage: mean=8.42; stdev=4.63; max=47; n_reads=13996(70.0%)
Calling consensus sequences and haplotypes for catalog assembly...
Writing tags, SNPs, and alleles files to './stacks/CGTACG_GGCAATGGAATGCAGG'...done.
ustacks is done.

Sample 31 of 181 'CGTACG_GGCAGATCTGTGCAGG'
----------
ustacks --in-type fastq --file ./samples/CGTACG_GGCAGATCTGTGCAGG.1.fq --out-path ./stacks --name CGTACG_GGCAGATCTGTGCAGG -M 2 --threads 4  -m 4
ustacks parameters selected:
  Input file: './samples/CGTACG_GGCAGATCTGTGCAGG.1.fq'
  Min depth of coverage to create a stack (m): 4
  Repeat removal algorithm: enabled
  Max distance allowed between stacks (M): 2
  Max distance allowed to align secondary reads: 4
  Max number of stacks allowed per de novo locus: 3
  Deleveraging algorithm: disabled
  Gapped assembly: enabled
  Minimum alignment length: 0.8
  Model type: SNP
  Alpha significance level for model: 0.05

Loading RAD-Tags...
Warning: Input reads contained 2 uncalled nucleotides.

Loaded 20000 reads; formed:
  1416 stacks representing 16968 primary reads (84.8%)
  2302 secondary stacks representing 3032 secondary reads (15.2%)

Stack coverage: mean=11.98; stdev=15.33; max=230; n_reads=16968(84.8%)
Removing repetitive stacks: cov > 58 (mean+3*stdev)...
  Blacklisted 25 stacks.
Coverage after repeat removal: mean=10.60; stdev=6.82; max=53; n_reads=14747(73.7%)

Assembling stacks (max dist. M=2)...
  Assembled 1391 stacks into 1388; blacklisted 0 stacks.
Coverage after assembling stacks: mean=10.76; stdev=7.01; max=61; n_reads=14747(73.7%)

Merging secondary stacks (max dist. N=4 from consensus)...
  Merged 944 out of 3032 secondary reads (31.1%), 51 merged with gapped alignments.
Coverage after merging secondary stacks: mean=11.45; stdev=7.42; max=65; n_reads=15691(78.5%)

Assembling stacks, allowing for gaps (min. match length 80.0%)...
  Assembled 1388 stacks into 1353 stacks.
Coverage after gapped assembly: mean=11.75; stdev=7.57; max=65; n_reads=15691(78.5%)

Merging secondary stacks, allowing for gaps (min. match length 80.0%)...
  Merged 93 out of 2088 secondary reads (4.5%).
Coverage after merging gapped secondary stacks: mean=11.82; stdev=7.65; max=65; n_reads=15784(78.9%)

Final number of stacks built: 1353
Final coverage: mean=11.82; stdev=7.65; max=65; n_reads=15784(78.9%)
Calling consensus sequences and haplotypes for catalog assembly...
Writing tags, SNPs, and alleles files to './stacks/CGTACG_GGCAGATCTGTGCAGG'...done.
ustacks is done.

Sample 32 of 181 'CGTACG_GGCAGCGTTATGCAGG'
----------
ustacks --in-type fastq --file ./samples/CGTACG_GGCAGCGTTATGCAGG.1.fq --out-path ./stacks --name CGTACG_GGCAGCGTTATGCAGG -M 2 --threads 4  -m 4
ustacks parameters selected:
  Input file: './samples/CGTACG_GGCAGCGTTATGCAGG.1.fq'
  Min depth of coverage to create a stack (m): 4
  Repeat removal algorithm: enabled
  Max distance allowed between stacks (M): 2
  Max distance allowed to align secondary reads: 4
  Max number of stacks allowed per de novo locus: 3
  Deleveraging algorithm: disabled
  Gapped assembly: enabled
  Minimum alignment length: 0.8
  Model type: SNP
  Alpha significance level for model: 0.05

Loading RAD-Tags...
Warning: Input reads contained 4 uncalled nucleotides.

Loaded 20000 reads; formed:
  1047 stacks representing 16858 primary reads (84.3%)
  2625 secondary stacks representing 3142 secondary reads (15.7%)

Stack coverage: mean=16.10; stdev=26.01; max=343; n_reads=16858(84.3%)
Removing repetitive stacks: cov > 95 (mean+3*stdev)...
  Blacklisted 20 stacks.
Coverage after repeat removal: mean=13.51; stdev=9.08; max=77; n_reads=13878(69.4%)

Assembling stacks (max dist. M=2)...
  Assembled 1027 stacks into 1020; blacklisted 0 stacks.
Coverage after assembling stacks: mean=13.80; stdev=9.15; max=77; n_reads=13878(69.4%)

Merging secondary stacks (max dist. N=4 from consensus)...
  Merged 1543 out of 3142 secondary reads (49.1%), 123 merged with gapped alignments.
Coverage after merging secondary stacks: mean=15.33; stdev=10.28; max=87; n_reads=15421(77.1%)

Assembling stacks, allowing for gaps (min. match length 80.0%)...
  Assembled 1020 stacks into 996 stacks.
Coverage after gapped assembly: mean=15.70; stdev=10.58; max=87; n_reads=15421(77.1%)

Merging secondary stacks, allowing for gaps (min. match length 80.0%)...
  Merged 43 out of 1599 secondary reads (2.7%).
Coverage after merging gapped secondary stacks: mean=15.75; stdev=10.60; max=87; n_reads=15464(77.3%)

Final number of stacks built: 996
Final coverage: mean=15.75; stdev=10.60; max=87; n_reads=15464(77.3%)
Calling consensus sequences and haplotypes for catalog assembly...
Writing tags, SNPs, and alleles files to './stacks/CGTACG_GGCAGCGTTATGCAGG'...done.
ustacks is done.

Sample 33 of 181 'CGTACG_GGCATACCAATGCAGG'
----------
ustacks --in-type fastq --file ./samples/CGTACG_GGCATACCAATGCAGG.1.fq --out-path ./stacks --name CGTACG_GGCATACCAATGCAGG -M 2 --threads 4  -m 4
ustacks parameters selected:
  Input file: './samples/CGTACG_GGCATACCAATGCAGG.1.fq'
  Min depth of coverage to create a stack (m): 4
  Repeat removal algorithm: enabled
  Max distance allowed between stacks (M): 2
  Max distance allowed to align secondary reads: 4
  Max number of stacks allowed per de novo locus: 3
  Deleveraging algorithm: disabled
  Gapped assembly: enabled
  Minimum alignment length: 0.8
  Model type: SNP
  Alpha significance level for model: 0.05

Loading RAD-Tags...
Warning: Input reads contained 1 uncalled nucleotides.

Loaded 20000 reads; formed:
  1273 stacks representing 17203 primary reads (86.0%)
  2192 secondary stacks representing 2797 secondary reads (14.0%)

Stack coverage: mean=13.51; stdev=24.99; max=371; n_reads=17203(86.0%)
Removing repetitive stacks: cov > 89 (mean+3*stdev)...
  Blacklisted 27 stacks.
Coverage after repeat removal: mean=11.07; stdev=7.23; max=79; n_reads=13791(69.0%)

Assembling stacks (max dist. M=2)...
  Assembled 1246 stacks into 1245; blacklisted 0 stacks.
Coverage after assembling stacks: mean=11.22; stdev=7.40; max=79; n_reads=13791(69.0%)

Merging secondary stacks (max dist. N=4 from consensus)...
  Merged 918 out of 2797 secondary reads (32.8%), 52 merged with gapped alignments.
Coverage after merging secondary stacks: mean=11.97; stdev=7.95; max=84; n_reads=14709(73.5%)

Assembling stacks, allowing for gaps (min. match length 80.0%)...
  Assembled 1245 stacks into 1203 stacks.
Coverage after gapped assembly: mean=12.39; stdev=8.48; max=84; n_reads=14709(73.5%)

Merging secondary stacks, allowing for gaps (min. match length 80.0%)...
  Merged 84 out of 1879 secondary reads (4.5%).
Coverage after merging gapped secondary stacks: mean=12.46; stdev=8.51; max=84; n_reads=14793(74.0%)

Final number of stacks built: 1203
Final coverage: mean=12.46; stdev=8.51; max=84; n_reads=14793(74.0%)
Calling consensus sequences and haplotypes for catalog assembly...
Writing tags, SNPs, and alleles files to './stacks/CGTACG_GGCATACCAATGCAGG'...done.
ustacks is done.

Sample 34 of 181 'CGTACG_GGCATCAAGTTGCAGG'
----------
ustacks --in-type fastq --file ./samples/CGTACG_GGCATCAAGTTGCAGG.1.fq --out-path ./stacks --name CGTACG_GGCATCAAGTTGCAGG -M 2 --threads 4  -m 4
ustacks parameters selected:
  Input file: './samples/CGTACG_GGCATCAAGTTGCAGG.1.fq'
  Min depth of coverage to create a stack (m): 4
  Repeat removal algorithm: enabled
  Max distance allowed between stacks (M): 2
  Max distance allowed to align secondary reads: 4
  Max number of stacks allowed per de novo locus: 3
  Deleveraging algorithm: disabled
  Gapped assembly: enabled
  Minimum alignment length: 0.8
  Model type: SNP
  Alpha significance level for model: 0.05

Loading RAD-Tags...
Warning: Input reads contained 1 uncalled nucleotides.

Loaded 20000 reads; formed:
  1488 stacks representing 11969 primary reads (59.8%)
  5476 secondary stacks representing 8031 secondary reads (40.2%)

Stack coverage: mean=8.04; stdev=16.62; max=283; n_reads=11969(59.8%)
Removing repetitive stacks: cov > 58 (mean+3*stdev)...
  Blacklisted 17 stacks.
Coverage after repeat removal: mean=6.47; stdev=3.54; max=56; n_reads=9518(47.6%)

Assembling stacks (max dist. M=2)...
  Assembled 1471 stacks into 1474; blacklisted 0 stacks.
Coverage after assembling stacks: mean=6.53; stdev=3.71; max=64; n_reads=9518(47.6%)

Merging secondary stacks (max dist. N=4 from consensus)...
  Merged 510 out of 8031 secondary reads (6.4%), 35 merged with gapped alignments.
Coverage after merging secondary stacks: mean=6.88; stdev=4.05; max=75; n_reads=10028(50.1%)

Assembling stacks, allowing for gaps (min. match length 80.0%)...
  Assembled 1474 stacks into 1437 stacks.
Coverage after gapped assembly: mean=7.06; stdev=4.26; max=75; n_reads=10028(50.1%)

Merging secondary stacks, allowing for gaps (min. match length 80.0%)...
  Merged 371 out of 7521 secondary reads (4.9%).
Coverage after merging gapped secondary stacks: mean=7.32; stdev=4.59; max=75; n_reads=10399(52.0%)

Final number of stacks built: 1437
Final coverage: mean=7.32; stdev=4.59; max=75; n_reads=10399(52.0%)
Calling consensus sequences and haplotypes for catalog assembly...
Writing tags, SNPs, and alleles files to './stacks/CGTACG_GGCATCAAGTTGCAGG'...done.
ustacks is done.

Sample 35 of 181 'CGTACG_GGCCAGTTCATGCAGG'
----------
ustacks --in-type fastq --file ./samples/CGTACG_GGCCAGTTCATGCAGG.1.fq --out-path ./stacks --name CGTACG_GGCCAGTTCATGCAGG -M 2 --threads 4  -m 4
ustacks parameters selected:
  Input file: './samples/CGTACG_GGCCAGTTCATGCAGG.1.fq'
  Min depth of coverage to create a stack (m): 4
  Repeat removal algorithm: enabled
  Max distance allowed between stacks (M): 2
  Max distance allowed to align secondary reads: 4
  Max number of stacks allowed per de novo locus: 3
  Deleveraging algorithm: disabled
  Gapped assembly: enabled
  Minimum alignment length: 0.8
  Model type: SNP
  Alpha significance level for model: 0.05

Loading RAD-Tags...
Warning: Input reads contained 2 uncalled nucleotides.

Loaded 20000 reads; formed:
  1537 stacks representing 16429 primary reads (82.1%)
  2580 secondary stacks representing 3571 secondary reads (17.9%)

Stack coverage: mean=10.69; stdev=19.21; max=290; n_reads=16429(82.1%)
Removing repetitive stacks: cov > 69 (mean+3*stdev)...
  Blacklisted 18 stacks.
Coverage after repeat removal: mean=8.97; stdev=5.45; max=65; n_reads=13625(68.1%)

Assembling stacks (max dist. M=2)...
  Assembled 1519 stacks into 1512; blacklisted 0 stacks.
Coverage after assembling stacks: mean=9.10; stdev=5.59; max=65; n_reads=13625(68.1%)

Merging secondary stacks (max dist. N=4 from consensus)...
  Merged 813 out of 3571 secondary reads (22.8%), 54 merged with gapped alignments.
Coverage after merging secondary stacks: mean=9.64; stdev=6.01; max=79; n_reads=14438(72.2%)

Assembling stacks, allowing for gaps (min. match length 80.0%)...
  Assembled 1512 stacks into 1471 stacks.
Coverage after gapped assembly: mean=9.92; stdev=6.29; max=79; n_reads=14438(72.2%)

Merging secondary stacks, allowing for gaps (min. match length 80.0%)...
  Merged 159 out of 2758 secondary reads (5.8%).
Coverage after merging gapped secondary stacks: mean=10.03; stdev=6.34; max=80; n_reads=14597(73.0%)

Final number of stacks built: 1471
Final coverage: mean=10.03; stdev=6.34; max=80; n_reads=14597(73.0%)
Calling consensus sequences and haplotypes for catalog assembly...
Writing tags, SNPs, and alleles files to './stacks/CGTACG_GGCCAGTTCATGCAGG'...done.
ustacks is done.

Sample 36 of 181 'CGTACG_GGCCGAAGTATGCAGG'
----------
ustacks --in-type fastq --file ./samples/CGTACG_GGCCGAAGTATGCAGG.1.fq --out-path ./stacks --name CGTACG_GGCCGAAGTATGCAGG -M 2 --threads 4  -m 4
ustacks parameters selected:
  Input file: './samples/CGTACG_GGCCGAAGTATGCAGG.1.fq'
  Min depth of coverage to create a stack (m): 4
  Repeat removal algorithm: enabled
  Max distance allowed between stacks (M): 2
  Max distance allowed to align secondary reads: 4
  Max number of stacks allowed per de novo locus: 3
  Deleveraging algorithm: disabled
  Gapped assembly: enabled
  Minimum alignment length: 0.8
  Model type: SNP
  Alpha significance level for model: 0.05

Loading RAD-Tags...
Warning: Input reads contained 5 uncalled nucleotides.

Loaded 20000 reads; formed:
  1472 stacks representing 11603 primary reads (58.0%)
  5765 secondary stacks representing 8397 secondary reads (42.0%)

Stack coverage: mean=7.88; stdev=15.50; max=262; n_reads=11603(58.0%)
Removing repetitive stacks: cov > 55 (mean+3*stdev)...
  Blacklisted 20 stacks.
Coverage after repeat removal: mean=6.38; stdev=3.06; max=33; n_reads=9264(46.3%)

Assembling stacks (max dist. M=2)...
  Assembled 1452 stacks into 1460; blacklisted 0 stacks.
Coverage after assembling stacks: mean=6.42; stdev=3.10; max=33; n_reads=9264(46.3%)

Merging secondary stacks (max dist. N=4 from consensus)...
  Merged 516 out of 8397 secondary reads (6.1%), 38 merged with gapped alignments.
Coverage after merging secondary stacks: mean=6.78; stdev=3.34; max=34; n_reads=9780(48.9%)

Assembling stacks, allowing for gaps (min. match length 80.0%)...
  Assembled 1460 stacks into 1440 stacks.
Coverage after gapped assembly: mean=6.87; stdev=3.46; max=34; n_reads=9780(48.9%)

Merging secondary stacks, allowing for gaps (min. match length 80.0%)...
  Merged 214 out of 7881 secondary reads (2.7%).
Coverage after merging gapped secondary stacks: mean=7.02; stdev=3.63; max=34; n_reads=9994(50.0%)

Final number of stacks built: 1440
Final coverage: mean=7.02; stdev=3.63; max=34; n_reads=9994(50.0%)
Calling consensus sequences and haplotypes for catalog assembly...
Writing tags, SNPs, and alleles files to './stacks/CGTACG_GGCCGAAGTATGCAGG'...done.
ustacks is done.

Sample 37 of 181 'CGTACG_GGCCGTGAGATGCAGG'
----------
ustacks --in-type fastq --file ./samples/CGTACG_GGCCGTGAGATGCAGG.1.fq --out-path ./stacks --name CGTACG_GGCCGTGAGATGCAGG -M 2 --threads 4  -m 4
ustacks parameters selected:
  Input file: './samples/CGTACG_GGCCGTGAGATGCAGG.1.fq'
  Min depth of coverage to create a stack (m): 4
  Repeat removal algorithm: enabled
  Max distance allowed between stacks (M): 2
  Max distance allowed to align secondary reads: 4
  Max number of stacks allowed per de novo locus: 3
  Deleveraging algorithm: disabled
  Gapped assembly: enabled
  Minimum alignment length: 0.8
  Model type: SNP
  Alpha significance level for model: 0.05

Loading RAD-Tags...
Warning: Input reads contained 5 uncalled nucleotides.

Loaded 20000 reads; formed:
  1646 stacks representing 15970 primary reads (79.8%)
  2873 secondary stacks representing 4030 secondary reads (20.2%)

Stack coverage: mean=9.70; stdev=17.91; max=346; n_reads=15970(79.8%)
Removing repetitive stacks: cov > 64 (mean+3*stdev)...
  Blacklisted 20 stacks.
Coverage after repeat removal: mean=8.13; stdev=4.51; max=42; n_reads=13222(66.1%)

Assembling stacks (max dist. M=2)...
  Assembled 1626 stacks into 1635; blacklisted 0 stacks.
Coverage after assembling stacks: mean=8.17; stdev=4.56; max=42; n_reads=13222(66.1%)

Merging secondary stacks (max dist. N=4 from consensus)...
  Merged 783 out of 4030 secondary reads (19.4%), 53 merged with gapped alignments.
Coverage after merging secondary stacks: mean=8.65; stdev=4.90; max=43; n_reads=14005(70.0%)

Assembling stacks, allowing for gaps (min. match length 80.0%)...
  Assembled 1635 stacks into 1601 stacks.
Coverage after gapped assembly: mean=8.84; stdev=5.18; max=43; n_reads=14005(70.0%)

Merging secondary stacks, allowing for gaps (min. match length 80.0%)...
  Merged 144 out of 3247 secondary reads (4.4%).
Coverage after merging gapped secondary stacks: mean=8.93; stdev=5.29; max=45; n_reads=14149(70.7%)

Final number of stacks built: 1601
Final coverage: mean=8.93; stdev=5.29; max=45; n_reads=14149(70.7%)
Calling consensus sequences and haplotypes for catalog assembly...
Writing tags, SNPs, and alleles files to './stacks/CGTACG_GGCCGTGAGATGCAGG'...done.
ustacks is done.

Sample 38 of 181 'CGTACG_GGCCTCCTGATGCAGG'
----------
ustacks --in-type fastq --file ./samples/CGTACG_GGCCTCCTGATGCAGG.1.fq --out-path ./stacks --name CGTACG_GGCCTCCTGATGCAGG -M 2 --threads 4  -m 4
ustacks parameters selected:
  Input file: './samples/CGTACG_GGCCTCCTGATGCAGG.1.fq'
  Min depth of coverage to create a stack (m): 4
  Repeat removal algorithm: enabled
  Max distance allowed between stacks (M): 2
  Max distance allowed to align secondary reads: 4
  Max number of stacks allowed per de novo locus: 3
  Deleveraging algorithm: disabled
  Gapped assembly: enabled
  Minimum alignment length: 0.8
  Model type: SNP
  Alpha significance level for model: 0.05

Loading RAD-Tags...
Warning: Input reads contained 2 uncalled nucleotides.

Loaded 20000 reads; formed:
  1072 stacks representing 16797 primary reads (84.0%)
  2597 secondary stacks representing 3203 secondary reads (16.0%)

Stack coverage: mean=15.67; stdev=32.26; max=414; n_reads=16797(84.0%)
Removing repetitive stacks: cov > 113 (mean+3*stdev)...
  Blacklisted 22 stacks.
Coverage after repeat removal: mean=12.38; stdev=9.60; max=112; n_reads=12999(65.0%)

Assembling stacks (max dist. M=2)...
  Assembled 1050 stacks into 1039; blacklisted 0 stacks.
Coverage after assembling stacks: mean=12.68; stdev=9.87; max=116; n_reads=12999(65.0%)

Merging secondary stacks (max dist. N=4 from consensus)...
  Merged 1272 out of 3203 secondary reads (39.7%), 85 merged with gapped alignments.
Coverage after merging secondary stacks: mean=13.92; stdev=11.09; max=137; n_reads=14271(71.4%)

Assembling stacks, allowing for gaps (min. match length 80.0%)...
  Assembled 1039 stacks into 1006 stacks.
Coverage after gapped assembly: mean=14.39; stdev=11.54; max=137; n_reads=14271(71.4%)

Merging secondary stacks, allowing for gaps (min. match length 80.0%)...
  Merged 99 out of 1931 secondary reads (5.1%).
Coverage after merging gapped secondary stacks: mean=14.49; stdev=11.62; max=137; n_reads=14370(71.9%)

Final number of stacks built: 1006
Final coverage: mean=14.49; stdev=11.62; max=137; n_reads=14370(71.9%)
Calling consensus sequences and haplotypes for catalog assembly...
Writing tags, SNPs, and alleles files to './stacks/CGTACG_GGCCTCCTGATGCAGG'...done.
ustacks is done.

Sample 39 of 181 'CGTACG_GGCGAACTTATGCAGG'
----------
ustacks --in-type fastq --file ./samples/CGTACG_GGCGAACTTATGCAGG.1.fq --out-path ./stacks --name CGTACG_GGCGAACTTATGCAGG -M 2 --threads 4  -m 4
ustacks parameters selected:
  Input file: './samples/CGTACG_GGCGAACTTATGCAGG.1.fq'
  Min depth of coverage to create a stack (m): 4
  Repeat removal algorithm: enabled
  Max distance allowed between stacks (M): 2
  Max distance allowed to align secondary reads: 4
  Max number of stacks allowed per de novo locus: 3
  Deleveraging algorithm: disabled
  Gapped assembly: enabled
  Minimum alignment length: 0.8
  Model type: SNP
  Alpha significance level for model: 0.05

Loading RAD-Tags...
Warning: Input reads contained 2 uncalled nucleotides.

Loaded 20000 reads; formed:
  1425 stacks representing 16673 primary reads (83.4%)
  2496 secondary stacks representing 3327 secondary reads (16.6%)

Stack coverage: mean=11.70; stdev=23.63; max=363; n_reads=16673(83.4%)
Removing repetitive stacks: cov > 83 (mean+3*stdev)...
  Blacklisted 22 stacks.
Coverage after repeat removal: mean=9.55; stdev=5.83; max=48; n_reads=13398(67.0%)

Assembling stacks (max dist. M=2)...
  Assembled 1403 stacks into 1400; blacklisted 0 stacks.
Coverage after assembling stacks: mean=9.67; stdev=5.94; max=48; n_reads=13398(67.0%)

Merging secondary stacks (max dist. N=4 from consensus)...
  Merged 735 out of 3327 secondary reads (22.1%), 49 merged with gapped alignments.
Coverage after merging secondary stacks: mean=10.20; stdev=6.25; max=49; n_reads=14133(70.7%)

Assembling stacks, allowing for gaps (min. match length 80.0%)...
  Assembled 1400 stacks into 1360 stacks.
Coverage after gapped assembly: mean=10.51; stdev=6.54; max=49; n_reads=14133(70.7%)

Merging secondary stacks, allowing for gaps (min. match length 80.0%)...
  Merged 158 out of 2592 secondary reads (6.1%).
Coverage after merging gapped secondary stacks: mean=10.63; stdev=6.62; max=49; n_reads=14291(71.5%)

Final number of stacks built: 1360
Final coverage: mean=10.63; stdev=6.62; max=49; n_reads=14291(71.5%)
Calling consensus sequences and haplotypes for catalog assembly...
Writing tags, SNPs, and alleles files to './stacks/CGTACG_GGCGAACTTATGCAGG'...done.
ustacks is done.

Sample 40 of 181 'CGTACG_GGCGCATACATGCAGG'
----------
ustacks --in-type fastq --file ./samples/CGTACG_GGCGCATACATGCAGG.1.fq --out-path ./stacks --name CGTACG_GGCGCATACATGCAGG -M 2 --threads 4  -m 4
ustacks parameters selected:
  Input file: './samples/CGTACG_GGCGCATACATGCAGG.1.fq'
  Min depth of coverage to create a stack (m): 4
  Repeat removal algorithm: enabled
  Max distance allowed between stacks (M): 2
  Max distance allowed to align secondary reads: 4
  Max number of stacks allowed per de novo locus: 3
  Deleveraging algorithm: disabled
  Gapped assembly: enabled
  Minimum alignment length: 0.8
  Model type: SNP
  Alpha significance level for model: 0.05

Loading RAD-Tags...
Warning: Input reads contained 5 uncalled nucleotides.

Loaded 20000 reads; formed:
  1759 stacks representing 14462 primary reads (72.3%)
  3884 secondary stacks representing 5538 secondary reads (27.7%)

Stack coverage: mean=8.22; stdev=11.92; max=386; n_reads=14462(72.3%)
Removing repetitive stacks: cov > 44 (mean+3*stdev)...
  Blacklisted 6 stacks.
Coverage after repeat removal: mean=7.80; stdev=4.31; max=35; n_reads=13678(68.4%)

Assembling stacks (max dist. M=2)...
  Assembled 1753 stacks into 1709; blacklisted 5 stacks.
Coverage after assembling stacks: mean=7.90; stdev=4.50; max=48; n_reads=13431(67.2%)

Merging secondary stacks (max dist. N=4 from consensus)...
  Merged 988 out of 5538 secondary reads (17.8%), 46 merged with gapped alignments.
Coverage after merging secondary stacks: mean=8.48; stdev=4.91; max=50; n_reads=14419(72.1%)

Assembling stacks, allowing for gaps (min. match length 80.0%)...
  Assembled 1709 stacks into 1689 stacks.
Coverage after gapped assembly: mean=8.58; stdev=5.05; max=50; n_reads=14419(72.1%)

Merging secondary stacks, allowing for gaps (min. match length 80.0%)...
  Merged 138 out of 4550 secondary reads (3.0%).
Coverage after merging gapped secondary stacks: mean=8.66; stdev=5.12; max=50; n_reads=14557(72.8%)

Final number of stacks built: 1689
Final coverage: mean=8.66; stdev=5.12; max=50; n_reads=14557(72.8%)
Calling consensus sequences and haplotypes for catalog assembly...
Writing tags, SNPs, and alleles files to './stacks/CGTACG_GGCGCATACATGCAGG'...done.
ustacks is done.

Sample 41 of 181 'CGTACG_GGCTCAATGATGCAGG'
----------
ustacks --in-type fastq --file ./samples/CGTACG_GGCTCAATGATGCAGG.1.fq --out-path ./stacks --name CGTACG_GGCTCAATGATGCAGG -M 2 --threads 4  -m 4
ustacks parameters selected:
  Input file: './samples/CGTACG_GGCTCAATGATGCAGG.1.fq'
  Min depth of coverage to create a stack (m): 4
  Repeat removal algorithm: enabled
  Max distance allowed between stacks (M): 2
  Max distance allowed to align secondary reads: 4
  Max number of stacks allowed per de novo locus: 3
  Deleveraging algorithm: disabled
  Gapped assembly: enabled
  Minimum alignment length: 0.8
  Model type: SNP
  Alpha significance level for model: 0.05

Loading RAD-Tags...
Warning: Input reads contained 5 uncalled nucleotides.

Loaded 20000 reads; formed:
  1516 stacks representing 15532 primary reads (77.7%)
  3087 secondary stacks representing 4468 secondary reads (22.3%)

Stack coverage: mean=10.25; stdev=25.61; max=444; n_reads=15532(77.7%)
Removing repetitive stacks: cov > 88 (mean+3*stdev)...
  Blacklisted 22 stacks.
Coverage after repeat removal: mean=7.80; stdev=4.31; max=46; n_reads=11656(58.3%)

Assembling stacks (max dist. M=2)...
  Assembled 1494 stacks into 1492; blacklisted 0 stacks.
Coverage after assembling stacks: mean=7.90; stdev=4.49; max=46; n_reads=11656(58.3%)

Merging secondary stacks (max dist. N=4 from consensus)...
  Merged 670 out of 4468 secondary reads (15.0%), 42 merged with gapped alignments.
Coverage after merging secondary stacks: mean=8.35; stdev=4.80; max=50; n_reads=12326(61.6%)

Assembling stacks, allowing for gaps (min. match length 80.0%)...
  Assembled 1492 stacks into 1444 stacks.
Coverage after gapped assembly: mean=8.63; stdev=5.08; max=50; n_reads=12326(61.6%)

Merging secondary stacks, allowing for gaps (min. match length 80.0%)...
  Merged 240 out of 3798 secondary reads (6.3%).
Coverage after merging gapped secondary stacks: mean=8.80; stdev=5.23; max=50; n_reads=12566(62.8%)

Final number of stacks built: 1444
Final coverage: mean=8.80; stdev=5.23; max=50; n_reads=12566(62.8%)
Calling consensus sequences and haplotypes for catalog assembly...
Writing tags, SNPs, and alleles files to './stacks/CGTACG_GGCTCAATGATGCAGG'...done.
ustacks is done.

Sample 42 of 181 'CGTACG_GGCTGAGCCATGCAGG'
----------
ustacks --in-type fastq --file ./samples/CGTACG_GGCTGAGCCATGCAGG.1.fq --out-path ./stacks --name CGTACG_GGCTGAGCCATGCAGG -M 2 --threads 4  -m 4
ustacks parameters selected:
  Input file: './samples/CGTACG_GGCTGAGCCATGCAGG.1.fq'
  Min depth of coverage to create a stack (m): 4
  Repeat removal algorithm: enabled
  Max distance allowed between stacks (M): 2
  Max distance allowed to align secondary reads: 4
  Max number of stacks allowed per de novo locus: 3
  Deleveraging algorithm: disabled
  Gapped assembly: enabled
  Minimum alignment length: 0.8
  Model type: SNP
  Alpha significance level for model: 0.05

Loading RAD-Tags...
Warning: Input reads contained 4 uncalled nucleotides.

Loaded 20000 reads; formed:
  1360 stacks representing 17225 primary reads (86.1%)
  2193 secondary stacks representing 2775 secondary reads (13.9%)

Stack coverage: mean=12.67; stdev=20.38; max=307; n_reads=17225(86.1%)
Removing repetitive stacks: cov > 74 (mean+3*stdev)...
  Blacklisted 19 stacks.
Coverage after repeat removal: mean=10.74; stdev=6.86; max=55; n_reads=14396(72.0%)

Assembling stacks (max dist. M=2)...
  Assembled 1341 stacks into 1340; blacklisted 0 stacks.
Coverage after assembling stacks: mean=10.87; stdev=6.99; max=55; n_reads=14396(72.0%)

Merging secondary stacks (max dist. N=4 from consensus)...
  Merged 847 out of 2775 secondary reads (30.5%), 63 merged with gapped alignments.
Coverage after merging secondary stacks: mean=11.51; stdev=7.38; max=62; n_reads=15243(76.2%)

Assembling stacks, allowing for gaps (min. match length 80.0%)...
  Assembled 1340 stacks into 1312 stacks.
Coverage after gapped assembly: mean=11.76; stdev=7.54; max=62; n_reads=15243(76.2%)

Merging secondary stacks, allowing for gaps (min. match length 80.0%)...
  Merged 86 out of 1928 secondary reads (4.5%).
Coverage after merging gapped secondary stacks: mean=11.83; stdev=7.58; max=62; n_reads=15329(76.6%)

Final number of stacks built: 1312
Final coverage: mean=11.83; stdev=7.58; max=62; n_reads=15329(76.6%)
Calling consensus sequences and haplotypes for catalog assembly...
Writing tags, SNPs, and alleles files to './stacks/CGTACG_GGCTGAGCCATGCAGG'...done.
ustacks is done.

Sample 43 of 181 'CGTACG_GGCTGGCATATGCAGG'
----------
ustacks --in-type fastq --file ./samples/CGTACG_GGCTGGCATATGCAGG.1.fq --out-path ./stacks --name CGTACG_GGCTGGCATATGCAGG -M 2 --threads 4  -m 4
ustacks parameters selected:
  Input file: './samples/CGTACG_GGCTGGCATATGCAGG.1.fq'
  Min depth of coverage to create a stack (m): 4
  Repeat removal algorithm: enabled
  Max distance allowed between stacks (M): 2
  Max distance allowed to align secondary reads: 4
  Max number of stacks allowed per de novo locus: 3
  Deleveraging algorithm: disabled
  Gapped assembly: enabled
  Minimum alignment length: 0.8
  Model type: SNP
  Alpha significance level for model: 0.05

Loading RAD-Tags...

Loaded 20000 reads; formed:
  1438 stacks representing 16900 primary reads (84.5%)
  2298 secondary stacks representing 3100 secondary reads (15.5%)

Stack coverage: mean=11.75; stdev=25.93; max=448; n_reads=16900(84.5%)
Removing repetitive stacks: cov > 90 (mean+3*stdev)...
  Blacklisted 19 stacks.
Coverage after repeat removal: mean=9.27; stdev=5.55; max=73; n_reads=13160(65.8%)

Assembling stacks (max dist. M=2)...
  Assembled 1419 stacks into 1421; blacklisted 0 stacks.
Coverage after assembling stacks: mean=9.37; stdev=5.63; max=73; n_reads=13160(65.8%)

Merging secondary stacks (max dist. N=4 from consensus)...
  Merged 760 out of 3100 secondary reads (24.5%), 45 merged with gapped alignments.
Coverage after merging secondary stacks: mean=9.91; stdev=5.95; max=75; n_reads=13920(69.6%)

Assembling stacks, allowing for gaps (min. match length 80.0%)...
  Assembled 1421 stacks into 1384 stacks.
Coverage after gapped assembly: mean=10.18; stdev=6.20; max=75; n_reads=13920(69.6%)

Merging secondary stacks, allowing for gaps (min. match length 80.0%)...
  Merged 139 out of 2340 secondary reads (5.9%).
Coverage after merging gapped secondary stacks: mean=10.28; stdev=6.26; max=75; n_reads=14059(70.3%)

Final number of stacks built: 1384
Final coverage: mean=10.28; stdev=6.26; max=75; n_reads=14059(70.3%)
Calling consensus sequences and haplotypes for catalog assembly...
Writing tags, SNPs, and alleles files to './stacks/CGTACG_GGCTGGCATATGCAGG'...done.
ustacks is done.

Sample 44 of 181 'CGTACG_GGGAACAGGCTGCAGG'
----------
ustacks --in-type fastq --file ./samples/CGTACG_GGGAACAGGCTGCAGG.1.fq --out-path ./stacks --name CGTACG_GGGAACAGGCTGCAGG -M 2 --threads 4  -m 4
ustacks parameters selected:
  Input file: './samples/CGTACG_GGGAACAGGCTGCAGG.1.fq'
  Min depth of coverage to create a stack (m): 4
  Repeat removal algorithm: enabled
  Max distance allowed between stacks (M): 2
  Max distance allowed to align secondary reads: 4
  Max number of stacks allowed per de novo locus: 3
  Deleveraging algorithm: disabled
  Gapped assembly: enabled
  Minimum alignment length: 0.8
  Model type: SNP
  Alpha significance level for model: 0.05

Loading RAD-Tags...
Warning: Input reads contained 6 uncalled nucleotides.

Loaded 20000 reads; formed:
  1837 stacks representing 14894 primary reads (74.5%)
  3406 secondary stacks representing 5106 secondary reads (25.5%)

Stack coverage: mean=8.11; stdev=6.30; max=94; n_reads=14894(74.5%)
Removing repetitive stacks: cov > 28 (mean+3*stdev)...
  Blacklisted 22 stacks.
Coverage after repeat removal: mean=7.62; stdev=3.96; max=28; n_reads=13834(69.2%)

Assembling stacks (max dist. M=2)...
  Assembled 1815 stacks into 1826; blacklisted 0 stacks.
Coverage after assembling stacks: mean=7.66; stdev=4.00; max=28; n_reads=13834(69.2%)

Merging secondary stacks (max dist. N=4 from consensus)...
  Merged 818 out of 5106 secondary reads (16.0%), 52 merged with gapped alignments.
Coverage after merging secondary stacks: mean=8.12; stdev=4.26; max=30; n_reads=14652(73.3%)

Assembling stacks, allowing for gaps (min. match length 80.0%)...
  Assembled 1826 stacks into 1815 stacks.
Coverage after gapped assembly: mean=8.17; stdev=4.31; max=30; n_reads=14652(73.3%)

Merging secondary stacks, allowing for gaps (min. match length 80.0%)...
  Merged 39 out of 4288 secondary reads (0.9%).
Coverage after merging gapped secondary stacks: mean=8.19; stdev=4.32; max=30; n_reads=14691(73.5%)

Final number of stacks built: 1815
Final coverage: mean=8.19; stdev=4.32; max=30; n_reads=14691(73.5%)
Calling consensus sequences and haplotypes for catalog assembly...
Writing tags, SNPs, and alleles files to './stacks/CGTACG_GGGAACAGGCTGCAGG'...done.
ustacks is done.

Sample 45 of 181 'CGTACG_GGGAATCTGATGCAGG'
----------
ustacks --in-type fastq --file ./samples/CGTACG_GGGAATCTGATGCAGG.1.fq --out-path ./stacks --name CGTACG_GGGAATCTGATGCAGG -M 2 --threads 4  -m 4
ustacks parameters selected:
  Input file: './samples/CGTACG_GGGAATCTGATGCAGG.1.fq'
  Min depth of coverage to create a stack (m): 4
  Repeat removal algorithm: enabled
  Max distance allowed between stacks (M): 2
  Max distance allowed to align secondary reads: 4
  Max number of stacks allowed per de novo locus: 3
  Deleveraging algorithm: disabled
  Gapped assembly: enabled
  Minimum alignment length: 0.8
  Model type: SNP
  Alpha significance level for model: 0.05

Loading RAD-Tags...

Loaded 20000 reads; formed:
  1260 stacks representing 17091 primary reads (85.5%)
  2290 secondary stacks representing 2909 secondary reads (14.5%)

Stack coverage: mean=13.56; stdev=24.71; max=414; n_reads=17091(85.5%)
Removing repetitive stacks: cov > 88 (mean+3*stdev)...
  Blacklisted 22 stacks.
Coverage after repeat removal: mean=11.03; stdev=7.21; max=83; n_reads=13655(68.3%)

Assembling stacks (max dist. M=2)...
  Assembled 1238 stacks into 1232; blacklisted 0 stacks.
Coverage after assembling stacks: mean=11.24; stdev=7.31; max=83; n_reads=13655(68.3%)

Merging secondary stacks (max dist. N=4 from consensus)...
  Merged 944 out of 2909 secondary reads (32.5%), 44 merged with gapped alignments.
Coverage after merging secondary stacks: mean=12.02; stdev=7.96; max=100; n_reads=14599(73.0%)

Assembling stacks, allowing for gaps (min. match length 80.0%)...
  Assembled 1232 stacks into 1191 stacks.
Coverage after gapped assembly: mean=12.44; stdev=8.31; max=100; n_reads=14599(73.0%)

Merging secondary stacks, allowing for gaps (min. match length 80.0%)...
  Merged 90 out of 1965 secondary reads (4.6%).
Coverage after merging gapped secondary stacks: mean=12.51; stdev=8.39; max=100; n_reads=14689(73.4%)

Final number of stacks built: 1191
Final coverage: mean=12.51; stdev=8.39; max=100; n_reads=14689(73.4%)
Calling consensus sequences and haplotypes for catalog assembly...
Writing tags, SNPs, and alleles files to './stacks/CGTACG_GGGAATCTGATGCAGG'...done.
ustacks is done.

Sample 46 of 181 'CGTACG_GGGAGCTGAATGCAGG'
----------
ustacks --in-type fastq --file ./samples/CGTACG_GGGAGCTGAATGCAGG.1.fq --out-path ./stacks --name CGTACG_GGGAGCTGAATGCAGG -M 2 --threads 4  -m 4
ustacks parameters selected:
  Input file: './samples/CGTACG_GGGAGCTGAATGCAGG.1.fq'
  Min depth of coverage to create a stack (m): 4
  Repeat removal algorithm: enabled
  Max distance allowed between stacks (M): 2
  Max distance allowed to align secondary reads: 4
  Max number of stacks allowed per de novo locus: 3
  Deleveraging algorithm: disabled
  Gapped assembly: enabled
  Minimum alignment length: 0.8
  Model type: SNP
  Alpha significance level for model: 0.05

Loading RAD-Tags...
Warning: Input reads contained 4 uncalled nucleotides.

Loaded 20000 reads; formed:
  1167 stacks representing 17148 primary reads (85.7%)
  2282 secondary stacks representing 2852 secondary reads (14.3%)

Stack coverage: mean=14.69; stdev=33.61; max=440; n_reads=17148(85.7%)
Removing repetitive stacks: cov > 116 (mean+3*stdev)...
  Blacklisted 27 stacks.
Coverage after repeat removal: mean=11.25; stdev=8.16; max=105; n_reads=12820(64.1%)

Assembling stacks (max dist. M=2)...
  Assembled 1140 stacks into 1140; blacklisted 0 stacks.
Coverage after assembling stacks: mean=11.40; stdev=8.24; max=105; n_reads=12820(64.1%)

Merging secondary stacks (max dist. N=4 from consensus)...
  Merged 1021 out of 2852 secondary reads (35.8%), 99 merged with gapped alignments.
Coverage after merging secondary stacks: mean=12.30; stdev=9.11; max=130; n_reads=13841(69.2%)

Assembling stacks, allowing for gaps (min. match length 80.0%)...
  Assembled 1140 stacks into 1100 stacks.
Coverage after gapped assembly: mean=12.76; stdev=9.74; max=130; n_reads=13841(69.2%)

Merging secondary stacks, allowing for gaps (min. match length 80.0%)...
  Merged 104 out of 1831 secondary reads (5.7%).
Coverage after merging gapped secondary stacks: mean=12.85; stdev=9.83; max=133; n_reads=13945(69.7%)

Final number of stacks built: 1100
Final coverage: mean=12.85; stdev=9.83; max=133; n_reads=13945(69.7%)
Calling consensus sequences and haplotypes for catalog assembly...
Writing tags, SNPs, and alleles files to './stacks/CGTACG_GGGAGCTGAATGCAGG'...done.
ustacks is done.

Sample 47 of 181 'CGTACG_GGGCCAAGACTGCAGG'
----------
ustacks --in-type fastq --file ./samples/CGTACG_GGGCCAAGACTGCAGG.1.fq --out-path ./stacks --name CGTACG_GGGCCAAGACTGCAGG -M 2 --threads 4  -m 4
ustacks parameters selected:
  Input file: './samples/CGTACG_GGGCCAAGACTGCAGG.1.fq'
  Min depth of coverage to create a stack (m): 4
  Repeat removal algorithm: enabled
  Max distance allowed between stacks (M): 2
  Max distance allowed to align secondary reads: 4
  Max number of stacks allowed per de novo locus: 3
  Deleveraging algorithm: disabled
  Gapped assembly: enabled
  Minimum alignment length: 0.8
  Model type: SNP
  Alpha significance level for model: 0.05

Loading RAD-Tags...
Warning: Input reads contained 3 uncalled nucleotides.

Loaded 20000 reads; formed:
  1589 stacks representing 16744 primary reads (83.7%)
  2399 secondary stacks representing 3256 secondary reads (16.3%)

Stack coverage: mean=10.54; stdev=12.37; max=201; n_reads=16744(83.7%)
Removing repetitive stacks: cov > 48 (mean+3*stdev)...
  Blacklisted 15 stacks.
Coverage after repeat removal: mean=9.58; stdev=5.60; max=40; n_reads=15083(75.4%)

Assembling stacks (max dist. M=2)...
  Assembled 1574 stacks into 1559; blacklisted 0 stacks.
Coverage after assembling stacks: mean=9.76; stdev=5.78; max=45; n_reads=15083(75.4%)

Merging secondary stacks (max dist. N=4 from consensus)...
  Merged 972 out of 3256 secondary reads (29.9%), 77 merged with gapped alignments.
Coverage after merging secondary stacks: mean=10.39; stdev=6.25; max=50; n_reads=16055(80.3%)

Assembling stacks, allowing for gaps (min. match length 80.0%)...
  Assembled 1559 stacks into 1526 stacks.
Coverage after gapped assembly: mean=10.62; stdev=6.45; max=50; n_reads=16055(80.3%)

Merging secondary stacks, allowing for gaps (min. match length 80.0%)...
  Merged 86 out of 2284 secondary reads (3.8%).
Coverage after merging gapped secondary stacks: mean=10.68; stdev=6.46; max=50; n_reads=16141(80.7%)

Final number of stacks built: 1526
Final coverage: mean=10.68; stdev=6.46; max=50; n_reads=16141(80.7%)
Calling consensus sequences and haplotypes for catalog assembly...
Writing tags, SNPs, and alleles files to './stacks/CGTACG_GGGCCAAGACTGCAGG'...done.
ustacks is done.

Sample 48 of 181 'CGTACG_GGGCCACATATGCAGG'
----------
ustacks --in-type fastq --file ./samples/CGTACG_GGGCCACATATGCAGG.1.fq --out-path ./stacks --name CGTACG_GGGCCACATATGCAGG -M 2 --threads 4  -m 4
ustacks parameters selected:
  Input file: './samples/CGTACG_GGGCCACATATGCAGG.1.fq'
  Min depth of coverage to create a stack (m): 4
  Repeat removal algorithm: enabled
  Max distance allowed between stacks (M): 2
  Max distance allowed to align secondary reads: 4
  Max number of stacks allowed per de novo locus: 3
  Deleveraging algorithm: disabled
  Gapped assembly: enabled
  Minimum alignment length: 0.8
  Model type: SNP
  Alpha significance level for model: 0.05

Loading RAD-Tags...
Warning: Input reads contained 3 uncalled nucleotides.

Loaded 20000 reads; formed:
  1274 stacks representing 17036 primary reads (85.2%)
  2364 secondary stacks representing 2964 secondary reads (14.8%)

Stack coverage: mean=13.37; stdev=24.22; max=365; n_reads=17036(85.2%)
Removing repetitive stacks: cov > 87 (mean+3*stdev)...
  Blacklisted 21 stacks.
Coverage after repeat removal: mean=11.06; stdev=7.38; max=80; n_reads=13855(69.3%)

Assembling stacks (max dist. M=2)...
  Assembled 1253 stacks into 1252; blacklisted 0 stacks.
Coverage after assembling stacks: mean=11.20; stdev=7.48; max=80; n_reads=13855(69.3%)

Merging secondary stacks (max dist. N=4 from consensus)...
  Merged 1012 out of 2964 secondary reads (34.1%), 57 merged with gapped alignments.
Coverage after merging secondary stacks: mean=12.02; stdev=8.02; max=86; n_reads=14867(74.3%)

Assembling stacks, allowing for gaps (min. match length 80.0%)...
  Assembled 1252 stacks into 1222 stacks.
Coverage after gapped assembly: mean=12.32; stdev=8.29; max=86; n_reads=14867(74.3%)

Merging secondary stacks, allowing for gaps (min. match length 80.0%)...
  Merged 74 out of 1952 secondary reads (3.8%).
Coverage after merging gapped secondary stacks: mean=12.38; stdev=8.31; max=86; n_reads=14941(74.7%)

Final number of stacks built: 1222
Final coverage: mean=12.38; stdev=8.31; max=86; n_reads=14941(74.7%)
Calling consensus sequences and haplotypes for catalog assembly...
Writing tags, SNPs, and alleles files to './stacks/CGTACG_GGGCCACATATGCAGG'...done.
ustacks is done.

Sample 49 of 181 'CGTACG_GGGCGAGTAATGCAGG'
----------
ustacks --in-type fastq --file ./samples/CGTACG_GGGCGAGTAATGCAGG.1.fq --out-path ./stacks --name CGTACG_GGGCGAGTAATGCAGG -M 2 --threads 4  -m 4
ustacks parameters selected:
  Input file: './samples/CGTACG_GGGCGAGTAATGCAGG.1.fq'
  Min depth of coverage to create a stack (m): 4
  Repeat removal algorithm: enabled
  Max distance allowed between stacks (M): 2
  Max distance allowed to align secondary reads: 4
  Max number of stacks allowed per de novo locus: 3
  Deleveraging algorithm: disabled
  Gapped assembly: enabled
  Minimum alignment length: 0.8
  Model type: SNP
  Alpha significance level for model: 0.05

Loading RAD-Tags...
Warning: Input reads contained 2 uncalled nucleotides.

Loaded 20000 reads; formed:
  1431 stacks representing 16894 primary reads (84.5%)
  2337 secondary stacks representing 3106 secondary reads (15.5%)

Stack coverage: mean=11.81; stdev=21.98; max=376; n_reads=16894(84.5%)
Removing repetitive stacks: cov > 78 (mean+3*stdev)...
  Blacklisted 18 stacks.
Coverage after repeat removal: mean=9.73; stdev=6.19; max=70; n_reads=13746(68.7%)

Assembling stacks (max dist. M=2)...
  Assembled 1413 stacks into 1425; blacklisted 0 stacks.
Coverage after assembling stacks: mean=9.76; stdev=6.19; max=70; n_reads=13746(68.7%)

Merging secondary stacks (max dist. N=4 from consensus)...
  Merged 886 out of 3106 secondary reads (28.5%), 58 merged with gapped alignments.
Coverage after merging secondary stacks: mean=10.38; stdev=6.57; max=73; n_reads=14632(73.2%)

Assembling stacks, allowing for gaps (min. match length 80.0%)...
  Assembled 1425 stacks into 1392 stacks.
Coverage after gapped assembly: mean=10.63; stdev=6.82; max=73; n_reads=14632(73.2%)

Merging secondary stacks, allowing for gaps (min. match length 80.0%)...
  Merged 115 out of 2220 secondary reads (5.2%).
Coverage after merging gapped secondary stacks: mean=10.72; stdev=6.84; max=73; n_reads=14747(73.7%)

Final number of stacks built: 1392
Final coverage: mean=10.72; stdev=6.84; max=73; n_reads=14747(73.7%)
Calling consensus sequences and haplotypes for catalog assembly...
Writing tags, SNPs, and alleles files to './stacks/CGTACG_GGGCGAGTAATGCAGG'...done.
ustacks is done.

Sample 50 of 181 'CGTACG_GGGGTGCGAATGCAGG'
----------
ustacks --in-type fastq --file ./samples/CGTACG_GGGGTGCGAATGCAGG.1.fq --out-path ./stacks --name CGTACG_GGGGTGCGAATGCAGG -M 2 --threads 4  -m 4
ustacks parameters selected:
  Input file: './samples/CGTACG_GGGGTGCGAATGCAGG.1.fq'
  Min depth of coverage to create a stack (m): 4
  Repeat removal algorithm: enabled
  Max distance allowed between stacks (M): 2
  Max distance allowed to align secondary reads: 4
  Max number of stacks allowed per de novo locus: 3
  Deleveraging algorithm: disabled
  Gapped assembly: enabled
  Minimum alignment length: 0.8
  Model type: SNP
  Alpha significance level for model: 0.05

Loading RAD-Tags...
Warning: Input reads contained 6 uncalled nucleotides.

Loaded 20000 reads; formed:
  1065 stacks representing 17115 primary reads (85.6%)
  2459 secondary stacks representing 2885 secondary reads (14.4%)

Stack coverage: mean=16.07; stdev=17.05; max=221; n_reads=17115(85.6%)
Removing repetitive stacks: cov > 68 (mean+3*stdev)...
  Blacklisted 12 stacks.
Coverage after repeat removal: mean=14.74; stdev=9.88; max=68; n_reads=15519(77.6%)

Assembling stacks (max dist. M=2)...
  Assembled 1053 stacks into 1046; blacklisted 0 stacks.
Coverage after assembling stacks: mean=14.99; stdev=10.05; max=77; n_reads=15519(77.6%)

Merging secondary stacks (max dist. N=4 from consensus)...
  Merged 1599 out of 2885 secondary reads (55.4%), 116 merged with gapped alignments.
Coverage after merging secondary stacks: mean=16.54; stdev=10.96; max=86; n_reads=17118(85.6%)

Assembling stacks, allowing for gaps (min. match length 80.0%)...
  Assembled 1046 stacks into 1031 stacks.
Coverage after gapped assembly: mean=16.78; stdev=11.14; max=86; n_reads=17118(85.6%)

Merging secondary stacks, allowing for gaps (min. match length 80.0%)...
  Merged 30 out of 1286 secondary reads (2.3%).
Coverage after merging gapped secondary stacks: mean=16.81; stdev=11.15; max=86; n_reads=17148(85.7%)

Final number of stacks built: 1031
Final coverage: mean=16.81; stdev=11.15; max=86; n_reads=17148(85.7%)
Calling consensus sequences and haplotypes for catalog assembly...
Writing tags, SNPs, and alleles files to './stacks/CGTACG_GGGGTGCGAATGCAGG'...done.
ustacks is done.

Sample 51 of 181 'CGTACG_GGTATCAGCATGCAGG'
----------
ustacks --in-type fastq --file ./samples/CGTACG_GGTATCAGCATGCAGG.1.fq --out-path ./stacks --name CGTACG_GGTATCAGCATGCAGG -M 2 --threads 4  -m 4
ustacks parameters selected:
  Input file: './samples/CGTACG_GGTATCAGCATGCAGG.1.fq'
  Min depth of coverage to create a stack (m): 4
  Repeat removal algorithm: enabled
  Max distance allowed between stacks (M): 2
  Max distance allowed to align secondary reads: 4
  Max number of stacks allowed per de novo locus: 3
  Deleveraging algorithm: disabled
  Gapped assembly: enabled
  Minimum alignment length: 0.8
  Model type: SNP
  Alpha significance level for model: 0.05

Loading RAD-Tags...
Warning: Input reads contained 2 uncalled nucleotides.

Loaded 20000 reads; formed:
  1296 stacks representing 16567 primary reads (82.8%)
  2716 secondary stacks representing 3433 secondary reads (17.2%)

Stack coverage: mean=12.78; stdev=22.64; max=327; n_reads=16567(82.8%)
Removing repetitive stacks: cov > 81 (mean+3*stdev)...
  Blacklisted 13 stacks.
Coverage after repeat removal: mean=10.92; stdev=7.12; max=81; n_reads=14008(70.0%)

Assembling stacks (max dist. M=2)...
  Assembled 1283 stacks into 1276; blacklisted 0 stacks.
Coverage after assembling stacks: mean=11.07; stdev=7.24; max=81; n_reads=14008(70.0%)

Merging secondary stacks (max dist. N=4 from consensus)...
  Merged 954 out of 3433 secondary reads (27.8%), 47 merged with gapped alignments.
Coverage after merging secondary stacks: mean=11.83; stdev=7.72; max=83; n_reads=14962(74.8%)

Assembling stacks, allowing for gaps (min. match length 80.0%)...
  Assembled 1276 stacks into 1248 stacks.
Coverage after gapped assembly: mean=12.10; stdev=8.03; max=83; n_reads=14962(74.8%)

Merging secondary stacks, allowing for gaps (min. match length 80.0%)...
  Merged 90 out of 2479 secondary reads (3.6%).
Coverage after merging gapped secondary stacks: mean=12.17; stdev=8.06; max=83; n_reads=15052(75.3%)

Final number of stacks built: 1248
Final coverage: mean=12.17; stdev=8.06; max=83; n_reads=15052(75.3%)
Calling consensus sequences and haplotypes for catalog assembly...
Writing tags, SNPs, and alleles files to './stacks/CGTACG_GGTATCAGCATGCAGG'...done.
ustacks is done.

Sample 52 of 181 'CGTACG_GGTCCGTCTATGCAGG'
----------
ustacks --in-type fastq --file ./samples/CGTACG_GGTCCGTCTATGCAGG.1.fq --out-path ./stacks --name CGTACG_GGTCCGTCTATGCAGG -M 2 --threads 4  -m 4
ustacks parameters selected:
  Input file: './samples/CGTACG_GGTCCGTCTATGCAGG.1.fq'
  Min depth of coverage to create a stack (m): 4
  Repeat removal algorithm: enabled
  Max distance allowed between stacks (M): 2
  Max distance allowed to align secondary reads: 4
  Max number of stacks allowed per de novo locus: 3
  Deleveraging algorithm: disabled
  Gapped assembly: enabled
  Minimum alignment length: 0.8
  Model type: SNP
  Alpha significance level for model: 0.05

Loading RAD-Tags...
Warning: Input reads contained 1 uncalled nucleotides.

Loaded 20000 reads; formed:
  1156 stacks representing 16724 primary reads (83.6%)
  2733 secondary stacks representing 3276 secondary reads (16.4%)

Stack coverage: mean=14.47; stdev=15.00; max=218; n_reads=16724(83.6%)
Removing repetitive stacks: cov > 60 (mean+3*stdev)...
  Blacklisted 15 stacks.
Coverage after repeat removal: mean=13.23; stdev=8.97; max=60; n_reads=15101(75.5%)

Assembling stacks (max dist. M=2)...
  Assembled 1141 stacks into 1127; blacklisted 0 stacks.
Coverage after assembling stacks: mean=13.58; stdev=9.11; max=60; n_reads=15101(75.5%)

Merging secondary stacks (max dist. N=4 from consensus)...
  Merged 1592 out of 3276 secondary reads (48.6%), 136 merged with gapped alignments.
Coverage after merging secondary stacks: mean=15.01; stdev=10.02; max=68; n_reads=16693(83.5%)

Assembling stacks, allowing for gaps (min. match length 80.0%)...
  Assembled 1127 stacks into 1111 stacks.
Coverage after gapped assembly: mean=15.23; stdev=10.26; max=74; n_reads=16693(83.5%)

Merging secondary stacks, allowing for gaps (min. match length 80.0%)...
  Merged 18 out of 1684 secondary reads (1.1%).
Coverage after merging gapped secondary stacks: mean=15.25; stdev=10.27; max=74; n_reads=16711(83.6%)

Final number of stacks built: 1111
Final coverage: mean=15.25; stdev=10.27; max=74; n_reads=16711(83.6%)
Calling consensus sequences and haplotypes for catalog assembly...
Writing tags, SNPs, and alleles files to './stacks/CGTACG_GGTCCGTCTATGCAGG'...done.
ustacks is done.

Sample 53 of 181 'CGTACG_GGTCTTCACATGCAGG'
----------
ustacks --in-type fastq --file ./samples/CGTACG_GGTCTTCACATGCAGG.1.fq --out-path ./stacks --name CGTACG_GGTCTTCACATGCAGG -M 2 --threads 4  -m 4
ustacks parameters selected:
  Input file: './samples/CGTACG_GGTCTTCACATGCAGG.1.fq'
  Min depth of coverage to create a stack (m): 4
  Repeat removal algorithm: enabled
  Max distance allowed between stacks (M): 2
  Max distance allowed to align secondary reads: 4
  Max number of stacks allowed per de novo locus: 3
  Deleveraging algorithm: disabled
  Gapped assembly: enabled
  Minimum alignment length: 0.8
  Model type: SNP
  Alpha significance level for model: 0.05

Loading RAD-Tags...
Warning: Input reads contained 7 uncalled nucleotides.

Loaded 20000 reads; formed:
  1022 stacks representing 16834 primary reads (84.2%)
  2650 secondary stacks representing 3166 secondary reads (15.8%)

Stack coverage: mean=16.47; stdev=21.69; max=330; n_reads=16834(84.2%)
Removing repetitive stacks: cov > 82 (mean+3*stdev)...
  Blacklisted 23 stacks.
Coverage after repeat removal: mean=14.26; stdev=9.52; max=60; n_reads=14248(71.2%)

Assembling stacks (max dist. M=2)...
  Assembled 999 stacks into 989; blacklisted 0 stacks.
Coverage after assembling stacks: mean=14.64; stdev=9.70; max=64; n_reads=14248(71.2%)

Merging secondary stacks (max dist. N=4 from consensus)...
  Merged 1348 out of 3166 secondary reads (42.6%), 117 merged with gapped alignments.
Coverage after merging secondary stacks: mean=16.03; stdev=10.53; max=73; n_reads=15596(78.0%)

Assembling stacks, allowing for gaps (min. match length 80.0%)...
  Assembled 989 stacks into 959 stacks.
Coverage after gapped assembly: mean=16.54; stdev=10.81; max=73; n_reads=15596(78.0%)

Merging secondary stacks, allowing for gaps (min. match length 80.0%)...
  Merged 52 out of 1818 secondary reads (2.9%).
Coverage after merging gapped secondary stacks: mean=16.59; stdev=10.84; max=73; n_reads=15648(78.2%)

Final number of stacks built: 959
Final coverage: mean=16.59; stdev=10.84; max=73; n_reads=15648(78.2%)
Calling consensus sequences and haplotypes for catalog assembly...
Writing tags, SNPs, and alleles files to './stacks/CGTACG_GGTCTTCACATGCAGG'...done.
ustacks is done.

Sample 54 of 181 'CGTACG_GGTGGAACAATGCAGG'
----------
ustacks --in-type fastq --file ./samples/CGTACG_GGTGGAACAATGCAGG.1.fq --out-path ./stacks --name CGTACG_GGTGGAACAATGCAGG -M 2 --threads 4  -m 4
ustacks parameters selected:
  Input file: './samples/CGTACG_GGTGGAACAATGCAGG.1.fq'
  Min depth of coverage to create a stack (m): 4
  Repeat removal algorithm: enabled
  Max distance allowed between stacks (M): 2
  Max distance allowed to align secondary reads: 4
  Max number of stacks allowed per de novo locus: 3
  Deleveraging algorithm: disabled
  Gapped assembly: enabled
  Minimum alignment length: 0.8
  Model type: SNP
  Alpha significance level for model: 0.05

Loading RAD-Tags...
Warning: Input reads contained 8 uncalled nucleotides.

Loaded 20000 reads; formed:
  1618 stacks representing 16445 primary reads (82.2%)
  2560 secondary stacks representing 3555 secondary reads (17.8%)

Stack coverage: mean=10.16; stdev=10.84; max=156; n_reads=16445(82.2%)
Removing repetitive stacks: cov > 43 (mean+3*stdev)...
  Blacklisted 22 stacks.
Coverage after repeat removal: mean=9.26; stdev=5.65; max=39; n_reads=14781(73.9%)

Assembling stacks (max dist. M=2)...
  Assembled 1596 stacks into 1601; blacklisted 0 stacks.
Coverage after assembling stacks: mean=9.34; stdev=5.78; max=40; n_reads=14781(73.9%)

Merging secondary stacks (max dist. N=4 from consensus)...
  Merged 805 out of 3555 secondary reads (22.6%), 61 merged with gapped alignments.
Coverage after merging secondary stacks: mean=9.85; stdev=6.11; max=45; n_reads=15586(77.9%)

Assembling stacks, allowing for gaps (min. match length 80.0%)...
  Assembled 1601 stacks into 1573 stacks.
Coverage after gapped assembly: mean=10.02; stdev=6.22; max=45; n_reads=15586(77.9%)

Merging secondary stacks, allowing for gaps (min. match length 80.0%)...
  Merged 99 out of 2750 secondary reads (3.6%).
Coverage after merging gapped secondary stacks: mean=10.09; stdev=6.22; max=45; n_reads=15685(78.4%)

Final number of stacks built: 1573
Final coverage: mean=10.09; stdev=6.22; max=45; n_reads=15685(78.4%)
Calling consensus sequences and haplotypes for catalog assembly...
Writing tags, SNPs, and alleles files to './stacks/CGTACG_GGTGGAACAATGCAGG'...done.
ustacks is done.

Sample 55 of 181 'CGTACG_GGTGGCTTCATGCAGG'
----------
ustacks --in-type fastq --file ./samples/CGTACG_GGTGGCTTCATGCAGG.1.fq --out-path ./stacks --name CGTACG_GGTGGCTTCATGCAGG -M 2 --threads 4  -m 4
ustacks parameters selected:
  Input file: './samples/CGTACG_GGTGGCTTCATGCAGG.1.fq'
  Min depth of coverage to create a stack (m): 4
  Repeat removal algorithm: enabled
  Max distance allowed between stacks (M): 2
  Max distance allowed to align secondary reads: 4
  Max number of stacks allowed per de novo locus: 3
  Deleveraging algorithm: disabled
  Gapped assembly: enabled
  Minimum alignment length: 0.8
  Model type: SNP
  Alpha significance level for model: 0.05

Loading RAD-Tags...
Warning: Input reads contained 2 uncalled nucleotides.

Loaded 20000 reads; formed:
  1493 stacks representing 16867 primary reads (84.3%)
  2295 secondary stacks representing 3133 secondary reads (15.7%)

Stack coverage: mean=11.30; stdev=25.14; max=518; n_reads=16867(84.3%)
Removing repetitive stacks: cov > 87 (mean+3*stdev)...
  Blacklisted 15 stacks.
Coverage after repeat removal: mean=9.33; stdev=6.76; max=86; n_reads=13793(69.0%)

Assembling stacks (max dist. M=2)...
  Assembled 1478 stacks into 1471; blacklisted 0 stacks.
Coverage after assembling stacks: mean=9.45; stdev=6.93; max=91; n_reads=13793(69.0%)

Merging secondary stacks (max dist. N=4 from consensus)...
  Merged 769 out of 3133 secondary reads (24.5%), 52 merged with gapped alignments.
Coverage after merging secondary stacks: mean=9.98; stdev=7.40; max=101; n_reads=14562(72.8%)

Assembling stacks, allowing for gaps (min. match length 80.0%)...
  Assembled 1471 stacks into 1431 stacks.
Coverage after gapped assembly: mean=10.26; stdev=7.66; max=101; n_reads=14562(72.8%)

Merging secondary stacks, allowing for gaps (min. match length 80.0%)...
  Merged 170 out of 2364 secondary reads (7.2%).
Coverage after merging gapped secondary stacks: mean=10.38; stdev=7.75; max=101; n_reads=14732(73.7%)

Final number of stacks built: 1431
Final coverage: mean=10.38; stdev=7.75; max=101; n_reads=14732(73.7%)
Calling consensus sequences and haplotypes for catalog assembly...
Writing tags, SNPs, and alleles files to './stacks/CGTACG_GGTGGCTTCATGCAGG'...done.
ustacks is done.

Sample 56 of 181 'CGTACG_GGTGGTGGTATGCAGG'
----------
ustacks --in-type fastq --file ./samples/CGTACG_GGTGGTGGTATGCAGG.1.fq --out-path ./stacks --name CGTACG_GGTGGTGGTATGCAGG -M 2 --threads 4  -m 4
ustacks parameters selected:
  Input file: './samples/CGTACG_GGTGGTGGTATGCAGG.1.fq'
  Min depth of coverage to create a stack (m): 4
  Repeat removal algorithm: enabled
  Max distance allowed between stacks (M): 2
  Max distance allowed to align secondary reads: 4
  Max number of stacks allowed per de novo locus: 3
  Deleveraging algorithm: disabled
  Gapped assembly: enabled
  Minimum alignment length: 0.8
  Model type: SNP
  Alpha significance level for model: 0.05

Loading RAD-Tags...
Warning: Input reads contained 2 uncalled nucleotides.

Loaded 20000 reads; formed:
  1718 stacks representing 14656 primary reads (73.3%)
  3469 secondary stacks representing 5344 secondary reads (26.7%)

Stack coverage: mean=8.53; stdev=9.06; max=167; n_reads=14656(73.3%)
Removing repetitive stacks: cov > 36 (mean+3*stdev)...
  Blacklisted 20 stacks.
Coverage after repeat removal: mean=7.83; stdev=4.69; max=36; n_reads=13292(66.5%)

Assembling stacks (max dist. M=2)...
  Assembled 1698 stacks into 1682; blacklisted 0 stacks.
Coverage after assembling stacks: mean=7.99; stdev=4.96; max=45; n_reads=13292(66.5%)

Merging secondary stacks (max dist. N=4 from consensus)...
  Merged 792 out of 5344 secondary reads (14.8%), 56 merged with gapped alignments.
Coverage after merging secondary stacks: mean=8.46; stdev=5.33; max=48; n_reads=14084(70.4%)

Assembling stacks, allowing for gaps (min. match length 80.0%)...
  Assembled 1682 stacks into 1670 stacks.
Coverage after gapped assembly: mean=8.53; stdev=5.37; max=48; n_reads=14084(70.4%)

Merging secondary stacks, allowing for gaps (min. match length 80.0%)...
  Merged 131 out of 4552 secondary reads (2.9%).
Coverage after merging gapped secondary stacks: mean=8.60; stdev=5.40; max=48; n_reads=14215(71.1%)

Final number of stacks built: 1670
Final coverage: mean=8.60; stdev=5.40; max=48; n_reads=14215(71.1%)
Calling consensus sequences and haplotypes for catalog assembly...
Writing tags, SNPs, and alleles files to './stacks/CGTACG_GGTGGTGGTATGCAGG'...done.
ustacks is done.

Sample 57 of 181 'CGTACG_GGTTCACGCATGCAGG'
----------
ustacks --in-type fastq --file ./samples/CGTACG_GGTTCACGCATGCAGG.1.fq --out-path ./stacks --name CGTACG_GGTTCACGCATGCAGG -M 2 --threads 4  -m 4
ustacks parameters selected:
  Input file: './samples/CGTACG_GGTTCACGCATGCAGG.1.fq'
  Min depth of coverage to create a stack (m): 4
  Repeat removal algorithm: enabled
  Max distance allowed between stacks (M): 2
  Max distance allowed to align secondary reads: 4
  Max number of stacks allowed per de novo locus: 3
  Deleveraging algorithm: disabled
  Gapped assembly: enabled
  Minimum alignment length: 0.8
  Model type: SNP
  Alpha significance level for model: 0.05

Loading RAD-Tags...
Warning: Input reads contained 6 uncalled nucleotides.

Loaded 20000 reads; formed:
  1706 stacks representing 16671 primary reads (83.4%)
  2360 secondary stacks representing 3329 secondary reads (16.6%)

Stack coverage: mean=9.77; stdev=11.46; max=197; n_reads=16671(83.4%)
Removing repetitive stacks: cov > 45 (mean+3*stdev)...
  Blacklisted 18 stacks.
Coverage after repeat removal: mean=8.87; stdev=4.91; max=40; n_reads=14968(74.8%)

Assembling stacks (max dist. M=2)...
  Assembled 1688 stacks into 1681; blacklisted 0 stacks.
Coverage after assembling stacks: mean=8.98; stdev=4.99; max=40; n_reads=14968(74.8%)

Merging secondary stacks (max dist. N=4 from consensus)...
  Merged 874 out of 3329 secondary reads (26.3%), 78 merged with gapped alignments.
Coverage after merging secondary stacks: mean=9.51; stdev=5.33; max=44; n_reads=15842(79.2%)

Assembling stacks, allowing for gaps (min. match length 80.0%)...
  Assembled 1681 stacks into 1666 stacks.
Coverage after gapped assembly: mean=9.60; stdev=5.43; max=44; n_reads=15842(79.2%)

Merging secondary stacks, allowing for gaps (min. match length 80.0%)...
  Merged 46 out of 2455 secondary reads (1.9%).
Coverage after merging gapped secondary stacks: mean=9.62; stdev=5.44; max=44; n_reads=15888(79.4%)

Final number of stacks built: 1666
Final coverage: mean=9.62; stdev=5.44; max=44; n_reads=15888(79.4%)
Calling consensus sequences and haplotypes for catalog assembly...
Writing tags, SNPs, and alleles files to './stacks/CGTACG_GGTTCACGCATGCAGG'...done.
ustacks is done.

Sample 58 of 181 'GAGTGG_GGAAACATCGTGCAGG'
----------
ustacks --in-type fastq --file ./samples/GAGTGG_GGAAACATCGTGCAGG.1.fq --out-path ./stacks --name GAGTGG_GGAAACATCGTGCAGG -M 2 --threads 4  -m 4
ustacks parameters selected:
  Input file: './samples/GAGTGG_GGAAACATCGTGCAGG.1.fq'
  Min depth of coverage to create a stack (m): 4
  Repeat removal algorithm: enabled
  Max distance allowed between stacks (M): 2
  Max distance allowed to align secondary reads: 4
  Max number of stacks allowed per de novo locus: 3
  Deleveraging algorithm: disabled
  Gapped assembly: enabled
  Minimum alignment length: 0.8
  Model type: SNP
  Alpha significance level for model: 0.05

Loading RAD-Tags...
Warning: Input reads contained 4 uncalled nucleotides.

Loaded 20000 reads; formed:
  1473 stacks representing 13837 primary reads (69.2%)
  4308 secondary stacks representing 6163 secondary reads (30.8%)

Stack coverage: mean=9.39; stdev=20.53; max=330; n_reads=13837(69.2%)
Removing repetitive stacks: cov > 71 (mean+3*stdev)...
  Blacklisted 23 stacks.
Coverage after repeat removal: mean=7.44; stdev=4.10; max=31; n_reads=10789(53.9%)

Assembling stacks (max dist. M=2)...
  Assembled 1450 stacks into 1453; blacklisted 0 stacks.
Coverage after assembling stacks: mean=7.51; stdev=4.25; max=33; n_reads=10789(53.9%)

Merging secondary stacks (max dist. N=4 from consensus)...
  Merged 633 out of 6163 secondary reads (10.3%), 48 merged with gapped alignments.
Coverage after merging secondary stacks: mean=7.95; stdev=4.52; max=34; n_reads=11422(57.1%)

Assembling stacks, allowing for gaps (min. match length 80.0%)...
  Assembled 1453 stacks into 1411 stacks.
Coverage after gapped assembly: mean=8.19; stdev=4.67; max=37; n_reads=11422(57.1%)

Merging secondary stacks, allowing for gaps (min. match length 80.0%)...
  Merged 420 out of 5530 secondary reads (7.6%).
Coverage after merging gapped secondary stacks: mean=8.49; stdev=4.96; max=37; n_reads=11842(59.2%)

Final number of stacks built: 1411
Final coverage: mean=8.49; stdev=4.96; max=37; n_reads=11842(59.2%)
Calling consensus sequences and haplotypes for catalog assembly...
Writing tags, SNPs, and alleles files to './stacks/GAGTGG_GGAAACATCGTGCAGG'...done.
ustacks is done.

Sample 59 of 181 'GAGTGG_GGAACAACCATGCAGG'
----------
ustacks --in-type fastq --file ./samples/GAGTGG_GGAACAACCATGCAGG.1.fq --out-path ./stacks --name GAGTGG_GGAACAACCATGCAGG -M 2 --threads 4  -m 4
ustacks parameters selected:
  Input file: './samples/GAGTGG_GGAACAACCATGCAGG.1.fq'
  Min depth of coverage to create a stack (m): 4
  Repeat removal algorithm: enabled
  Max distance allowed between stacks (M): 2
  Max distance allowed to align secondary reads: 4
  Max number of stacks allowed per de novo locus: 3
  Deleveraging algorithm: disabled
  Gapped assembly: enabled
  Minimum alignment length: 0.8
  Model type: SNP
  Alpha significance level for model: 0.05

Loading RAD-Tags...
Warning: Input reads contained 2 uncalled nucleotides.

Loaded 20000 reads; formed:
  1404 stacks representing 14811 primary reads (74.1%)
  3610 secondary stacks representing 5189 secondary reads (25.9%)

Stack coverage: mean=10.55; stdev=29.30; max=473; n_reads=14811(74.1%)
Removing repetitive stacks: cov > 99 (mean+3*stdev)...
  Blacklisted 21 stacks.
Coverage after repeat removal: mean=7.66; stdev=4.42; max=71; n_reads=10600(53.0%)

Assembling stacks (max dist. M=2)...
  Assembled 1383 stacks into 1380; blacklisted 0 stacks.
Coverage after assembling stacks: mean=7.78; stdev=4.59; max=77; n_reads=10600(53.0%)

Merging secondary stacks (max dist. N=4 from consensus)...
  Merged 649 out of 5189 secondary reads (12.5%), 52 merged with gapped alignments.
Coverage after merging secondary stacks: mean=8.25; stdev=4.91; max=83; n_reads=11249(56.2%)

Assembling stacks, allowing for gaps (min. match length 80.0%)...
  Assembled 1380 stacks into 1326 stacks.
Coverage after gapped assembly: mean=8.59; stdev=5.18; max=83; n_reads=11249(56.2%)

Merging secondary stacks, allowing for gaps (min. match length 80.0%)...
  Merged 384 out of 4540 secondary reads (8.5%).
Coverage after merging gapped secondary stacks: mean=8.89; stdev=5.39; max=83; n_reads=11633(58.2%)

Final number of stacks built: 1326
Final coverage: mean=8.89; stdev=5.39; max=83; n_reads=11633(58.2%)
Calling consensus sequences and haplotypes for catalog assembly...
Writing tags, SNPs, and alleles files to './stacks/GAGTGG_GGAACAACCATGCAGG'...done.
ustacks is done.

Sample 60 of 181 'GAGTGG_GGAACCGAGATGCAGG'
----------
ustacks --in-type fastq --file ./samples/GAGTGG_GGAACCGAGATGCAGG.1.fq --out-path ./stacks --name GAGTGG_GGAACCGAGATGCAGG -M 2 --threads 4  -m 4
ustacks parameters selected:
  Input file: './samples/GAGTGG_GGAACCGAGATGCAGG.1.fq'
  Min depth of coverage to create a stack (m): 4
  Repeat removal algorithm: enabled
  Max distance allowed between stacks (M): 2
  Max distance allowed to align secondary reads: 4
  Max number of stacks allowed per de novo locus: 3
  Deleveraging algorithm: disabled
  Gapped assembly: enabled
  Minimum alignment length: 0.8
  Model type: SNP
  Alpha significance level for model: 0.05

Loading RAD-Tags...
Warning: Input reads contained 3 uncalled nucleotides.

Loaded 20000 reads; formed:
  1288 stacks representing 15683 primary reads (78.4%)
  3382 secondary stacks representing 4317 secondary reads (21.6%)

Stack coverage: mean=12.18; stdev=25.13; max=424; n_reads=15683(78.4%)
Removing repetitive stacks: cov > 88 (mean+3*stdev)...
  Blacklisted 22 stacks.
Coverage after repeat removal: mean=9.85; stdev=7.69; max=77; n_reads=12471(62.4%)

Assembling stacks (max dist. M=2)...
  Assembled 1266 stacks into 1268; blacklisted 0 stacks.
Coverage after assembling stacks: mean=9.95; stdev=7.78; max=77; n_reads=12471(62.4%)

Merging secondary stacks (max dist. N=4 from consensus)...
  Merged 1269 out of 4317 secondary reads (29.4%), 94 merged with gapped alignments.
Coverage after merging secondary stacks: mean=10.97; stdev=8.58; max=90; n_reads=13740(68.7%)

Assembling stacks, allowing for gaps (min. match length 80.0%)...
  Assembled 1268 stacks into 1232 stacks.
Coverage after gapped assembly: mean=11.29; stdev=8.81; max=90; n_reads=13740(68.7%)

Merging secondary stacks, allowing for gaps (min. match length 80.0%)...
  Merged 181 out of 3048 secondary reads (5.9%).
Coverage after merging gapped secondary stacks: mean=11.44; stdev=8.89; max=90; n_reads=13921(69.6%)

Final number of stacks built: 1232
Final coverage: mean=11.44; stdev=8.89; max=90; n_reads=13921(69.6%)
Calling consensus sequences and haplotypes for catalog assembly...
Writing tags, SNPs, and alleles files to './stacks/GAGTGG_GGAACCGAGATGCAGG'...done.
ustacks is done.

Sample 61 of 181 'GAGTGG_GGAACGAACGTGCAGG'
----------
ustacks --in-type fastq --file ./samples/GAGTGG_GGAACGAACGTGCAGG.1.fq --out-path ./stacks --name GAGTGG_GGAACGAACGTGCAGG -M 2 --threads 4  -m 4
ustacks parameters selected:
  Input file: './samples/GAGTGG_GGAACGAACGTGCAGG.1.fq'
  Min depth of coverage to create a stack (m): 4
  Repeat removal algorithm: enabled
  Max distance allowed between stacks (M): 2
  Max distance allowed to align secondary reads: 4
  Max number of stacks allowed per de novo locus: 3
  Deleveraging algorithm: disabled
  Gapped assembly: enabled
  Minimum alignment length: 0.8
  Model type: SNP
  Alpha significance level for model: 0.05

Loading RAD-Tags...
Warning: Input reads contained 4 uncalled nucleotides.

Loaded 20000 reads; formed:
  1529 stacks representing 13667 primary reads (68.3%)
  4269 secondary stacks representing 6333 secondary reads (31.7%)

Stack coverage: mean=8.94; stdev=19.73; max=360; n_reads=13667(68.3%)
Removing repetitive stacks: cov > 69 (mean+3*stdev)...
  Blacklisted 21 stacks.
Coverage after repeat removal: mean=7.07; stdev=3.94; max=56; n_reads=10662(53.3%)

Assembling stacks (max dist. M=2)...
  Assembled 1508 stacks into 1515; blacklisted 0 stacks.
Coverage after assembling stacks: mean=7.12; stdev=4.01; max=56; n_reads=10662(53.3%)

Merging secondary stacks (max dist. N=4 from consensus)...
  Merged 549 out of 6333 secondary reads (8.7%), 35 merged with gapped alignments.
Coverage after merging secondary stacks: mean=7.48; stdev=4.22; max=62; n_reads=11211(56.1%)

Assembling stacks, allowing for gaps (min. match length 80.0%)...
  Assembled 1515 stacks into 1473 stacks.
Coverage after gapped assembly: mean=7.70; stdev=4.37; max=62; n_reads=11211(56.1%)

Merging secondary stacks, allowing for gaps (min. match length 80.0%)...
  Merged 344 out of 5784 secondary reads (5.9%).
Coverage after merging gapped secondary stacks: mean=7.94; stdev=4.57; max=62; n_reads=11555(57.8%)

Final number of stacks built: 1473
Final coverage: mean=7.94; stdev=4.57; max=62; n_reads=11555(57.8%)
Calling consensus sequences and haplotypes for catalog assembly...
Writing tags, SNPs, and alleles files to './stacks/GAGTGG_GGAACGAACGTGCAGG'...done.
ustacks is done.

Sample 62 of 181 'GAGTGG_GGAACGCTTATGCAGG'
----------
ustacks --in-type fastq --file ./samples/GAGTGG_GGAACGCTTATGCAGG.1.fq --out-path ./stacks --name GAGTGG_GGAACGCTTATGCAGG -M 2 --threads 4  -m 4
ustacks parameters selected:
  Input file: './samples/GAGTGG_GGAACGCTTATGCAGG.1.fq'
  Min depth of coverage to create a stack (m): 4
  Repeat removal algorithm: enabled
  Max distance allowed between stacks (M): 2
  Max distance allowed to align secondary reads: 4
  Max number of stacks allowed per de novo locus: 3
  Deleveraging algorithm: disabled
  Gapped assembly: enabled
  Minimum alignment length: 0.8
  Model type: SNP
  Alpha significance level for model: 0.05

Loading RAD-Tags...
Warning: Input reads contained 4 uncalled nucleotides.

Loaded 20000 reads; formed:
  1487 stacks representing 15639 primary reads (78.2%)
  3053 secondary stacks representing 4361 secondary reads (21.8%)

Stack coverage: mean=10.52; stdev=24.97; max=387; n_reads=15639(78.2%)
Removing repetitive stacks: cov > 86 (mean+3*stdev)...
  Blacklisted 21 stacks.
Coverage after repeat removal: mean=8.18; stdev=4.97; max=55; n_reads=11999(60.0%)

Assembling stacks (max dist. M=2)...
  Assembled 1466 stacks into 1467; blacklisted 0 stacks.
Coverage after assembling stacks: mean=8.27; stdev=5.06; max=55; n_reads=11999(60.0%)

Merging secondary stacks (max dist. N=4 from consensus)...
  Merged 692 out of 4361 secondary reads (15.9%), 48 merged with gapped alignments.
Coverage after merging secondary stacks: mean=8.75; stdev=5.37; max=62; n_reads=12691(63.5%)

Assembling stacks, allowing for gaps (min. match length 80.0%)...
  Assembled 1467 stacks into 1416 stacks.
Coverage after gapped assembly: mean=9.06; stdev=5.68; max=62; n_reads=12691(63.5%)

Merging secondary stacks, allowing for gaps (min. match length 80.0%)...
  Merged 259 out of 3669 secondary reads (7.1%).
Coverage after merging gapped secondary stacks: mean=9.25; stdev=5.79; max=62; n_reads=12950(64.8%)

Final number of stacks built: 1416
Final coverage: mean=9.25; stdev=5.79; max=62; n_reads=12950(64.8%)
Calling consensus sequences and haplotypes for catalog assembly...
Writing tags, SNPs, and alleles files to './stacks/GAGTGG_GGAACGCTTATGCAGG'...done.
ustacks is done.

Sample 63 of 181 'GAGTGG_GGAACGTGATTGCAGG'
----------
ustacks --in-type fastq --file ./samples/GAGTGG_GGAACGTGATTGCAGG.1.fq --out-path ./stacks --name GAGTGG_GGAACGTGATTGCAGG -M 2 --threads 4  -m 4
ustacks parameters selected:
  Input file: './samples/GAGTGG_GGAACGTGATTGCAGG.1.fq'
  Min depth of coverage to create a stack (m): 4
  Repeat removal algorithm: enabled
  Max distance allowed between stacks (M): 2
  Max distance allowed to align secondary reads: 4
  Max number of stacks allowed per de novo locus: 3
  Deleveraging algorithm: disabled
  Gapped assembly: enabled
  Minimum alignment length: 0.8
  Model type: SNP
  Alpha significance level for model: 0.05

Loading RAD-Tags...
Warning: Input reads contained 3 uncalled nucleotides.

Loaded 20000 reads; formed:
  1437 stacks representing 15195 primary reads (76.0%)
  3330 secondary stacks representing 4805 secondary reads (24.0%)

Stack coverage: mean=10.57; stdev=26.93; max=441; n_reads=15195(76.0%)
Removing repetitive stacks: cov > 92 (mean+3*stdev)...
  Blacklisted 21 stacks.
Coverage after repeat removal: mean=7.99; stdev=4.63; max=39; n_reads=11319(56.6%)

Assembling stacks (max dist. M=2)...
  Assembled 1416 stacks into 1419; blacklisted 0 stacks.
Coverage after assembling stacks: mean=8.07; stdev=4.72; max=39; n_reads=11319(56.6%)

Merging secondary stacks (max dist. N=4 from consensus)...
  Merged 681 out of 4805 secondary reads (14.2%), 44 merged with gapped alignments.
Coverage after merging secondary stacks: mean=8.56; stdev=4.98; max=39; n_reads=12000(60.0%)

Assembling stacks, allowing for gaps (min. match length 80.0%)...
  Assembled 1419 stacks into 1373 stacks.
Coverage after gapped assembly: mean=8.85; stdev=5.22; max=39; n_reads=12000(60.0%)

Merging secondary stacks, allowing for gaps (min. match length 80.0%)...
  Merged 346 out of 4124 secondary reads (8.4%).
Coverage after merging gapped secondary stacks: mean=9.10; stdev=5.38; max=39; n_reads=12346(61.7%)

Final number of stacks built: 1373
Final coverage: mean=9.10; stdev=5.38; max=39; n_reads=12346(61.7%)
Calling consensus sequences and haplotypes for catalog assembly...
Writing tags, SNPs, and alleles files to './stacks/GAGTGG_GGAACGTGATTGCAGG'...done.
ustacks is done.

Sample 64 of 181 'GAGTGG_GGAAGACGGATGCAGG'
----------
ustacks --in-type fastq --file ./samples/GAGTGG_GGAAGACGGATGCAGG.1.fq --out-path ./stacks --name GAGTGG_GGAAGACGGATGCAGG -M 2 --threads 4  -m 4
ustacks parameters selected:
  Input file: './samples/GAGTGG_GGAAGACGGATGCAGG.1.fq'
  Min depth of coverage to create a stack (m): 4
  Repeat removal algorithm: enabled
  Max distance allowed between stacks (M): 2
  Max distance allowed to align secondary reads: 4
  Max number of stacks allowed per de novo locus: 3
  Deleveraging algorithm: disabled
  Gapped assembly: enabled
  Minimum alignment length: 0.8
  Model type: SNP
  Alpha significance level for model: 0.05

Loading RAD-Tags...
Warning: Input reads contained 5 uncalled nucleotides.

Loaded 20000 reads; formed:
  1340 stacks representing 15242 primary reads (76.2%)
  3738 secondary stacks representing 4758 secondary reads (23.8%)

Stack coverage: mean=11.37; stdev=19.98; max=339; n_reads=15242(76.2%)
Removing repetitive stacks: cov > 72 (mean+3*stdev)...
  Blacklisted 20 stacks.
Coverage after repeat removal: mean=9.54; stdev=6.42; max=56; n_reads=12588(62.9%)

Assembling stacks (max dist. M=2)...
  Assembled 1320 stacks into 1310; blacklisted 0 stacks.
Coverage after assembling stacks: mean=9.72; stdev=6.55; max=56; n_reads=12588(62.9%)

Merging secondary stacks (max dist. N=4 from consensus)...
  Merged 1387 out of 4758 secondary reads (29.2%), 99 merged with gapped alignments.
Coverage after merging secondary stacks: mean=10.79; stdev=7.32; max=64; n_reads=13975(69.9%)

Assembling stacks, allowing for gaps (min. match length 80.0%)...
  Assembled 1310 stacks into 1279 stacks.
Coverage after gapped assembly: mean=11.06; stdev=7.60; max=64; n_reads=13975(69.9%)

Merging secondary stacks, allowing for gaps (min. match length 80.0%)...
  Merged 122 out of 3371 secondary reads (3.6%).
Coverage after merging gapped secondary stacks: mean=11.15; stdev=7.61; max=64; n_reads=14097(70.5%)

Final number of stacks built: 1279
Final coverage: mean=11.15; stdev=7.61; max=64; n_reads=14097(70.5%)
Calling consensus sequences and haplotypes for catalog assembly...
Writing tags, SNPs, and alleles files to './stacks/GAGTGG_GGAAGACGGATGCAGG'...done.
ustacks is done.

Sample 65 of 181 'GAGTGG_GGAATCCGTCTGCAGG'
----------
ustacks --in-type fastq --file ./samples/GAGTGG_GGAATCCGTCTGCAGG.1.fq --out-path ./stacks --name GAGTGG_GGAATCCGTCTGCAGG -M 2 --threads 4  -m 4
ustacks parameters selected:
  Input file: './samples/GAGTGG_GGAATCCGTCTGCAGG.1.fq'
  Min depth of coverage to create a stack (m): 4
  Repeat removal algorithm: enabled
  Max distance allowed between stacks (M): 2
  Max distance allowed to align secondary reads: 4
  Max number of stacks allowed per de novo locus: 3
  Deleveraging algorithm: disabled
  Gapped assembly: enabled
  Minimum alignment length: 0.8
  Model type: SNP
  Alpha significance level for model: 0.05

Loading RAD-Tags...
Warning: Input reads contained 7 uncalled nucleotides.

Loaded 20000 reads; formed:
  1551 stacks representing 14348 primary reads (71.7%)
  3983 secondary stacks representing 5652 secondary reads (28.3%)

Stack coverage: mean=9.25; stdev=15.97; max=278; n_reads=14348(71.7%)
Removing repetitive stacks: cov > 58 (mean+3*stdev)...
  Blacklisted 16 stacks.
Coverage after repeat removal: mean=7.86; stdev=4.68; max=40; n_reads=12065(60.3%)

Assembling stacks (max dist. M=2)...
  Assembled 1535 stacks into 1533; blacklisted 0 stacks.
Coverage after assembling stacks: mean=7.95; stdev=4.82; max=40; n_reads=12065(60.3%)

Merging secondary stacks (max dist. N=4 from consensus)...
  Merged 809 out of 5652 secondary reads (14.3%), 66 merged with gapped alignments.
Coverage after merging secondary stacks: mean=8.48; stdev=5.19; max=43; n_reads=12874(64.4%)

Assembling stacks, allowing for gaps (min. match length 80.0%)...
  Assembled 1533 stacks into 1488 stacks.
Coverage after gapped assembly: mean=8.74; stdev=5.38; max=44; n_reads=12874(64.4%)

Merging secondary stacks, allowing for gaps (min. match length 80.0%)...
  Merged 276 out of 4843 secondary reads (5.7%).
Coverage after merging gapped secondary stacks: mean=8.93; stdev=5.50; max=54; n_reads=13150(65.8%)

Final number of stacks built: 1488
Final coverage: mean=8.93; stdev=5.50; max=54; n_reads=13150(65.8%)
Calling consensus sequences and haplotypes for catalog assembly...
Writing tags, SNPs, and alleles files to './stacks/GAGTGG_GGAATCCGTCTGCAGG'...done.
ustacks is done.

Sample 66 of 181 'GAGTGG_GGAATGTTGCTGCAGG'
----------
ustacks --in-type fastq --file ./samples/GAGTGG_GGAATGTTGCTGCAGG.1.fq --out-path ./stacks --name GAGTGG_GGAATGTTGCTGCAGG -M 2 --threads 4  -m 4
ustacks parameters selected:
  Input file: './samples/GAGTGG_GGAATGTTGCTGCAGG.1.fq'
  Min depth of coverage to create a stack (m): 4
  Repeat removal algorithm: enabled
  Max distance allowed between stacks (M): 2
  Max distance allowed to align secondary reads: 4
  Max number of stacks allowed per de novo locus: 3
  Deleveraging algorithm: disabled
  Gapped assembly: enabled
  Minimum alignment length: 0.8
  Model type: SNP
  Alpha significance level for model: 0.05

Loading RAD-Tags...
Warning: Input reads contained 6 uncalled nucleotides.

Loaded 20000 reads; formed:
  1299 stacks representing 15516 primary reads (77.6%)
  3492 secondary stacks representing 4484 secondary reads (22.4%)

Stack coverage: mean=11.94; stdev=16.58; max=257; n_reads=15516(77.6%)
Removing repetitive stacks: cov > 62 (mean+3*stdev)...
  Blacklisted 16 stacks.
Coverage after repeat removal: mean=10.64; stdev=7.29; max=56; n_reads=13653(68.3%)

Assembling stacks (max dist. M=2)...
  Assembled 1283 stacks into 1261; blacklisted 0 stacks.
Coverage after assembling stacks: mean=10.93; stdev=7.83; max=83; n_reads=13653(68.3%)

Merging secondary stacks (max dist. N=4 from consensus)...
  Merged 1288 out of 4484 secondary reads (28.7%), 99 merged with gapped alignments.
Coverage after merging secondary stacks: mean=11.96; stdev=8.49; max=88; n_reads=14941(74.7%)

Assembling stacks, allowing for gaps (min. match length 80.0%)...
  Assembled 1261 stacks into 1241 stacks.
Coverage after gapped assembly: mean=12.16; stdev=8.59; max=88; n_reads=14941(74.7%)

Merging secondary stacks, allowing for gaps (min. match length 80.0%)...
  Merged 74 out of 3196 secondary reads (2.3%).
Coverage after merging gapped secondary stacks: mean=12.22; stdev=8.59; max=88; n_reads=15015(75.1%)

Final number of stacks built: 1241
Final coverage: mean=12.22; stdev=8.59; max=88; n_reads=15015(75.1%)
Calling consensus sequences and haplotypes for catalog assembly...
Writing tags, SNPs, and alleles files to './stacks/GAGTGG_GGAATGTTGCTGCAGG'...done.
ustacks is done.

Sample 67 of 181 'GAGTGG_GGACAAGCTATGCAGG'
----------
ustacks --in-type fastq --file ./samples/GAGTGG_GGACAAGCTATGCAGG.1.fq --out-path ./stacks --name GAGTGG_GGACAAGCTATGCAGG -M 2 --threads 4  -m 4
ustacks parameters selected:
  Input file: './samples/GAGTGG_GGACAAGCTATGCAGG.1.fq'
  Min depth of coverage to create a stack (m): 4
  Repeat removal algorithm: enabled
  Max distance allowed between stacks (M): 2
  Max distance allowed to align secondary reads: 4
  Max number of stacks allowed per de novo locus: 3
  Deleveraging algorithm: disabled
  Gapped assembly: enabled
  Minimum alignment length: 0.8
  Model type: SNP
  Alpha significance level for model: 0.05

Loading RAD-Tags...

Loaded 20000 reads; formed:
  1478 stacks representing 14730 primary reads (73.7%)
  3676 secondary stacks representing 5270 secondary reads (26.4%)

Stack coverage: mean=9.97; stdev=23.84; max=428; n_reads=14730(73.7%)
Removing repetitive stacks: cov > 82 (mean+3*stdev)...
  Blacklisted 21 stacks.
Coverage after repeat removal: mean=7.71; stdev=4.35; max=56; n_reads=11239(56.2%)

Assembling stacks (max dist. M=2)...
  Assembled 1457 stacks into 1452; blacklisted 0 stacks.
Coverage after assembling stacks: mean=7.83; stdev=4.57; max=56; n_reads=11239(56.2%)

Merging secondary stacks (max dist. N=4 from consensus)...
  Merged 677 out of 5270 secondary reads (12.8%), 51 merged with gapped alignments.
Coverage after merging secondary stacks: mean=8.30; stdev=4.86; max=59; n_reads=11916(59.6%)

Assembling stacks, allowing for gaps (min. match length 80.0%)...
  Assembled 1452 stacks into 1402 stacks.
Coverage after gapped assembly: mean=8.60; stdev=5.19; max=59; n_reads=11916(59.6%)

Merging secondary stacks, allowing for gaps (min. match length 80.0%)...
  Merged 300 out of 4593 secondary reads (6.5%).
Coverage after merging gapped secondary stacks: mean=8.82; stdev=5.40; max=59; n_reads=12216(61.1%)

Final number of stacks built: 1402
Final coverage: mean=8.82; stdev=5.40; max=59; n_reads=12216(61.1%)
Calling consensus sequences and haplotypes for catalog assembly...
Writing tags, SNPs, and alleles files to './stacks/GAGTGG_GGACAAGCTATGCAGG'...done.
ustacks is done.

Sample 68 of 181 'GAGTGG_GGACACAGAATGCAGG'
----------
ustacks --in-type fastq --file ./samples/GAGTGG_GGACACAGAATGCAGG.1.fq --out-path ./stacks --name GAGTGG_GGACACAGAATGCAGG -M 2 --threads 4  -m 4
ustacks parameters selected:
  Input file: './samples/GAGTGG_GGACACAGAATGCAGG.1.fq'
  Min depth of coverage to create a stack (m): 4
  Repeat removal algorithm: enabled
  Max distance allowed between stacks (M): 2
  Max distance allowed to align secondary reads: 4
  Max number of stacks allowed per de novo locus: 3
  Deleveraging algorithm: disabled
  Gapped assembly: enabled
  Minimum alignment length: 0.8
  Model type: SNP
  Alpha significance level for model: 0.05

Loading RAD-Tags...
Warning: Input reads contained 7 uncalled nucleotides.

Loaded 20000 reads; formed:
  1436 stacks representing 15551 primary reads (77.8%)
  3383 secondary stacks representing 4449 secondary reads (22.2%)

Stack coverage: mean=10.83; stdev=17.68; max=321; n_reads=15551(77.8%)
Removing repetitive stacks: cov > 64 (mean+3*stdev)...
  Blacklisted 26 stacks.
Coverage after repeat removal: mean=9.20; stdev=6.02; max=63; n_reads=12978(64.9%)

Assembling stacks (max dist. M=2)...
  Assembled 1410 stacks into 1412; blacklisted 0 stacks.
Coverage after assembling stacks: mean=9.30; stdev=6.16; max=63; n_reads=12978(64.9%)

Merging secondary stacks (max dist. N=4 from consensus)...
  Merged 1271 out of 4449 secondary reads (28.6%), 98 merged with gapped alignments.
Coverage after merging secondary stacks: mean=10.21; stdev=6.81; max=79; n_reads=14249(71.2%)

Assembling stacks, allowing for gaps (min. match length 80.0%)...
  Assembled 1412 stacks into 1378 stacks.
Coverage after gapped assembly: mean=10.47; stdev=7.08; max=79; n_reads=14249(71.2%)

Merging secondary stacks, allowing for gaps (min. match length 80.0%)...
  Merged 132 out of 3178 secondary reads (4.2%).
Coverage after merging gapped secondary stacks: mean=10.57; stdev=7.17; max=79; n_reads=14381(71.9%)

Final number of stacks built: 1378
Final coverage: mean=10.57; stdev=7.17; max=79; n_reads=14381(71.9%)
Calling consensus sequences and haplotypes for catalog assembly...
Writing tags, SNPs, and alleles files to './stacks/GAGTGG_GGACACAGAATGCAGG'...done.
ustacks is done.

Sample 69 of 181 'GAGTGG_GGACACGAGATGCAGG'
----------
ustacks --in-type fastq --file ./samples/GAGTGG_GGACACGAGATGCAGG.1.fq --out-path ./stacks --name GAGTGG_GGACACGAGATGCAGG -M 2 --threads 4  -m 4
ustacks parameters selected:
  Input file: './samples/GAGTGG_GGACACGAGATGCAGG.1.fq'
  Min depth of coverage to create a stack (m): 4
  Repeat removal algorithm: enabled
  Max distance allowed between stacks (M): 2
  Max distance allowed to align secondary reads: 4
  Max number of stacks allowed per de novo locus: 3
  Deleveraging algorithm: disabled
  Gapped assembly: enabled
  Minimum alignment length: 0.8
  Model type: SNP
  Alpha significance level for model: 0.05

Loading RAD-Tags...
Warning: Input reads contained 4 uncalled nucleotides.

Loaded 20000 reads; formed:
  1724 stacks representing 14112 primary reads (70.6%)
  3966 secondary stacks representing 5888 secondary reads (29.4%)

Stack coverage: mean=8.19; stdev=7.61; max=109; n_reads=14112(70.6%)
Removing repetitive stacks: cov > 32 (mean+3*stdev)...
  Blacklisted 17 stacks.
Coverage after repeat removal: mean=7.60; stdev=4.20; max=32; n_reads=12968(64.8%)

Assembling stacks (max dist. M=2)...
  Assembled 1707 stacks into 1708; blacklisted 0 stacks.
Coverage after assembling stacks: mean=7.67; stdev=4.25; max=32; n_reads=12968(64.8%)

Merging secondary stacks (max dist. N=4 from consensus)...
  Merged 750 out of 5888 secondary reads (12.7%), 46 merged with gapped alignments.
Coverage after merging secondary stacks: mean=8.11; stdev=4.55; max=37; n_reads=13718(68.6%)

Assembling stacks, allowing for gaps (min. match length 80.0%)...
  Assembled 1708 stacks into 1683 stacks.
Coverage after gapped assembly: mean=8.23; stdev=4.64; max=37; n_reads=13718(68.6%)

Merging secondary stacks, allowing for gaps (min. match length 80.0%)...
  Merged 92 out of 5138 secondary reads (1.8%).
Coverage after merging gapped secondary stacks: mean=8.29; stdev=4.67; max=37; n_reads=13810(69.0%)

Final number of stacks built: 1683
Final coverage: mean=8.29; stdev=4.67; max=37; n_reads=13810(69.0%)
Calling consensus sequences and haplotypes for catalog assembly...
Writing tags, SNPs, and alleles files to './stacks/GAGTGG_GGACACGAGATGCAGG'...done.
ustacks is done.

Sample 70 of 181 'GAGTGG_GGACAGATTCTGCAGG'
----------
ustacks --in-type fastq --file ./samples/GAGTGG_GGACAGATTCTGCAGG.1.fq --out-path ./stacks --name GAGTGG_GGACAGATTCTGCAGG -M 2 --threads 4  -m 4
ustacks parameters selected:
  Input file: './samples/GAGTGG_GGACAGATTCTGCAGG.1.fq'
  Min depth of coverage to create a stack (m): 4
  Repeat removal algorithm: enabled
  Max distance allowed between stacks (M): 2
  Max distance allowed to align secondary reads: 4
  Max number of stacks allowed per de novo locus: 3
  Deleveraging algorithm: disabled
  Gapped assembly: enabled
  Minimum alignment length: 0.8
  Model type: SNP
  Alpha significance level for model: 0.05

Loading RAD-Tags...
Warning: Input reads contained 2 uncalled nucleotides.

Loaded 20000 reads; formed:
  1569 stacks representing 14732 primary reads (73.7%)
  3693 secondary stacks representing 5268 secondary reads (26.3%)

Stack coverage: mean=9.39; stdev=15.94; max=248; n_reads=14732(73.7%)
Removing repetitive stacks: cov > 58 (mean+3*stdev)...
  Blacklisted 20 stacks.
Coverage after repeat removal: mean=7.94; stdev=4.73; max=44; n_reads=12306(61.5%)

Assembling stacks (max dist. M=2)...
  Assembled 1549 stacks into 1544; blacklisted 0 stacks.
Coverage after assembling stacks: mean=8.05; stdev=4.91; max=49; n_reads=12306(61.5%)

Merging secondary stacks (max dist. N=4 from consensus)...
  Merged 774 out of 5268 secondary reads (14.7%), 57 merged with gapped alignments.
Coverage after merging secondary stacks: mean=8.56; stdev=5.21; max=55; n_reads=13080(65.4%)

Assembling stacks, allowing for gaps (min. match length 80.0%)...
  Assembled 1544 stacks into 1496 stacks.
Coverage after gapped assembly: mean=8.84; stdev=5.38; max=55; n_reads=13080(65.4%)

Merging secondary stacks, allowing for gaps (min. match length 80.0%)...
  Merged 324 out of 4494 secondary reads (7.2%).
Coverage after merging gapped secondary stacks: mean=9.06; stdev=5.53; max=56; n_reads=13404(67.0%)

Final number of stacks built: 1496
Final coverage: mean=9.06; stdev=5.53; max=56; n_reads=13404(67.0%)
Calling consensus sequences and haplotypes for catalog assembly...
Writing tags, SNPs, and alleles files to './stacks/GAGTGG_GGACAGATTCTGCAGG'...done.
ustacks is done.

Sample 71 of 181 'GAGTGG_GGACAGCAGATGCAGG'
----------
ustacks --in-type fastq --file ./samples/GAGTGG_GGACAGCAGATGCAGG.1.fq --out-path ./stacks --name GAGTGG_GGACAGCAGATGCAGG -M 2 --threads 4  -m 4
ustacks parameters selected:
  Input file: './samples/GAGTGG_GGACAGCAGATGCAGG.1.fq'
  Min depth of coverage to create a stack (m): 4
  Repeat removal algorithm: enabled
  Max distance allowed between stacks (M): 2
  Max distance allowed to align secondary reads: 4
  Max number of stacks allowed per de novo locus: 3
  Deleveraging algorithm: disabled
  Gapped assembly: enabled
  Minimum alignment length: 0.8
  Model type: SNP
  Alpha significance level for model: 0.05

Loading RAD-Tags...
Warning: Input reads contained 1 uncalled nucleotides.

Loaded 20000 reads; formed:
  1473 stacks representing 14630 primary reads (73.2%)
  3664 secondary stacks representing 5370 secondary reads (26.9%)

Stack coverage: mean=9.93; stdev=24.41; max=441; n_reads=14630(73.2%)
Removing repetitive stacks: cov > 84 (mean+3*stdev)...
  Blacklisted 22 stacks.
Coverage after repeat removal: mean=7.66; stdev=4.73; max=73; n_reads=11115(55.6%)

Assembling stacks (max dist. M=2)...
  Assembled 1451 stacks into 1456; blacklisted 0 stacks.
Coverage after assembling stacks: mean=7.72; stdev=4.78; max=73; n_reads=11115(55.6%)

Merging secondary stacks (max dist. N=4 from consensus)...
  Merged 614 out of 5370 secondary reads (11.4%), 45 merged with gapped alignments.
Coverage after merging secondary stacks: mean=8.15; stdev=5.07; max=79; n_reads=11729(58.6%)

Assembling stacks, allowing for gaps (min. match length 80.0%)...
  Assembled 1456 stacks into 1406 stacks.
Coverage after gapped assembly: mean=8.44; stdev=5.32; max=79; n_reads=11729(58.6%)

Merging secondary stacks, allowing for gaps (min. match length 80.0%)...
  Merged 442 out of 4756 secondary reads (9.3%).
Coverage after merging gapped secondary stacks: mean=8.76; stdev=5.53; max=79; n_reads=12171(60.9%)

Final number of stacks built: 1406
Final coverage: mean=8.76; stdev=5.53; max=79; n_reads=12171(60.9%)
Calling consensus sequences and haplotypes for catalog assembly...
Writing tags, SNPs, and alleles files to './stacks/GAGTGG_GGACAGCAGATGCAGG'...done.
ustacks is done.

Sample 72 of 181 'GAGTGG_GGACATTGGCTGCAGG'
----------
ustacks --in-type fastq --file ./samples/GAGTGG_GGACATTGGCTGCAGG.1.fq --out-path ./stacks --name GAGTGG_GGACATTGGCTGCAGG -M 2 --threads 4  -m 4
ustacks parameters selected:
  Input file: './samples/GAGTGG_GGACATTGGCTGCAGG.1.fq'
  Min depth of coverage to create a stack (m): 4
  Repeat removal algorithm: enabled
  Max distance allowed between stacks (M): 2
  Max distance allowed to align secondary reads: 4
  Max number of stacks allowed per de novo locus: 3
  Deleveraging algorithm: disabled
  Gapped assembly: enabled
  Minimum alignment length: 0.8
  Model type: SNP
  Alpha significance level for model: 0.05

Loading RAD-Tags...
Warning: Input reads contained 4 uncalled nucleotides.

Loaded 20000 reads; formed:
  1478 stacks representing 14614 primary reads (73.1%)
  3700 secondary stacks representing 5386 secondary reads (26.9%)

Stack coverage: mean=9.89; stdev=24.25; max=399; n_reads=14614(73.1%)
Removing repetitive stacks: cov > 83 (mean+3*stdev)...
  Blacklisted 20 stacks.
Coverage after repeat removal: mean=7.65; stdev=4.72; max=64; n_reads=11157(55.8%)

Assembling stacks (max dist. M=2)...
  Assembled 1458 stacks into 1454; blacklisted 0 stacks.
Coverage after assembling stacks: mean=7.75; stdev=4.89; max=64; n_reads=11157(55.8%)

Merging secondary stacks (max dist. N=4 from consensus)...
  Merged 579 out of 5386 secondary reads (10.8%), 47 merged with gapped alignments.
Coverage after merging secondary stacks: mean=8.16; stdev=5.13; max=66; n_reads=11736(58.7%)

Assembling stacks, allowing for gaps (min. match length 80.0%)...
  Assembled 1454 stacks into 1399 stacks.
Coverage after gapped assembly: mean=8.48; stdev=5.42; max=66; n_reads=11736(58.7%)

Merging secondary stacks, allowing for gaps (min. match length 80.0%)...
  Merged 399 out of 4807 secondary reads (8.3%).
Coverage after merging gapped secondary stacks: mean=8.77; stdev=5.61; max=66; n_reads=12135(60.7%)

Final number of stacks built: 1399
Final coverage: mean=8.77; stdev=5.61; max=66; n_reads=12135(60.7%)
Calling consensus sequences and haplotypes for catalog assembly...
Writing tags, SNPs, and alleles files to './stacks/GAGTGG_GGACATTGGCTGCAGG'...done.
ustacks is done.

Sample 73 of 181 'GAGTGG_GGACCACTGTTGCAGG'
----------
ustacks --in-type fastq --file ./samples/GAGTGG_GGACCACTGTTGCAGG.1.fq --out-path ./stacks --name GAGTGG_GGACCACTGTTGCAGG -M 2 --threads 4  -m 4
ustacks parameters selected:
  Input file: './samples/GAGTGG_GGACCACTGTTGCAGG.1.fq'
  Min depth of coverage to create a stack (m): 4
  Repeat removal algorithm: enabled
  Max distance allowed between stacks (M): 2
  Max distance allowed to align secondary reads: 4
  Max number of stacks allowed per de novo locus: 3
  Deleveraging algorithm: disabled
  Gapped assembly: enabled
  Minimum alignment length: 0.8
  Model type: SNP
  Alpha significance level for model: 0.05

Loading RAD-Tags...

Loaded 20000 reads; formed:
  1484 stacks representing 13584 primary reads (67.9%)
  4476 secondary stacks representing 6416 secondary reads (32.1%)

Stack coverage: mean=9.15; stdev=21.18; max=432; n_reads=13584(67.9%)
Removing repetitive stacks: cov > 73 (mean+3*stdev)...
  Blacklisted 23 stacks.
Coverage after repeat removal: mean=7.19; stdev=4.04; max=54; n_reads=10505(52.5%)

Assembling stacks (max dist. M=2)...
  Assembled 1461 stacks into 1455; blacklisted 0 stacks.
Coverage after assembling stacks: mean=7.30; stdev=4.24; max=54; n_reads=10505(52.5%)

Merging secondary stacks (max dist. N=4 from consensus)...
  Merged 656 out of 6416 secondary reads (10.2%), 53 merged with gapped alignments.
Coverage after merging secondary stacks: mean=7.76; stdev=4.55; max=62; n_reads=11161(55.8%)

Assembling stacks, allowing for gaps (min. match length 80.0%)...
  Assembled 1455 stacks into 1410 stacks.
Coverage after gapped assembly: mean=8.01; stdev=4.74; max=62; n_reads=11161(55.8%)

Merging secondary stacks, allowing for gaps (min. match length 80.0%)...
  Merged 390 out of 5760 secondary reads (6.8%).
Coverage after merging gapped secondary stacks: mean=8.29; stdev=4.95; max=62; n_reads=11551(57.8%)

Final number of stacks built: 1410
Final coverage: mean=8.29; stdev=4.95; max=62; n_reads=11551(57.8%)
Calling consensus sequences and haplotypes for catalog assembly...
Writing tags, SNPs, and alleles files to './stacks/GAGTGG_GGACCACTGTTGCAGG'...done.
ustacks is done.

Sample 74 of 181 'GAGTGG_GGACCTCCAATGCAGG'
----------
ustacks --in-type fastq --file ./samples/GAGTGG_GGACCTCCAATGCAGG.1.fq --out-path ./stacks --name GAGTGG_GGACCTCCAATGCAGG -M 2 --threads 4  -m 4
ustacks parameters selected:
  Input file: './samples/GAGTGG_GGACCTCCAATGCAGG.1.fq'
  Min depth of coverage to create a stack (m): 4
  Repeat removal algorithm: enabled
  Max distance allowed between stacks (M): 2
  Max distance allowed to align secondary reads: 4
  Max number of stacks allowed per de novo locus: 3
  Deleveraging algorithm: disabled
  Gapped assembly: enabled
  Minimum alignment length: 0.8
  Model type: SNP
  Alpha significance level for model: 0.05

Loading RAD-Tags...
Warning: Input reads contained 3 uncalled nucleotides.

Loaded 20000 reads; formed:
  1484 stacks representing 15990 primary reads (80.0%)
  2851 secondary stacks representing 4010 secondary reads (20.1%)

Stack coverage: mean=10.77; stdev=25.30; max=478; n_reads=15990(80.0%)
Removing repetitive stacks: cov > 87 (mean+3*stdev)...
  Blacklisted 23 stacks.
Coverage after repeat removal: mean=8.49; stdev=5.44; max=64; n_reads=12398(62.0%)

Assembling stacks (max dist. M=2)...
  Assembled 1461 stacks into 1451; blacklisted 0 stacks.
Coverage after assembling stacks: mean=8.64; stdev=5.63; max=64; n_reads=12398(62.0%)

Merging secondary stacks (max dist. N=4 from consensus)...
  Merged 668 out of 4010 secondary reads (16.7%), 40 merged with gapped alignments.
Coverage after merging secondary stacks: mean=9.11; stdev=5.89; max=68; n_reads=13066(65.3%)

Assembling stacks, allowing for gaps (min. match length 80.0%)...
  Assembled 1451 stacks into 1394 stacks.
Coverage after gapped assembly: mean=9.48; stdev=6.25; max=68; n_reads=13066(65.3%)

Merging secondary stacks, allowing for gaps (min. match length 80.0%)...
  Merged 238 out of 3342 secondary reads (7.1%).
Coverage after merging gapped secondary stacks: mean=9.65; stdev=6.37; max=68; n_reads=13304(66.5%)

Final number of stacks built: 1394
Final coverage: mean=9.65; stdev=6.37; max=68; n_reads=13304(66.5%)
Calling consensus sequences and haplotypes for catalog assembly...
Writing tags, SNPs, and alleles files to './stacks/GAGTGG_GGACCTCCAATGCAGG'...done.
ustacks is done.

Sample 75 of 181 'GAGTGG_GGACGCTCGATGCAGG'
----------
ustacks --in-type fastq --file ./samples/GAGTGG_GGACGCTCGATGCAGG.1.fq --out-path ./stacks --name GAGTGG_GGACGCTCGATGCAGG -M 2 --threads 4  -m 4
ustacks parameters selected:
  Input file: './samples/GAGTGG_GGACGCTCGATGCAGG.1.fq'
  Min depth of coverage to create a stack (m): 4
  Repeat removal algorithm: enabled
  Max distance allowed between stacks (M): 2
  Max distance allowed to align secondary reads: 4
  Max number of stacks allowed per de novo locus: 3
  Deleveraging algorithm: disabled
  Gapped assembly: enabled
  Minimum alignment length: 0.8
  Model type: SNP
  Alpha significance level for model: 0.05

Loading RAD-Tags...
Warning: Input reads contained 8 uncalled nucleotides.

Loaded 20000 reads; formed:
  1247 stacks representing 16306 primary reads (81.5%)
  2916 secondary stacks representing 3694 secondary reads (18.5%)

Stack coverage: mean=13.08; stdev=27.04; max=441; n_reads=16306(81.5%)
Removing repetitive stacks: cov > 95 (mean+3*stdev)...
  Blacklisted 25 stacks.
Coverage after repeat removal: mean=10.33; stdev=6.56; max=55; n_reads=12625(63.1%)

Assembling stacks (max dist. M=2)...
  Assembled 1222 stacks into 1220; blacklisted 0 stacks.
Coverage after assembling stacks: mean=10.49; stdev=6.65; max=55; n_reads=12625(63.1%)

Merging secondary stacks (max dist. N=4 from consensus)...
  Merged 1118 out of 3694 secondary reads (30.3%), 57 merged with gapped alignments.
Coverage after merging secondary stacks: mean=11.42; stdev=7.12; max=60; n_reads=13743(68.7%)

Assembling stacks, allowing for gaps (min. match length 80.0%)...
  Assembled 1220 stacks into 1181 stacks.
Coverage after gapped assembly: mean=11.81; stdev=7.65; max=60; n_reads=13743(68.7%)

Merging secondary stacks, allowing for gaps (min. match length 80.0%)...
  Merged 99 out of 2576 secondary reads (3.8%).
Coverage after merging gapped secondary stacks: mean=11.89; stdev=7.66; max=60; n_reads=13842(69.2%)

Final number of stacks built: 1181
Final coverage: mean=11.89; stdev=7.66; max=60; n_reads=13842(69.2%)
Calling consensus sequences and haplotypes for catalog assembly...
Writing tags, SNPs, and alleles files to './stacks/GAGTGG_GGACGCTCGATGCAGG'...done.
ustacks is done.

Sample 76 of 181 'GAGTGG_GGACGTATCATGCAGG'
----------
ustacks --in-type fastq --file ./samples/GAGTGG_GGACGTATCATGCAGG.1.fq --out-path ./stacks --name GAGTGG_GGACGTATCATGCAGG -M 2 --threads 4  -m 4
ustacks parameters selected:
  Input file: './samples/GAGTGG_GGACGTATCATGCAGG.1.fq'
  Min depth of coverage to create a stack (m): 4
  Repeat removal algorithm: enabled
  Max distance allowed between stacks (M): 2
  Max distance allowed to align secondary reads: 4
  Max number of stacks allowed per de novo locus: 3
  Deleveraging algorithm: disabled
  Gapped assembly: enabled
  Minimum alignment length: 0.8
  Model type: SNP
  Alpha significance level for model: 0.05

Loading RAD-Tags...

Loaded 20000 reads; formed:
  1308 stacks representing 14303 primary reads (71.5%)
  3984 secondary stacks representing 5697 secondary reads (28.5%)

Stack coverage: mean=10.94; stdev=35.44; max=502; n_reads=14303(71.5%)
Removing repetitive stacks: cov > 118 (mean+3*stdev)...
  Blacklisted 22 stacks.
Coverage after repeat removal: mean=7.14; stdev=4.13; max=41; n_reads=9177(45.9%)

Assembling stacks (max dist. M=2)...
  Assembled 1286 stacks into 1291; blacklisted 0 stacks.
Coverage after assembling stacks: mean=7.20; stdev=4.23; max=41; n_reads=9177(45.9%)

Merging secondary stacks (max dist. N=4 from consensus)...
  Merged 552 out of 5697 secondary reads (9.7%), 46 merged with gapped alignments.
Coverage after merging secondary stacks: mean=7.64; stdev=4.52; max=44; n_reads=9729(48.6%)

Assembling stacks, allowing for gaps (min. match length 80.0%)...
  Assembled 1291 stacks into 1229 stacks.
Coverage after gapped assembly: mean=8.03; stdev=5.01; max=45; n_reads=9729(48.6%)

Merging secondary stacks, allowing for gaps (min. match length 80.0%)...
  Merged 597 out of 5145 secondary reads (11.6%).
Coverage after merging gapped secondary stacks: mean=8.52; stdev=5.42; max=46; n_reads=10326(51.6%)

Final number of stacks built: 1229
Final coverage: mean=8.52; stdev=5.42; max=46; n_reads=10326(51.6%)
Calling consensus sequences and haplotypes for catalog assembly...
Writing tags, SNPs, and alleles files to './stacks/GAGTGG_GGACGTATCATGCAGG'...done.
ustacks is done.

Sample 77 of 181 'GAGTGG_GGACTATGCATGCAGG'
----------
ustacks --in-type fastq --file ./samples/GAGTGG_GGACTATGCATGCAGG.1.fq --out-path ./stacks --name GAGTGG_GGACTATGCATGCAGG -M 2 --threads 4  -m 4
ustacks parameters selected:
  Input file: './samples/GAGTGG_GGACTATGCATGCAGG.1.fq'
  Min depth of coverage to create a stack (m): 4
  Repeat removal algorithm: enabled
  Max distance allowed between stacks (M): 2
  Max distance allowed to align secondary reads: 4
  Max number of stacks allowed per de novo locus: 3
  Deleveraging algorithm: disabled
  Gapped assembly: enabled
  Minimum alignment length: 0.8
  Model type: SNP
  Alpha significance level for model: 0.05

Loading RAD-Tags...
Warning: Input reads contained 4 uncalled nucleotides.

Loaded 20000 reads; formed:
  1282 stacks representing 15816 primary reads (79.1%)
  3174 secondary stacks representing 4184 secondary reads (20.9%)

Stack coverage: mean=12.34; stdev=31.23; max=480; n_reads=15816(79.1%)
Removing repetitive stacks: cov > 107 (mean+3*stdev)...
  Blacklisted 23 stacks.
Coverage after repeat removal: mean=9.33; stdev=6.65; max=98; n_reads=11750(58.8%)

Assembling stacks (max dist. M=2)...
  Assembled 1259 stacks into 1247; blacklisted 0 stacks.
Coverage after assembling stacks: mean=9.54; stdev=6.82; max=98; n_reads=11750(58.8%)

Merging secondary stacks (max dist. N=4 from consensus)...
  Merged 1087 out of 4184 secondary reads (26.0%), 58 merged with gapped alignments.
Coverage after merging secondary stacks: mean=10.42; stdev=7.45; max=111; n_reads=12837(64.2%)

Assembling stacks, allowing for gaps (min. match length 80.0%)...
  Assembled 1247 stacks into 1193 stacks.
Coverage after gapped assembly: mean=10.90; stdev=7.87; max=111; n_reads=12837(64.2%)

Merging secondary stacks, allowing for gaps (min. match length 80.0%)...
  Merged 199 out of 3097 secondary reads (6.4%).
Coverage after merging gapped secondary stacks: mean=11.07; stdev=7.96; max=111; n_reads=13036(65.2%)

Final number of stacks built: 1193
Final coverage: mean=11.07; stdev=7.96; max=111; n_reads=13036(65.2%)
Calling consensus sequences and haplotypes for catalog assembly...
Writing tags, SNPs, and alleles files to './stacks/GAGTGG_GGACTATGCATGCAGG'...done.
ustacks is done.

Sample 78 of 181 'GAGTGG_GGAGAGTCAATGCAGG'
----------
ustacks --in-type fastq --file ./samples/GAGTGG_GGAGAGTCAATGCAGG.1.fq --out-path ./stacks --name GAGTGG_GGAGAGTCAATGCAGG -M 2 --threads 4  -m 4
ustacks parameters selected:
  Input file: './samples/GAGTGG_GGAGAGTCAATGCAGG.1.fq'
  Min depth of coverage to create a stack (m): 4
  Repeat removal algorithm: enabled
  Max distance allowed between stacks (M): 2
  Max distance allowed to align secondary reads: 4
  Max number of stacks allowed per de novo locus: 3
  Deleveraging algorithm: disabled
  Gapped assembly: enabled
  Minimum alignment length: 0.8
  Model type: SNP
  Alpha significance level for model: 0.05

Loading RAD-Tags...
Warning: Input reads contained 1 uncalled nucleotides.

Loaded 20000 reads; formed:
  1301 stacks representing 14042 primary reads (70.2%)
  4232 secondary stacks representing 5958 secondary reads (29.8%)

Stack coverage: mean=10.79; stdev=36.65; max=517; n_reads=14042(70.2%)
Removing repetitive stacks: cov > 121 (mean+3*stdev)...
  Blacklisted 22 stacks.
Coverage after repeat removal: mean=7.10; stdev=4.47; max=91; n_reads=9076(45.4%)

Assembling stacks (max dist. M=2)...
  Assembled 1279 stacks into 1281; blacklisted 0 stacks.
Coverage after assembling stacks: mean=7.17; stdev=4.58; max=91; n_reads=9076(45.4%)

Merging secondary stacks (max dist. N=4 from consensus)...
  Merged 500 out of 5958 secondary reads (8.4%), 40 merged with gapped alignments.
Coverage after merging secondary stacks: mean=7.57; stdev=4.94; max=103; n_reads=9576(47.9%)

Assembling stacks, allowing for gaps (min. match length 80.0%)...
  Assembled 1281 stacks into 1236 stacks.
Coverage after gapped assembly: mean=7.85; stdev=5.18; max=103; n_reads=9576(47.9%)

Merging secondary stacks, allowing for gaps (min. match length 80.0%)...
  Merged 554 out of 5458 secondary reads (10.2%).
Coverage after merging gapped secondary stacks: mean=8.30; stdev=5.57; max=103; n_reads=10130(50.6%)

Final number of stacks built: 1236
Final coverage: mean=8.30; stdev=5.57; max=103; n_reads=10130(50.6%)
Calling consensus sequences and haplotypes for catalog assembly...
Writing tags, SNPs, and alleles files to './stacks/GAGTGG_GGAGAGTCAATGCAGG'...done.
ustacks is done.

Sample 79 of 181 'GAGTGG_GGAGATCGCATGCAGG'
----------
ustacks --in-type fastq --file ./samples/GAGTGG_GGAGATCGCATGCAGG.1.fq --out-path ./stacks --name GAGTGG_GGAGATCGCATGCAGG -M 2 --threads 4  -m 4
ustacks parameters selected:
  Input file: './samples/GAGTGG_GGAGATCGCATGCAGG.1.fq'
  Min depth of coverage to create a stack (m): 4
  Repeat removal algorithm: enabled
  Max distance allowed between stacks (M): 2
  Max distance allowed to align secondary reads: 4
  Max number of stacks allowed per de novo locus: 3
  Deleveraging algorithm: disabled
  Gapped assembly: enabled
  Minimum alignment length: 0.8
  Model type: SNP
  Alpha significance level for model: 0.05

Loading RAD-Tags...
Warning: Input reads contained 8 uncalled nucleotides.

Loaded 20000 reads; formed:
  1314 stacks representing 14271 primary reads (71.4%)
  4031 secondary stacks representing 5729 secondary reads (28.6%)

Stack coverage: mean=10.86; stdev=35.80; max=577; n_reads=14271(71.4%)
Removing repetitive stacks: cov > 119 (mean+3*stdev)...
  Blacklisted 25 stacks.
Coverage after repeat removal: mean=7.09; stdev=3.98; max=66; n_reads=9134(45.7%)

Assembling stacks (max dist. M=2)...
  Assembled 1289 stacks into 1294; blacklisted 0 stacks.
Coverage after assembling stacks: mean=7.15; stdev=4.07; max=66; n_reads=9134(45.7%)

Merging secondary stacks (max dist. N=4 from consensus)...
  Merged 533 out of 5729 secondary reads (9.3%), 27 merged with gapped alignments.
Coverage after merging secondary stacks: mean=7.57; stdev=4.40; max=76; n_reads=9667(48.3%)

Assembling stacks, allowing for gaps (min. match length 80.0%)...
  Assembled 1294 stacks into 1237 stacks.
Coverage after gapped assembly: mean=7.92; stdev=4.77; max=76; n_reads=9667(48.3%)

Merging secondary stacks, allowing for gaps (min. match length 80.0%)...
  Merged 526 out of 5196 secondary reads (10.1%).
Coverage after merging gapped secondary stacks: mean=8.35; stdev=5.22; max=76; n_reads=10193(51.0%)

Final number of stacks built: 1237
Final coverage: mean=8.35; stdev=5.22; max=76; n_reads=10193(51.0%)
Calling consensus sequences and haplotypes for catalog assembly...
Writing tags, SNPs, and alleles files to './stacks/GAGTGG_GGAGATCGCATGCAGG'...done.
ustacks is done.

Sample 80 of 181 'GAGTGG_GGAGCACCTCTGCAGG'
----------
ustacks --in-type fastq --file ./samples/GAGTGG_GGAGCACCTCTGCAGG.1.fq --out-path ./stacks --name GAGTGG_GGAGCACCTCTGCAGG -M 2 --threads 4  -m 4
ustacks parameters selected:
  Input file: './samples/GAGTGG_GGAGCACCTCTGCAGG.1.fq'
  Min depth of coverage to create a stack (m): 4
  Repeat removal algorithm: enabled
  Max distance allowed between stacks (M): 2
  Max distance allowed to align secondary reads: 4
  Max number of stacks allowed per de novo locus: 3
  Deleveraging algorithm: disabled
  Gapped assembly: enabled
  Minimum alignment length: 0.8
  Model type: SNP
  Alpha significance level for model: 0.05

Loading RAD-Tags...
Warning: Input reads contained 5 uncalled nucleotides.

Loaded 20000 reads; formed:
  1424 stacks representing 15157 primary reads (75.8%)
  3377 secondary stacks representing 4843 secondary reads (24.2%)

Stack coverage: mean=10.64; stdev=28.19; max=503; n_reads=15157(75.8%)
Removing repetitive stacks: cov > 96 (mean+3*stdev)...
  Blacklisted 19 stacks.
Coverage after repeat removal: mean=8.22; stdev=5.46; max=73; n_reads=11545(57.7%)

Assembling stacks (max dist. M=2)...
  Assembled 1405 stacks into 1394; blacklisted 1 stacks.
Coverage after assembling stacks: mean=8.34; stdev=5.65; max=73; n_reads=11515(57.6%)

Merging secondary stacks (max dist. N=4 from consensus)...
  Merged 627 out of 4843 secondary reads (12.9%), 36 merged with gapped alignments.
Coverage after merging secondary stacks: mean=8.80; stdev=5.93; max=76; n_reads=12142(60.7%)

Assembling stacks, allowing for gaps (min. match length 80.0%)...
  Assembled 1394 stacks into 1341 stacks.
Coverage after gapped assembly: mean=9.15; stdev=6.16; max=76; n_reads=12142(60.7%)

Merging secondary stacks, allowing for gaps (min. match length 80.0%)...
  Merged 375 out of 4216 secondary reads (8.9%).
Coverage after merging gapped secondary stacks: mean=9.43; stdev=6.38; max=76; n_reads=12517(62.6%)

Final number of stacks built: 1341
Final coverage: mean=9.43; stdev=6.38; max=76; n_reads=12517(62.6%)
Calling consensus sequences and haplotypes for catalog assembly...
Writing tags, SNPs, and alleles files to './stacks/GAGTGG_GGAGCACCTCTGCAGG'...done.
ustacks is done.

Sample 81 of 181 'GAGTGG_GGAGCAGGAATGCAGG'
----------
ustacks --in-type fastq --file ./samples/GAGTGG_GGAGCAGGAATGCAGG.1.fq --out-path ./stacks --name GAGTGG_GGAGCAGGAATGCAGG -M 2 --threads 4  -m 4
ustacks parameters selected:
  Input file: './samples/GAGTGG_GGAGCAGGAATGCAGG.1.fq'
  Min depth of coverage to create a stack (m): 4
  Repeat removal algorithm: enabled
  Max distance allowed between stacks (M): 2
  Max distance allowed to align secondary reads: 4
  Max number of stacks allowed per de novo locus: 3
  Deleveraging algorithm: disabled
  Gapped assembly: enabled
  Minimum alignment length: 0.8
  Model type: SNP
  Alpha significance level for model: 0.05

Loading RAD-Tags...
Warning: Input reads contained 5 uncalled nucleotides.

Loaded 20000 reads; formed:
  1360 stacks representing 14393 primary reads (72.0%)
  3999 secondary stacks representing 5607 secondary reads (28.0%)

Stack coverage: mean=10.58; stdev=33.04; max=552; n_reads=14393(72.0%)
Removing repetitive stacks: cov > 110 (mean+3*stdev)...
  Blacklisted 20 stacks.
Coverage after repeat removal: mean=7.33; stdev=4.97; max=108; n_reads=9821(49.1%)

Assembling stacks (max dist. M=2)...
  Assembled 1340 stacks into 1345; blacklisted 0 stacks.
Coverage after assembling stacks: mean=7.39; stdev=5.07; max=108; n_reads=9821(49.1%)

Merging secondary stacks (max dist. N=4 from consensus)...
  Merged 556 out of 5607 secondary reads (9.9%), 39 merged with gapped alignments.
Coverage after merging secondary stacks: mean=7.81; stdev=5.44; max=118; n_reads=10377(51.9%)

Assembling stacks, allowing for gaps (min. match length 80.0%)...
  Assembled 1345 stacks into 1281 stacks.
Coverage after gapped assembly: mean=8.20; stdev=5.88; max=118; n_reads=10377(51.9%)

Merging secondary stacks, allowing for gaps (min. match length 80.0%)...
  Merged 519 out of 5051 secondary reads (10.3%).
Coverage after merging gapped secondary stacks: mean=8.61; stdev=6.10; max=118; n_reads=10896(54.5%)

Final number of stacks built: 1281
Final coverage: mean=8.61; stdev=6.10; max=118; n_reads=10896(54.5%)
Calling consensus sequences and haplotypes for catalog assembly...
Writing tags, SNPs, and alleles files to './stacks/GAGTGG_GGAGCAGGAATGCAGG'...done.
ustacks is done.

Sample 82 of 181 'GAGTGG_GGAGTACAAGTGCAGG'
----------
ustacks --in-type fastq --file ./samples/GAGTGG_GGAGTACAAGTGCAGG.1.fq --out-path ./stacks --name GAGTGG_GGAGTACAAGTGCAGG -M 2 --threads 4  -m 4
ustacks parameters selected:
  Input file: './samples/GAGTGG_GGAGTACAAGTGCAGG.1.fq'
  Min depth of coverage to create a stack (m): 4
  Repeat removal algorithm: enabled
  Max distance allowed between stacks (M): 2
  Max distance allowed to align secondary reads: 4
  Max number of stacks allowed per de novo locus: 3
  Deleveraging algorithm: disabled
  Gapped assembly: enabled
  Minimum alignment length: 0.8
  Model type: SNP
  Alpha significance level for model: 0.05

Loading RAD-Tags...
Warning: Input reads contained 1 uncalled nucleotides.

Loaded 20000 reads; formed:
  1374 stacks representing 14619 primary reads (73.1%)
  3750 secondary stacks representing 5381 secondary reads (26.9%)

Stack coverage: mean=10.64; stdev=29.71; max=453; n_reads=14619(73.1%)
Removing repetitive stacks: cov > 100 (mean+3*stdev)...
  Blacklisted 24 stacks.
Coverage after repeat removal: mean=7.67; stdev=4.82; max=73; n_reads=10358(51.8%)

Assembling stacks (max dist. M=2)...
  Assembled 1350 stacks into 1355; blacklisted 0 stacks.
Coverage after assembling stacks: mean=7.74; stdev=4.94; max=73; n_reads=10358(51.8%)

Merging secondary stacks (max dist. N=4 from consensus)...
  Merged 584 out of 5381 secondary reads (10.9%), 52 merged with gapped alignments.
Coverage after merging secondary stacks: mean=8.17; stdev=5.25; max=79; n_reads=10942(54.7%)

Assembling stacks, allowing for gaps (min. match length 80.0%)...
  Assembled 1355 stacks into 1298 stacks.
Coverage after gapped assembly: mean=8.54; stdev=5.60; max=79; n_reads=10942(54.7%)

Merging secondary stacks, allowing for gaps (min. match length 80.0%)...
  Merged 519 out of 4797 secondary reads (10.8%).
Coverage after merging gapped secondary stacks: mean=8.94; stdev=6.01; max=79; n_reads=11461(57.3%)

Final number of stacks built: 1298
Final coverage: mean=8.94; stdev=6.01; max=79; n_reads=11461(57.3%)
Calling consensus sequences and haplotypes for catalog assembly...
Writing tags, SNPs, and alleles files to './stacks/GAGTGG_GGAGTACAAGTGCAGG'...done.
ustacks is done.

Sample 83 of 181 'GAGTGG_GGAGTCACTATGCAGG'
----------
ustacks --in-type fastq --file ./samples/GAGTGG_GGAGTCACTATGCAGG.1.fq --out-path ./stacks --name GAGTGG_GGAGTCACTATGCAGG -M 2 --threads 4  -m 4
ustacks parameters selected:
  Input file: './samples/GAGTGG_GGAGTCACTATGCAGG.1.fq'
  Min depth of coverage to create a stack (m): 4
  Repeat removal algorithm: enabled
  Max distance allowed between stacks (M): 2
  Max distance allowed to align secondary reads: 4
  Max number of stacks allowed per de novo locus: 3
  Deleveraging algorithm: disabled
  Gapped assembly: enabled
  Minimum alignment length: 0.8
  Model type: SNP
  Alpha significance level for model: 0.05

Loading RAD-Tags...
Warning: Input reads contained 5 uncalled nucleotides.

Loaded 20000 reads; formed:
  1237 stacks representing 15499 primary reads (77.5%)
  3483 secondary stacks representing 4501 secondary reads (22.5%)

Stack coverage: mean=12.53; stdev=29.04; max=405; n_reads=15499(77.5%)
Removing repetitive stacks: cov > 100 (mean+3*stdev)...
  Blacklisted 26 stacks.
Coverage after repeat removal: mean=9.69; stdev=6.62; max=86; n_reads=11732(58.7%)

Assembling stacks (max dist. M=2)...
  Assembled 1211 stacks into 1210; blacklisted 0 stacks.
Coverage after assembling stacks: mean=9.82; stdev=6.76; max=91; n_reads=11732(58.7%)

Merging secondary stacks (max dist. N=4 from consensus)...
  Merged 1281 out of 4501 secondary reads (28.5%), 97 merged with gapped alignments.
Coverage after merging secondary stacks: mean=10.89; stdev=7.74; max=111; n_reads=13013(65.1%)

Assembling stacks, allowing for gaps (min. match length 80.0%)...
  Assembled 1210 stacks into 1154 stacks.
Coverage after gapped assembly: mean=11.42; stdev=8.25; max=111; n_reads=13013(65.1%)

Merging secondary stacks, allowing for gaps (min. match length 80.0%)...
  Merged 172 out of 3220 secondary reads (5.3%).
Coverage after merging gapped secondary stacks: mean=11.58; stdev=8.32; max=111; n_reads=13185(65.9%)

Final number of stacks built: 1154
Final coverage: mean=11.58; stdev=8.32; max=111; n_reads=13185(65.9%)
Calling consensus sequences and haplotypes for catalog assembly...
Writing tags, SNPs, and alleles files to './stacks/GAGTGG_GGAGTCACTATGCAGG'...done.
ustacks is done.

Sample 84 of 181 'GAGTGG_GGAGTGGTCATGCAGG'
----------
ustacks --in-type fastq --file ./samples/GAGTGG_GGAGTGGTCATGCAGG.1.fq --out-path ./stacks --name GAGTGG_GGAGTGGTCATGCAGG -M 2 --threads 4  -m 4
ustacks parameters selected:
  Input file: './samples/GAGTGG_GGAGTGGTCATGCAGG.1.fq'
  Min depth of coverage to create a stack (m): 4
  Repeat removal algorithm: enabled
  Max distance allowed between stacks (M): 2
  Max distance allowed to align secondary reads: 4
  Max number of stacks allowed per de novo locus: 3
  Deleveraging algorithm: disabled
  Gapped assembly: enabled
  Minimum alignment length: 0.8
  Model type: SNP
  Alpha significance level for model: 0.05

Loading RAD-Tags...
Warning: Input reads contained 1 uncalled nucleotides.

Loaded 20000 reads; formed:
  1404 stacks representing 14792 primary reads (74.0%)
  3674 secondary stacks representing 5208 secondary reads (26.0%)

Stack coverage: mean=10.54; stdev=25.94; max=394; n_reads=14792(74.0%)
Removing repetitive stacks: cov > 89 (mean+3*stdev)...
  Blacklisted 20 stacks.
Coverage after repeat removal: mean=8.04; stdev=5.08; max=88; n_reads=11126(55.6%)

Assembling stacks (max dist. M=2)...
  Assembled 1384 stacks into 1389; blacklisted 0 stacks.
Coverage after assembling stacks: mean=8.10; stdev=5.17; max=92; n_reads=11126(55.6%)

Merging secondary stacks (max dist. N=4 from consensus)...
  Merged 626 out of 5208 secondary reads (12.0%), 47 merged with gapped alignments.
Coverage after merging secondary stacks: mean=8.56; stdev=5.46; max=99; n_reads=11752(58.8%)

Assembling stacks, allowing for gaps (min. match length 80.0%)...
  Assembled 1389 stacks into 1345 stacks.
Coverage after gapped assembly: mean=8.84; stdev=5.73; max=99; n_reads=11752(58.8%)

Merging secondary stacks, allowing for gaps (min. match length 80.0%)...
  Merged 294 out of 4582 secondary reads (6.4%).
Coverage after merging gapped secondary stacks: mean=9.06; stdev=5.84; max=99; n_reads=12046(60.2%)

Final number of stacks built: 1345
Final coverage: mean=9.06; stdev=5.84; max=99; n_reads=12046(60.2%)
Calling consensus sequences and haplotypes for catalog assembly...
Writing tags, SNPs, and alleles files to './stacks/GAGTGG_GGAGTGGTCATGCAGG'...done.
ustacks is done.

Sample 85 of 181 'GAGTGG_GGATCCTGTATGCAGG'
----------
ustacks --in-type fastq --file ./samples/GAGTGG_GGATCCTGTATGCAGG.1.fq --out-path ./stacks --name GAGTGG_GGATCCTGTATGCAGG -M 2 --threads 4  -m 4
ustacks parameters selected:
  Input file: './samples/GAGTGG_GGATCCTGTATGCAGG.1.fq'
  Min depth of coverage to create a stack (m): 4
  Repeat removal algorithm: enabled
  Max distance allowed between stacks (M): 2
  Max distance allowed to align secondary reads: 4
  Max number of stacks allowed per de novo locus: 3
  Deleveraging algorithm: disabled
  Gapped assembly: enabled
  Minimum alignment length: 0.8
  Model type: SNP
  Alpha significance level for model: 0.05

Loading RAD-Tags...

Loaded 20000 reads; formed:
  1305 stacks representing 13824 primary reads (69.1%)
  4340 secondary stacks representing 6176 secondary reads (30.9%)

Stack coverage: mean=10.59; stdev=33.02; max=533; n_reads=13824(69.1%)
Removing repetitive stacks: cov > 110 (mean+3*stdev)...
  Blacklisted 21 stacks.
Coverage after repeat removal: mean=7.26; stdev=4.16; max=60; n_reads=9320(46.6%)

Assembling stacks (max dist. M=2)...
  Assembled 1284 stacks into 1291; blacklisted 0 stacks.
Coverage after assembling stacks: mean=7.31; stdev=4.22; max=60; n_reads=9320(46.6%)

Merging secondary stacks (max dist. N=4 from consensus)...
  Merged 609 out of 6176 secondary reads (9.9%), 66 merged with gapped alignments.
Coverage after merging secondary stacks: mean=7.79; stdev=4.61; max=67; n_reads=9929(49.6%)

Assembling stacks, allowing for gaps (min. match length 80.0%)...
  Assembled 1291 stacks into 1235 stacks.
Coverage after gapped assembly: mean=8.15; stdev=4.91; max=67; n_reads=9929(49.6%)

Merging secondary stacks, allowing for gaps (min. match length 80.0%)...
  Merged 607 out of 5567 secondary reads (10.9%).
Coverage after merging gapped secondary stacks: mean=8.64; stdev=5.23; max=67; n_reads=10536(52.7%)

Final number of stacks built: 1235
Final coverage: mean=8.64; stdev=5.23; max=67; n_reads=10536(52.7%)
Calling consensus sequences and haplotypes for catalog assembly...
Writing tags, SNPs, and alleles files to './stacks/GAGTGG_GGATCCTGTATGCAGG'...done.
ustacks is done.

Sample 86 of 181 'GAGTGG_GGATGCCTAATGCAGG'
----------
ustacks --in-type fastq --file ./samples/GAGTGG_GGATGCCTAATGCAGG.1.fq --out-path ./stacks --name GAGTGG_GGATGCCTAATGCAGG -M 2 --threads 4  -m 4
ustacks parameters selected:
  Input file: './samples/GAGTGG_GGATGCCTAATGCAGG.1.fq'
  Min depth of coverage to create a stack (m): 4
  Repeat removal algorithm: enabled
  Max distance allowed between stacks (M): 2
  Max distance allowed to align secondary reads: 4
  Max number of stacks allowed per de novo locus: 3
  Deleveraging algorithm: disabled
  Gapped assembly: enabled
  Minimum alignment length: 0.8
  Model type: SNP
  Alpha significance level for model: 0.05

Loading RAD-Tags...
Warning: Input reads contained 4 uncalled nucleotides.

Loaded 20000 reads; formed:
  1491 stacks representing 14353 primary reads (71.8%)
  3969 secondary stacks representing 5647 secondary reads (28.2%)

Stack coverage: mean=9.63; stdev=23.14; max=424; n_reads=14353(71.8%)
Removing repetitive stacks: cov > 80 (mean+3*stdev)...
  Blacklisted 19 stacks.
Coverage after repeat removal: mean=7.46; stdev=4.61; max=75; n_reads=10974(54.9%)

Assembling stacks (max dist. M=2)...
  Assembled 1472 stacks into 1474; blacklisted 0 stacks.
Coverage after assembling stacks: mean=7.53; stdev=4.67; max=75; n_reads=10974(54.9%)

Merging secondary stacks (max dist. N=4 from consensus)...
  Merged 712 out of 5647 secondary reads (12.6%), 64 merged with gapped alignments.
Coverage after merging secondary stacks: mean=8.02; stdev=5.00; max=81; n_reads=11686(58.4%)

Assembling stacks, allowing for gaps (min. match length 80.0%)...
  Assembled 1474 stacks into 1418 stacks.
Coverage after gapped assembly: mean=8.34; stdev=5.26; max=81; n_reads=11686(58.4%)

Merging secondary stacks, allowing for gaps (min. match length 80.0%)...
  Merged 401 out of 4935 secondary reads (8.1%).
Coverage after merging gapped secondary stacks: mean=8.62; stdev=5.52; max=81; n_reads=12087(60.4%)

Final number of stacks built: 1418
Final coverage: mean=8.62; stdev=5.52; max=81; n_reads=12087(60.4%)
Calling consensus sequences and haplotypes for catalog assembly...
Writing tags, SNPs, and alleles files to './stacks/GAGTGG_GGATGCCTAATGCAGG'...done.
ustacks is done.

Sample 87 of 181 'GAGTGG_GGATTGAGGATGCAGG'
----------
ustacks --in-type fastq --file ./samples/GAGTGG_GGATTGAGGATGCAGG.1.fq --out-path ./stacks --name GAGTGG_GGATTGAGGATGCAGG -M 2 --threads 4  -m 4
ustacks parameters selected:
  Input file: './samples/GAGTGG_GGATTGAGGATGCAGG.1.fq'
  Min depth of coverage to create a stack (m): 4
  Repeat removal algorithm: enabled
  Max distance allowed between stacks (M): 2
  Max distance allowed to align secondary reads: 4
  Max number of stacks allowed per de novo locus: 3
  Deleveraging algorithm: disabled
  Gapped assembly: enabled
  Minimum alignment length: 0.8
  Model type: SNP
  Alpha significance level for model: 0.05

Loading RAD-Tags...
Warning: Input reads contained 2 uncalled nucleotides.

Loaded 20000 reads; formed:
  1427 stacks representing 14221 primary reads (71.1%)
  4021 secondary stacks representing 5779 secondary reads (28.9%)

Stack coverage: mean=9.97; stdev=26.72; max=441; n_reads=14221(71.1%)
Removing repetitive stacks: cov > 91 (mean+3*stdev)...
  Blacklisted 24 stacks.
Coverage after repeat removal: mean=7.36; stdev=4.26; max=39; n_reads=10320(51.6%)

Assembling stacks (max dist. M=2)...
  Assembled 1403 stacks into 1398; blacklisted 1 stacks.
Coverage after assembling stacks: mean=7.45; stdev=4.44; max=39; n_reads=10280(51.4%)

Merging secondary stacks (max dist. N=4 from consensus)...
  Merged 621 out of 5779 secondary reads (10.7%), 50 merged with gapped alignments.
Coverage after merging secondary stacks: mean=7.90; stdev=4.71; max=41; n_reads=10901(54.5%)

Assembling stacks, allowing for gaps (min. match length 80.0%)...
  Assembled 1398 stacks into 1341 stacks.
Coverage after gapped assembly: mean=8.24; stdev=5.07; max=45; n_reads=10901(54.5%)

Merging secondary stacks, allowing for gaps (min. match length 80.0%)...
  Merged 505 out of 5158 secondary reads (9.8%).
Coverage after merging gapped secondary stacks: mean=8.62; stdev=5.40; max=45; n_reads=11406(57.0%)

Final number of stacks built: 1341
Final coverage: mean=8.62; stdev=5.40; max=45; n_reads=11406(57.0%)
Calling consensus sequences and haplotypes for catalog assembly...
Writing tags, SNPs, and alleles files to './stacks/GAGTGG_GGATTGAGGATGCAGG'...done.
ustacks is done.

Sample 88 of 181 'GAGTGG_GGATTGGCTCTGCAGG'
----------
ustacks --in-type fastq --file ./samples/GAGTGG_GGATTGGCTCTGCAGG.1.fq --out-path ./stacks --name GAGTGG_GGATTGGCTCTGCAGG -M 2 --threads 4  -m 4
ustacks parameters selected:
  Input file: './samples/GAGTGG_GGATTGGCTCTGCAGG.1.fq'
  Min depth of coverage to create a stack (m): 4
  Repeat removal algorithm: enabled
  Max distance allowed between stacks (M): 2
  Max distance allowed to align secondary reads: 4
  Max number of stacks allowed per de novo locus: 3
  Deleveraging algorithm: disabled
  Gapped assembly: enabled
  Minimum alignment length: 0.8
  Model type: SNP
  Alpha significance level for model: 0.05

Loading RAD-Tags...
Warning: Input reads contained 7 uncalled nucleotides.

Loaded 20000 reads; formed:
  1424 stacks representing 16007 primary reads (80.0%)
  2972 secondary stacks representing 3993 secondary reads (20.0%)

Stack coverage: mean=11.24; stdev=24.57; max=468; n_reads=16007(80.0%)
Removing repetitive stacks: cov > 85 (mean+3*stdev)...
  Blacklisted 23 stacks.
Coverage after repeat removal: mean=9.07; stdev=6.39; max=75; n_reads=12713(63.6%)

Assembling stacks (max dist. M=2)...
  Assembled 1401 stacks into 1387; blacklisted 1 stacks.
Coverage after assembling stacks: mean=9.24; stdev=6.56; max=75; n_reads=12683(63.4%)

Merging secondary stacks (max dist. N=4 from consensus)...
  Merged 876 out of 3993 secondary reads (21.9%), 63 merged with gapped alignments.
Coverage after merging secondary stacks: mean=9.88; stdev=7.11; max=83; n_reads=13559(67.8%)

Assembling stacks, allowing for gaps (min. match length 80.0%)...
  Assembled 1387 stacks into 1317 stacks.
Coverage after gapped assembly: mean=10.41; stdev=7.70; max=83; n_reads=13559(67.8%)

Merging secondary stacks, allowing for gaps (min. match length 80.0%)...
  Merged 297 out of 3117 secondary reads (9.5%).
Coverage after merging gapped secondary stacks: mean=10.64; stdev=7.81; max=83; n_reads=13856(69.3%)

Final number of stacks built: 1317
Final coverage: mean=10.64; stdev=7.81; max=83; n_reads=13856(69.3%)
Calling consensus sequences and haplotypes for catalog assembly...
Writing tags, SNPs, and alleles files to './stacks/GAGTGG_GGATTGGCTCTGCAGG'...done.
ustacks is done.

Sample 89 of 181 'GAGTGG_GGCAACCACATGCAGG'
----------
ustacks --in-type fastq --file ./samples/GAGTGG_GGCAACCACATGCAGG.1.fq --out-path ./stacks --name GAGTGG_GGCAACCACATGCAGG -M 2 --threads 4  -m 4
ustacks parameters selected:
  Input file: './samples/GAGTGG_GGCAACCACATGCAGG.1.fq'
  Min depth of coverage to create a stack (m): 4
  Repeat removal algorithm: enabled
  Max distance allowed between stacks (M): 2
  Max distance allowed to align secondary reads: 4
  Max number of stacks allowed per de novo locus: 3
  Deleveraging algorithm: disabled
  Gapped assembly: enabled
  Minimum alignment length: 0.8
  Model type: SNP
  Alpha significance level for model: 0.05

Loading RAD-Tags...

Loaded 20000 reads; formed:
  1347 stacks representing 14188 primary reads (70.9%)
  4019 secondary stacks representing 5812 secondary reads (29.1%)

Stack coverage: mean=10.53; stdev=29.60; max=499; n_reads=14188(70.9%)
Removing repetitive stacks: cov > 100 (mean+3*stdev)...
  Blacklisted 21 stacks.
Coverage after repeat removal: mean=7.46; stdev=4.07; max=36; n_reads=9889(49.4%)

Assembling stacks (max dist. M=2)...
  Assembled 1326 stacks into 1327; blacklisted 0 stacks.
Coverage after assembling stacks: mean=7.55; stdev=4.20; max=36; n_reads=9889(49.4%)

Merging secondary stacks (max dist. N=4 from consensus)...
  Merged 583 out of 5812 secondary reads (10.0%), 38 merged with gapped alignments.
Coverage after merging secondary stacks: mean=8.00; stdev=4.43; max=36; n_reads=10472(52.4%)

Assembling stacks, allowing for gaps (min. match length 80.0%)...
  Assembled 1327 stacks into 1270 stacks.
Coverage after gapped assembly: mean=8.36; stdev=4.72; max=36; n_reads=10472(52.4%)

Merging secondary stacks, allowing for gaps (min. match length 80.0%)...
  Merged 409 out of 5229 secondary reads (7.8%).
Coverage after merging gapped secondary stacks: mean=8.69; stdev=5.00; max=36; n_reads=10881(54.4%)

Final number of stacks built: 1270
Final coverage: mean=8.69; stdev=5.00; max=36; n_reads=10881(54.4%)
Calling consensus sequences and haplotypes for catalog assembly...
Writing tags, SNPs, and alleles files to './stacks/GAGTGG_GGCAACCACATGCAGG'...done.
ustacks is done.

Sample 90 of 181 'GAGTGG_GGCAAGGAGCTGCAGG'
----------
ustacks --in-type fastq --file ./samples/GAGTGG_GGCAAGGAGCTGCAGG.1.fq --out-path ./stacks --name GAGTGG_GGCAAGGAGCTGCAGG -M 2 --threads 4  -m 4
ustacks parameters selected:
  Input file: './samples/GAGTGG_GGCAAGGAGCTGCAGG.1.fq'
  Min depth of coverage to create a stack (m): 4
  Repeat removal algorithm: enabled
  Max distance allowed between stacks (M): 2
  Max distance allowed to align secondary reads: 4
  Max number of stacks allowed per de novo locus: 3
  Deleveraging algorithm: disabled
  Gapped assembly: enabled
  Minimum alignment length: 0.8
  Model type: SNP
  Alpha significance level for model: 0.05

Loading RAD-Tags...
Warning: Input reads contained 7 uncalled nucleotides.

Loaded 20000 reads; formed:
  1376 stacks representing 15448 primary reads (77.2%)
  3512 secondary stacks representing 4552 secondary reads (22.8%)

Stack coverage: mean=11.23; stdev=20.92; max=359; n_reads=15448(77.2%)
Removing repetitive stacks: cov > 74 (mean+3*stdev)...
  Blacklisted 18 stacks.
Coverage after repeat removal: mean=9.61; stdev=6.59; max=62; n_reads=13051(65.3%)

Assembling stacks (max dist. M=2)...
  Assembled 1358 stacks into 1343; blacklisted 0 stacks.
Coverage after assembling stacks: mean=9.80; stdev=6.72; max=67; n_reads=13051(65.3%)

Merging secondary stacks (max dist. N=4 from consensus)...
  Merged 1445 out of 4552 secondary reads (31.7%), 107 merged with gapped alignments.
Coverage after merging secondary stacks: mean=10.88; stdev=7.53; max=88; n_reads=14496(72.5%)

Assembling stacks, allowing for gaps (min. match length 80.0%)...
  Assembled 1343 stacks into 1291 stacks.
Coverage after gapped assembly: mean=11.32; stdev=7.93; max=88; n_reads=14496(72.5%)

Merging secondary stacks, allowing for gaps (min. match length 80.0%)...
  Merged 240 out of 3107 secondary reads (7.7%).
Coverage after merging gapped secondary stacks: mean=11.51; stdev=8.06; max=88; n_reads=14736(73.7%)

Final number of stacks built: 1291
Final coverage: mean=11.51; stdev=8.06; max=88; n_reads=14736(73.7%)
Calling consensus sequences and haplotypes for catalog assembly...
Writing tags, SNPs, and alleles files to './stacks/GAGTGG_GGCAAGGAGCTGCAGG'...done.
ustacks is done.

Sample 91 of 181 'GAGTGG_GGCAATGGAATGCAGG'
----------
ustacks --in-type fastq --file ./samples/GAGTGG_GGCAATGGAATGCAGG.1.fq --out-path ./stacks --name GAGTGG_GGCAATGGAATGCAGG -M 2 --threads 4  -m 4
ustacks parameters selected:
  Input file: './samples/GAGTGG_GGCAATGGAATGCAGG.1.fq'
  Min depth of coverage to create a stack (m): 4
  Repeat removal algorithm: enabled
  Max distance allowed between stacks (M): 2
  Max distance allowed to align secondary reads: 4
  Max number of stacks allowed per de novo locus: 3
  Deleveraging algorithm: disabled
  Gapped assembly: enabled
  Minimum alignment length: 0.8
  Model type: SNP
  Alpha significance level for model: 0.05

Loading RAD-Tags...
Warning: Input reads contained 6 uncalled nucleotides.

Loaded 20000 reads; formed:
  1437 stacks representing 14423 primary reads (72.1%)
  3840 secondary stacks representing 5577 secondary reads (27.9%)

Stack coverage: mean=10.04; stdev=25.13; max=435; n_reads=14423(72.1%)
Removing repetitive stacks: cov > 86 (mean+3*stdev)...
  Blacklisted 25 stacks.
Coverage after repeat removal: mean=7.63; stdev=4.73; max=54; n_reads=10774(53.9%)

Assembling stacks (max dist. M=2)...
  Assembled 1412 stacks into 1416; blacklisted 0 stacks.
Coverage after assembling stacks: mean=7.70; stdev=4.78; max=54; n_reads=10774(53.9%)

Merging secondary stacks (max dist. N=4 from consensus)...
  Merged 590 out of 5577 secondary reads (10.6%), 44 merged with gapped alignments.
Coverage after merging secondary stacks: mean=8.12; stdev=5.09; max=54; n_reads=11364(56.8%)

Assembling stacks, allowing for gaps (min. match length 80.0%)...
  Assembled 1416 stacks into 1367 stacks.
Coverage after gapped assembly: mean=8.41; stdev=5.31; max=54; n_reads=11364(56.8%)

Merging secondary stacks, allowing for gaps (min. match length 80.0%)...
  Merged 386 out of 4987 secondary reads (7.7%).
Coverage after merging gapped secondary stacks: mean=8.70; stdev=5.52; max=54; n_reads=11750(58.8%)

Final number of stacks built: 1367
Final coverage: mean=8.70; stdev=5.52; max=54; n_reads=11750(58.8%)
Calling consensus sequences and haplotypes for catalog assembly...
Writing tags, SNPs, and alleles files to './stacks/GAGTGG_GGCAATGGAATGCAGG'...done.
ustacks is done.

Sample 92 of 181 'GAGTGG_GGCACTTCGATGCAGG'
----------
ustacks --in-type fastq --file ./samples/GAGTGG_GGCACTTCGATGCAGG.1.fq --out-path ./stacks --name GAGTGG_GGCACTTCGATGCAGG -M 2 --threads 4  -m 4
ustacks parameters selected:
  Input file: './samples/GAGTGG_GGCACTTCGATGCAGG.1.fq'
  Min depth of coverage to create a stack (m): 4
  Repeat removal algorithm: enabled
  Max distance allowed between stacks (M): 2
  Max distance allowed to align secondary reads: 4
  Max number of stacks allowed per de novo locus: 3
  Deleveraging algorithm: disabled
  Gapped assembly: enabled
  Minimum alignment length: 0.8
  Model type: SNP
  Alpha significance level for model: 0.05

Loading RAD-Tags...
Warning: Input reads contained 83 uncalled nucleotides.

Loaded 20000 reads; formed:
  1135 stacks representing 16300 primary reads (81.5%)
  2928 secondary stacks representing 3700 secondary reads (18.5%)

Stack coverage: mean=14.36; stdev=42.30; max=557; n_reads=16300(81.5%)
Removing repetitive stacks: cov > 142 (mean+3*stdev)...
  Blacklisted 32 stacks.
Coverage after repeat removal: mean=9.69; stdev=6.15; max=45; n_reads=10687(53.4%)

Assembling stacks (max dist. M=2)...
  Assembled 1103 stacks into 1103; blacklisted 0 stacks.
Coverage after assembling stacks: mean=9.84; stdev=6.22; max=45; n_reads=10687(53.4%)

Merging secondary stacks (max dist. N=4 from consensus)...
  Merged 1165 out of 3700 secondary reads (31.5%), 136 merged with gapped alignments.
Coverage after merging secondary stacks: mean=10.91; stdev=6.95; max=46; n_reads=11852(59.3%)

Assembling stacks, allowing for gaps (min. match length 80.0%)...
  Assembled 1103 stacks into 1034 stacks.
Coverage after gapped assembly: mean=11.65; stdev=7.80; max=58; n_reads=11852(59.3%)

Merging secondary stacks, allowing for gaps (min. match length 80.0%)...
  Merged 258 out of 2535 secondary reads (10.2%).
Coverage after merging gapped secondary stacks: mean=11.91; stdev=8.03; max=58; n_reads=12110(60.6%)

Final number of stacks built: 1034
Final coverage: mean=11.91; stdev=8.03; max=58; n_reads=12110(60.6%)
Calling consensus sequences and haplotypes for catalog assembly...
Writing tags, SNPs, and alleles files to './stacks/GAGTGG_GGCACTTCGATGCAGG'...done.
ustacks is done.

Sample 93 of 181 'GAGTGG_GGCAGATCTGTGCAGG'
----------
ustacks --in-type fastq --file ./samples/GAGTGG_GGCAGATCTGTGCAGG.1.fq --out-path ./stacks --name GAGTGG_GGCAGATCTGTGCAGG -M 2 --threads 4  -m 4
ustacks parameters selected:
  Input file: './samples/GAGTGG_GGCAGATCTGTGCAGG.1.fq'
  Min depth of coverage to create a stack (m): 4
  Repeat removal algorithm: enabled
  Max distance allowed between stacks (M): 2
  Max distance allowed to align secondary reads: 4
  Max number of stacks allowed per de novo locus: 3
  Deleveraging algorithm: disabled
  Gapped assembly: enabled
  Minimum alignment length: 0.8
  Model type: SNP
  Alpha significance level for model: 0.05

Loading RAD-Tags...
Warning: Input reads contained 5 uncalled nucleotides.

Loaded 20000 reads; formed:
  1646 stacks representing 15005 primary reads (75.0%)
  3453 secondary stacks representing 4995 secondary reads (25.0%)

Stack coverage: mean=9.12; stdev=12.92; max=231; n_reads=15005(75.0%)
Removing repetitive stacks: cov > 48 (mean+3*stdev)...
  Blacklisted 18 stacks.
Coverage after repeat removal: mean=8.06; stdev=4.72; max=40; n_reads=13118(65.6%)

Assembling stacks (max dist. M=2)...
  Assembled 1628 stacks into 1632; blacklisted 0 stacks.
Coverage after assembling stacks: mean=8.11; stdev=4.77; max=40; n_reads=13118(65.6%)

Merging secondary stacks (max dist. N=4 from consensus)...
  Merged 749 out of 4995 secondary reads (15.0%), 59 merged with gapped alignments.
Coverage after merging secondary stacks: mean=8.58; stdev=5.05; max=42; n_reads=13867(69.3%)

Assembling stacks, allowing for gaps (min. match length 80.0%)...
  Assembled 1632 stacks into 1609 stacks.
Coverage after gapped assembly: mean=8.70; stdev=5.19; max=42; n_reads=13867(69.3%)

Merging secondary stacks, allowing for gaps (min. match length 80.0%)...
  Merged 152 out of 4246 secondary reads (3.6%).
Coverage after merging gapped secondary stacks: mean=8.79; stdev=5.29; max=42; n_reads=14019(70.1%)

Final number of stacks built: 1609
Final coverage: mean=8.79; stdev=5.29; max=42; n_reads=14019(70.1%)
Calling consensus sequences and haplotypes for catalog assembly...
Writing tags, SNPs, and alleles files to './stacks/GAGTGG_GGCAGATCTGTGCAGG'...done.
ustacks is done.

Sample 94 of 181 'GAGTGG_GGCAGCGTTATGCAGG'
----------
ustacks --in-type fastq --file ./samples/GAGTGG_GGCAGCGTTATGCAGG.1.fq --out-path ./stacks --name GAGTGG_GGCAGCGTTATGCAGG -M 2 --threads 4  -m 4
ustacks parameters selected:
  Input file: './samples/GAGTGG_GGCAGCGTTATGCAGG.1.fq'
  Min depth of coverage to create a stack (m): 4
  Repeat removal algorithm: enabled
  Max distance allowed between stacks (M): 2
  Max distance allowed to align secondary reads: 4
  Max number of stacks allowed per de novo locus: 3
  Deleveraging algorithm: disabled
  Gapped assembly: enabled
  Minimum alignment length: 0.8
  Model type: SNP
  Alpha significance level for model: 0.05

Loading RAD-Tags...
Warning: Input reads contained 2 uncalled nucleotides.

Loaded 20000 reads; formed:
  1523 stacks representing 15371 primary reads (76.9%)
  3170 secondary stacks representing 4629 secondary reads (23.1%)

Stack coverage: mean=10.09; stdev=21.10; max=363; n_reads=15371(76.9%)
Removing repetitive stacks: cov > 74 (mean+3*stdev)...
  Blacklisted 19 stacks.
Coverage after repeat removal: mean=8.08; stdev=4.59; max=38; n_reads=12151(60.8%)

Assembling stacks (max dist. M=2)...
  Assembled 1504 stacks into 1501; blacklisted 0 stacks.
Coverage after assembling stacks: mean=8.18; stdev=4.70; max=38; n_reads=12151(60.8%)

Merging secondary stacks (max dist. N=4 from consensus)...
  Merged 681 out of 4629 secondary reads (14.7%), 45 merged with gapped alignments.
Coverage after merging secondary stacks: mean=8.64; stdev=5.00; max=43; n_reads=12832(64.2%)

Assembling stacks, allowing for gaps (min. match length 80.0%)...
  Assembled 1501 stacks into 1447 stacks.
Coverage after gapped assembly: mean=8.97; stdev=5.23; max=43; n_reads=12832(64.2%)

Merging secondary stacks, allowing for gaps (min. match length 80.0%)...
  Merged 296 out of 3948 secondary reads (7.5%).
Coverage after merging gapped secondary stacks: mean=9.17; stdev=5.41; max=43; n_reads=13128(65.6%)

Final number of stacks built: 1447
Final coverage: mean=9.17; stdev=5.41; max=43; n_reads=13128(65.6%)
Calling consensus sequences and haplotypes for catalog assembly...
Writing tags, SNPs, and alleles files to './stacks/GAGTGG_GGCAGCGTTATGCAGG'...done.
ustacks is done.

Sample 95 of 181 'GAGTGG_GGCATACCAATGCAGG'
----------
ustacks --in-type fastq --file ./samples/GAGTGG_GGCATACCAATGCAGG.1.fq --out-path ./stacks --name GAGTGG_GGCATACCAATGCAGG -M 2 --threads 4  -m 4
ustacks parameters selected:
  Input file: './samples/GAGTGG_GGCATACCAATGCAGG.1.fq'
  Min depth of coverage to create a stack (m): 4
  Repeat removal algorithm: enabled
  Max distance allowed between stacks (M): 2
  Max distance allowed to align secondary reads: 4
  Max number of stacks allowed per de novo locus: 3
  Deleveraging algorithm: disabled
  Gapped assembly: enabled
  Minimum alignment length: 0.8
  Model type: SNP
  Alpha significance level for model: 0.05

Loading RAD-Tags...
Warning: Input reads contained 2 uncalled nucleotides.

Loaded 20000 reads; formed:
  1420 stacks representing 16081 primary reads (80.4%)
  2843 secondary stacks representing 3919 secondary reads (19.6%)

Stack coverage: mean=11.32; stdev=27.03; max=441; n_reads=16081(80.4%)
Removing repetitive stacks: cov > 93 (mean+3*stdev)...
  Blacklisted 24 stacks.
Coverage after repeat removal: mean=8.80; stdev=5.59; max=89; n_reads=12289(61.4%)

Assembling stacks (max dist. M=2)...
  Assembled 1396 stacks into 1397; blacklisted 0 stacks.
Coverage after assembling stacks: mean=8.90; stdev=5.68; max=89; n_reads=12289(61.4%)

Merging secondary stacks (max dist. N=4 from consensus)...
  Merged 721 out of 3919 secondary reads (18.4%), 55 merged with gapped alignments.
Coverage after merging secondary stacks: mean=9.42; stdev=6.00; max=96; n_reads=13010(65.0%)

Assembling stacks, allowing for gaps (min. match length 80.0%)...
  Assembled 1397 stacks into 1343 stacks.
Coverage after gapped assembly: mean=9.80; stdev=6.40; max=96; n_reads=13010(65.0%)

Merging secondary stacks, allowing for gaps (min. match length 80.0%)...
  Merged 234 out of 3198 secondary reads (7.3%).
Coverage after merging gapped secondary stacks: mean=9.98; stdev=6.51; max=96; n_reads=13244(66.2%)

Final number of stacks built: 1343
Final coverage: mean=9.98; stdev=6.51; max=96; n_reads=13244(66.2%)
Calling consensus sequences and haplotypes for catalog assembly...
Writing tags, SNPs, and alleles files to './stacks/GAGTGG_GGCATACCAATGCAGG'...done.
ustacks is done.

Sample 96 of 181 'GAGTGG_GGCATCAAGTTGCAGG'
----------
ustacks --in-type fastq --file ./samples/GAGTGG_GGCATCAAGTTGCAGG.1.fq --out-path ./stacks --name GAGTGG_GGCATCAAGTTGCAGG -M 2 --threads 4  -m 4
ustacks parameters selected:
  Input file: './samples/GAGTGG_GGCATCAAGTTGCAGG.1.fq'
  Min depth of coverage to create a stack (m): 4
  Repeat removal algorithm: enabled
  Max distance allowed between stacks (M): 2
  Max distance allowed to align secondary reads: 4
  Max number of stacks allowed per de novo locus: 3
  Deleveraging algorithm: disabled
  Gapped assembly: enabled
  Minimum alignment length: 0.8
  Model type: SNP
  Alpha significance level for model: 0.05

Loading RAD-Tags...
Warning: Input reads contained 5 uncalled nucleotides.

Loaded 20000 reads; formed:
  1415 stacks representing 14850 primary reads (74.2%)
  3586 secondary stacks representing 5150 secondary reads (25.8%)

Stack coverage: mean=10.49; stdev=26.18; max=398; n_reads=14850(74.2%)
Removing repetitive stacks: cov > 90 (mean+3*stdev)...
  Blacklisted 25 stacks.
Coverage after repeat removal: mean=7.95; stdev=4.82; max=58; n_reads=11045(55.2%)

Assembling stacks (max dist. M=2)...
  Assembled 1390 stacks into 1396; blacklisted 0 stacks.
Coverage after assembling stacks: mean=8.00; stdev=4.88; max=58; n_reads=11045(55.2%)

Merging secondary stacks (max dist. N=4 from consensus)...
  Merged 609 out of 5150 secondary reads (11.8%), 42 merged with gapped alignments.
Coverage after merging secondary stacks: mean=8.44; stdev=5.20; max=61; n_reads=11654(58.3%)

Assembling stacks, allowing for gaps (min. match length 80.0%)...
  Assembled 1396 stacks into 1338 stacks.
Coverage after gapped assembly: mean=8.82; stdev=5.50; max=61; n_reads=11654(58.3%)

Merging secondary stacks, allowing for gaps (min. match length 80.0%)...
  Merged 367 out of 4541 secondary reads (8.1%).
Coverage after merging gapped secondary stacks: mean=9.09; stdev=5.73; max=61; n_reads=12021(60.1%)

Final number of stacks built: 1338
Final coverage: mean=9.09; stdev=5.73; max=61; n_reads=12021(60.1%)
Calling consensus sequences and haplotypes for catalog assembly...
Writing tags, SNPs, and alleles files to './stacks/GAGTGG_GGCATCAAGTTGCAGG'...done.
ustacks is done.

Sample 97 of 181 'GAGTGG_GGCCAGTTCATGCAGG'
----------
ustacks --in-type fastq --file ./samples/GAGTGG_GGCCAGTTCATGCAGG.1.fq --out-path ./stacks --name GAGTGG_GGCCAGTTCATGCAGG -M 2 --threads 4  -m 4
ustacks parameters selected:
  Input file: './samples/GAGTGG_GGCCAGTTCATGCAGG.1.fq'
  Min depth of coverage to create a stack (m): 4
  Repeat removal algorithm: enabled
  Max distance allowed between stacks (M): 2
  Max distance allowed to align secondary reads: 4
  Max number of stacks allowed per de novo locus: 3
  Deleveraging algorithm: disabled
  Gapped assembly: enabled
  Minimum alignment length: 0.8
  Model type: SNP
  Alpha significance level for model: 0.05

Loading RAD-Tags...
Warning: Input reads contained 1 uncalled nucleotides.

Loaded 20000 reads; formed:
  1294 stacks representing 14306 primary reads (71.5%)
  3961 secondary stacks representing 5694 secondary reads (28.5%)

Stack coverage: mean=11.06; stdev=37.41; max=554; n_reads=14306(71.5%)
Removing repetitive stacks: cov > 124 (mean+3*stdev)...
  Blacklisted 21 stacks.
Coverage after repeat removal: mean=7.16; stdev=4.84; max=100; n_reads=9112(45.6%)

Assembling stacks (max dist. M=2)...
  Assembled 1273 stacks into 1280; blacklisted 0 stacks.
Coverage after assembling stacks: mean=7.21; stdev=4.89; max=100; n_reads=9112(45.6%)

Merging secondary stacks (max dist. N=4 from consensus)...
  Merged 500 out of 5694 secondary reads (8.8%), 24 merged with gapped alignments.
Coverage after merging secondary stacks: mean=7.60; stdev=5.16; max=105; n_reads=9612(48.1%)

Assembling stacks, allowing for gaps (min. match length 80.0%)...
  Assembled 1280 stacks into 1202 stacks.
Coverage after gapped assembly: mean=8.10; stdev=5.67; max=105; n_reads=9612(48.1%)

Merging secondary stacks, allowing for gaps (min. match length 80.0%)...
  Merged 632 out of 5194 secondary reads (12.2%).
Coverage after merging gapped secondary stacks: mean=8.64; stdev=6.14; max=105; n_reads=10244(51.2%)

Final number of stacks built: 1202
Final coverage: mean=8.64; stdev=6.14; max=105; n_reads=10244(51.2%)
Calling consensus sequences and haplotypes for catalog assembly...
Writing tags, SNPs, and alleles files to './stacks/GAGTGG_GGCCAGTTCATGCAGG'...done.
ustacks is done.

Sample 98 of 181 'GAGTGG_GGCCGAAGTATGCAGG'
----------
ustacks --in-type fastq --file ./samples/GAGTGG_GGCCGAAGTATGCAGG.1.fq --out-path ./stacks --name GAGTGG_GGCCGAAGTATGCAGG -M 2 --threads 4  -m 4
ustacks parameters selected:
  Input file: './samples/GAGTGG_GGCCGAAGTATGCAGG.1.fq'
  Min depth of coverage to create a stack (m): 4
  Repeat removal algorithm: enabled
  Max distance allowed between stacks (M): 2
  Max distance allowed to align secondary reads: 4
  Max number of stacks allowed per de novo locus: 3
  Deleveraging algorithm: disabled
  Gapped assembly: enabled
  Minimum alignment length: 0.8
  Model type: SNP
  Alpha significance level for model: 0.05

Loading RAD-Tags...
Warning: Input reads contained 3 uncalled nucleotides.

Loaded 20000 reads; formed:
  1232 stacks representing 15705 primary reads (78.5%)
  3349 secondary stacks representing 4295 secondary reads (21.5%)

Stack coverage: mean=12.75; stdev=27.35; max=430; n_reads=15705(78.5%)
Removing repetitive stacks: cov > 95 (mean+3*stdev)...
  Blacklisted 20 stacks.
Coverage after repeat removal: mean=10.25; stdev=7.67; max=91; n_reads=12424(62.1%)

Assembling stacks (max dist. M=2)...
  Assembled 1212 stacks into 1204; blacklisted 0 stacks.
Coverage after assembling stacks: mean=10.43; stdev=7.82; max=95; n_reads=12424(62.1%)

Merging secondary stacks (max dist. N=4 from consensus)...
  Merged 1334 out of 4295 secondary reads (31.1%), 98 merged with gapped alignments.
Coverage after merging secondary stacks: mean=11.55; stdev=8.73; max=111; n_reads=13758(68.8%)

Assembling stacks, allowing for gaps (min. match length 80.0%)...
  Assembled 1204 stacks into 1169 stacks.
Coverage after gapped assembly: mean=11.90; stdev=9.01; max=111; n_reads=13758(68.8%)

Merging secondary stacks, allowing for gaps (min. match length 80.0%)...
  Merged 179 out of 2961 secondary reads (6.0%).
Coverage after merging gapped secondary stacks: mean=12.06; stdev=9.13; max=111; n_reads=13937(69.7%)

Final number of stacks built: 1169
Final coverage: mean=12.06; stdev=9.13; max=111; n_reads=13937(69.7%)
Calling consensus sequences and haplotypes for catalog assembly...
Writing tags, SNPs, and alleles files to './stacks/GAGTGG_GGCCGAAGTATGCAGG'...done.
ustacks is done.

Sample 99 of 181 'GAGTGG_GGCCGTGAGATGCAGG'
----------
ustacks --in-type fastq --file ./samples/GAGTGG_GGCCGTGAGATGCAGG.1.fq --out-path ./stacks --name GAGTGG_GGCCGTGAGATGCAGG -M 2 --threads 4  -m 4
ustacks parameters selected:
  Input file: './samples/GAGTGG_GGCCGTGAGATGCAGG.1.fq'
  Min depth of coverage to create a stack (m): 4
  Repeat removal algorithm: enabled
  Max distance allowed between stacks (M): 2
  Max distance allowed to align secondary reads: 4
  Max number of stacks allowed per de novo locus: 3
  Deleveraging algorithm: disabled
  Gapped assembly: enabled
  Minimum alignment length: 0.8
  Model type: SNP
  Alpha significance level for model: 0.05

Loading RAD-Tags...
Warning: Input reads contained 4 uncalled nucleotides.

Loaded 20000 reads; formed:
  1227 stacks representing 14493 primary reads (72.5%)
  3850 secondary stacks representing 5507 secondary reads (27.5%)

Stack coverage: mean=11.81; stdev=42.52; max=617; n_reads=14493(72.5%)
Removing repetitive stacks: cov > 140 (mean+3*stdev)...
  Blacklisted 23 stacks.
Coverage after repeat removal: mean=7.31; stdev=4.67; max=91; n_reads=8800(44.0%)

Assembling stacks (max dist. M=2)...
  Assembled 1204 stacks into 1206; blacklisted 0 stacks.
Coverage after assembling stacks: mean=7.39; stdev=4.77; max=91; n_reads=8800(44.0%)

Merging secondary stacks (max dist. N=4 from consensus)...
  Merged 443 out of 5507 secondary reads (8.0%), 32 merged with gapped alignments.
Coverage after merging secondary stacks: mean=7.77; stdev=5.16; max=102; n_reads=9243(46.2%)

Assembling stacks, allowing for gaps (min. match length 80.0%)...
  Assembled 1206 stacks into 1136 stacks.
Coverage after gapped assembly: mean=8.25; stdev=5.62; max=102; n_reads=9243(46.2%)

Merging secondary stacks, allowing for gaps (min. match length 80.0%)...
  Merged 595 out of 5064 secondary reads (11.7%).
Coverage after merging gapped secondary stacks: mean=8.78; stdev=6.06; max=102; n_reads=9838(49.2%)

Final number of stacks built: 1136
Final coverage: mean=8.78; stdev=6.06; max=102; n_reads=9838(49.2%)
Calling consensus sequences and haplotypes for catalog assembly...
Writing tags, SNPs, and alleles files to './stacks/GAGTGG_GGCCGTGAGATGCAGG'...done.
ustacks is done.

Sample 100 of 181 'GAGTGG_GGCCTCCTGATGCAGG'
----------
ustacks --in-type fastq --file ./samples/GAGTGG_GGCCTCCTGATGCAGG.1.fq --out-path ./stacks --name GAGTGG_GGCCTCCTGATGCAGG -M 2 --threads 4  -m 4
ustacks parameters selected:
  Input file: './samples/GAGTGG_GGCCTCCTGATGCAGG.1.fq'
  Min depth of coverage to create a stack (m): 4
  Repeat removal algorithm: enabled
  Max distance allowed between stacks (M): 2
  Max distance allowed to align secondary reads: 4
  Max number of stacks allowed per de novo locus: 3
  Deleveraging algorithm: disabled
  Gapped assembly: enabled
  Minimum alignment length: 0.8
  Model type: SNP
  Alpha significance level for model: 0.05

Loading RAD-Tags...
Warning: Input reads contained 4 uncalled nucleotides.

Loaded 20000 reads; formed:
  1382 stacks representing 14651 primary reads (73.3%)
  3735 secondary stacks representing 5349 secondary reads (26.7%)

Stack coverage: mean=10.60; stdev=30.93; max=478; n_reads=14651(73.3%)
Removing repetitive stacks: cov > 104 (mean+3*stdev)...
  Blacklisted 23 stacks.
Coverage after repeat removal: mean=7.56; stdev=4.90; max=100; n_reads=10268(51.3%)

Assembling stacks (max dist. M=2)...
  Assembled 1359 stacks into 1357; blacklisted 0 stacks.
Coverage after assembling stacks: mean=7.66; stdev=5.05; max=105; n_reads=10268(51.3%)

Merging secondary stacks (max dist. N=4 from consensus)...
  Merged 545 out of 5349 secondary reads (10.2%), 53 merged with gapped alignments.
Coverage after merging secondary stacks: mean=8.06; stdev=5.32; max=114; n_reads=10813(54.1%)

Assembling stacks, allowing for gaps (min. match length 80.0%)...
  Assembled 1357 stacks into 1292 stacks.
Coverage after gapped assembly: mean=8.47; stdev=5.69; max=114; n_reads=10813(54.1%)

Merging secondary stacks, allowing for gaps (min. match length 80.0%)...
  Merged 552 out of 4804 secondary reads (11.5%).
Coverage after merging gapped secondary stacks: mean=8.91; stdev=6.09; max=114; n_reads=11365(56.8%)

Final number of stacks built: 1292
Final coverage: mean=8.91; stdev=6.09; max=114; n_reads=11365(56.8%)
Calling consensus sequences and haplotypes for catalog assembly...
Writing tags, SNPs, and alleles files to './stacks/GAGTGG_GGCCTCCTGATGCAGG'...done.
ustacks is done.

Sample 101 of 181 'GAGTGG_GGCGAACTTATGCAGG'
----------
ustacks --in-type fastq --file ./samples/GAGTGG_GGCGAACTTATGCAGG.1.fq --out-path ./stacks --name GAGTGG_GGCGAACTTATGCAGG -M 2 --threads 4  -m 4
ustacks parameters selected:
  Input file: './samples/GAGTGG_GGCGAACTTATGCAGG.1.fq'
  Min depth of coverage to create a stack (m): 4
  Repeat removal algorithm: enabled
  Max distance allowed between stacks (M): 2
  Max distance allowed to align secondary reads: 4
  Max number of stacks allowed per de novo locus: 3
  Deleveraging algorithm: disabled
  Gapped assembly: enabled
  Minimum alignment length: 0.8
  Model type: SNP
  Alpha significance level for model: 0.05

Loading RAD-Tags...

Loaded 20000 reads; formed:
  1167 stacks representing 14397 primary reads (72.0%)
  3975 secondary stacks representing 5603 secondary reads (28.0%)

Stack coverage: mean=12.34; stdev=49.57; max=725; n_reads=14397(72.0%)
Removing repetitive stacks: cov > 162 (mean+3*stdev)...
  Blacklisted 26 stacks.
Coverage after repeat removal: mean=7.28; stdev=6.00; max=131; n_reads=8310(41.5%)

Assembling stacks (max dist. M=2)...
  Assembled 1141 stacks into 1147; blacklisted 0 stacks.
Coverage after assembling stacks: mean=7.34; stdev=6.04; max=131; n_reads=8310(41.5%)

Merging secondary stacks (max dist. N=4 from consensus)...
  Merged 543 out of 5603 secondary reads (9.7%), 39 merged with gapped alignments.
Coverage after merging secondary stacks: mean=7.82; stdev=6.60; max=147; n_reads=8853(44.3%)

Assembling stacks, allowing for gaps (min. match length 80.0%)...
  Assembled 1147 stacks into 1070 stacks.
Coverage after gapped assembly: mean=8.39; stdev=7.16; max=147; n_reads=8853(44.3%)

Merging secondary stacks, allowing for gaps (min. match length 80.0%)...
  Merged 611 out of 5060 secondary reads (12.1%).
Coverage after merging gapped secondary stacks: mean=8.97; stdev=7.56; max=147; n_reads=9464(47.3%)

Final number of stacks built: 1070
Final coverage: mean=8.97; stdev=7.56; max=147; n_reads=9464(47.3%)
Calling consensus sequences and haplotypes for catalog assembly...
Writing tags, SNPs, and alleles files to './stacks/GAGTGG_GGCGAACTTATGCAGG'...done.
ustacks is done.

Sample 102 of 181 'GAGTGG_GGCGACTGGATGCAGG'
----------
ustacks --in-type fastq --file ./samples/GAGTGG_GGCGACTGGATGCAGG.1.fq --out-path ./stacks --name GAGTGG_GGCGACTGGATGCAGG -M 2 --threads 4  -m 4
ustacks parameters selected:
  Input file: './samples/GAGTGG_GGCGACTGGATGCAGG.1.fq'
  Min depth of coverage to create a stack (m): 4
  Repeat removal algorithm: enabled
  Max distance allowed between stacks (M): 2
  Max distance allowed to align secondary reads: 4
  Max number of stacks allowed per de novo locus: 3
  Deleveraging algorithm: disabled
  Gapped assembly: enabled
  Minimum alignment length: 0.8
  Model type: SNP
  Alpha significance level for model: 0.05

Loading RAD-Tags...
Warning: Input reads contained 7 uncalled nucleotides.

Loaded 20000 reads; formed:
  1583 stacks representing 15764 primary reads (78.8%)
  3015 secondary stacks representing 4236 secondary reads (21.2%)

Stack coverage: mean=9.96; stdev=17.54; max=350; n_reads=15764(78.8%)
Removing repetitive stacks: cov > 63 (mean+3*stdev)...
  Blacklisted 18 stacks.
Coverage after repeat removal: mean=8.50; stdev=4.89; max=50; n_reads=13304(66.5%)

Assembling stacks (max dist. M=2)...
  Assembled 1565 stacks into 1561; blacklisted 0 stacks.
Coverage after assembling stacks: mean=8.61; stdev=5.03; max=50; n_reads=13304(66.5%)

Merging secondary stacks (max dist. N=4 from consensus)...
  Merged 812 out of 4236 secondary reads (19.2%), 45 merged with gapped alignments.
Coverage after merging secondary stacks: mean=9.13; stdev=5.36; max=54; n_reads=14116(70.6%)

Assembling stacks, allowing for gaps (min. match length 80.0%)...
  Assembled 1561 stacks into 1516 stacks.
Coverage after gapped assembly: mean=9.40; stdev=5.59; max=54; n_reads=14116(70.6%)

Merging secondary stacks, allowing for gaps (min. match length 80.0%)...
  Merged 195 out of 3424 secondary reads (5.7%).
Coverage after merging gapped secondary stacks: mean=9.53; stdev=5.64; max=54; n_reads=14311(71.6%)

Final number of stacks built: 1516
Final coverage: mean=9.53; stdev=5.64; max=54; n_reads=14311(71.6%)
Calling consensus sequences and haplotypes for catalog assembly...
Writing tags, SNPs, and alleles files to './stacks/GAGTGG_GGCGACTGGATGCAGG'...done.
ustacks is done.

Sample 103 of 181 'GAGTGG_GGCGCATACATGCAGG'
----------
ustacks --in-type fastq --file ./samples/GAGTGG_GGCGCATACATGCAGG.1.fq --out-path ./stacks --name GAGTGG_GGCGCATACATGCAGG -M 2 --threads 4  -m 4
ustacks parameters selected:
  Input file: './samples/GAGTGG_GGCGCATACATGCAGG.1.fq'
  Min depth of coverage to create a stack (m): 4
  Repeat removal algorithm: enabled
  Max distance allowed between stacks (M): 2
  Max distance allowed to align secondary reads: 4
  Max number of stacks allowed per de novo locus: 3
  Deleveraging algorithm: disabled
  Gapped assembly: enabled
  Minimum alignment length: 0.8
  Model type: SNP
  Alpha significance level for model: 0.05

Loading RAD-Tags...
Warning: Input reads contained 27 uncalled nucleotides.

Loaded 20000 reads; formed:
  1422 stacks representing 15567 primary reads (77.8%)
  3421 secondary stacks representing 4433 secondary reads (22.2%)

Stack coverage: mean=10.95; stdev=15.71; max=250; n_reads=15567(77.8%)
Removing repetitive stacks: cov > 59 (mean+3*stdev)...
  Blacklisted 23 stacks.
Coverage after repeat removal: mean=9.48; stdev=6.09; max=47; n_reads=13266(66.3%)

Assembling stacks (max dist. M=2)...
  Assembled 1399 stacks into 1382; blacklisted 0 stacks.
Coverage after assembling stacks: mean=9.73; stdev=6.29; max=49; n_reads=13266(66.3%)

Merging secondary stacks (max dist. N=4 from consensus)...
  Merged 1455 out of 4433 secondary reads (32.8%), 93 merged with gapped alignments.
Coverage after merging secondary stacks: mean=10.79; stdev=6.95; max=51; n_reads=14721(73.6%)

Assembling stacks, allowing for gaps (min. match length 80.0%)...
  Assembled 1382 stacks into 1353 stacks.
Coverage after gapped assembly: mean=11.03; stdev=7.23; max=51; n_reads=14721(73.6%)

Merging secondary stacks, allowing for gaps (min. match length 80.0%)...
  Merged 116 out of 2978 secondary reads (3.9%).
Coverage after merging gapped secondary stacks: mean=11.11; stdev=7.29; max=51; n_reads=14837(74.2%)

Final number of stacks built: 1353
Final coverage: mean=11.11; stdev=7.29; max=51; n_reads=14837(74.2%)
Calling consensus sequences and haplotypes for catalog assembly...
Writing tags, SNPs, and alleles files to './stacks/GAGTGG_GGCGCATACATGCAGG'...done.
ustacks is done.

Sample 104 of 181 'GAGTGG_GGCGGATTGCTGCAGG'
----------
ustacks --in-type fastq --file ./samples/GAGTGG_GGCGGATTGCTGCAGG.1.fq --out-path ./stacks --name GAGTGG_GGCGGATTGCTGCAGG -M 2 --threads 4  -m 4
ustacks parameters selected:
  Input file: './samples/GAGTGG_GGCGGATTGCTGCAGG.1.fq'
  Min depth of coverage to create a stack (m): 4
  Repeat removal algorithm: enabled
  Max distance allowed between stacks (M): 2
  Max distance allowed to align secondary reads: 4
  Max number of stacks allowed per de novo locus: 3
  Deleveraging algorithm: disabled
  Gapped assembly: enabled
  Minimum alignment length: 0.8
  Model type: SNP
  Alpha significance level for model: 0.05

Loading RAD-Tags...
Warning: Input reads contained 2 uncalled nucleotides.

Loaded 20000 reads; formed:
  1460 stacks representing 15801 primary reads (79.0%)
  3021 secondary stacks representing 4199 secondary reads (21.0%)

Stack coverage: mean=10.82; stdev=21.97; max=421; n_reads=15801(79.0%)
Removing repetitive stacks: cov > 77 (mean+3*stdev)...
  Blacklisted 19 stacks.
Coverage after repeat removal: mean=8.85; stdev=5.96; max=58; n_reads=12755(63.8%)

Assembling stacks (max dist. M=2)...
  Assembled 1441 stacks into 1437; blacklisted 0 stacks.
Coverage after assembling stacks: mean=8.98; stdev=6.09; max=58; n_reads=12755(63.8%)

Merging secondary stacks (max dist. N=4 from consensus)...
  Merged 743 out of 4199 secondary reads (17.7%), 56 merged with gapped alignments.
Coverage after merging secondary stacks: mean=9.50; stdev=6.44; max=63; n_reads=13498(67.5%)

Assembling stacks, allowing for gaps (min. match length 80.0%)...
  Assembled 1437 stacks into 1376 stacks.
Coverage after gapped assembly: mean=9.93; stdev=6.83; max=63; n_reads=13498(67.5%)

Merging secondary stacks, allowing for gaps (min. match length 80.0%)...
  Merged 255 out of 3456 secondary reads (7.4%).
Coverage after merging gapped secondary stacks: mean=10.11; stdev=6.97; max=63; n_reads=13753(68.8%)

Final number of stacks built: 1376
Final coverage: mean=10.11; stdev=6.97; max=63; n_reads=13753(68.8%)
Calling consensus sequences and haplotypes for catalog assembly...
Writing tags, SNPs, and alleles files to './stacks/GAGTGG_GGCGGATTGCTGCAGG'...done.
ustacks is done.

Sample 105 of 181 'GAGTGG_GGCTAAGGTCTGCAGG'
----------
ustacks --in-type fastq --file ./samples/GAGTGG_GGCTAAGGTCTGCAGG.1.fq --out-path ./stacks --name GAGTGG_GGCTAAGGTCTGCAGG -M 2 --threads 4  -m 4
ustacks parameters selected:
  Input file: './samples/GAGTGG_GGCTAAGGTCTGCAGG.1.fq'
  Min depth of coverage to create a stack (m): 4
  Repeat removal algorithm: enabled
  Max distance allowed between stacks (M): 2
  Max distance allowed to align secondary reads: 4
  Max number of stacks allowed per de novo locus: 3
  Deleveraging algorithm: disabled
  Gapped assembly: enabled
  Minimum alignment length: 0.8
  Model type: SNP
  Alpha significance level for model: 0.05

Loading RAD-Tags...
Warning: Input reads contained 6 uncalled nucleotides.

Loaded 20000 reads; formed:
  1502 stacks representing 15040 primary reads (75.2%)
  3479 secondary stacks representing 4960 secondary reads (24.8%)

Stack coverage: mean=10.01; stdev=23.00; max=469; n_reads=15040(75.2%)
Removing repetitive stacks: cov > 80 (mean+3*stdev)...
  Blacklisted 20 stacks.
Coverage after repeat removal: mean=8.06; stdev=5.73; max=80; n_reads=11938(59.7%)

Assembling stacks (max dist. M=2)...
  Assembled 1482 stacks into 1478; blacklisted 0 stacks.
Coverage after assembling stacks: mean=8.16; stdev=5.82; max=80; n_reads=11938(59.7%)

Merging secondary stacks (max dist. N=4 from consensus)...
  Merged 726 out of 4960 secondary reads (14.6%), 50 merged with gapped alignments.
Coverage after merging secondary stacks: mean=8.66; stdev=6.19; max=86; n_reads=12664(63.3%)

Assembling stacks, allowing for gaps (min. match length 80.0%)...
  Assembled 1478 stacks into 1432 stacks.
Coverage after gapped assembly: mean=8.94; stdev=6.41; max=86; n_reads=12664(63.3%)

Merging secondary stacks, allowing for gaps (min. match length 80.0%)...
  Merged 364 out of 4234 secondary reads (8.6%).
Coverage after merging gapped secondary stacks: mean=9.19; stdev=6.55; max=86; n_reads=13028(65.1%)

Final number of stacks built: 1432
Final coverage: mean=9.19; stdev=6.55; max=86; n_reads=13028(65.1%)
Calling consensus sequences and haplotypes for catalog assembly...
Writing tags, SNPs, and alleles files to './stacks/GAGTGG_GGCTAAGGTCTGCAGG'...done.
ustacks is done.

Sample 106 of 181 'GAGTGG_GGCTCAATGATGCAGG'
----------
ustacks --in-type fastq --file ./samples/GAGTGG_GGCTCAATGATGCAGG.1.fq --out-path ./stacks --name GAGTGG_GGCTCAATGATGCAGG -M 2 --threads 4  -m 4
ustacks parameters selected:
  Input file: './samples/GAGTGG_GGCTCAATGATGCAGG.1.fq'
  Min depth of coverage to create a stack (m): 4
  Repeat removal algorithm: enabled
  Max distance allowed between stacks (M): 2
  Max distance allowed to align secondary reads: 4
  Max number of stacks allowed per de novo locus: 3
  Deleveraging algorithm: disabled
  Gapped assembly: enabled
  Minimum alignment length: 0.8
  Model type: SNP
  Alpha significance level for model: 0.05

Loading RAD-Tags...
Warning: Input reads contained 5 uncalled nucleotides.

Loaded 20000 reads; formed:
  1523 stacks representing 15477 primary reads (77.4%)
  3114 secondary stacks representing 4523 secondary reads (22.6%)

Stack coverage: mean=10.16; stdev=19.30; max=362; n_reads=15477(77.4%)
Removing repetitive stacks: cov > 69 (mean+3*stdev)...
  Blacklisted 19 stacks.
Coverage after repeat removal: mean=8.51; stdev=5.83; max=68; n_reads=12805(64.0%)

Assembling stacks (max dist. M=2)...
  Assembled 1504 stacks into 1500; blacklisted 0 stacks.
Coverage after assembling stacks: mean=8.62; stdev=5.94; max=68; n_reads=12805(64.0%)

Merging secondary stacks (max dist. N=4 from consensus)...
  Merged 732 out of 4523 secondary reads (16.2%), 47 merged with gapped alignments.
Coverage after merging secondary stacks: mean=9.12; stdev=6.28; max=72; n_reads=13537(67.7%)

Assembling stacks, allowing for gaps (min. match length 80.0%)...
  Assembled 1500 stacks into 1453 stacks.
Coverage after gapped assembly: mean=9.41; stdev=6.48; max=72; n_reads=13537(67.7%)

Merging secondary stacks, allowing for gaps (min. match length 80.0%)...
  Merged 295 out of 3791 secondary reads (7.8%).
Coverage after merging gapped secondary stacks: mean=9.62; stdev=6.60; max=72; n_reads=13832(69.2%)

Final number of stacks built: 1453
Final coverage: mean=9.62; stdev=6.60; max=72; n_reads=13832(69.2%)
Calling consensus sequences and haplotypes for catalog assembly...
Writing tags, SNPs, and alleles files to './stacks/GAGTGG_GGCTCAATGATGCAGG'...done.
ustacks is done.

Sample 107 of 181 'GAGTGG_GGCTGAGCCATGCAGG'
----------
ustacks --in-type fastq --file ./samples/GAGTGG_GGCTGAGCCATGCAGG.1.fq --out-path ./stacks --name GAGTGG_GGCTGAGCCATGCAGG -M 2 --threads 4  -m 4
ustacks parameters selected:
  Input file: './samples/GAGTGG_GGCTGAGCCATGCAGG.1.fq'
  Min depth of coverage to create a stack (m): 4
  Repeat removal algorithm: enabled
  Max distance allowed between stacks (M): 2
  Max distance allowed to align secondary reads: 4
  Max number of stacks allowed per de novo locus: 3
  Deleveraging algorithm: disabled
  Gapped assembly: enabled
  Minimum alignment length: 0.8
  Model type: SNP
  Alpha significance level for model: 0.05

Loading RAD-Tags...
Warning: Input reads contained 2 uncalled nucleotides.

Loaded 20000 reads; formed:
  1559 stacks representing 13322 primary reads (66.6%)
  4514 secondary stacks representing 6678 secondary reads (33.4%)

Stack coverage: mean=8.55; stdev=15.67; max=314; n_reads=13322(66.6%)
Removing repetitive stacks: cov > 56 (mean+3*stdev)...
  Blacklisted 20 stacks.
Coverage after repeat removal: mean=7.11; stdev=3.81; max=36; n_reads=10937(54.7%)

Assembling stacks (max dist. M=2)...
  Assembled 1539 stacks into 1536; blacklisted 0 stacks.
Coverage after assembling stacks: mean=7.20; stdev=3.97; max=36; n_reads=10937(54.7%)

Merging secondary stacks (max dist. N=4 from consensus)...
  Merged 608 out of 6678 secondary reads (9.1%), 29 merged with gapped alignments.
Coverage after merging secondary stacks: mean=7.60; stdev=4.27; max=38; n_reads=11545(57.7%)

Assembling stacks, allowing for gaps (min. match length 80.0%)...
  Assembled 1536 stacks into 1504 stacks.
Coverage after gapped assembly: mean=7.76; stdev=4.39; max=38; n_reads=11545(57.7%)

Merging secondary stacks, allowing for gaps (min. match length 80.0%)...
  Merged 306 out of 6070 secondary reads (5.0%).
Coverage after merging gapped secondary stacks: mean=7.97; stdev=4.51; max=38; n_reads=11851(59.3%)

Final number of stacks built: 1504
Final coverage: mean=7.97; stdev=4.51; max=38; n_reads=11851(59.3%)
Calling consensus sequences and haplotypes for catalog assembly...
Writing tags, SNPs, and alleles files to './stacks/GAGTGG_GGCTGAGCCATGCAGG'...done.
ustacks is done.

Sample 108 of 181 'GAGTGG_GGCTGGCATATGCAGG'
----------
ustacks --in-type fastq --file ./samples/GAGTGG_GGCTGGCATATGCAGG.1.fq --out-path ./stacks --name GAGTGG_GGCTGGCATATGCAGG -M 2 --threads 4  -m 4
ustacks parameters selected:
  Input file: './samples/GAGTGG_GGCTGGCATATGCAGG.1.fq'
  Min depth of coverage to create a stack (m): 4
  Repeat removal algorithm: enabled
  Max distance allowed between stacks (M): 2
  Max distance allowed to align secondary reads: 4
  Max number of stacks allowed per de novo locus: 3
  Deleveraging algorithm: disabled
  Gapped assembly: enabled
  Minimum alignment length: 0.8
  Model type: SNP
  Alpha significance level for model: 0.05

Loading RAD-Tags...

Loaded 20000 reads; formed:
  1491 stacks representing 13214 primary reads (66.1%)
  4693 secondary stacks representing 6786 secondary reads (33.9%)

Stack coverage: mean=8.86; stdev=16.16; max=331; n_reads=13214(66.1%)
Removing repetitive stacks: cov > 58 (mean+3*stdev)...
  Blacklisted 21 stacks.
Coverage after repeat removal: mean=7.32; stdev=4.05; max=36; n_reads=10756(53.8%)

Assembling stacks (max dist. M=2)...
  Assembled 1470 stacks into 1462; blacklisted 0 stacks.
Coverage after assembling stacks: mean=7.45; stdev=4.27; max=40; n_reads=10756(53.8%)

Merging secondary stacks (max dist. N=4 from consensus)...
  Merged 682 out of 6786 secondary reads (10.1%), 45 merged with gapped alignments.
Coverage after merging secondary stacks: mean=7.92; stdev=4.56; max=42; n_reads=11438(57.2%)

Assembling stacks, allowing for gaps (min. match length 80.0%)...
  Assembled 1462 stacks into 1431 stacks.
Coverage after gapped assembly: mean=8.09; stdev=4.72; max=42; n_reads=11438(57.2%)

Merging secondary stacks, allowing for gaps (min. match length 80.0%)...
  Merged 282 out of 6104 secondary reads (4.6%).
Coverage after merging gapped secondary stacks: mean=8.29; stdev=4.91; max=42; n_reads=11720(58.6%)

Final number of stacks built: 1431
Final coverage: mean=8.29; stdev=4.91; max=42; n_reads=11720(58.6%)
Calling consensus sequences and haplotypes for catalog assembly...
Writing tags, SNPs, and alleles files to './stacks/GAGTGG_GGCTGGCATATGCAGG'...done.
ustacks is done.

Sample 109 of 181 'GAGTGG_GGGAACAGGCTGCAGG'
----------
ustacks --in-type fastq --file ./samples/GAGTGG_GGGAACAGGCTGCAGG.1.fq --out-path ./stacks --name GAGTGG_GGGAACAGGCTGCAGG -M 2 --threads 4  -m 4
ustacks parameters selected:
  Input file: './samples/GAGTGG_GGGAACAGGCTGCAGG.1.fq'
  Min depth of coverage to create a stack (m): 4
  Repeat removal algorithm: enabled
  Max distance allowed between stacks (M): 2
  Max distance allowed to align secondary reads: 4
  Max number of stacks allowed per de novo locus: 3
  Deleveraging algorithm: disabled
  Gapped assembly: enabled
  Minimum alignment length: 0.8
  Model type: SNP
  Alpha significance level for model: 0.05

Loading RAD-Tags...
Warning: Input reads contained 4 uncalled nucleotides.

Loaded 20000 reads; formed:
  1663 stacks representing 14571 primary reads (72.9%)
  3718 secondary stacks representing 5429 secondary reads (27.1%)

Stack coverage: mean=8.76; stdev=12.87; max=286; n_reads=14571(72.9%)
Removing repetitive stacks: cov > 48 (mean+3*stdev)...
  Blacklisted 16 stacks.
Coverage after repeat removal: mean=7.84; stdev=4.44; max=41; n_reads=12905(64.5%)

Assembling stacks (max dist. M=2)...
  Assembled 1647 stacks into 1634; blacklisted 0 stacks.
Coverage after assembling stacks: mean=7.97; stdev=4.63; max=41; n_reads=12905(64.5%)

Merging secondary stacks (max dist. N=4 from consensus)...
  Merged 739 out of 5429 secondary reads (13.6%), 56 merged with gapped alignments.
Coverage after merging secondary stacks: mean=8.42; stdev=4.91; max=45; n_reads=13644(68.2%)

Assembling stacks, allowing for gaps (min. match length 80.0%)...
  Assembled 1634 stacks into 1600 stacks.
Coverage after gapped assembly: mean=8.60; stdev=5.05; max=45; n_reads=13644(68.2%)

Merging secondary stacks, allowing for gaps (min. match length 80.0%)...
  Merged 193 out of 4690 secondary reads (4.1%).
Coverage after merging gapped secondary stacks: mean=8.72; stdev=5.11; max=45; n_reads=13837(69.2%)

Final number of stacks built: 1600
Final coverage: mean=8.72; stdev=5.11; max=45; n_reads=13837(69.2%)
Calling consensus sequences and haplotypes for catalog assembly...
Writing tags, SNPs, and alleles files to './stacks/GAGTGG_GGGAACAGGCTGCAGG'...done.
ustacks is done.

Sample 110 of 181 'GAGTGG_GGGAATCTGATGCAGG'
----------
ustacks --in-type fastq --file ./samples/GAGTGG_GGGAATCTGATGCAGG.1.fq --out-path ./stacks --name GAGTGG_GGGAATCTGATGCAGG -M 2 --threads 4  -m 4
ustacks parameters selected:
  Input file: './samples/GAGTGG_GGGAATCTGATGCAGG.1.fq'
  Min depth of coverage to create a stack (m): 4
  Repeat removal algorithm: enabled
  Max distance allowed between stacks (M): 2
  Max distance allowed to align secondary reads: 4
  Max number of stacks allowed per de novo locus: 3
  Deleveraging algorithm: disabled
  Gapped assembly: enabled
  Minimum alignment length: 0.8
  Model type: SNP
  Alpha significance level for model: 0.05

Loading RAD-Tags...
Warning: Input reads contained 7 uncalled nucleotides.

Loaded 20000 reads; formed:
  1629 stacks representing 14733 primary reads (73.7%)
  3590 secondary stacks representing 5267 secondary reads (26.3%)

Stack coverage: mean=9.04; stdev=13.14; max=203; n_reads=14733(73.7%)
Removing repetitive stacks: cov > 49 (mean+3*stdev)...
  Blacklisted 19 stacks.
Coverage after repeat removal: mean=7.79; stdev=4.39; max=43; n_reads=12537(62.7%)

Assembling stacks (max dist. M=2)...
  Assembled 1610 stacks into 1608; blacklisted 1 stacks.
Coverage after assembling stacks: mean=7.87; stdev=4.51; max=43; n_reads=12503(62.5%)

Merging secondary stacks (max dist. N=4 from consensus)...
  Merged 664 out of 5267 secondary reads (12.6%), 33 merged with gapped alignments.
Coverage after merging secondary stacks: mean=8.29; stdev=4.77; max=47; n_reads=13167(65.8%)

Assembling stacks, allowing for gaps (min. match length 80.0%)...
  Assembled 1608 stacks into 1583 stacks.
Coverage after gapped assembly: mean=8.42; stdev=4.94; max=47; n_reads=13167(65.8%)

Merging secondary stacks, allowing for gaps (min. match length 80.0%)...
  Merged 158 out of 4603 secondary reads (3.4%).
Coverage after merging gapped secondary stacks: mean=8.52; stdev=5.01; max=47; n_reads=13325(66.6%)

Final number of stacks built: 1583
Final coverage: mean=8.52; stdev=5.01; max=47; n_reads=13325(66.6%)
Calling consensus sequences and haplotypes for catalog assembly...
Writing tags, SNPs, and alleles files to './stacks/GAGTGG_GGGAATCTGATGCAGG'...done.
ustacks is done.

Sample 111 of 181 'GAGTGG_GGGAGCTGAATGCAGG'
----------
ustacks --in-type fastq --file ./samples/GAGTGG_GGGAGCTGAATGCAGG.1.fq --out-path ./stacks --name GAGTGG_GGGAGCTGAATGCAGG -M 2 --threads 4  -m 4
ustacks parameters selected:
  Input file: './samples/GAGTGG_GGGAGCTGAATGCAGG.1.fq'
  Min depth of coverage to create a stack (m): 4
  Repeat removal algorithm: enabled
  Max distance allowed between stacks (M): 2
  Max distance allowed to align secondary reads: 4
  Max number of stacks allowed per de novo locus: 3
  Deleveraging algorithm: disabled
  Gapped assembly: enabled
  Minimum alignment length: 0.8
  Model type: SNP
  Alpha significance level for model: 0.05

Loading RAD-Tags...
Warning: Input reads contained 5 uncalled nucleotides.

Loaded 20000 reads; formed:
  1696 stacks representing 12632 primary reads (63.2%)
  5024 secondary stacks representing 7368 secondary reads (36.8%)

Stack coverage: mean=7.45; stdev=7.85; max=165; n_reads=12632(63.2%)
Removing repetitive stacks: cov > 31 (mean+3*stdev)...
  Blacklisted 26 stacks.
Coverage after repeat removal: mean=6.73; stdev=3.35; max=30; n_reads=11245(56.2%)

Assembling stacks (max dist. M=2)...
  Assembled 1670 stacks into 1653; blacklisted 3 stacks.
Coverage after assembling stacks: mean=6.83; stdev=3.57; max=39; n_reads=11117(55.6%)

Merging secondary stacks (max dist. N=4 from consensus)...
  Merged 746 out of 7368 secondary reads (10.1%), 60 merged with gapped alignments.
Coverage after merging secondary stacks: mean=7.29; stdev=3.99; max=42; n_reads=11863(59.3%)

Assembling stacks, allowing for gaps (min. match length 80.0%)...
  Assembled 1653 stacks into 1633 stacks.
Coverage after gapped assembly: mean=7.38; stdev=4.11; max=48; n_reads=11863(59.3%)

Merging secondary stacks, allowing for gaps (min. match length 80.0%)...
  Merged 175 out of 6622 secondary reads (2.6%).
Coverage after merging gapped secondary stacks: mean=7.49; stdev=4.19; max=49; n_reads=12038(60.2%)

Final number of stacks built: 1633
Final coverage: mean=7.49; stdev=4.19; max=49; n_reads=12038(60.2%)
Calling consensus sequences and haplotypes for catalog assembly...
Writing tags, SNPs, and alleles files to './stacks/GAGTGG_GGGAGCTGAATGCAGG'...done.
ustacks is done.

Sample 112 of 181 'GAGTGG_GGGATAGACATGCAGG'
----------
ustacks --in-type fastq --file ./samples/GAGTGG_GGGATAGACATGCAGG.1.fq --out-path ./stacks --name GAGTGG_GGGATAGACATGCAGG -M 2 --threads 4  -m 4
ustacks parameters selected:
  Input file: './samples/GAGTGG_GGGATAGACATGCAGG.1.fq'
  Min depth of coverage to create a stack (m): 4
  Repeat removal algorithm: enabled
  Max distance allowed between stacks (M): 2
  Max distance allowed to align secondary reads: 4
  Max number of stacks allowed per de novo locus: 3
  Deleveraging algorithm: disabled
  Gapped assembly: enabled
  Minimum alignment length: 0.8
  Model type: SNP
  Alpha significance level for model: 0.05

Loading RAD-Tags...
Warning: Input reads contained 1 uncalled nucleotides.

Loaded 20000 reads; formed:
  1403 stacks representing 11491 primary reads (57.5%)
  5881 secondary stacks representing 8509 secondary reads (42.5%)

Stack coverage: mean=8.19; stdev=16.82; max=320; n_reads=11491(57.5%)
Removing repetitive stacks: cov > 59 (mean+3*stdev)...
  Blacklisted 20 stacks.
Coverage after repeat removal: mean=6.51; stdev=3.44; max=51; n_reads=9003(45.0%)

Assembling stacks (max dist. M=2)...
  Assembled 1383 stacks into 1391; blacklisted 0 stacks.
Coverage after assembling stacks: mean=6.56; stdev=3.51; max=51; n_reads=9003(45.0%)

Merging secondary stacks (max dist. N=4 from consensus)...
  Merged 505 out of 8509 secondary reads (5.9%), 44 merged with gapped alignments.
Coverage after merging secondary stacks: mean=6.92; stdev=3.73; max=53; n_reads=9508(47.5%)

Assembling stacks, allowing for gaps (min. match length 80.0%)...
  Assembled 1391 stacks into 1363 stacks.
Coverage after gapped assembly: mean=7.07; stdev=3.85; max=53; n_reads=9508(47.5%)

Merging secondary stacks, allowing for gaps (min. match length 80.0%)...
  Merged 298 out of 8004 secondary reads (3.7%).
Coverage after merging gapped secondary stacks: mean=7.29; stdev=4.09; max=53; n_reads=9806(49.0%)

Final number of stacks built: 1363
Final coverage: mean=7.29; stdev=4.09; max=53; n_reads=9806(49.0%)
Calling consensus sequences and haplotypes for catalog assembly...
Writing tags, SNPs, and alleles files to './stacks/GAGTGG_GGGATAGACATGCAGG'...done.
ustacks is done.

Sample 113 of 181 'GAGTGG_GGGCCACATATGCAGG'
----------
ustacks --in-type fastq --file ./samples/GAGTGG_GGGCCACATATGCAGG.1.fq --out-path ./stacks --name GAGTGG_GGGCCACATATGCAGG -M 2 --threads 4  -m 4
ustacks parameters selected:
  Input file: './samples/GAGTGG_GGGCCACATATGCAGG.1.fq'
  Min depth of coverage to create a stack (m): 4
  Repeat removal algorithm: enabled
  Max distance allowed between stacks (M): 2
  Max distance allowed to align secondary reads: 4
  Max number of stacks allowed per de novo locus: 3
  Deleveraging algorithm: disabled
  Gapped assembly: enabled
  Minimum alignment length: 0.8
  Model type: SNP
  Alpha significance level for model: 0.05

Loading RAD-Tags...
Warning: Input reads contained 3 uncalled nucleotides.

Loaded 20000 reads; formed:
  1591 stacks representing 13351 primary reads (66.8%)
  4576 secondary stacks representing 6649 secondary reads (33.2%)

Stack coverage: mean=8.39; stdev=14.36; max=285; n_reads=13351(66.8%)
Removing repetitive stacks: cov > 52 (mean+3*stdev)...
  Blacklisted 18 stacks.
Coverage after repeat removal: mean=7.18; stdev=4.14; max=47; n_reads=11294(56.5%)

Assembling stacks (max dist. M=2)...
  Assembled 1573 stacks into 1578; blacklisted 0 stacks.
Coverage after assembling stacks: mean=7.23; stdev=4.20; max=47; n_reads=11294(56.5%)

Merging secondary stacks (max dist. N=4 from consensus)...
  Merged 651 out of 6649 secondary reads (9.8%), 42 merged with gapped alignments.
Coverage after merging secondary stacks: mean=7.65; stdev=4.42; max=48; n_reads=11945(59.7%)

Assembling stacks, allowing for gaps (min. match length 80.0%)...
  Assembled 1578 stacks into 1549 stacks.
Coverage after gapped assembly: mean=7.79; stdev=4.51; max=48; n_reads=11945(59.7%)

Merging secondary stacks, allowing for gaps (min. match length 80.0%)...
  Merged 295 out of 5998 secondary reads (4.9%).
Coverage after merging gapped secondary stacks: mean=7.98; stdev=4.67; max=48; n_reads=12240(61.2%)

Final number of stacks built: 1549
Final coverage: mean=7.98; stdev=4.67; max=48; n_reads=12240(61.2%)
Calling consensus sequences and haplotypes for catalog assembly...
Writing tags, SNPs, and alleles files to './stacks/GAGTGG_GGGCCACATATGCAGG'...done.
ustacks is done.

Sample 114 of 181 'GAGTGG_GGGCGAGTAATGCAGG'
----------
ustacks --in-type fastq --file ./samples/GAGTGG_GGGCGAGTAATGCAGG.1.fq --out-path ./stacks --name GAGTGG_GGGCGAGTAATGCAGG -M 2 --threads 4  -m 4
ustacks parameters selected:
  Input file: './samples/GAGTGG_GGGCGAGTAATGCAGG.1.fq'
  Min depth of coverage to create a stack (m): 4
  Repeat removal algorithm: enabled
  Max distance allowed between stacks (M): 2
  Max distance allowed to align secondary reads: 4
  Max number of stacks allowed per de novo locus: 3
  Deleveraging algorithm: disabled
  Gapped assembly: enabled
  Minimum alignment length: 0.8
  Model type: SNP
  Alpha significance level for model: 0.05

Loading RAD-Tags...
Warning: Input reads contained 6 uncalled nucleotides.

Loaded 20000 reads; formed:
  1650 stacks representing 14500 primary reads (72.5%)
  3816 secondary stacks representing 5500 secondary reads (27.5%)

Stack coverage: mean=8.79; stdev=13.20; max=273; n_reads=14500(72.5%)
Removing repetitive stacks: cov > 49 (mean+3*stdev)...
  Blacklisted 17 stacks.
Coverage after repeat removal: mean=7.70; stdev=4.42; max=49; n_reads=12581(62.9%)

Assembling stacks (max dist. M=2)...
  Assembled 1633 stacks into 1628; blacklisted 0 stacks.
Coverage after assembling stacks: mean=7.80; stdev=4.64; max=49; n_reads=12581(62.9%)

Merging secondary stacks (max dist. N=4 from consensus)...
  Merged 706 out of 5500 secondary reads (12.8%), 40 merged with gapped alignments.
Coverage after merging secondary stacks: mean=8.24; stdev=4.90; max=51; n_reads=13287(66.4%)

Assembling stacks, allowing for gaps (min. match length 80.0%)...
  Assembled 1628 stacks into 1584 stacks.
Coverage after gapped assembly: mean=8.47; stdev=5.19; max=51; n_reads=13287(66.4%)

Merging secondary stacks, allowing for gaps (min. match length 80.0%)...
  Merged 266 out of 4794 secondary reads (5.5%).
Coverage after merging gapped secondary stacks: mean=8.64; stdev=5.31; max=51; n_reads=13553(67.8%)

Final number of stacks built: 1584
Final coverage: mean=8.64; stdev=5.31; max=51; n_reads=13553(67.8%)
Calling consensus sequences and haplotypes for catalog assembly...
Writing tags, SNPs, and alleles files to './stacks/GAGTGG_GGGCGAGTAATGCAGG'...done.
ustacks is done.

Sample 115 of 181 'GAGTGG_GGGCTAACGATGCAGG'
----------
ustacks --in-type fastq --file ./samples/GAGTGG_GGGCTAACGATGCAGG.1.fq --out-path ./stacks --name GAGTGG_GGGCTAACGATGCAGG -M 2 --threads 4  -m 4
ustacks parameters selected:
  Input file: './samples/GAGTGG_GGGCTAACGATGCAGG.1.fq'
  Min depth of coverage to create a stack (m): 4
  Repeat removal algorithm: enabled
  Max distance allowed between stacks (M): 2
  Max distance allowed to align secondary reads: 4
  Max number of stacks allowed per de novo locus: 3
  Deleveraging algorithm: disabled
  Gapped assembly: enabled
  Minimum alignment length: 0.8
  Model type: SNP
  Alpha significance level for model: 0.05

Loading RAD-Tags...
Warning: Input reads contained 4 uncalled nucleotides.

Loaded 20000 reads; formed:
  1574 stacks representing 14761 primary reads (73.8%)
  3661 secondary stacks representing 5239 secondary reads (26.2%)

Stack coverage: mean=9.38; stdev=16.65; max=262; n_reads=14761(73.8%)
Removing repetitive stacks: cov > 60 (mean+3*stdev)...
  Blacklisted 20 stacks.
Coverage after repeat removal: mean=7.83; stdev=4.72; max=47; n_reads=12163(60.8%)

Assembling stacks (max dist. M=2)...
  Assembled 1554 stacks into 1554; blacklisted 0 stacks.
Coverage after assembling stacks: mean=7.91; stdev=4.88; max=47; n_reads=12163(60.8%)

Merging secondary stacks (max dist. N=4 from consensus)...
  Merged 706 out of 5239 secondary reads (13.5%), 49 merged with gapped alignments.
Coverage after merging secondary stacks: mean=8.37; stdev=5.15; max=47; n_reads=12869(64.3%)

Assembling stacks, allowing for gaps (min. match length 80.0%)...
  Assembled 1554 stacks into 1516 stacks.
Coverage after gapped assembly: mean=8.59; stdev=5.32; max=47; n_reads=12869(64.3%)

Merging secondary stacks, allowing for gaps (min. match length 80.0%)...
  Merged 269 out of 4533 secondary reads (5.9%).
Coverage after merging gapped secondary stacks: mean=8.76; stdev=5.42; max=47; n_reads=13138(65.7%)

Final number of stacks built: 1516
Final coverage: mean=8.76; stdev=5.42; max=47; n_reads=13138(65.7%)
Calling consensus sequences and haplotypes for catalog assembly...
Writing tags, SNPs, and alleles files to './stacks/GAGTGG_GGGCTAACGATGCAGG'...done.
ustacks is done.

Sample 116 of 181 'GAGTGG_GGGCTCGGTATGCAGG'
----------
ustacks --in-type fastq --file ./samples/GAGTGG_GGGCTCGGTATGCAGG.1.fq --out-path ./stacks --name GAGTGG_GGGCTCGGTATGCAGG -M 2 --threads 4  -m 4
ustacks parameters selected:
  Input file: './samples/GAGTGG_GGGCTCGGTATGCAGG.1.fq'
  Min depth of coverage to create a stack (m): 4
  Repeat removal algorithm: enabled
  Max distance allowed between stacks (M): 2
  Max distance allowed to align secondary reads: 4
  Max number of stacks allowed per de novo locus: 3
  Deleveraging algorithm: disabled
  Gapped assembly: enabled
  Minimum alignment length: 0.8
  Model type: SNP
  Alpha significance level for model: 0.05

Loading RAD-Tags...
Warning: Input reads contained 5 uncalled nucleotides.

Loaded 20000 reads; formed:
  1647 stacks representing 15696 primary reads (78.5%)
  3032 secondary stacks representing 4304 secondary reads (21.5%)

Stack coverage: mean=9.53; stdev=14.75; max=317; n_reads=15696(78.5%)
Removing repetitive stacks: cov > 54 (mean+3*stdev)...
  Blacklisted 19 stacks.
Coverage after repeat removal: mean=8.27; stdev=4.88; max=43; n_reads=13463(67.3%)

Assembling stacks (max dist. M=2)...
  Assembled 1628 stacks into 1623; blacklisted 0 stacks.
Coverage after assembling stacks: mean=8.38; stdev=5.09; max=43; n_reads=13463(67.3%)

Merging secondary stacks (max dist. N=4 from consensus)...
  Merged 784 out of 4304 secondary reads (18.2%), 49 merged with gapped alignments.
Coverage after merging secondary stacks: mean=8.87; stdev=5.37; max=43; n_reads=14247(71.2%)

Assembling stacks, allowing for gaps (min. match length 80.0%)...
  Assembled 1623 stacks into 1591 stacks.
Coverage after gapped assembly: mean=9.05; stdev=5.49; max=43; n_reads=14247(71.2%)

Merging secondary stacks, allowing for gaps (min. match length 80.0%)...
  Merged 157 out of 3520 secondary reads (4.5%).
Coverage after merging gapped secondary stacks: mean=9.15; stdev=5.55; max=43; n_reads=14404(72.0%)

Final number of stacks built: 1591
Final coverage: mean=9.15; stdev=5.55; max=43; n_reads=14404(72.0%)
Calling consensus sequences and haplotypes for catalog assembly...
Writing tags, SNPs, and alleles files to './stacks/GAGTGG_GGGCTCGGTATGCAGG'...done.
ustacks is done.

Sample 117 of 181 'GAGTGG_GGGGAGAACATGCAGG'
----------
ustacks --in-type fastq --file ./samples/GAGTGG_GGGGAGAACATGCAGG.1.fq --out-path ./stacks --name GAGTGG_GGGGAGAACATGCAGG -M 2 --threads 4  -m 4
ustacks parameters selected:
  Input file: './samples/GAGTGG_GGGGAGAACATGCAGG.1.fq'
  Min depth of coverage to create a stack (m): 4
  Repeat removal algorithm: enabled
  Max distance allowed between stacks (M): 2
  Max distance allowed to align secondary reads: 4
  Max number of stacks allowed per de novo locus: 3
  Deleveraging algorithm: disabled
  Gapped assembly: enabled
  Minimum alignment length: 0.8
  Model type: SNP
  Alpha significance level for model: 0.05

Loading RAD-Tags...
Warning: Input reads contained 8 uncalled nucleotides.

Loaded 20000 reads; formed:
  1622 stacks representing 14384 primary reads (71.9%)
  3787 secondary stacks representing 5616 secondary reads (28.1%)

Stack coverage: mean=8.87; stdev=14.07; max=210; n_reads=14384(71.9%)
Removing repetitive stacks: cov > 52 (mean+3*stdev)...
  Blacklisted 21 stacks.
Coverage after repeat removal: mean=7.62; stdev=4.45; max=51; n_reads=12203(61.0%)

Assembling stacks (max dist. M=2)...
  Assembled 1601 stacks into 1593; blacklisted 0 stacks.
Coverage after assembling stacks: mean=7.74; stdev=4.62; max=51; n_reads=12203(61.0%)

Merging secondary stacks (max dist. N=4 from consensus)...
  Merged 753 out of 5616 secondary reads (13.4%), 43 merged with gapped alignments.
Coverage after merging secondary stacks: mean=8.22; stdev=4.93; max=54; n_reads=12956(64.8%)

Assembling stacks, allowing for gaps (min. match length 80.0%)...
  Assembled 1593 stacks into 1551 stacks.
Coverage after gapped assembly: mean=8.44; stdev=5.10; max=54; n_reads=12956(64.8%)

Merging secondary stacks, allowing for gaps (min. match length 80.0%)...
  Merged 285 out of 4863 secondary reads (5.9%).
Coverage after merging gapped secondary stacks: mean=8.63; stdev=5.20; max=54; n_reads=13241(66.2%)

Final number of stacks built: 1551
Final coverage: mean=8.63; stdev=5.20; max=54; n_reads=13241(66.2%)
Calling consensus sequences and haplotypes for catalog assembly...
Writing tags, SNPs, and alleles files to './stacks/GAGTGG_GGGGAGAACATGCAGG'...done.
ustacks is done.

Sample 118 of 181 'GAGTGG_GGGGTGCGAATGCAGG'
----------
ustacks --in-type fastq --file ./samples/GAGTGG_GGGGTGCGAATGCAGG.1.fq --out-path ./stacks --name GAGTGG_GGGGTGCGAATGCAGG -M 2 --threads 4  -m 4
ustacks parameters selected:
  Input file: './samples/GAGTGG_GGGGTGCGAATGCAGG.1.fq'
  Min depth of coverage to create a stack (m): 4
  Repeat removal algorithm: enabled
  Max distance allowed between stacks (M): 2
  Max distance allowed to align secondary reads: 4
  Max number of stacks allowed per de novo locus: 3
  Deleveraging algorithm: disabled
  Gapped assembly: enabled
  Minimum alignment length: 0.8
  Model type: SNP
  Alpha significance level for model: 0.05

Loading RAD-Tags...
Warning: Input reads contained 3 uncalled nucleotides.

Loaded 20000 reads; formed:
  1707 stacks representing 12675 primary reads (63.4%)
  4938 secondary stacks representing 7325 secondary reads (36.6%)

Stack coverage: mean=7.43; stdev=8.22; max=148; n_reads=12675(63.4%)
Removing repetitive stacks: cov > 33 (mean+3*stdev)...
  Blacklisted 21 stacks.
Coverage after repeat removal: mean=6.74; stdev=3.25; max=29; n_reads=11370(56.9%)

Assembling stacks (max dist. M=2)...
  Assembled 1686 stacks into 1692; blacklisted 0 stacks.
Coverage after assembling stacks: mean=6.79; stdev=3.33; max=29; n_reads=11370(56.9%)

Merging secondary stacks (max dist. N=4 from consensus)...
  Merged 631 out of 7325 secondary reads (8.6%), 46 merged with gapped alignments.
Coverage after merging secondary stacks: mean=7.16; stdev=3.54; max=33; n_reads=12001(60.0%)

Assembling stacks, allowing for gaps (min. match length 80.0%)...
  Assembled 1692 stacks into 1680 stacks.
Coverage after gapped assembly: mean=7.22; stdev=3.58; max=33; n_reads=12001(60.0%)

Merging secondary stacks, allowing for gaps (min. match length 80.0%)...
  Merged 140 out of 6694 secondary reads (2.1%).
Coverage after merging gapped secondary stacks: mean=7.30; stdev=3.65; max=33; n_reads=12141(60.7%)

Final number of stacks built: 1680
Final coverage: mean=7.30; stdev=3.65; max=33; n_reads=12141(60.7%)
Calling consensus sequences and haplotypes for catalog assembly...
Writing tags, SNPs, and alleles files to './stacks/GAGTGG_GGGGTGCGAATGCAGG'...done.
ustacks is done.

Sample 119 of 181 'GAGTGG_GGGTACGCAATGCAGG'
----------
ustacks --in-type fastq --file ./samples/GAGTGG_GGGTACGCAATGCAGG.1.fq --out-path ./stacks --name GAGTGG_GGGTACGCAATGCAGG -M 2 --threads 4  -m 4
ustacks parameters selected:
  Input file: './samples/GAGTGG_GGGTACGCAATGCAGG.1.fq'
  Min depth of coverage to create a stack (m): 4
  Repeat removal algorithm: enabled
  Max distance allowed between stacks (M): 2
  Max distance allowed to align secondary reads: 4
  Max number of stacks allowed per de novo locus: 3
  Deleveraging algorithm: disabled
  Gapped assembly: enabled
  Minimum alignment length: 0.8
  Model type: SNP
  Alpha significance level for model: 0.05

Loading RAD-Tags...
Warning: Input reads contained 4 uncalled nucleotides.

Loaded 20000 reads; formed:
  1602 stacks representing 16196 primary reads (81.0%)
  2680 secondary stacks representing 3804 secondary reads (19.0%)

Stack coverage: mean=10.11; stdev=18.60; max=433; n_reads=16196(81.0%)
Removing repetitive stacks: cov > 66 (mean+3*stdev)...
  Blacklisted 18 stacks.
Coverage after repeat removal: mean=8.58; stdev=5.07; max=50; n_reads=13586(67.9%)

Assembling stacks (max dist. M=2)...
  Assembled 1584 stacks into 1583; blacklisted 0 stacks.
Coverage after assembling stacks: mean=8.67; stdev=5.18; max=50; n_reads=13586(67.9%)

Merging secondary stacks (max dist. N=4 from consensus)...
  Merged 666 out of 3804 secondary reads (17.5%), 33 merged with gapped alignments.
Coverage after merging secondary stacks: mean=9.10; stdev=5.38; max=53; n_reads=14252(71.3%)

Assembling stacks, allowing for gaps (min. match length 80.0%)...
  Assembled 1583 stacks into 1542 stacks.
Coverage after gapped assembly: mean=9.34; stdev=5.62; max=53; n_reads=14252(71.3%)

Merging secondary stacks, allowing for gaps (min. match length 80.0%)...
  Merged 181 out of 3138 secondary reads (5.8%).
Coverage after merging gapped secondary stacks: mean=9.46; stdev=5.65; max=53; n_reads=14433(72.2%)

Final number of stacks built: 1542
Final coverage: mean=9.46; stdev=5.65; max=53; n_reads=14433(72.2%)
Calling consensus sequences and haplotypes for catalog assembly...
Writing tags, SNPs, and alleles files to './stacks/GAGTGG_GGGTACGCAATGCAGG'...done.
ustacks is done.

Sample 120 of 181 'GAGTGG_GGGTCGTAGATGCAGG'
----------
ustacks --in-type fastq --file ./samples/GAGTGG_GGGTCGTAGATGCAGG.1.fq --out-path ./stacks --name GAGTGG_GGGTCGTAGATGCAGG -M 2 --threads 4  -m 4
ustacks parameters selected:
  Input file: './samples/GAGTGG_GGGTCGTAGATGCAGG.1.fq'
  Min depth of coverage to create a stack (m): 4
  Repeat removal algorithm: enabled
  Max distance allowed between stacks (M): 2
  Max distance allowed to align secondary reads: 4
  Max number of stacks allowed per de novo locus: 3
  Deleveraging algorithm: disabled
  Gapped assembly: enabled
  Minimum alignment length: 0.8
  Model type: SNP
  Alpha significance level for model: 0.05

Loading RAD-Tags...
Warning: Input reads contained 1 uncalled nucleotides.

Loaded 20000 reads; formed:
  1617 stacks representing 15581 primary reads (77.9%)
  3090 secondary stacks representing 4419 secondary reads (22.1%)

Stack coverage: mean=9.64; stdev=15.22; max=271; n_reads=15581(77.9%)
Removing repetitive stacks: cov > 56 (mean+3*stdev)...
  Blacklisted 22 stacks.
Coverage after repeat removal: mean=8.26; stdev=4.96; max=56; n_reads=13180(65.9%)

Assembling stacks (max dist. M=2)...
  Assembled 1595 stacks into 1580; blacklisted 0 stacks.
Coverage after assembling stacks: mean=8.43; stdev=5.15; max=56; n_reads=13180(65.9%)

Merging secondary stacks (max dist. N=4 from consensus)...
  Merged 779 out of 4419 secondary reads (17.6%), 57 merged with gapped alignments.
Coverage after merging secondary stacks: mean=8.93; stdev=5.48; max=60; n_reads=13959(69.8%)

Assembling stacks, allowing for gaps (min. match length 80.0%)...
  Assembled 1580 stacks into 1535 stacks.
Coverage after gapped assembly: mean=9.20; stdev=5.73; max=60; n_reads=13959(69.8%)

Merging secondary stacks, allowing for gaps (min. match length 80.0%)...
  Merged 255 out of 3640 secondary reads (7.0%).
Coverage after merging gapped secondary stacks: mean=9.36; stdev=5.86; max=60; n_reads=14214(71.1%)

Final number of stacks built: 1535
Final coverage: mean=9.36; stdev=5.86; max=60; n_reads=14214(71.1%)
Calling consensus sequences and haplotypes for catalog assembly...
Writing tags, SNPs, and alleles files to './stacks/GAGTGG_GGGTCGTAGATGCAGG'...done.
ustacks is done.

Sample 121 of 181 'GAGTGG_GGGTGTTCTATGCAGG'
----------
ustacks --in-type fastq --file ./samples/GAGTGG_GGGTGTTCTATGCAGG.1.fq --out-path ./stacks --name GAGTGG_GGGTGTTCTATGCAGG -M 2 --threads 4  -m 4
ustacks parameters selected:
  Input file: './samples/GAGTGG_GGGTGTTCTATGCAGG.1.fq'
  Min depth of coverage to create a stack (m): 4
  Repeat removal algorithm: enabled
  Max distance allowed between stacks (M): 2
  Max distance allowed to align secondary reads: 4
  Max number of stacks allowed per de novo locus: 3
  Deleveraging algorithm: disabled
  Gapped assembly: enabled
  Minimum alignment length: 0.8
  Model type: SNP
  Alpha significance level for model: 0.05

Loading RAD-Tags...
Warning: Input reads contained 3 uncalled nucleotides.

Loaded 20000 reads; formed:
  1749 stacks representing 14434 primary reads (72.2%)
  3677 secondary stacks representing 5566 secondary reads (27.8%)

Stack coverage: mean=8.25; stdev=8.30; max=157; n_reads=14434(72.2%)
Removing repetitive stacks: cov > 34 (mean+3*stdev)...
  Blacklisted 20 stacks.
Coverage after repeat removal: mean=7.62; stdev=4.19; max=34; n_reads=13170(65.8%)

Assembling stacks (max dist. M=2)...
  Assembled 1729 stacks into 1732; blacklisted 0 stacks.
Coverage after assembling stacks: mean=7.68; stdev=4.33; max=48; n_reads=13170(65.8%)

Merging secondary stacks (max dist. N=4 from consensus)...
  Merged 725 out of 5566 secondary reads (13.0%), 55 merged with gapped alignments.
Coverage after merging secondary stacks: mean=8.11; stdev=4.60; max=51; n_reads=13895(69.5%)

Assembling stacks, allowing for gaps (min. match length 80.0%)...
  Assembled 1732 stacks into 1716 stacks.
Coverage after gapped assembly: mean=8.18; stdev=4.65; max=51; n_reads=13895(69.5%)

Merging secondary stacks, allowing for gaps (min. match length 80.0%)...
  Merged 129 out of 4841 secondary reads (2.7%).
Coverage after merging gapped secondary stacks: mean=8.26; stdev=4.67; max=51; n_reads=14024(70.1%)

Final number of stacks built: 1716
Final coverage: mean=8.26; stdev=4.67; max=51; n_reads=14024(70.1%)
Calling consensus sequences and haplotypes for catalog assembly...
Writing tags, SNPs, and alleles files to './stacks/GAGTGG_GGGTGTTCTATGCAGG'...done.
ustacks is done.

Sample 122 of 181 'GAGTGG_GGTAGGATGATGCAGG'
----------
ustacks --in-type fastq --file ./samples/GAGTGG_GGTAGGATGATGCAGG.1.fq --out-path ./stacks --name GAGTGG_GGTAGGATGATGCAGG -M 2 --threads 4  -m 4
ustacks parameters selected:
  Input file: './samples/GAGTGG_GGTAGGATGATGCAGG.1.fq'
  Min depth of coverage to create a stack (m): 4
  Repeat removal algorithm: enabled
  Max distance allowed between stacks (M): 2
  Max distance allowed to align secondary reads: 4
  Max number of stacks allowed per de novo locus: 3
  Deleveraging algorithm: disabled
  Gapped assembly: enabled
  Minimum alignment length: 0.8
  Model type: SNP
  Alpha significance level for model: 0.05

Loading RAD-Tags...
Warning: Input reads contained 4 uncalled nucleotides.

Loaded 20000 reads; formed:
  1662 stacks representing 15228 primary reads (76.1%)
  3327 secondary stacks representing 4772 secondary reads (23.9%)

Stack coverage: mean=9.16; stdev=12.43; max=229; n_reads=15228(76.1%)
Removing repetitive stacks: cov > 47 (mean+3*stdev)...
  Blacklisted 20 stacks.
Coverage after repeat removal: mean=8.12; stdev=4.85; max=43; n_reads=13339(66.7%)

Assembling stacks (max dist. M=2)...
  Assembled 1642 stacks into 1638; blacklisted 0 stacks.
Coverage after assembling stacks: mean=8.23; stdev=5.06; max=51; n_reads=13339(66.7%)

Merging secondary stacks (max dist. N=4 from consensus)...
  Merged 788 out of 4772 secondary reads (16.5%), 53 merged with gapped alignments.
Coverage after merging secondary stacks: mean=8.71; stdev=5.39; max=54; n_reads=14127(70.6%)

Assembling stacks, allowing for gaps (min. match length 80.0%)...
  Assembled 1638 stacks into 1608 stacks.
Coverage after gapped assembly: mean=8.88; stdev=5.51; max=54; n_reads=14127(70.6%)

Merging secondary stacks, allowing for gaps (min. match length 80.0%)...
  Merged 221 out of 3984 secondary reads (5.5%).
Coverage after merging gapped secondary stacks: mean=9.02; stdev=5.57; max=54; n_reads=14348(71.7%)

Final number of stacks built: 1608
Final coverage: mean=9.02; stdev=5.57; max=54; n_reads=14348(71.7%)
Calling consensus sequences and haplotypes for catalog assembly...
Writing tags, SNPs, and alleles files to './stacks/GAGTGG_GGTAGGATGATGCAGG'...done.
ustacks is done.

Sample 123 of 181 'GAGTGG_GGTATCAGCATGCAGG'
----------
ustacks --in-type fastq --file ./samples/GAGTGG_GGTATCAGCATGCAGG.1.fq --out-path ./stacks --name GAGTGG_GGTATCAGCATGCAGG -M 2 --threads 4  -m 4
ustacks parameters selected:
  Input file: './samples/GAGTGG_GGTATCAGCATGCAGG.1.fq'
  Min depth of coverage to create a stack (m): 4
  Repeat removal algorithm: enabled
  Max distance allowed between stacks (M): 2
  Max distance allowed to align secondary reads: 4
  Max number of stacks allowed per de novo locus: 3
  Deleveraging algorithm: disabled
  Gapped assembly: enabled
  Minimum alignment length: 0.8
  Model type: SNP
  Alpha significance level for model: 0.05

Loading RAD-Tags...
Warning: Input reads contained 3 uncalled nucleotides.

Loaded 20000 reads; formed:
  1476 stacks representing 14054 primary reads (70.3%)
  4118 secondary stacks representing 5946 secondary reads (29.7%)

Stack coverage: mean=9.52; stdev=22.69; max=373; n_reads=14054(70.3%)
Removing repetitive stacks: cov > 78 (mean+3*stdev)...
  Blacklisted 21 stacks.
Coverage after repeat removal: mean=7.40; stdev=4.59; max=56; n_reads=10765(53.8%)

Assembling stacks (max dist. M=2)...
  Assembled 1455 stacks into 1456; blacklisted 0 stacks.
Coverage after assembling stacks: mean=7.48; stdev=4.65; max=56; n_reads=10765(53.8%)

Merging secondary stacks (max dist. N=4 from consensus)...
  Merged 625 out of 5946 secondary reads (10.5%), 54 merged with gapped alignments.
Coverage after merging secondary stacks: mean=7.91; stdev=4.99; max=63; n_reads=11390(57.0%)

Assembling stacks, allowing for gaps (min. match length 80.0%)...
  Assembled 1456 stacks into 1413 stacks.
Coverage after gapped assembly: mean=8.15; stdev=5.20; max=63; n_reads=11390(57.0%)

Merging secondary stacks, allowing for gaps (min. match length 80.0%)...
  Merged 334 out of 5321 secondary reads (6.3%).
Coverage after merging gapped secondary stacks: mean=8.39; stdev=5.33; max=63; n_reads=11724(58.6%)

Final number of stacks built: 1413
Final coverage: mean=8.39; stdev=5.33; max=63; n_reads=11724(58.6%)
Calling consensus sequences and haplotypes for catalog assembly...
Writing tags, SNPs, and alleles files to './stacks/GAGTGG_GGTATCAGCATGCAGG'...done.
ustacks is done.

Sample 124 of 181 'GAGTGG_GGTCCGTCTATGCAGG'
----------
ustacks --in-type fastq --file ./samples/GAGTGG_GGTCCGTCTATGCAGG.1.fq --out-path ./stacks --name GAGTGG_GGTCCGTCTATGCAGG -M 2 --threads 4  -m 4
ustacks parameters selected:
  Input file: './samples/GAGTGG_GGTCCGTCTATGCAGG.1.fq'
  Min depth of coverage to create a stack (m): 4
  Repeat removal algorithm: enabled
  Max distance allowed between stacks (M): 2
  Max distance allowed to align secondary reads: 4
  Max number of stacks allowed per de novo locus: 3
  Deleveraging algorithm: disabled
  Gapped assembly: enabled
  Minimum alignment length: 0.8
  Model type: SNP
  Alpha significance level for model: 0.05

Loading RAD-Tags...
Warning: Input reads contained 2 uncalled nucleotides.

Loaded 20000 reads; formed:
  1604 stacks representing 14625 primary reads (73.1%)
  3759 secondary stacks representing 5375 secondary reads (26.9%)

Stack coverage: mean=9.12; stdev=15.38; max=246; n_reads=14625(73.1%)
Removing repetitive stacks: cov > 56 (mean+3*stdev)...
  Blacklisted 20 stacks.
Coverage after repeat removal: mean=7.78; stdev=4.58; max=47; n_reads=12325(61.6%)

Assembling stacks (max dist. M=2)...
  Assembled 1584 stacks into 1581; blacklisted 0 stacks.
Coverage after assembling stacks: mean=7.88; stdev=4.72; max=47; n_reads=12325(61.6%)

Merging secondary stacks (max dist. N=4 from consensus)...
  Merged 770 out of 5375 secondary reads (14.3%), 77 merged with gapped alignments.
Coverage after merging secondary stacks: mean=8.37; stdev=4.99; max=50; n_reads=13095(65.5%)

Assembling stacks, allowing for gaps (min. match length 80.0%)...
  Assembled 1581 stacks into 1550 stacks.
Coverage after gapped assembly: mean=8.54; stdev=5.15; max=50; n_reads=13095(65.5%)

Merging secondary stacks, allowing for gaps (min. match length 80.0%)...
  Merged 213 out of 4605 secondary reads (4.6%).
Coverage after merging gapped secondary stacks: mean=8.68; stdev=5.22; max=50; n_reads=13308(66.5%)

Final number of stacks built: 1550
Final coverage: mean=8.68; stdev=5.22; max=50; n_reads=13308(66.5%)
Calling consensus sequences and haplotypes for catalog assembly...
Writing tags, SNPs, and alleles files to './stacks/GAGTGG_GGTCCGTCTATGCAGG'...done.
ustacks is done.

Sample 125 of 181 'GAGTGG_GGTCTTCACATGCAGG'
----------
ustacks --in-type fastq --file ./samples/GAGTGG_GGTCTTCACATGCAGG.1.fq --out-path ./stacks --name GAGTGG_GGTCTTCACATGCAGG -M 2 --threads 4  -m 4
ustacks parameters selected:
  Input file: './samples/GAGTGG_GGTCTTCACATGCAGG.1.fq'
  Min depth of coverage to create a stack (m): 4
  Repeat removal algorithm: enabled
  Max distance allowed between stacks (M): 2
  Max distance allowed to align secondary reads: 4
  Max number of stacks allowed per de novo locus: 3
  Deleveraging algorithm: disabled
  Gapped assembly: enabled
  Minimum alignment length: 0.8
  Model type: SNP
  Alpha significance level for model: 0.05

Loading RAD-Tags...
Warning: Input reads contained 8 uncalled nucleotides.

Loaded 20000 reads; formed:
  1552 stacks representing 15534 primary reads (77.7%)
  3100 secondary stacks representing 4466 secondary reads (22.3%)

Stack coverage: mean=10.01; stdev=14.78; max=259; n_reads=15534(77.7%)
Removing repetitive stacks: cov > 55 (mean+3*stdev)...
  Blacklisted 17 stacks.
Coverage after repeat removal: mean=8.81; stdev=5.54; max=43; n_reads=13522(67.6%)

Assembling stacks (max dist. M=2)...
  Assembled 1535 stacks into 1532; blacklisted 0 stacks.
Coverage after assembling stacks: mean=8.91; stdev=5.65; max=47; n_reads=13522(67.6%)

Merging secondary stacks (max dist. N=4 from consensus)...
  Merged 714 out of 4466 secondary reads (16.0%), 57 merged with gapped alignments.
Coverage after merging secondary stacks: mean=9.38; stdev=5.93; max=51; n_reads=14236(71.2%)

Assembling stacks, allowing for gaps (min. match length 80.0%)...
  Assembled 1532 stacks into 1501 stacks.
Coverage after gapped assembly: mean=9.58; stdev=6.06; max=51; n_reads=14236(71.2%)

Merging secondary stacks, allowing for gaps (min. match length 80.0%)...
  Merged 160 out of 3752 secondary reads (4.3%).
Coverage after merging gapped secondary stacks: mean=9.69; stdev=6.09; max=51; n_reads=14396(72.0%)

Final number of stacks built: 1501
Final coverage: mean=9.69; stdev=6.09; max=51; n_reads=14396(72.0%)
Calling consensus sequences and haplotypes for catalog assembly...
Writing tags, SNPs, and alleles files to './stacks/GAGTGG_GGTCTTCACATGCAGG'...done.
ustacks is done.

Sample 126 of 181 'GAGTGG_GGTGAAGAGATGCAGG'
----------
ustacks --in-type fastq --file ./samples/GAGTGG_GGTGAAGAGATGCAGG.1.fq --out-path ./stacks --name GAGTGG_GGTGAAGAGATGCAGG -M 2 --threads 4  -m 4
ustacks parameters selected:
  Input file: './samples/GAGTGG_GGTGAAGAGATGCAGG.1.fq'
  Min depth of coverage to create a stack (m): 4
  Repeat removal algorithm: enabled
  Max distance allowed between stacks (M): 2
  Max distance allowed to align secondary reads: 4
  Max number of stacks allowed per de novo locus: 3
  Deleveraging algorithm: disabled
  Gapped assembly: enabled
  Minimum alignment length: 0.8
  Model type: SNP
  Alpha significance level for model: 0.05

Loading RAD-Tags...
Warning: Input reads contained 1 uncalled nucleotides.

Loaded 20000 reads; formed:
  1643 stacks representing 13855 primary reads (69.3%)
  4180 secondary stacks representing 6145 secondary reads (30.7%)

Stack coverage: mean=8.43; stdev=11.87; max=199; n_reads=13855(69.3%)
Removing repetitive stacks: cov > 45 (mean+3*stdev)...
  Blacklisted 19 stacks.
Coverage after repeat removal: mean=7.42; stdev=4.19; max=38; n_reads=12042(60.2%)

Assembling stacks (max dist. M=2)...
  Assembled 1624 stacks into 1616; blacklisted 0 stacks.
Coverage after assembling stacks: mean=7.53; stdev=4.37; max=40; n_reads=12042(60.2%)

Merging secondary stacks (max dist. N=4 from consensus)...
  Merged 643 out of 6145 secondary reads (10.5%), 41 merged with gapped alignments.
Coverage after merging secondary stacks: mean=7.93; stdev=4.68; max=44; n_reads=12685(63.4%)

Assembling stacks, allowing for gaps (min. match length 80.0%)...
  Assembled 1616 stacks into 1580 stacks.
Coverage after gapped assembly: mean=8.11; stdev=4.77; max=44; n_reads=12685(63.4%)

Merging secondary stacks, allowing for gaps (min. match length 80.0%)...
  Merged 201 out of 5502 secondary reads (3.7%).
Coverage after merging gapped secondary stacks: mean=8.24; stdev=4.81; max=44; n_reads=12886(64.4%)

Final number of stacks built: 1580
Final coverage: mean=8.24; stdev=4.81; max=44; n_reads=12886(64.4%)
Calling consensus sequences and haplotypes for catalog assembly...
Writing tags, SNPs, and alleles files to './stacks/GAGTGG_GGTGAAGAGATGCAGG'...done.
ustacks is done.

Sample 127 of 181 'GAGTGG_GGTGGAACAATGCAGG'
----------
ustacks --in-type fastq --file ./samples/GAGTGG_GGTGGAACAATGCAGG.1.fq --out-path ./stacks --name GAGTGG_GGTGGAACAATGCAGG -M 2 --threads 4  -m 4
ustacks parameters selected:
  Input file: './samples/GAGTGG_GGTGGAACAATGCAGG.1.fq'
  Min depth of coverage to create a stack (m): 4
  Repeat removal algorithm: enabled
  Max distance allowed between stacks (M): 2
  Max distance allowed to align secondary reads: 4
  Max number of stacks allowed per de novo locus: 3
  Deleveraging algorithm: disabled
  Gapped assembly: enabled
  Minimum alignment length: 0.8
  Model type: SNP
  Alpha significance level for model: 0.05

Loading RAD-Tags...
Warning: Input reads contained 1 uncalled nucleotides.

Loaded 20000 reads; formed:
  1638 stacks representing 13923 primary reads (69.6%)
  4155 secondary stacks representing 6077 secondary reads (30.4%)

Stack coverage: mean=8.50; stdev=15.04; max=280; n_reads=13923(69.6%)
Removing repetitive stacks: cov > 54 (mean+3*stdev)...
  Blacklisted 19 stacks.
Coverage after repeat removal: mean=7.20; stdev=4.05; max=37; n_reads=11663(58.3%)

Assembling stacks (max dist. M=2)...
  Assembled 1619 stacks into 1610; blacklisted 0 stacks.
Coverage after assembling stacks: mean=7.32; stdev=4.16; max=37; n_reads=11663(58.3%)

Merging secondary stacks (max dist. N=4 from consensus)...
  Merged 630 out of 6077 secondary reads (10.4%), 45 merged with gapped alignments.
Coverage after merging secondary stacks: mean=7.71; stdev=4.38; max=39; n_reads=12293(61.5%)

Assembling stacks, allowing for gaps (min. match length 80.0%)...
  Assembled 1610 stacks into 1585 stacks.
Coverage after gapped assembly: mean=7.83; stdev=4.51; max=39; n_reads=12293(61.5%)

Merging secondary stacks, allowing for gaps (min. match length 80.0%)...
  Merged 229 out of 5447 secondary reads (4.2%).
Coverage after merging gapped secondary stacks: mean=7.98; stdev=4.60; max=39; n_reads=12522(62.6%)

Final number of stacks built: 1585
Final coverage: mean=7.98; stdev=4.60; max=39; n_reads=12522(62.6%)
Calling consensus sequences and haplotypes for catalog assembly...
Writing tags, SNPs, and alleles files to './stacks/GAGTGG_GGTGGAACAATGCAGG'...done.
ustacks is done.

Sample 128 of 181 'GAGTGG_GGTGGCTTCATGCAGG'
----------
ustacks --in-type fastq --file ./samples/GAGTGG_GGTGGCTTCATGCAGG.1.fq --out-path ./stacks --name GAGTGG_GGTGGCTTCATGCAGG -M 2 --threads 4  -m 4
ustacks parameters selected:
  Input file: './samples/GAGTGG_GGTGGCTTCATGCAGG.1.fq'
  Min depth of coverage to create a stack (m): 4
  Repeat removal algorithm: enabled
  Max distance allowed between stacks (M): 2
  Max distance allowed to align secondary reads: 4
  Max number of stacks allowed per de novo locus: 3
  Deleveraging algorithm: disabled
  Gapped assembly: enabled
  Minimum alignment length: 0.8
  Model type: SNP
  Alpha significance level for model: 0.05

Loading RAD-Tags...
Warning: Input reads contained 6 uncalled nucleotides.

Loaded 20000 reads; formed:
  1639 stacks representing 14696 primary reads (73.5%)
  3696 secondary stacks representing 5304 secondary reads (26.5%)

Stack coverage: mean=8.97; stdev=15.62; max=308; n_reads=14696(73.5%)
Removing repetitive stacks: cov > 56 (mean+3*stdev)...
  Blacklisted 18 stacks.
Coverage after repeat removal: mean=7.64; stdev=4.44; max=51; n_reads=12382(61.9%)

Assembling stacks (max dist. M=2)...
  Assembled 1621 stacks into 1617; blacklisted 0 stacks.
Coverage after assembling stacks: mean=7.73; stdev=4.59; max=51; n_reads=12382(61.9%)

Merging secondary stacks (max dist. N=4 from consensus)...
  Merged 704 out of 5304 secondary reads (13.3%), 51 merged with gapped alignments.
Coverage after merging secondary stacks: mean=8.17; stdev=4.89; max=54; n_reads=13086(65.4%)

Assembling stacks, allowing for gaps (min. match length 80.0%)...
  Assembled 1617 stacks into 1591 stacks.
Coverage after gapped assembly: mean=8.31; stdev=4.96; max=54; n_reads=13086(65.4%)

Merging secondary stacks, allowing for gaps (min. match length 80.0%)...
  Merged 217 out of 4600 secondary reads (4.7%).
Coverage after merging gapped secondary stacks: mean=8.45; stdev=5.02; max=55; n_reads=13303(66.5%)

Final number of stacks built: 1591
Final coverage: mean=8.45; stdev=5.02; max=55; n_reads=13303(66.5%)
Calling consensus sequences and haplotypes for catalog assembly...
Writing tags, SNPs, and alleles files to './stacks/GAGTGG_GGTGGCTTCATGCAGG'...done.
ustacks is done.

Sample 129 of 181 'GAGTGG_GGTGGTGGTATGCAGG'
----------
ustacks --in-type fastq --file ./samples/GAGTGG_GGTGGTGGTATGCAGG.1.fq --out-path ./stacks --name GAGTGG_GGTGGTGGTATGCAGG -M 2 --threads 4  -m 4
ustacks parameters selected:
  Input file: './samples/GAGTGG_GGTGGTGGTATGCAGG.1.fq'
  Min depth of coverage to create a stack (m): 4
  Repeat removal algorithm: enabled
  Max distance allowed between stacks (M): 2
  Max distance allowed to align secondary reads: 4
  Max number of stacks allowed per de novo locus: 3
  Deleveraging algorithm: disabled
  Gapped assembly: enabled
  Minimum alignment length: 0.8
  Model type: SNP
  Alpha significance level for model: 0.05

Loading RAD-Tags...
Warning: Input reads contained 10 uncalled nucleotides.

Loaded 20000 reads; formed:
  1337 stacks representing 16377 primary reads (81.9%)
  2830 secondary stacks representing 3623 secondary reads (18.1%)

Stack coverage: mean=12.25; stdev=19.14; max=319; n_reads=16377(81.9%)
Removing repetitive stacks: cov > 70 (mean+3*stdev)...
  Blacklisted 16 stacks.
Coverage after repeat removal: mean=10.59; stdev=6.81; max=67; n_reads=13993(70.0%)

Assembling stacks (max dist. M=2)...
  Assembled 1321 stacks into 1306; blacklisted 0 stacks.
Coverage after assembling stacks: mean=10.83; stdev=6.93; max=67; n_reads=13993(70.0%)

Merging secondary stacks (max dist. N=4 from consensus)...
  Merged 1374 out of 3623 secondary reads (37.9%), 87 merged with gapped alignments.
Coverage after merging secondary stacks: mean=11.89; stdev=7.58; max=78; n_reads=15367(76.8%)

Assembling stacks, allowing for gaps (min. match length 80.0%)...
  Assembled 1306 stacks into 1271 stacks.
Coverage after gapped assembly: mean=12.23; stdev=7.84; max=78; n_reads=15367(76.8%)

Merging secondary stacks, allowing for gaps (min. match length 80.0%)...
  Merged 103 out of 2249 secondary reads (4.6%).
Coverage after merging gapped secondary stacks: mean=12.31; stdev=7.88; max=79; n_reads=15470(77.3%)

Final number of stacks built: 1271
Final coverage: mean=12.31; stdev=7.88; max=79; n_reads=15470(77.3%)
Calling consensus sequences and haplotypes for catalog assembly...
Writing tags, SNPs, and alleles files to './stacks/GAGTGG_GGTGGTGGTATGCAGG'...done.
ustacks is done.

Sample 130 of 181 'GAGTGG_GGTTCACGCATGCAGG'
----------
ustacks --in-type fastq --file ./samples/GAGTGG_GGTTCACGCATGCAGG.1.fq --out-path ./stacks --name GAGTGG_GGTTCACGCATGCAGG -M 2 --threads 4  -m 4
ustacks parameters selected:
  Input file: './samples/GAGTGG_GGTTCACGCATGCAGG.1.fq'
  Min depth of coverage to create a stack (m): 4
  Repeat removal algorithm: enabled
  Max distance allowed between stacks (M): 2
  Max distance allowed to align secondary reads: 4
  Max number of stacks allowed per de novo locus: 3
  Deleveraging algorithm: disabled
  Gapped assembly: enabled
  Minimum alignment length: 0.8
  Model type: SNP
  Alpha significance level for model: 0.05

Loading RAD-Tags...
Warning: Input reads contained 2 uncalled nucleotides.

Loaded 20000 reads; formed:
  1606 stacks representing 14380 primary reads (71.9%)
  3878 secondary stacks representing 5620 secondary reads (28.1%)

Stack coverage: mean=8.95; stdev=15.52; max=263; n_reads=14380(71.9%)
Removing repetitive stacks: cov > 56 (mean+3*stdev)...
  Blacklisted 18 stacks.
Coverage after repeat removal: mean=7.57; stdev=4.19; max=33; n_reads=12017(60.1%)

Assembling stacks (max dist. M=2)...
  Assembled 1588 stacks into 1582; blacklisted 0 stacks.
Coverage after assembling stacks: mean=7.67; stdev=4.36; max=35; n_reads=12017(60.1%)

Merging secondary stacks (max dist. N=4 from consensus)...
  Merged 642 out of 5620 secondary reads (11.4%), 45 merged with gapped alignments.
Coverage after merging secondary stacks: mean=8.08; stdev=4.66; max=36; n_reads=12659(63.3%)

Assembling stacks, allowing for gaps (min. match length 80.0%)...
  Assembled 1582 stacks into 1549 stacks.
Coverage after gapped assembly: mean=8.26; stdev=4.80; max=36; n_reads=12659(63.3%)

Merging secondary stacks, allowing for gaps (min. match length 80.0%)...
  Merged 232 out of 4978 secondary reads (4.7%).
Coverage after merging gapped secondary stacks: mean=8.41; stdev=4.89; max=36; n_reads=12891(64.5%)

Final number of stacks built: 1549
Final coverage: mean=8.41; stdev=4.89; max=36; n_reads=12891(64.5%)
Calling consensus sequences and haplotypes for catalog assembly...
Writing tags, SNPs, and alleles files to './stacks/GAGTGG_GGTTCACGCATGCAGG'...done.
ustacks is done.

Sample 131 of 181 'GTTTCG_GGAAACATCGTGCAGG'
----------
ustacks --in-type fastq --file ./samples/GTTTCG_GGAAACATCGTGCAGG.1.fq --out-path ./stacks --name GTTTCG_GGAAACATCGTGCAGG -M 2 --threads 4  -m 4
ustacks parameters selected:
  Input file: './samples/GTTTCG_GGAAACATCGTGCAGG.1.fq'
  Min depth of coverage to create a stack (m): 4
  Repeat removal algorithm: enabled
  Max distance allowed between stacks (M): 2
  Max distance allowed to align secondary reads: 4
  Max number of stacks allowed per de novo locus: 3
  Deleveraging algorithm: disabled
  Gapped assembly: enabled
  Minimum alignment length: 0.8
  Model type: SNP
  Alpha significance level for model: 0.05

Loading RAD-Tags...
Warning: Input reads contained 3 uncalled nucleotides.

Loaded 20000 reads; formed:
  1732 stacks representing 15298 primary reads (76.5%)
  3175 secondary stacks representing 4702 secondary reads (23.5%)

Stack coverage: mean=8.83; stdev=8.68; max=183; n_reads=15298(76.5%)
Removing repetitive stacks: cov > 35 (mean+3*stdev)...
  Blacklisted 17 stacks.
Coverage after repeat removal: mean=8.25; stdev=4.89; max=34; n_reads=14151(70.8%)

Assembling stacks (max dist. M=2)...
  Assembled 1715 stacks into 1716; blacklisted 0 stacks.
Coverage after assembling stacks: mean=8.32; stdev=4.99; max=41; n_reads=14151(70.8%)

Merging secondary stacks (max dist. N=4 from consensus)...
  Merged 768 out of 4702 secondary reads (16.3%), 50 merged with gapped alignments.
Coverage after merging secondary stacks: mean=8.77; stdev=5.33; max=47; n_reads=14919(74.6%)

Assembling stacks, allowing for gaps (min. match length 80.0%)...
  Assembled 1716 stacks into 1688 stacks.
Coverage after gapped assembly: mean=8.92; stdev=5.46; max=47; n_reads=14919(74.6%)

Merging secondary stacks, allowing for gaps (min. match length 80.0%)...
  Merged 130 out of 3934 secondary reads (3.3%).
Coverage after merging gapped secondary stacks: mean=9.00; stdev=5.47; max=47; n_reads=15049(75.2%)

Final number of stacks built: 1688
Final coverage: mean=9.00; stdev=5.47; max=47; n_reads=15049(75.2%)
Calling consensus sequences and haplotypes for catalog assembly...
Writing tags, SNPs, and alleles files to './stacks/GTTTCG_GGAAACATCGTGCAGG'...done.
ustacks is done.

Sample 132 of 181 'GTTTCG_GGAACAACCATGCAGG'
----------
ustacks --in-type fastq --file ./samples/GTTTCG_GGAACAACCATGCAGG.1.fq --out-path ./stacks --name GTTTCG_GGAACAACCATGCAGG -M 2 --threads 4  -m 4
ustacks parameters selected:
  Input file: './samples/GTTTCG_GGAACAACCATGCAGG.1.fq'
  Min depth of coverage to create a stack (m): 4
  Repeat removal algorithm: enabled
  Max distance allowed between stacks (M): 2
  Max distance allowed to align secondary reads: 4
  Max number of stacks allowed per de novo locus: 3
  Deleveraging algorithm: disabled
  Gapped assembly: enabled
  Minimum alignment length: 0.8
  Model type: SNP
  Alpha significance level for model: 0.05

Loading RAD-Tags...
Warning: Input reads contained 2 uncalled nucleotides.

Loaded 20000 reads; formed:
  1636 stacks representing 11077 primary reads (55.4%)
  5968 secondary stacks representing 8923 secondary reads (44.6%)

Stack coverage: mean=6.77; stdev=5.25; max=121; n_reads=11077(55.4%)
Removing repetitive stacks: cov > 23 (mean+3*stdev)...
  Blacklisted 17 stacks.
Coverage after repeat removal: mean=6.39; stdev=2.93; max=23; n_reads=10345(51.7%)

Assembling stacks (max dist. M=2)...
  Assembled 1619 stacks into 1615; blacklisted 0 stacks.
Coverage after assembling stacks: mean=6.47; stdev=3.05; max=31; n_reads=10345(51.7%)

Merging secondary stacks (max dist. N=4 from consensus)...
  Merged 725 out of 8923 secondary reads (8.1%), 49 merged with gapped alignments.
Coverage after merging secondary stacks: mean=6.93; stdev=3.33; max=35; n_reads=11070(55.4%)

Assembling stacks, allowing for gaps (min. match length 80.0%)...
  Assembled 1615 stacks into 1605 stacks.
Coverage after gapped assembly: mean=6.97; stdev=3.36; max=35; n_reads=11070(55.4%)

Merging secondary stacks, allowing for gaps (min. match length 80.0%)...
  Merged 76 out of 8198 secondary reads (0.9%).
Coverage after merging gapped secondary stacks: mean=7.02; stdev=3.38; max=35; n_reads=11146(55.7%)

Final number of stacks built: 1605
Final coverage: mean=7.02; stdev=3.38; max=35; n_reads=11146(55.7%)
Calling consensus sequences and haplotypes for catalog assembly...
Writing tags, SNPs, and alleles files to './stacks/GTTTCG_GGAACAACCATGCAGG'...done.
ustacks is done.

Sample 133 of 181 'GTTTCG_GGAACGAACGTGCAGG'
----------
ustacks --in-type fastq --file ./samples/GTTTCG_GGAACGAACGTGCAGG.1.fq --out-path ./stacks --name GTTTCG_GGAACGAACGTGCAGG -M 2 --threads 4  -m 4
ustacks parameters selected:
  Input file: './samples/GTTTCG_GGAACGAACGTGCAGG.1.fq'
  Min depth of coverage to create a stack (m): 4
  Repeat removal algorithm: enabled
  Max distance allowed between stacks (M): 2
  Max distance allowed to align secondary reads: 4
  Max number of stacks allowed per de novo locus: 3
  Deleveraging algorithm: disabled
  Gapped assembly: enabled
  Minimum alignment length: 0.8
  Model type: SNP
  Alpha significance level for model: 0.05

Loading RAD-Tags...
Warning: Input reads contained 1 uncalled nucleotides.

Loaded 20000 reads; formed:
  1599 stacks representing 10691 primary reads (53.5%)
  6277 secondary stacks representing 9309 secondary reads (46.5%)

Stack coverage: mean=6.69; stdev=4.03; max=48; n_reads=10691(53.5%)
Removing repetitive stacks: cov > 19 (mean+3*stdev)...
  Blacklisted 26 stacks.
Coverage after repeat removal: mean=6.33; stdev=2.79; max=19; n_reads=9954(49.8%)

Assembling stacks (max dist. M=2)...
  Assembled 1573 stacks into 1585; blacklisted 0 stacks.
Coverage after assembling stacks: mean=6.38; stdev=2.91; max=22; n_reads=9954(49.8%)

Merging secondary stacks (max dist. N=4 from consensus)...
  Merged 725 out of 9309 secondary reads (7.8%), 49 merged with gapped alignments.
Coverage after merging secondary stacks: mean=6.85; stdev=3.22; max=25; n_reads=10679(53.4%)

Assembling stacks, allowing for gaps (min. match length 80.0%)...
  Assembled 1585 stacks into 1584 stacks.
Coverage after gapped assembly: mean=6.85; stdev=3.22; max=25; n_reads=10679(53.4%)

Merging secondary stacks, allowing for gaps (min. match length 80.0%)...
  Merged 56 out of 8584 secondary reads (0.7%).
Coverage after merging gapped secondary stacks: mean=6.89; stdev=3.23; max=25; n_reads=10735(53.7%)

Final number of stacks built: 1584
Final coverage: mean=6.89; stdev=3.23; max=25; n_reads=10735(53.7%)
Calling consensus sequences and haplotypes for catalog assembly...
Writing tags, SNPs, and alleles files to './stacks/GTTTCG_GGAACGAACGTGCAGG'...done.
ustacks is done.

Sample 134 of 181 'GTTTCG_GGAACGCTTATGCAGG'
----------
ustacks --in-type fastq --file ./samples/GTTTCG_GGAACGCTTATGCAGG.1.fq --out-path ./stacks --name GTTTCG_GGAACGCTTATGCAGG -M 2 --threads 4  -m 4
ustacks parameters selected:
  Input file: './samples/GTTTCG_GGAACGCTTATGCAGG.1.fq'
  Min depth of coverage to create a stack (m): 4
  Repeat removal algorithm: enabled
  Max distance allowed between stacks (M): 2
  Max distance allowed to align secondary reads: 4
  Max number of stacks allowed per de novo locus: 3
  Deleveraging algorithm: disabled
  Gapped assembly: enabled
  Minimum alignment length: 0.8
  Model type: SNP
  Alpha significance level for model: 0.05

Loading RAD-Tags...
Warning: Input reads contained 3 uncalled nucleotides.

Loaded 20000 reads; formed:
  1808 stacks representing 14782 primary reads (73.9%)
  3412 secondary stacks representing 5218 secondary reads (26.1%)

Stack coverage: mean=8.18; stdev=8.35; max=141; n_reads=14782(73.9%)
Removing repetitive stacks: cov > 34 (mean+3*stdev)...
  Blacklisted 18 stacks.
Coverage after repeat removal: mean=7.52; stdev=3.80; max=34; n_reads=13465(67.3%)

Assembling stacks (max dist. M=2)...
  Assembled 1790 stacks into 1775; blacklisted 0 stacks.
Coverage after assembling stacks: mean=7.66; stdev=3.96; max=34; n_reads=13465(67.3%)

Merging secondary stacks (max dist. N=4 from consensus)...
  Merged 872 out of 5218 secondary reads (16.7%), 71 merged with gapped alignments.
Coverage after merging secondary stacks: mean=8.16; stdev=4.28; max=41; n_reads=14337(71.7%)

Assembling stacks, allowing for gaps (min. match length 80.0%)...
  Assembled 1775 stacks into 1759 stacks.
Coverage after gapped assembly: mean=8.23; stdev=4.37; max=41; n_reads=14337(71.7%)

Merging secondary stacks, allowing for gaps (min. match length 80.0%)...
  Merged 92 out of 4346 secondary reads (2.1%).
Coverage after merging gapped secondary stacks: mean=8.28; stdev=4.39; max=41; n_reads=14429(72.1%)

Final number of stacks built: 1759
Final coverage: mean=8.28; stdev=4.39; max=41; n_reads=14429(72.1%)
Calling consensus sequences and haplotypes for catalog assembly...
Writing tags, SNPs, and alleles files to './stacks/GTTTCG_GGAACGCTTATGCAGG'...done.
ustacks is done.

Sample 135 of 181 'GTTTCG_GGAACGTGATTGCAGG'
----------
ustacks --in-type fastq --file ./samples/GTTTCG_GGAACGTGATTGCAGG.1.fq --out-path ./stacks --name GTTTCG_GGAACGTGATTGCAGG -M 2 --threads 4  -m 4
ustacks parameters selected:
  Input file: './samples/GTTTCG_GGAACGTGATTGCAGG.1.fq'
  Min depth of coverage to create a stack (m): 4
  Repeat removal algorithm: enabled
  Max distance allowed between stacks (M): 2
  Max distance allowed to align secondary reads: 4
  Max number of stacks allowed per de novo locus: 3
  Deleveraging algorithm: disabled
  Gapped assembly: enabled
  Minimum alignment length: 0.8
  Model type: SNP
  Alpha significance level for model: 0.05

Loading RAD-Tags...
Warning: Input reads contained 9 uncalled nucleotides.

Loaded 20000 reads; formed:
  1664 stacks representing 15782 primary reads (78.9%)
  2864 secondary stacks representing 4218 secondary reads (21.1%)

Stack coverage: mean=9.48; stdev=13.85; max=256; n_reads=15782(78.9%)
Removing repetitive stacks: cov > 52 (mean+3*stdev)...
  Blacklisted 19 stacks.
Coverage after repeat removal: mean=8.30; stdev=4.59; max=40; n_reads=13647(68.2%)

Assembling stacks (max dist. M=2)...
  Assembled 1645 stacks into 1643; blacklisted 0 stacks.
Coverage after assembling stacks: mean=8.39; stdev=4.69; max=40; n_reads=13647(68.2%)

Merging secondary stacks (max dist. N=4 from consensus)...
  Merged 764 out of 4218 secondary reads (18.1%), 62 merged with gapped alignments.
Coverage after merging secondary stacks: mean=8.86; stdev=4.96; max=40; n_reads=14411(72.1%)

Assembling stacks, allowing for gaps (min. match length 80.0%)...
  Assembled 1643 stacks into 1604 stacks.
Coverage after gapped assembly: mean=9.07; stdev=5.22; max=40; n_reads=14411(72.1%)

Merging secondary stacks, allowing for gaps (min. match length 80.0%)...
  Merged 154 out of 3454 secondary reads (4.5%).
Coverage after merging gapped secondary stacks: mean=9.17; stdev=5.28; max=40; n_reads=14565(72.8%)

Final number of stacks built: 1604
Final coverage: mean=9.17; stdev=5.28; max=40; n_reads=14565(72.8%)
Calling consensus sequences and haplotypes for catalog assembly...
Writing tags, SNPs, and alleles files to './stacks/GTTTCG_GGAACGTGATTGCAGG'...done.
ustacks is done.

Sample 136 of 181 'GTTTCG_GGAAGACGGATGCAGG'
----------
ustacks --in-type fastq --file ./samples/GTTTCG_GGAAGACGGATGCAGG.1.fq --out-path ./stacks --name GTTTCG_GGAAGACGGATGCAGG -M 2 --threads 4  -m 4
ustacks parameters selected:
  Input file: './samples/GTTTCG_GGAAGACGGATGCAGG.1.fq'
  Min depth of coverage to create a stack (m): 4
  Repeat removal algorithm: enabled
  Max distance allowed between stacks (M): 2
  Max distance allowed to align secondary reads: 4
  Max number of stacks allowed per de novo locus: 3
  Deleveraging algorithm: disabled
  Gapped assembly: enabled
  Minimum alignment length: 0.8
  Model type: SNP
  Alpha significance level for model: 0.05

Loading RAD-Tags...
Warning: Input reads contained 4 uncalled nucleotides.

Loaded 20000 reads; formed:
  1257 stacks representing 16357 primary reads (81.8%)
  2980 secondary stacks representing 3643 secondary reads (18.2%)

Stack coverage: mean=13.01; stdev=16.48; max=262; n_reads=16357(81.8%)
Removing repetitive stacks: cov > 63 (mean+3*stdev)...
  Blacklisted 16 stacks.
Coverage after repeat removal: mean=11.71; stdev=7.51; max=61; n_reads=14531(72.7%)

Assembling stacks (max dist. M=2)...
  Assembled 1241 stacks into 1230; blacklisted 0 stacks.
Coverage after assembling stacks: mean=11.93; stdev=7.62; max=61; n_reads=14531(72.7%)

Merging secondary stacks (max dist. N=4 from consensus)...
  Merged 1649 out of 3643 secondary reads (45.3%), 112 merged with gapped alignments.
Coverage after merging secondary stacks: mean=13.28; stdev=8.44; max=77; n_reads=16180(80.9%)

Assembling stacks, allowing for gaps (min. match length 80.0%)...
  Assembled 1230 stacks into 1208 stacks.
Coverage after gapped assembly: mean=13.53; stdev=8.64; max=77; n_reads=16180(80.9%)

Merging secondary stacks, allowing for gaps (min. match length 80.0%)...
  Merged 40 out of 1994 secondary reads (2.0%).
Coverage after merging gapped secondary stacks: mean=13.56; stdev=8.65; max=77; n_reads=16220(81.1%)

Final number of stacks built: 1208
Final coverage: mean=13.56; stdev=8.65; max=77; n_reads=16220(81.1%)
Calling consensus sequences and haplotypes for catalog assembly...
Writing tags, SNPs, and alleles files to './stacks/GTTTCG_GGAAGACGGATGCAGG'...done.
ustacks is done.

Sample 137 of 181 'GTTTCG_GGAAGGTACATGCAGG'
----------
ustacks --in-type fastq --file ./samples/GTTTCG_GGAAGGTACATGCAGG.1.fq --out-path ./stacks --name GTTTCG_GGAAGGTACATGCAGG -M 2 --threads 4  -m 4
ustacks parameters selected:
  Input file: './samples/GTTTCG_GGAAGGTACATGCAGG.1.fq'
  Min depth of coverage to create a stack (m): 4
  Repeat removal algorithm: enabled
  Max distance allowed between stacks (M): 2
  Max distance allowed to align secondary reads: 4
  Max number of stacks allowed per de novo locus: 3
  Deleveraging algorithm: disabled
  Gapped assembly: enabled
  Minimum alignment length: 0.8
  Model type: SNP
  Alpha significance level for model: 0.05

Loading RAD-Tags...
Warning: Input reads contained 2 uncalled nucleotides.

Loaded 20000 reads; formed:
  1595 stacks representing 10848 primary reads (54.2%)
  6186 secondary stacks representing 9152 secondary reads (45.8%)

Stack coverage: mean=6.80; stdev=4.12; max=52; n_reads=10848(54.2%)
Removing repetitive stacks: cov > 20 (mean+3*stdev)...
  Blacklisted 20 stacks.
Coverage after repeat removal: mean=6.52; stdev=3.15; max=20; n_reads=10264(51.3%)

Assembling stacks (max dist. M=2)...
  Assembled 1575 stacks into 1583; blacklisted 0 stacks.
Coverage after assembling stacks: mean=6.57; stdev=3.24; max=24; n_reads=10264(51.3%)

Merging secondary stacks (max dist. N=4 from consensus)...
  Merged 646 out of 9152 secondary reads (7.1%), 45 merged with gapped alignments.
Coverage after merging secondary stacks: mean=6.98; stdev=3.53; max=25; n_reads=10910(54.5%)

Assembling stacks, allowing for gaps (min. match length 80.0%)...
  Assembled 1583 stacks into 1578 stacks.
Coverage after gapped assembly: mean=7.00; stdev=3.55; max=26; n_reads=10910(54.5%)

Merging secondary stacks, allowing for gaps (min. match length 80.0%)...
  Merged 83 out of 8506 secondary reads (1.0%).
Coverage after merging gapped secondary stacks: mean=7.06; stdev=3.57; max=26; n_reads=10993(55.0%)

Final number of stacks built: 1578
Final coverage: mean=7.06; stdev=3.57; max=26; n_reads=10993(55.0%)
Calling consensus sequences and haplotypes for catalog assembly...
Writing tags, SNPs, and alleles files to './stacks/GTTTCG_GGAAGGTACATGCAGG'...done.
ustacks is done.

Sample 138 of 181 'GTTTCG_GGACAAGCTATGCAGG'
----------
ustacks --in-type fastq --file ./samples/GTTTCG_GGACAAGCTATGCAGG.1.fq --out-path ./stacks --name GTTTCG_GGACAAGCTATGCAGG -M 2 --threads 4  -m 4
ustacks parameters selected:
  Input file: './samples/GTTTCG_GGACAAGCTATGCAGG.1.fq'
  Min depth of coverage to create a stack (m): 4
  Repeat removal algorithm: enabled
  Max distance allowed between stacks (M): 2
  Max distance allowed to align secondary reads: 4
  Max number of stacks allowed per de novo locus: 3
  Deleveraging algorithm: disabled
  Gapped assembly: enabled
  Minimum alignment length: 0.8
  Model type: SNP
  Alpha significance level for model: 0.05

Loading RAD-Tags...
Warning: Input reads contained 3 uncalled nucleotides.

Loaded 20000 reads; formed:
  1292 stacks representing 16525 primary reads (82.6%)
  2785 secondary stacks representing 3475 secondary reads (17.4%)

Stack coverage: mean=12.79; stdev=18.57; max=274; n_reads=16525(82.6%)
Removing repetitive stacks: cov > 69 (mean+3*stdev)...
  Blacklisted 22 stacks.
Coverage after repeat removal: mean=11.09; stdev=7.23; max=68; n_reads=14078(70.4%)

Assembling stacks (max dist. M=2)...
  Assembled 1270 stacks into 1265; blacklisted 0 stacks.
Coverage after assembling stacks: mean=11.26; stdev=7.38; max=68; n_reads=14078(70.4%)

Merging secondary stacks (max dist. N=4 from consensus)...
  Merged 1349 out of 3475 secondary reads (38.8%), 112 merged with gapped alignments.
Coverage after merging secondary stacks: mean=12.34; stdev=8.00; max=72; n_reads=15427(77.1%)

Assembling stacks, allowing for gaps (min. match length 80.0%)...
  Assembled 1265 stacks into 1235 stacks.
Coverage after gapped assembly: mean=12.65; stdev=8.32; max=72; n_reads=15427(77.1%)

Merging secondary stacks, allowing for gaps (min. match length 80.0%)...
  Merged 61 out of 2126 secondary reads (2.9%).
Coverage after merging gapped secondary stacks: mean=12.70; stdev=8.33; max=72; n_reads=15488(77.4%)

Final number of stacks built: 1235
Final coverage: mean=12.70; stdev=8.33; max=72; n_reads=15488(77.4%)
Calling consensus sequences and haplotypes for catalog assembly...
Writing tags, SNPs, and alleles files to './stacks/GTTTCG_GGACAAGCTATGCAGG'...done.
ustacks is done.

Sample 139 of 181 'GTTTCG_GGACACGAGATGCAGG'
----------
ustacks --in-type fastq --file ./samples/GTTTCG_GGACACGAGATGCAGG.1.fq --out-path ./stacks --name GTTTCG_GGACACGAGATGCAGG -M 2 --threads 4  -m 4
ustacks parameters selected:
  Input file: './samples/GTTTCG_GGACACGAGATGCAGG.1.fq'
  Min depth of coverage to create a stack (m): 4
  Repeat removal algorithm: enabled
  Max distance allowed between stacks (M): 2
  Max distance allowed to align secondary reads: 4
  Max number of stacks allowed per de novo locus: 3
  Deleveraging algorithm: disabled
  Gapped assembly: enabled
  Minimum alignment length: 0.8
  Model type: SNP
  Alpha significance level for model: 0.05

Loading RAD-Tags...
Warning: Input reads contained 4 uncalled nucleotides.

Loaded 20000 reads; formed:
  1841 stacks representing 15764 primary reads (78.8%)
  2889 secondary stacks representing 4236 secondary reads (21.2%)

Stack coverage: mean=8.56; stdev=6.36; max=113; n_reads=15764(78.8%)
Removing repetitive stacks: cov > 28 (mean+3*stdev)...
  Blacklisted 14 stacks.
Coverage after repeat removal: mean=8.20; stdev=4.27; max=28; n_reads=14983(74.9%)

Assembling stacks (max dist. M=2)...
  Assembled 1827 stacks into 1829; blacklisted 0 stacks.
Coverage after assembling stacks: mean=8.26; stdev=4.32; max=28; n_reads=14983(74.9%)

Merging secondary stacks (max dist. N=4 from consensus)...
  Merged 940 out of 4236 secondary reads (22.2%), 58 merged with gapped alignments.
Coverage after merging secondary stacks: mean=8.77; stdev=4.60; max=31; n_reads=15923(79.6%)

Assembling stacks, allowing for gaps (min. match length 80.0%)...
  Assembled 1829 stacks into 1823 stacks.
Coverage after gapped assembly: mean=8.80; stdev=4.63; max=31; n_reads=15923(79.6%)

Merging secondary stacks, allowing for gaps (min. match length 80.0%)...
  Merged 33 out of 3296 secondary reads (1.0%).
Coverage after merging gapped secondary stacks: mean=8.82; stdev=4.63; max=31; n_reads=15956(79.8%)

Final number of stacks built: 1823
Final coverage: mean=8.82; stdev=4.63; max=31; n_reads=15956(79.8%)
Calling consensus sequences and haplotypes for catalog assembly...
Writing tags, SNPs, and alleles files to './stacks/GTTTCG_GGACACGAGATGCAGG'...done.
ustacks is done.

Sample 140 of 181 'GTTTCG_GGACATTGGCTGCAGG'
----------
ustacks --in-type fastq --file ./samples/GTTTCG_GGACATTGGCTGCAGG.1.fq --out-path ./stacks --name GTTTCG_GGACATTGGCTGCAGG -M 2 --threads 4  -m 4
ustacks parameters selected:
  Input file: './samples/GTTTCG_GGACATTGGCTGCAGG.1.fq'
  Min depth of coverage to create a stack (m): 4
  Repeat removal algorithm: enabled
  Max distance allowed between stacks (M): 2
  Max distance allowed to align secondary reads: 4
  Max number of stacks allowed per de novo locus: 3
  Deleveraging algorithm: disabled
  Gapped assembly: enabled
  Minimum alignment length: 0.8
  Model type: SNP
  Alpha significance level for model: 0.05

Loading RAD-Tags...
Warning: Input reads contained 6 uncalled nucleotides.

Loaded 20000 reads; formed:
  1591 stacks representing 16439 primary reads (82.2%)
  2523 secondary stacks representing 3561 secondary reads (17.8%)

Stack coverage: mean=10.33; stdev=9.33; max=119; n_reads=16439(82.2%)
Removing repetitive stacks: cov > 39 (mean+3*stdev)...
  Blacklisted 21 stacks.
Coverage after repeat removal: mean=9.61; stdev=6.13; max=39; n_reads=15081(75.4%)

Assembling stacks (max dist. M=2)...
  Assembled 1570 stacks into 1575; blacklisted 0 stacks.
Coverage after assembling stacks: mean=9.70; stdev=6.21; max=39; n_reads=15081(75.4%)

Merging secondary stacks (max dist. N=4 from consensus)...
  Merged 861 out of 3561 secondary reads (24.2%), 49 merged with gapped alignments.
Coverage after merging secondary stacks: mean=10.25; stdev=6.62; max=45; n_reads=15942(79.7%)

Assembling stacks, allowing for gaps (min. match length 80.0%)...
  Assembled 1575 stacks into 1541 stacks.
Coverage after gapped assembly: mean=10.48; stdev=6.79; max=45; n_reads=15942(79.7%)

Merging secondary stacks, allowing for gaps (min. match length 80.0%)...
  Merged 108 out of 2700 secondary reads (4.0%).
Coverage after merging gapped secondary stacks: mean=10.55; stdev=6.81; max=45; n_reads=16050(80.2%)

Final number of stacks built: 1541
Final coverage: mean=10.55; stdev=6.81; max=45; n_reads=16050(80.2%)
Calling consensus sequences and haplotypes for catalog assembly...
Writing tags, SNPs, and alleles files to './stacks/GTTTCG_GGACATTGGCTGCAGG'...done.
ustacks is done.

Sample 141 of 181 'GTTTCG_GGACCACTGTTGCAGG'
----------
ustacks --in-type fastq --file ./samples/GTTTCG_GGACCACTGTTGCAGG.1.fq --out-path ./stacks --name GTTTCG_GGACCACTGTTGCAGG -M 2 --threads 4  -m 4
ustacks parameters selected:
  Input file: './samples/GTTTCG_GGACCACTGTTGCAGG.1.fq'
  Min depth of coverage to create a stack (m): 4
  Repeat removal algorithm: enabled
  Max distance allowed between stacks (M): 2
  Max distance allowed to align secondary reads: 4
  Max number of stacks allowed per de novo locus: 3
  Deleveraging algorithm: disabled
  Gapped assembly: enabled
  Minimum alignment length: 0.8
  Model type: SNP
  Alpha significance level for model: 0.05

Loading RAD-Tags...
Warning: Input reads contained 1 uncalled nucleotides.

Loaded 20000 reads; formed:
  1500 stacks representing 11440 primary reads (57.2%)
  5741 secondary stacks representing 8560 secondary reads (42.8%)

Stack coverage: mean=7.63; stdev=13.16; max=203; n_reads=11440(57.2%)
Removing repetitive stacks: cov > 48 (mean+3*stdev)...
  Blacklisted 16 stacks.
Coverage after repeat removal: mean=6.43; stdev=3.26; max=48; n_reads=9538(47.7%)

Assembling stacks (max dist. M=2)...
  Assembled 1484 stacks into 1490; blacklisted 0 stacks.
Coverage after assembling stacks: mean=6.47; stdev=3.32; max=48; n_reads=9538(47.7%)

Merging secondary stacks (max dist. N=4 from consensus)...
  Merged 564 out of 8560 secondary reads (6.6%), 51 merged with gapped alignments.
Coverage after merging secondary stacks: mean=6.85; stdev=3.51; max=48; n_reads=10102(50.5%)

Assembling stacks, allowing for gaps (min. match length 80.0%)...
  Assembled 1490 stacks into 1471 stacks.
Coverage after gapped assembly: mean=6.94; stdev=3.58; max=48; n_reads=10102(50.5%)

Merging secondary stacks, allowing for gaps (min. match length 80.0%)...
  Merged 184 out of 7996 secondary reads (2.3%).
Coverage after merging gapped secondary stacks: mean=7.06; stdev=3.73; max=48; n_reads=10286(51.4%)

Final number of stacks built: 1471
Final coverage: mean=7.06; stdev=3.73; max=48; n_reads=10286(51.4%)
Calling consensus sequences and haplotypes for catalog assembly...
Writing tags, SNPs, and alleles files to './stacks/GTTTCG_GGACCACTGTTGCAGG'...done.
ustacks is done.

Sample 142 of 181 'GTTTCG_GGACCTCCAATGCAGG'
----------
ustacks --in-type fastq --file ./samples/GTTTCG_GGACCTCCAATGCAGG.1.fq --out-path ./stacks --name GTTTCG_GGACCTCCAATGCAGG -M 2 --threads 4  -m 4
ustacks parameters selected:
  Input file: './samples/GTTTCG_GGACCTCCAATGCAGG.1.fq'
  Min depth of coverage to create a stack (m): 4
  Repeat removal algorithm: enabled
  Max distance allowed between stacks (M): 2
  Max distance allowed to align secondary reads: 4
  Max number of stacks allowed per de novo locus: 3
  Deleveraging algorithm: disabled
  Gapped assembly: enabled
  Minimum alignment length: 0.8
  Model type: SNP
  Alpha significance level for model: 0.05

Loading RAD-Tags...
Warning: Input reads contained 4 uncalled nucleotides.

Loaded 20000 reads; formed:
  1329 stacks representing 16699 primary reads (83.5%)
  2691 secondary stacks representing 3301 secondary reads (16.5%)

Stack coverage: mean=12.57; stdev=9.23; max=124; n_reads=16699(83.5%)
Removing repetitive stacks: cov > 41 (mean+3*stdev)...
  Blacklisted 19 stacks.
Coverage after repeat removal: mean=11.93; stdev=6.97; max=41; n_reads=15632(78.2%)

Assembling stacks (max dist. M=2)...
  Assembled 1310 stacks into 1302; blacklisted 0 stacks.
Coverage after assembling stacks: mean=12.17; stdev=7.07; max=41; n_reads=15632(78.2%)

Merging secondary stacks (max dist. N=4 from consensus)...
  Merged 1728 out of 3301 secondary reads (52.3%), 112 merged with gapped alignments.
Coverage after merging secondary stacks: mean=13.52; stdev=7.78; max=43; n_reads=17360(86.8%)

Assembling stacks, allowing for gaps (min. match length 80.0%)...
  Assembled 1302 stacks into 1293 stacks.
Coverage after gapped assembly: mean=13.62; stdev=7.81; max=43; n_reads=17360(86.8%)

Merging secondary stacks, allowing for gaps (min. match length 80.0%)...
  Merged 38 out of 1573 secondary reads (2.4%).
Coverage after merging gapped secondary stacks: mean=13.65; stdev=7.81; max=43; n_reads=17398(87.0%)

Final number of stacks built: 1293
Final coverage: mean=13.65; stdev=7.81; max=43; n_reads=17398(87.0%)
Calling consensus sequences and haplotypes for catalog assembly...
Writing tags, SNPs, and alleles files to './stacks/GTTTCG_GGACCTCCAATGCAGG'...done.
ustacks is done.

Sample 143 of 181 'GTTTCG_GGAGAGTCAATGCAGG'
----------
ustacks --in-type fastq --file ./samples/GTTTCG_GGAGAGTCAATGCAGG.1.fq --out-path ./stacks --name GTTTCG_GGAGAGTCAATGCAGG -M 2 --threads 4  -m 4
ustacks parameters selected:
  Input file: './samples/GTTTCG_GGAGAGTCAATGCAGG.1.fq'
  Min depth of coverage to create a stack (m): 4
  Repeat removal algorithm: enabled
  Max distance allowed between stacks (M): 2
  Max distance allowed to align secondary reads: 4
  Max number of stacks allowed per de novo locus: 3
  Deleveraging algorithm: disabled
  Gapped assembly: enabled
  Minimum alignment length: 0.8
  Model type: SNP
  Alpha significance level for model: 0.05

Loading RAD-Tags...
Warning: Input reads contained 5 uncalled nucleotides.

Loaded 20000 reads; formed:
  1128 stacks representing 16722 primary reads (83.6%)
  2720 secondary stacks representing 3278 secondary reads (16.4%)

Stack coverage: mean=14.82; stdev=19.63; max=242; n_reads=16722(83.6%)
Removing repetitive stacks: cov > 74 (mean+3*stdev)...
  Blacklisted 21 stacks.
Coverage after repeat removal: mean=12.88; stdev=8.04; max=58; n_reads=14261(71.3%)

Assembling stacks (max dist. M=2)...
  Assembled 1107 stacks into 1101; blacklisted 0 stacks.
Coverage after assembling stacks: mean=13.14; stdev=8.22; max=58; n_reads=14261(71.3%)

Merging secondary stacks (max dist. N=4 from consensus)...
  Merged 1476 out of 3278 secondary reads (45.0%), 102 merged with gapped alignments.
Coverage after merging secondary stacks: mean=14.50; stdev=8.94; max=72; n_reads=15737(78.7%)

Assembling stacks, allowing for gaps (min. match length 80.0%)...
  Assembled 1101 stacks into 1090 stacks.
Coverage after gapped assembly: mean=14.65; stdev=9.24; max=90; n_reads=15737(78.7%)

Merging secondary stacks, allowing for gaps (min. match length 80.0%)...
  Merged 73 out of 1802 secondary reads (4.1%).
Coverage after merging gapped secondary stacks: mean=14.72; stdev=9.28; max=91; n_reads=15810(79.0%)

Final number of stacks built: 1090
Final coverage: mean=14.72; stdev=9.28; max=91; n_reads=15810(79.0%)
Calling consensus sequences and haplotypes for catalog assembly...
Writing tags, SNPs, and alleles files to './stacks/GTTTCG_GGAGAGTCAATGCAGG'...done.
ustacks is done.

Sample 144 of 181 'GTTTCG_GGAGATCGCATGCAGG'
----------
ustacks --in-type fastq --file ./samples/GTTTCG_GGAGATCGCATGCAGG.1.fq --out-path ./stacks --name GTTTCG_GGAGATCGCATGCAGG -M 2 --threads 4  -m 4
ustacks parameters selected:
  Input file: './samples/GTTTCG_GGAGATCGCATGCAGG.1.fq'
  Min depth of coverage to create a stack (m): 4
  Repeat removal algorithm: enabled
  Max distance allowed between stacks (M): 2
  Max distance allowed to align secondary reads: 4
  Max number of stacks allowed per de novo locus: 3
  Deleveraging algorithm: disabled
  Gapped assembly: enabled
  Minimum alignment length: 0.8
  Model type: SNP
  Alpha significance level for model: 0.05

Loading RAD-Tags...
Warning: Input reads contained 12 uncalled nucleotides.

Loaded 20000 reads; formed:
  1044 stacks representing 16371 primary reads (81.9%)
  3032 secondary stacks representing 3629 secondary reads (18.1%)

Stack coverage: mean=15.68; stdev=21.07; max=313; n_reads=16371(81.9%)
Removing repetitive stacks: cov > 79 (mean+3*stdev)...
  Blacklisted 19 stacks.
Coverage after repeat removal: mean=13.55; stdev=8.92; max=64; n_reads=13886(69.4%)

Assembling stacks (max dist. M=2)...
  Assembled 1025 stacks into 1016; blacklisted 0 stacks.
Coverage after assembling stacks: mean=13.87; stdev=9.13; max=70; n_reads=13886(69.4%)

Merging secondary stacks (max dist. N=4 from consensus)...
  Merged 1408 out of 3629 secondary reads (38.8%), 88 merged with gapped alignments.
Coverage after merging secondary stacks: mean=15.28; stdev=10.09; max=83; n_reads=15294(76.5%)

Assembling stacks, allowing for gaps (min. match length 80.0%)...
  Assembled 1016 stacks into 994 stacks.
Coverage after gapped assembly: mean=15.62; stdev=10.43; max=83; n_reads=15294(76.5%)

Merging secondary stacks, allowing for gaps (min. match length 80.0%)...
  Merged 24 out of 2221 secondary reads (1.1%).
Coverage after merging gapped secondary stacks: mean=15.65; stdev=10.45; max=83; n_reads=15318(76.6%)

Final number of stacks built: 994
Final coverage: mean=15.65; stdev=10.45; max=83; n_reads=15318(76.6%)
Calling consensus sequences and haplotypes for catalog assembly...
Writing tags, SNPs, and alleles files to './stacks/GTTTCG_GGAGATCGCATGCAGG'...done.
ustacks is done.

Sample 145 of 181 'GTTTCG_GGAGCAGGAATGCAGG'
----------
ustacks --in-type fastq --file ./samples/GTTTCG_GGAGCAGGAATGCAGG.1.fq --out-path ./stacks --name GTTTCG_GGAGCAGGAATGCAGG -M 2 --threads 4  -m 4
ustacks parameters selected:
  Input file: './samples/GTTTCG_GGAGCAGGAATGCAGG.1.fq'
  Min depth of coverage to create a stack (m): 4
  Repeat removal algorithm: enabled
  Max distance allowed between stacks (M): 2
  Max distance allowed to align secondary reads: 4
  Max number of stacks allowed per de novo locus: 3
  Deleveraging algorithm: disabled
  Gapped assembly: enabled
  Minimum alignment length: 0.8
  Model type: SNP
  Alpha significance level for model: 0.05

Loading RAD-Tags...
Warning: Input reads contained 4 uncalled nucleotides.

Loaded 20000 reads; formed:
  1260 stacks representing 17079 primary reads (85.4%)
  2317 secondary stacks representing 2921 secondary reads (14.6%)

Stack coverage: mean=13.55; stdev=25.92; max=476; n_reads=17079(85.4%)
Removing repetitive stacks: cov > 92 (mean+3*stdev)...
  Blacklisted 19 stacks.
Coverage after repeat removal: mean=11.06; stdev=7.54; max=77; n_reads=13729(68.6%)

Assembling stacks (max dist. M=2)...
  Assembled 1241 stacks into 1240; blacklisted 0 stacks.
Coverage after assembling stacks: mean=11.22; stdev=7.77; max=81; n_reads=13729(68.6%)

Merging secondary stacks (max dist. N=4 from consensus)...
  Merged 970 out of 2921 secondary reads (33.2%), 57 merged with gapped alignments.
Coverage after merging secondary stacks: mean=12.01; stdev=8.25; max=86; n_reads=14699(73.5%)

Assembling stacks, allowing for gaps (min. match length 80.0%)...
  Assembled 1240 stacks into 1195 stacks.
Coverage after gapped assembly: mean=12.47; stdev=8.65; max=86; n_reads=14699(73.5%)

Merging secondary stacks, allowing for gaps (min. match length 80.0%)...
  Merged 91 out of 1951 secondary reads (4.7%).
Coverage after merging gapped secondary stacks: mean=12.54; stdev=8.69; max=86; n_reads=14790(74.0%)

Final number of stacks built: 1195
Final coverage: mean=12.54; stdev=8.69; max=86; n_reads=14790(74.0%)
Calling consensus sequences and haplotypes for catalog assembly...
Writing tags, SNPs, and alleles files to './stacks/GTTTCG_GGAGCAGGAATGCAGG'...done.
ustacks is done.

Sample 146 of 181 'GTTTCG_GGAGTACAAGTGCAGG'
----------
ustacks --in-type fastq --file ./samples/GTTTCG_GGAGTACAAGTGCAGG.1.fq --out-path ./stacks --name GTTTCG_GGAGTACAAGTGCAGG -M 2 --threads 4  -m 4
ustacks parameters selected:
  Input file: './samples/GTTTCG_GGAGTACAAGTGCAGG.1.fq'
  Min depth of coverage to create a stack (m): 4
  Repeat removal algorithm: enabled
  Max distance allowed between stacks (M): 2
  Max distance allowed to align secondary reads: 4
  Max number of stacks allowed per de novo locus: 3
  Deleveraging algorithm: disabled
  Gapped assembly: enabled
  Minimum alignment length: 0.8
  Model type: SNP
  Alpha significance level for model: 0.05

Loading RAD-Tags...
Warning: Input reads contained 2 uncalled nucleotides.

Loaded 20000 reads; formed:
  1695 stacks representing 12347 primary reads (61.7%)
  4968 secondary stacks representing 7653 secondary reads (38.3%)

Stack coverage: mean=7.28; stdev=8.14; max=148; n_reads=12347(61.7%)
Removing repetitive stacks: cov > 32 (mean+3*stdev)...
  Blacklisted 16 stacks.
Coverage after repeat removal: mean=6.65; stdev=3.21; max=26; n_reads=11168(55.8%)

Assembling stacks (max dist. M=2)...
  Assembled 1679 stacks into 1675; blacklisted 0 stacks.
Coverage after assembling stacks: mean=6.73; stdev=3.33; max=28; n_reads=11168(55.8%)

Merging secondary stacks (max dist. N=4 from consensus)...
  Merged 754 out of 7653 secondary reads (9.9%), 51 merged with gapped alignments.
Coverage after merging secondary stacks: mean=7.18; stdev=3.64; max=31; n_reads=11922(59.6%)

Assembling stacks, allowing for gaps (min. match length 80.0%)...
  Assembled 1675 stacks into 1657 stacks.
Coverage after gapped assembly: mean=7.26; stdev=3.70; max=31; n_reads=11922(59.6%)

Merging secondary stacks, allowing for gaps (min. match length 80.0%)...
  Merged 167 out of 6899 secondary reads (2.4%).
Coverage after merging gapped secondary stacks: mean=7.36; stdev=3.78; max=31; n_reads=12089(60.4%)

Final number of stacks built: 1657
Final coverage: mean=7.36; stdev=3.78; max=31; n_reads=12089(60.4%)
Calling consensus sequences and haplotypes for catalog assembly...
Writing tags, SNPs, and alleles files to './stacks/GTTTCG_GGAGTACAAGTGCAGG'...done.
ustacks is done.

Sample 147 of 181 'GTTTCG_GGAGTCACTATGCAGG'
----------
ustacks --in-type fastq --file ./samples/GTTTCG_GGAGTCACTATGCAGG.1.fq --out-path ./stacks --name GTTTCG_GGAGTCACTATGCAGG -M 2 --threads 4  -m 4
ustacks parameters selected:
  Input file: './samples/GTTTCG_GGAGTCACTATGCAGG.1.fq'
  Min depth of coverage to create a stack (m): 4
  Repeat removal algorithm: enabled
  Max distance allowed between stacks (M): 2
  Max distance allowed to align secondary reads: 4
  Max number of stacks allowed per de novo locus: 3
  Deleveraging algorithm: disabled
  Gapped assembly: enabled
  Minimum alignment length: 0.8
  Model type: SNP
  Alpha significance level for model: 0.05

Loading RAD-Tags...
Warning: Input reads contained 8 uncalled nucleotides.

Loaded 20000 reads; formed:
  982 stacks representing 16848 primary reads (84.2%)
  2609 secondary stacks representing 3152 secondary reads (15.8%)

Stack coverage: mean=17.16; stdev=28.56; max=462; n_reads=16848(84.2%)
Removing repetitive stacks: cov > 103 (mean+3*stdev)...
  Blacklisted 19 stacks.
Coverage after repeat removal: mean=14.29; stdev=9.51; max=85; n_reads=13764(68.8%)

Assembling stacks (max dist. M=2)...
  Assembled 963 stacks into 954; blacklisted 0 stacks.
Coverage after assembling stacks: mean=14.64; stdev=9.55; max=85; n_reads=13764(68.8%)

Merging secondary stacks (max dist. N=4 from consensus)...
  Merged 1350 out of 3152 secondary reads (42.8%), 82 merged with gapped alignments.
Coverage after merging secondary stacks: mean=16.08; stdev=10.60; max=105; n_reads=15114(75.6%)

Assembling stacks, allowing for gaps (min. match length 80.0%)...
  Assembled 954 stacks into 931 stacks.
Coverage after gapped assembly: mean=16.48; stdev=10.79; max=105; n_reads=15114(75.6%)

Merging secondary stacks, allowing for gaps (min. match length 80.0%)...
  Merged 52 out of 1802 secondary reads (2.9%).
Coverage after merging gapped secondary stacks: mean=16.54; stdev=10.80; max=105; n_reads=15166(75.8%)

Final number of stacks built: 931
Final coverage: mean=16.54; stdev=10.80; max=105; n_reads=15166(75.8%)
Calling consensus sequences and haplotypes for catalog assembly...
Writing tags, SNPs, and alleles files to './stacks/GTTTCG_GGAGTCACTATGCAGG'...done.
ustacks is done.

Sample 148 of 181 'GTTTCG_GGAGTGGTCATGCAGG'
----------
ustacks --in-type fastq --file ./samples/GTTTCG_GGAGTGGTCATGCAGG.1.fq --out-path ./stacks --name GTTTCG_GGAGTGGTCATGCAGG -M 2 --threads 4  -m 4
ustacks parameters selected:
  Input file: './samples/GTTTCG_GGAGTGGTCATGCAGG.1.fq'
  Min depth of coverage to create a stack (m): 4
  Repeat removal algorithm: enabled
  Max distance allowed between stacks (M): 2
  Max distance allowed to align secondary reads: 4
  Max number of stacks allowed per de novo locus: 3
  Deleveraging algorithm: disabled
  Gapped assembly: enabled
  Minimum alignment length: 0.8
  Model type: SNP
  Alpha significance level for model: 0.05

Loading RAD-Tags...
Warning: Input reads contained 6 uncalled nucleotides.

Loaded 20000 reads; formed:
  1805 stacks representing 13743 primary reads (68.7%)
  4078 secondary stacks representing 6257 secondary reads (31.3%)

Stack coverage: mean=7.61; stdev=6.95; max=140; n_reads=13743(68.7%)
Removing repetitive stacks: cov > 29 (mean+3*stdev)...
  Blacklisted 14 stacks.
Coverage after repeat removal: mean=7.15; stdev=3.73; max=29; n_reads=12797(64.0%)

Assembling stacks (max dist. M=2)...
  Assembled 1791 stacks into 1789; blacklisted 0 stacks.
Coverage after assembling stacks: mean=7.21; stdev=3.88; max=31; n_reads=12797(64.0%)

Merging secondary stacks (max dist. N=4 from consensus)...
  Merged 790 out of 6257 secondary reads (12.6%), 55 merged with gapped alignments.
Coverage after merging secondary stacks: mean=7.65; stdev=4.17; max=35; n_reads=13587(67.9%)

Assembling stacks, allowing for gaps (min. match length 80.0%)...
  Assembled 1789 stacks into 1777 stacks.
Coverage after gapped assembly: mean=7.71; stdev=4.26; max=40; n_reads=13587(67.9%)

Merging secondary stacks, allowing for gaps (min. match length 80.0%)...
  Merged 88 out of 5467 secondary reads (1.6%).
Coverage after merging gapped secondary stacks: mean=7.76; stdev=4.29; max=40; n_reads=13675(68.4%)

Final number of stacks built: 1777
Final coverage: mean=7.76; stdev=4.29; max=40; n_reads=13675(68.4%)
Calling consensus sequences and haplotypes for catalog assembly...
Writing tags, SNPs, and alleles files to './stacks/GTTTCG_GGAGTGGTCATGCAGG'...done.
ustacks is done.

Sample 149 of 181 'GTTTCG_GGATCCTGTATGCAGG'
----------
ustacks --in-type fastq --file ./samples/GTTTCG_GGATCCTGTATGCAGG.1.fq --out-path ./stacks --name GTTTCG_GGATCCTGTATGCAGG -M 2 --threads 4  -m 4
ustacks parameters selected:
  Input file: './samples/GTTTCG_GGATCCTGTATGCAGG.1.fq'
  Min depth of coverage to create a stack (m): 4
  Repeat removal algorithm: enabled
  Max distance allowed between stacks (M): 2
  Max distance allowed to align secondary reads: 4
  Max number of stacks allowed per de novo locus: 3
  Deleveraging algorithm: disabled
  Gapped assembly: enabled
  Minimum alignment length: 0.8
  Model type: SNP
  Alpha significance level for model: 0.05

Loading RAD-Tags...
Warning: Input reads contained 40 uncalled nucleotides.

Loaded 20000 reads; formed:
  1108 stacks representing 16461 primary reads (82.3%)
  2859 secondary stacks representing 3539 secondary reads (17.7%)

Stack coverage: mean=14.86; stdev=24.88; max=334; n_reads=16461(82.3%)
Removing repetitive stacks: cov > 90 (mean+3*stdev)...
  Blacklisted 21 stacks.
Coverage after repeat removal: mean=12.25; stdev=8.19; max=86; n_reads=13317(66.6%)

Assembling stacks (max dist. M=2)...
  Assembled 1087 stacks into 1078; blacklisted 0 stacks.
Coverage after assembling stacks: mean=12.54; stdev=8.45; max=86; n_reads=13317(66.6%)

Merging secondary stacks (max dist. N=4 from consensus)...
  Merged 1449 out of 3539 secondary reads (40.9%), 106 merged with gapped alignments.
Coverage after merging secondary stacks: mean=13.90; stdev=9.29; max=96; n_reads=14766(73.8%)

Assembling stacks, allowing for gaps (min. match length 80.0%)...
  Assembled 1078 stacks into 1049 stacks.
Coverage after gapped assembly: mean=14.29; stdev=9.64; max=96; n_reads=14766(73.8%)

Merging secondary stacks, allowing for gaps (min. match length 80.0%)...
  Merged 96 out of 2090 secondary reads (4.6%).
Coverage after merging gapped secondary stacks: mean=14.39; stdev=9.65; max=96; n_reads=14862(74.3%)

Final number of stacks built: 1049
Final coverage: mean=14.39; stdev=9.65; max=96; n_reads=14862(74.3%)
Calling consensus sequences and haplotypes for catalog assembly...
Writing tags, SNPs, and alleles files to './stacks/GTTTCG_GGATCCTGTATGCAGG'...done.
ustacks is done.

Sample 150 of 181 'GTTTCG_GGATGCCTAATGCAGG'
----------
ustacks --in-type fastq --file ./samples/GTTTCG_GGATGCCTAATGCAGG.1.fq --out-path ./stacks --name GTTTCG_GGATGCCTAATGCAGG -M 2 --threads 4  -m 4
ustacks parameters selected:
  Input file: './samples/GTTTCG_GGATGCCTAATGCAGG.1.fq'
  Min depth of coverage to create a stack (m): 4
  Repeat removal algorithm: enabled
  Max distance allowed between stacks (M): 2
  Max distance allowed to align secondary reads: 4
  Max number of stacks allowed per de novo locus: 3
  Deleveraging algorithm: disabled
  Gapped assembly: enabled
  Minimum alignment length: 0.8
  Model type: SNP
  Alpha significance level for model: 0.05

Loading RAD-Tags...
Warning: Input reads contained 47 uncalled nucleotides.

Loaded 20000 reads; formed:
  1136 stacks representing 16729 primary reads (83.6%)
  2789 secondary stacks representing 3271 secondary reads (16.4%)

Stack coverage: mean=14.73; stdev=14.93; max=201; n_reads=16729(83.6%)
Removing repetitive stacks: cov > 60 (mean+3*stdev)...
  Blacklisted 18 stacks.
Coverage after repeat removal: mean=13.49; stdev=8.75; max=58; n_reads=15084(75.4%)

Assembling stacks (max dist. M=2)...
  Assembled 1118 stacks into 1108; blacklisted 0 stacks.
Coverage after assembling stacks: mean=13.79; stdev=8.83; max=58; n_reads=15084(75.4%)

Merging secondary stacks (max dist. N=4 from consensus)...
  Merged 1722 out of 3271 secondary reads (52.6%), 135 merged with gapped alignments.
Coverage after merging secondary stacks: mean=15.36; stdev=9.79; max=66; n_reads=16806(84.0%)

Assembling stacks, allowing for gaps (min. match length 80.0%)...
  Assembled 1108 stacks into 1092 stacks.
Coverage after gapped assembly: mean=15.59; stdev=9.90; max=66; n_reads=16806(84.0%)

Merging secondary stacks, allowing for gaps (min. match length 80.0%)...
  Merged 33 out of 1549 secondary reads (2.1%).
Coverage after merging gapped secondary stacks: mean=15.62; stdev=9.91; max=66; n_reads=16839(84.2%)

Final number of stacks built: 1092
Final coverage: mean=15.62; stdev=9.91; max=66; n_reads=16839(84.2%)
Calling consensus sequences and haplotypes for catalog assembly...
Writing tags, SNPs, and alleles files to './stacks/GTTTCG_GGATGCCTAATGCAGG'...done.
ustacks is done.

Sample 151 of 181 'GTTTCG_GGATTGAGGATGCAGG'
----------
ustacks --in-type fastq --file ./samples/GTTTCG_GGATTGAGGATGCAGG.1.fq --out-path ./stacks --name GTTTCG_GGATTGAGGATGCAGG -M 2 --threads 4  -m 4
ustacks parameters selected:
  Input file: './samples/GTTTCG_GGATTGAGGATGCAGG.1.fq'
  Min depth of coverage to create a stack (m): 4
  Repeat removal algorithm: enabled
  Max distance allowed between stacks (M): 2
  Max distance allowed to align secondary reads: 4
  Max number of stacks allowed per de novo locus: 3
  Deleveraging algorithm: disabled
  Gapped assembly: enabled
  Minimum alignment length: 0.8
  Model type: SNP
  Alpha significance level for model: 0.05

Loading RAD-Tags...
Warning: Input reads contained 4 uncalled nucleotides.

Loaded 20000 reads; formed:
  1548 stacks representing 16767 primary reads (83.8%)
  2500 secondary stacks representing 3233 secondary reads (16.2%)

Stack coverage: mean=10.83; stdev=10.94; max=152; n_reads=16767(83.8%)
Removing repetitive stacks: cov > 44 (mean+3*stdev)...
  Blacklisted 18 stacks.
Coverage after repeat removal: mean=9.92; stdev=5.73; max=36; n_reads=15176(75.9%)

Assembling stacks (max dist. M=2)...
  Assembled 1530 stacks into 1533; blacklisted 0 stacks.
Coverage after assembling stacks: mean=10.01; stdev=5.79; max=43; n_reads=15176(75.9%)

Merging secondary stacks (max dist. N=4 from consensus)...
  Merged 985 out of 3233 secondary reads (30.5%), 73 merged with gapped alignments.
Coverage after merging secondary stacks: mean=10.66; stdev=6.17; max=51; n_reads=16161(80.8%)

Assembling stacks, allowing for gaps (min. match length 80.0%)...
  Assembled 1533 stacks into 1511 stacks.
Coverage after gapped assembly: mean=10.82; stdev=6.34; max=51; n_reads=16161(80.8%)

Merging secondary stacks, allowing for gaps (min. match length 80.0%)...
  Merged 66 out of 2248 secondary reads (2.9%).
Coverage after merging gapped secondary stacks: mean=10.86; stdev=6.36; max=51; n_reads=16227(81.1%)

Final number of stacks built: 1511
Final coverage: mean=10.86; stdev=6.36; max=51; n_reads=16227(81.1%)
Calling consensus sequences and haplotypes for catalog assembly...
Writing tags, SNPs, and alleles files to './stacks/GTTTCG_GGATTGAGGATGCAGG'...done.
ustacks is done.

Sample 152 of 181 'GTTTCG_GGCAACCACATGCAGG'
----------
ustacks --in-type fastq --file ./samples/GTTTCG_GGCAACCACATGCAGG.1.fq --out-path ./stacks --name GTTTCG_GGCAACCACATGCAGG -M 2 --threads 4  -m 4
ustacks parameters selected:
  Input file: './samples/GTTTCG_GGCAACCACATGCAGG.1.fq'
  Min depth of coverage to create a stack (m): 4
  Repeat removal algorithm: enabled
  Max distance allowed between stacks (M): 2
  Max distance allowed to align secondary reads: 4
  Max number of stacks allowed per de novo locus: 3
  Deleveraging algorithm: disabled
  Gapped assembly: enabled
  Minimum alignment length: 0.8
  Model type: SNP
  Alpha significance level for model: 0.05

Loading RAD-Tags...
Warning: Input reads contained 5 uncalled nucleotides.

Loaded 20000 reads; formed:
  1194 stacks representing 16385 primary reads (81.9%)
  2993 secondary stacks representing 3615 secondary reads (18.1%)

Stack coverage: mean=13.72; stdev=18.27; max=292; n_reads=16385(81.9%)
Removing repetitive stacks: cov > 69 (mean+3*stdev)...
  Blacklisted 17 stacks.
Coverage after repeat removal: mean=12.09; stdev=7.81; max=55; n_reads=14234(71.2%)

Assembling stacks (max dist. M=2)...
  Assembled 1177 stacks into 1160; blacklisted 0 stacks.
Coverage after assembling stacks: mean=12.42; stdev=7.99; max=55; n_reads=14234(71.2%)

Merging secondary stacks (max dist. N=4 from consensus)...
  Merged 1563 out of 3615 secondary reads (43.2%), 107 merged with gapped alignments.
Coverage after merging secondary stacks: mean=13.78; stdev=8.74; max=63; n_reads=15797(79.0%)

Assembling stacks, allowing for gaps (min. match length 80.0%)...
  Assembled 1160 stacks into 1134 stacks.
Coverage after gapped assembly: mean=14.10; stdev=9.16; max=63; n_reads=15797(79.0%)

Merging secondary stacks, allowing for gaps (min. match length 80.0%)...
  Merged 73 out of 2052 secondary reads (3.6%).
Coverage after merging gapped secondary stacks: mean=14.17; stdev=9.19; max=63; n_reads=15870(79.3%)

Final number of stacks built: 1134
Final coverage: mean=14.17; stdev=9.19; max=63; n_reads=15870(79.3%)
Calling consensus sequences and haplotypes for catalog assembly...
Writing tags, SNPs, and alleles files to './stacks/GTTTCG_GGCAACCACATGCAGG'...done.
ustacks is done.

Sample 153 of 181 'GTTTCG_GGCAGATCTGTGCAGG'
----------
ustacks --in-type fastq --file ./samples/GTTTCG_GGCAGATCTGTGCAGG.1.fq --out-path ./stacks --name GTTTCG_GGCAGATCTGTGCAGG -M 2 --threads 4  -m 4
ustacks parameters selected:
  Input file: './samples/GTTTCG_GGCAGATCTGTGCAGG.1.fq'
  Min depth of coverage to create a stack (m): 4
  Repeat removal algorithm: enabled
  Max distance allowed between stacks (M): 2
  Max distance allowed to align secondary reads: 4
  Max number of stacks allowed per de novo locus: 3
  Deleveraging algorithm: disabled
  Gapped assembly: enabled
  Minimum alignment length: 0.8
  Model type: SNP
  Alpha significance level for model: 0.05

Loading RAD-Tags...
Warning: Input reads contained 9 uncalled nucleotides.

Loaded 20000 reads; formed:
  1485 stacks representing 17006 primary reads (85.0%)
  2321 secondary stacks representing 2994 secondary reads (15.0%)

Stack coverage: mean=11.45; stdev=11.30; max=164; n_reads=17006(85.0%)
Removing repetitive stacks: cov > 46 (mean+3*stdev)...
  Blacklisted 16 stacks.
Coverage after repeat removal: mean=10.63; stdev=6.33; max=46; n_reads=15616(78.1%)

Assembling stacks (max dist. M=2)...
  Assembled 1469 stacks into 1458; blacklisted 0 stacks.
Coverage after assembling stacks: mean=10.81; stdev=6.42; max=46; n_reads=15616(78.1%)

Merging secondary stacks (max dist. N=4 from consensus)...
  Merged 1231 out of 2994 secondary reads (41.1%), 111 merged with gapped alignments.
Coverage after merging secondary stacks: mean=11.66; stdev=6.84; max=48; n_reads=16847(84.2%)

Assembling stacks, allowing for gaps (min. match length 80.0%)...
  Assembled 1458 stacks into 1438 stacks.
Coverage after gapped assembly: mean=11.82; stdev=6.96; max=48; n_reads=16847(84.2%)

Merging secondary stacks, allowing for gaps (min. match length 80.0%)...
  Merged 37 out of 1763 secondary reads (2.1%).
Coverage after merging gapped secondary stacks: mean=11.85; stdev=6.97; max=48; n_reads=16884(84.4%)

Final number of stacks built: 1438
Final coverage: mean=11.85; stdev=6.97; max=48; n_reads=16884(84.4%)
Calling consensus sequences and haplotypes for catalog assembly...
Writing tags, SNPs, and alleles files to './stacks/GTTTCG_GGCAGATCTGTGCAGG'...done.
ustacks is done.

Sample 154 of 181 'GTTTCG_GGCATCAAGTTGCAGG'
----------
ustacks --in-type fastq --file ./samples/GTTTCG_GGCATCAAGTTGCAGG.1.fq --out-path ./stacks --name GTTTCG_GGCATCAAGTTGCAGG -M 2 --threads 4  -m 4
ustacks parameters selected:
  Input file: './samples/GTTTCG_GGCATCAAGTTGCAGG.1.fq'
  Min depth of coverage to create a stack (m): 4
  Repeat removal algorithm: enabled
  Max distance allowed between stacks (M): 2
  Max distance allowed to align secondary reads: 4
  Max number of stacks allowed per de novo locus: 3
  Deleveraging algorithm: disabled
  Gapped assembly: enabled
  Minimum alignment length: 0.8
  Model type: SNP
  Alpha significance level for model: 0.05

Loading RAD-Tags...
Warning: Input reads contained 1 uncalled nucleotides.

Loaded 20000 reads; formed:
  1666 stacks representing 12969 primary reads (64.8%)
  4802 secondary stacks representing 7031 secondary reads (35.2%)

Stack coverage: mean=7.78; stdev=5.83; max=89; n_reads=12969(64.8%)
Removing repetitive stacks: cov > 26 (mean+3*stdev)...
  Blacklisted 27 stacks.
Coverage after repeat removal: mean=7.31; stdev=3.92; max=26; n_reads=11977(59.9%)

Assembling stacks (max dist. M=2)...
  Assembled 1639 stacks into 1630; blacklisted 0 stacks.
Coverage after assembling stacks: mean=7.46; stdev=4.14; max=32; n_reads=11977(59.9%)

Merging secondary stacks (max dist. N=4 from consensus)...
  Merged 829 out of 7031 secondary reads (11.8%), 70 merged with gapped alignments.
Coverage after merging secondary stacks: mean=7.97; stdev=4.54; max=34; n_reads=12806(64.0%)

Assembling stacks, allowing for gaps (min. match length 80.0%)...
  Assembled 1630 stacks into 1602 stacks.
Coverage after gapped assembly: mean=8.12; stdev=4.65; max=34; n_reads=12806(64.0%)

Merging secondary stacks, allowing for gaps (min. match length 80.0%)...
  Merged 222 out of 6202 secondary reads (3.6%).
Coverage after merging gapped secondary stacks: mean=8.26; stdev=4.66; max=34; n_reads=13028(65.1%)

Final number of stacks built: 1602
Final coverage: mean=8.26; stdev=4.66; max=34; n_reads=13028(65.1%)
Calling consensus sequences and haplotypes for catalog assembly...
Writing tags, SNPs, and alleles files to './stacks/GTTTCG_GGCATCAAGTTGCAGG'...done.
ustacks is done.

Sample 155 of 181 'GTTTCG_GGCCAGTTCATGCAGG'
----------
ustacks --in-type fastq --file ./samples/GTTTCG_GGCCAGTTCATGCAGG.1.fq --out-path ./stacks --name GTTTCG_GGCCAGTTCATGCAGG -M 2 --threads 4  -m 4
ustacks parameters selected:
  Input file: './samples/GTTTCG_GGCCAGTTCATGCAGG.1.fq'
  Min depth of coverage to create a stack (m): 4
  Repeat removal algorithm: enabled
  Max distance allowed between stacks (M): 2
  Max distance allowed to align secondary reads: 4
  Max number of stacks allowed per de novo locus: 3
  Deleveraging algorithm: disabled
  Gapped assembly: enabled
  Minimum alignment length: 0.8
  Model type: SNP
  Alpha significance level for model: 0.05

Loading RAD-Tags...
Warning: Input reads contained 15 uncalled nucleotides.

Loaded 20000 reads; formed:
  1235 stacks representing 16799 primary reads (84.0%)
  2629 secondary stacks representing 3201 secondary reads (16.0%)

Stack coverage: mean=13.60; stdev=18.38; max=251; n_reads=16799(84.0%)
Removing repetitive stacks: cov > 69 (mean+3*stdev)...
  Blacklisted 22 stacks.
Coverage after repeat removal: mean=11.87; stdev=7.69; max=59; n_reads=14394(72.0%)

Assembling stacks (max dist. M=2)...
  Assembled 1213 stacks into 1198; blacklisted 1 stacks.
Coverage after assembling stacks: mean=12.15; stdev=7.89; max=59; n_reads=14346(71.7%)

Merging secondary stacks (max dist. N=4 from consensus)...
  Merged 1531 out of 3201 secondary reads (47.8%), 113 merged with gapped alignments.
Coverage after merging secondary stacks: mean=13.44; stdev=8.71; max=66; n_reads=15877(79.4%)

Assembling stacks, allowing for gaps (min. match length 80.0%)...
  Assembled 1198 stacks into 1166 stacks.
Coverage after gapped assembly: mean=13.82; stdev=9.15; max=66; n_reads=15877(79.4%)

Merging secondary stacks, allowing for gaps (min. match length 80.0%)...
  Merged 53 out of 1670 secondary reads (3.2%).
Coverage after merging gapped secondary stacks: mean=13.86; stdev=9.18; max=66; n_reads=15930(79.7%)

Final number of stacks built: 1166
Final coverage: mean=13.86; stdev=9.18; max=66; n_reads=15930(79.7%)
Calling consensus sequences and haplotypes for catalog assembly...
Writing tags, SNPs, and alleles files to './stacks/GTTTCG_GGCCAGTTCATGCAGG'...done.
ustacks is done.

Sample 156 of 181 'GTTTCG_GGCCGTGAGATGCAGG'
----------
ustacks --in-type fastq --file ./samples/GTTTCG_GGCCGTGAGATGCAGG.1.fq --out-path ./stacks --name GTTTCG_GGCCGTGAGATGCAGG -M 2 --threads 4  -m 4
ustacks parameters selected:
  Input file: './samples/GTTTCG_GGCCGTGAGATGCAGG.1.fq'
  Min depth of coverage to create a stack (m): 4
  Repeat removal algorithm: enabled
  Max distance allowed between stacks (M): 2
  Max distance allowed to align secondary reads: 4
  Max number of stacks allowed per de novo locus: 3
  Deleveraging algorithm: disabled
  Gapped assembly: enabled
  Minimum alignment length: 0.8
  Model type: SNP
  Alpha significance level for model: 0.05

Loading RAD-Tags...
Warning: Input reads contained 3 uncalled nucleotides.

Loaded 20000 reads; formed:
  1487 stacks representing 17053 primary reads (85.3%)
  2187 secondary stacks representing 2947 secondary reads (14.7%)

Stack coverage: mean=11.47; stdev=17.71; max=302; n_reads=17053(85.3%)
Removing repetitive stacks: cov > 65 (mean+3*stdev)...
  Blacklisted 20 stacks.
Coverage after repeat removal: mean=9.88; stdev=5.82; max=51; n_reads=14498(72.5%)

Assembling stacks (max dist. M=2)...
  Assembled 1467 stacks into 1469; blacklisted 0 stacks.
Coverage after assembling stacks: mean=9.98; stdev=5.95; max=51; n_reads=14498(72.5%)

Merging secondary stacks (max dist. N=4 from consensus)...
  Merged 806 out of 2947 secondary reads (27.3%), 51 merged with gapped alignments.
Coverage after merging secondary stacks: mean=10.53; stdev=6.30; max=55; n_reads=15304(76.5%)

Assembling stacks, allowing for gaps (min. match length 80.0%)...
  Assembled 1469 stacks into 1428 stacks.
Coverage after gapped assembly: mean=10.84; stdev=6.53; max=55; n_reads=15304(76.5%)

Merging secondary stacks, allowing for gaps (min. match length 80.0%)...
  Merged 121 out of 2141 secondary reads (5.7%).
Coverage after merging gapped secondary stacks: mean=10.92; stdev=6.57; max=55; n_reads=15425(77.1%)

Final number of stacks built: 1428
Final coverage: mean=10.92; stdev=6.57; max=55; n_reads=15425(77.1%)
Calling consensus sequences and haplotypes for catalog assembly...
Writing tags, SNPs, and alleles files to './stacks/GTTTCG_GGCCGTGAGATGCAGG'...done.
ustacks is done.

Sample 157 of 181 'GTTTCG_GGCGAACTTATGCAGG'
----------
ustacks --in-type fastq --file ./samples/GTTTCG_GGCGAACTTATGCAGG.1.fq --out-path ./stacks --name GTTTCG_GGCGAACTTATGCAGG -M 2 --threads 4  -m 4
ustacks parameters selected:
  Input file: './samples/GTTTCG_GGCGAACTTATGCAGG.1.fq'
  Min depth of coverage to create a stack (m): 4
  Repeat removal algorithm: enabled
  Max distance allowed between stacks (M): 2
  Max distance allowed to align secondary reads: 4
  Max number of stacks allowed per de novo locus: 3
  Deleveraging algorithm: disabled
  Gapped assembly: enabled
  Minimum alignment length: 0.8
  Model type: SNP
  Alpha significance level for model: 0.05

Loading RAD-Tags...
Warning: Input reads contained 1 uncalled nucleotides.

Loaded 20000 reads; formed:
  1509 stacks representing 16849 primary reads (84.2%)
  2361 secondary stacks representing 3151 secondary reads (15.8%)

Stack coverage: mean=11.17; stdev=17.37; max=265; n_reads=16849(84.2%)
Removing repetitive stacks: cov > 64 (mean+3*stdev)...
  Blacklisted 17 stacks.
Coverage after repeat removal: mean=9.71; stdev=6.19; max=64; n_reads=14493(72.5%)

Assembling stacks (max dist. M=2)...
  Assembled 1492 stacks into 1487; blacklisted 0 stacks.
Coverage after assembling stacks: mean=9.85; stdev=6.30; max=64; n_reads=14493(72.5%)

Merging secondary stacks (max dist. N=4 from consensus)...
  Merged 781 out of 3151 secondary reads (24.8%), 57 merged with gapped alignments.
Coverage after merging secondary stacks: mean=10.38; stdev=6.61; max=65; n_reads=15274(76.4%)

Assembling stacks, allowing for gaps (min. match length 80.0%)...
  Assembled 1487 stacks into 1459 stacks.
Coverage after gapped assembly: mean=10.58; stdev=6.74; max=65; n_reads=15274(76.4%)

Merging secondary stacks, allowing for gaps (min. match length 80.0%)...
  Merged 117 out of 2370 secondary reads (4.9%).
Coverage after merging gapped secondary stacks: mean=10.66; stdev=6.77; max=65; n_reads=15391(77.0%)

Final number of stacks built: 1459
Final coverage: mean=10.66; stdev=6.77; max=65; n_reads=15391(77.0%)
Calling consensus sequences and haplotypes for catalog assembly...
Writing tags, SNPs, and alleles files to './stacks/GTTTCG_GGCGAACTTATGCAGG'...done.
ustacks is done.

Sample 158 of 181 'GTTTCG_GGCGACTGGATGCAGG'
----------
ustacks --in-type fastq --file ./samples/GTTTCG_GGCGACTGGATGCAGG.1.fq --out-path ./stacks --name GTTTCG_GGCGACTGGATGCAGG -M 2 --threads 4  -m 4
ustacks parameters selected:
  Input file: './samples/GTTTCG_GGCGACTGGATGCAGG.1.fq'
  Min depth of coverage to create a stack (m): 4
  Repeat removal algorithm: enabled
  Max distance allowed between stacks (M): 2
  Max distance allowed to align secondary reads: 4
  Max number of stacks allowed per de novo locus: 3
  Deleveraging algorithm: disabled
  Gapped assembly: enabled
  Minimum alignment length: 0.8
  Model type: SNP
  Alpha significance level for model: 0.05

Loading RAD-Tags...
Warning: Input reads contained 9 uncalled nucleotides.

Loaded 20000 reads; formed:
  1079 stacks representing 16960 primary reads (84.8%)
  2574 secondary stacks representing 3040 secondary reads (15.2%)

Stack coverage: mean=15.72; stdev=14.09; max=161; n_reads=16960(84.8%)
Removing repetitive stacks: cov > 58 (mean+3*stdev)...
  Blacklisted 17 stacks.
Coverage after repeat removal: mean=14.52; stdev=9.48; max=54; n_reads=15425(77.1%)

Assembling stacks (max dist. M=2)...
  Assembled 1062 stacks into 1059; blacklisted 0 stacks.
Coverage after assembling stacks: mean=14.79; stdev=9.56; max=54; n_reads=15425(77.1%)

Merging secondary stacks (max dist. N=4 from consensus)...
  Merged 1612 out of 3040 secondary reads (53.0%), 102 merged with gapped alignments.
Coverage after merging secondary stacks: mean=16.33; stdev=10.53; max=62; n_reads=17037(85.2%)

Assembling stacks, allowing for gaps (min. match length 80.0%)...
  Assembled 1059 stacks into 1047 stacks.
Coverage after gapped assembly: mean=16.52; stdev=10.61; max=62; n_reads=17037(85.2%)

Merging secondary stacks, allowing for gaps (min. match length 80.0%)...
  Merged 31 out of 1428 secondary reads (2.2%).
Coverage after merging gapped secondary stacks: mean=16.55; stdev=10.60; max=62; n_reads=17068(85.3%)

Final number of stacks built: 1047
Final coverage: mean=16.55; stdev=10.60; max=62; n_reads=17068(85.3%)
Calling consensus sequences and haplotypes for catalog assembly...
Writing tags, SNPs, and alleles files to './stacks/GTTTCG_GGCGACTGGATGCAGG'...done.
ustacks is done.

Sample 159 of 181 'GTTTCG_GGCGCATACATGCAGG'
----------
ustacks --in-type fastq --file ./samples/GTTTCG_GGCGCATACATGCAGG.1.fq --out-path ./stacks --name GTTTCG_GGCGCATACATGCAGG -M 2 --threads 4  -m 4
ustacks parameters selected:
  Input file: './samples/GTTTCG_GGCGCATACATGCAGG.1.fq'
  Min depth of coverage to create a stack (m): 4
  Repeat removal algorithm: enabled
  Max distance allowed between stacks (M): 2
  Max distance allowed to align secondary reads: 4
  Max number of stacks allowed per de novo locus: 3
  Deleveraging algorithm: disabled
  Gapped assembly: enabled
  Minimum alignment length: 0.8
  Model type: SNP
  Alpha significance level for model: 0.05

Loading RAD-Tags...
Warning: Input reads contained 13 uncalled nucleotides.

Loaded 20000 reads; formed:
  1085 stacks representing 16829 primary reads (84.1%)
  2650 secondary stacks representing 3171 secondary reads (15.9%)

Stack coverage: mean=15.51; stdev=22.93; max=294; n_reads=16829(84.1%)
Removing repetitive stacks: cov > 85 (mean+3*stdev)...
  Blacklisted 23 stacks.
Coverage after repeat removal: mean=13.13; stdev=8.77; max=75; n_reads=13944(69.7%)

Assembling stacks (max dist. M=2)...
  Assembled 1062 stacks into 1056; blacklisted 0 stacks.
Coverage after assembling stacks: mean=13.41; stdev=8.88; max=75; n_reads=13944(69.7%)

Merging secondary stacks (max dist. N=4 from consensus)...
  Merged 1420 out of 3171 secondary reads (44.8%), 109 merged with gapped alignments.
Coverage after merging secondary stacks: mean=14.77; stdev=9.76; max=78; n_reads=15364(76.8%)

Assembling stacks, allowing for gaps (min. match length 80.0%)...
  Assembled 1056 stacks into 1031 stacks.
Coverage after gapped assembly: mean=15.14; stdev=9.95; max=78; n_reads=15364(76.8%)

Merging secondary stacks, allowing for gaps (min. match length 80.0%)...
  Merged 70 out of 1751 secondary reads (4.0%).
Coverage after merging gapped secondary stacks: mean=15.21; stdev=9.96; max=78; n_reads=15434(77.2%)

Final number of stacks built: 1031
Final coverage: mean=15.21; stdev=9.96; max=78; n_reads=15434(77.2%)
Calling consensus sequences and haplotypes for catalog assembly...
Writing tags, SNPs, and alleles files to './stacks/GTTTCG_GGCGCATACATGCAGG'...done.
ustacks is done.

Sample 160 of 181 'GTTTCG_GGCGCTGATCTGCAGG'
----------
ustacks --in-type fastq --file ./samples/GTTTCG_GGCGCTGATCTGCAGG.1.fq --out-path ./stacks --name GTTTCG_GGCGCTGATCTGCAGG -M 2 --threads 4  -m 4
ustacks parameters selected:
  Input file: './samples/GTTTCG_GGCGCTGATCTGCAGG.1.fq'
  Min depth of coverage to create a stack (m): 4
  Repeat removal algorithm: enabled
  Max distance allowed between stacks (M): 2
  Max distance allowed to align secondary reads: 4
  Max number of stacks allowed per de novo locus: 3
  Deleveraging algorithm: disabled
  Gapped assembly: enabled
  Minimum alignment length: 0.8
  Model type: SNP
  Alpha significance level for model: 0.05

Loading RAD-Tags...
Warning: Input reads contained 1 uncalled nucleotides.

Loaded 20000 reads; formed:
  1789 stacks representing 14870 primary reads (74.4%)
  3440 secondary stacks representing 5130 secondary reads (25.7%)

Stack coverage: mean=8.31; stdev=10.22; max=192; n_reads=14870(74.4%)
Removing repetitive stacks: cov > 39 (mean+3*stdev)...
  Blacklisted 13 stacks.
Coverage after repeat removal: mean=7.61; stdev=4.06; max=35; n_reads=13513(67.6%)

Assembling stacks (max dist. M=2)...
  Assembled 1776 stacks into 1773; blacklisted 0 stacks.
Coverage after assembling stacks: mean=7.68; stdev=4.13; max=35; n_reads=13513(67.6%)

Merging secondary stacks (max dist. N=4 from consensus)...
  Merged 804 out of 5130 secondary reads (15.7%), 61 merged with gapped alignments.
Coverage after merging secondary stacks: mean=8.13; stdev=4.42; max=41; n_reads=14317(71.6%)

Assembling stacks, allowing for gaps (min. match length 80.0%)...
  Assembled 1773 stacks into 1748 stacks.
Coverage after gapped assembly: mean=8.25; stdev=4.53; max=41; n_reads=14317(71.6%)

Merging secondary stacks, allowing for gaps (min. match length 80.0%)...
  Merged 147 out of 4326 secondary reads (3.4%).
Coverage after merging gapped secondary stacks: mean=8.34; stdev=4.59; max=41; n_reads=14464(72.3%)

Final number of stacks built: 1748
Final coverage: mean=8.34; stdev=4.59; max=41; n_reads=14464(72.3%)
Calling consensus sequences and haplotypes for catalog assembly...
Writing tags, SNPs, and alleles files to './stacks/GTTTCG_GGCGCTGATCTGCAGG'...done.
ustacks is done.

Sample 161 of 181 'GTTTCG_GGCTCAATGATGCAGG'
----------
ustacks --in-type fastq --file ./samples/GTTTCG_GGCTCAATGATGCAGG.1.fq --out-path ./stacks --name GTTTCG_GGCTCAATGATGCAGG -M 2 --threads 4  -m 4
ustacks parameters selected:
  Input file: './samples/GTTTCG_GGCTCAATGATGCAGG.1.fq'
  Min depth of coverage to create a stack (m): 4
  Repeat removal algorithm: enabled
  Max distance allowed between stacks (M): 2
  Max distance allowed to align secondary reads: 4
  Max number of stacks allowed per de novo locus: 3
  Deleveraging algorithm: disabled
  Gapped assembly: enabled
  Minimum alignment length: 0.8
  Model type: SNP
  Alpha significance level for model: 0.05

Loading RAD-Tags...
Warning: Input reads contained 4 uncalled nucleotides.

Loaded 20000 reads; formed:
  1295 stacks representing 16657 primary reads (83.3%)
  2733 secondary stacks representing 3343 secondary reads (16.7%)

Stack coverage: mean=12.86; stdev=15.94; max=226; n_reads=16657(83.3%)
Removing repetitive stacks: cov > 61 (mean+3*stdev)...
  Blacklisted 20 stacks.
Coverage after repeat removal: mean=11.38; stdev=7.44; max=51; n_reads=14508(72.5%)

Assembling stacks (max dist. M=2)...
  Assembled 1275 stacks into 1273; blacklisted 0 stacks.
Coverage after assembling stacks: mean=11.54; stdev=7.51; max=51; n_reads=14508(72.5%)

Merging secondary stacks (max dist. N=4 from consensus)...
  Merged 1409 out of 3343 secondary reads (42.1%), 96 merged with gapped alignments.
Coverage after merging secondary stacks: mean=12.66; stdev=8.14; max=55; n_reads=15917(79.6%)

Assembling stacks, allowing for gaps (min. match length 80.0%)...
  Assembled 1273 stacks into 1245 stacks.
Coverage after gapped assembly: mean=12.95; stdev=8.47; max=64; n_reads=15917(79.6%)

Merging secondary stacks, allowing for gaps (min. match length 80.0%)...
  Merged 54 out of 1934 secondary reads (2.8%).
Coverage after merging gapped secondary stacks: mean=13.00; stdev=8.48; max=64; n_reads=15971(79.9%)

Final number of stacks built: 1245
Final coverage: mean=13.00; stdev=8.48; max=64; n_reads=15971(79.9%)
Calling consensus sequences and haplotypes for catalog assembly...
Writing tags, SNPs, and alleles files to './stacks/GTTTCG_GGCTCAATGATGCAGG'...done.
ustacks is done.

Sample 162 of 181 'GTTTCG_GGCTGAGCCATGCAGG'
----------
ustacks --in-type fastq --file ./samples/GTTTCG_GGCTGAGCCATGCAGG.1.fq --out-path ./stacks --name GTTTCG_GGCTGAGCCATGCAGG -M 2 --threads 4  -m 4
ustacks parameters selected:
  Input file: './samples/GTTTCG_GGCTGAGCCATGCAGG.1.fq'
  Min depth of coverage to create a stack (m): 4
  Repeat removal algorithm: enabled
  Max distance allowed between stacks (M): 2
  Max distance allowed to align secondary reads: 4
  Max number of stacks allowed per de novo locus: 3
  Deleveraging algorithm: disabled
  Gapped assembly: enabled
  Minimum alignment length: 0.8
  Model type: SNP
  Alpha significance level for model: 0.05

Loading RAD-Tags...
Warning: Input reads contained 7 uncalled nucleotides.

Loaded 20000 reads; formed:
  1323 stacks representing 16883 primary reads (84.4%)
  2488 secondary stacks representing 3117 secondary reads (15.6%)

Stack coverage: mean=12.76; stdev=19.50; max=322; n_reads=16883(84.4%)
Removing repetitive stacks: cov > 72 (mean+3*stdev)...
  Blacklisted 19 stacks.
Coverage after repeat removal: mean=10.98; stdev=6.76; max=61; n_reads=14317(71.6%)

Assembling stacks (max dist. M=2)...
  Assembled 1304 stacks into 1293; blacklisted 0 stacks.
Coverage after assembling stacks: mean=11.20; stdev=6.91; max=61; n_reads=14317(71.6%)

Merging secondary stacks (max dist. N=4 from consensus)...
  Merged 1124 out of 3117 secondary reads (36.1%), 79 merged with gapped alignments.
Coverage after merging secondary stacks: mean=12.08; stdev=7.48; max=63; n_reads=15441(77.2%)

Assembling stacks, allowing for gaps (min. match length 80.0%)...
  Assembled 1293 stacks into 1267 stacks.
Coverage after gapped assembly: mean=12.33; stdev=7.70; max=63; n_reads=15441(77.2%)

Merging secondary stacks, allowing for gaps (min. match length 80.0%)...
  Merged 77 out of 1993 secondary reads (3.9%).
Coverage after merging gapped secondary stacks: mean=12.39; stdev=7.71; max=63; n_reads=15518(77.6%)

Final number of stacks built: 1267
Final coverage: mean=12.39; stdev=7.71; max=63; n_reads=15518(77.6%)
Calling consensus sequences and haplotypes for catalog assembly...
Writing tags, SNPs, and alleles files to './stacks/GTTTCG_GGCTGAGCCATGCAGG'...done.
ustacks is done.

Sample 163 of 181 'GTTTCG_GGCTGGCATATGCAGG'
----------
ustacks --in-type fastq --file ./samples/GTTTCG_GGCTGGCATATGCAGG.1.fq --out-path ./stacks --name GTTTCG_GGCTGGCATATGCAGG -M 2 --threads 4  -m 4
ustacks parameters selected:
  Input file: './samples/GTTTCG_GGCTGGCATATGCAGG.1.fq'
  Min depth of coverage to create a stack (m): 4
  Repeat removal algorithm: enabled
  Max distance allowed between stacks (M): 2
  Max distance allowed to align secondary reads: 4
  Max number of stacks allowed per de novo locus: 3
  Deleveraging algorithm: disabled
  Gapped assembly: enabled
  Minimum alignment length: 0.8
  Model type: SNP
  Alpha significance level for model: 0.05

Loading RAD-Tags...
Warning: Input reads contained 7 uncalled nucleotides.

Loaded 20000 reads; formed:
  1459 stacks representing 16878 primary reads (84.4%)
  2324 secondary stacks representing 3122 secondary reads (15.6%)

Stack coverage: mean=11.57; stdev=26.45; max=429; n_reads=16878(84.4%)
Removing repetitive stacks: cov > 91 (mean+3*stdev)...
  Blacklisted 25 stacks.
Coverage after repeat removal: mean=9.12; stdev=5.49; max=62; n_reads=13077(65.4%)

Assembling stacks (max dist. M=2)...
  Assembled 1434 stacks into 1434; blacklisted 0 stacks.
Coverage after assembling stacks: mean=9.22; stdev=5.58; max=62; n_reads=13077(65.4%)

Merging secondary stacks (max dist. N=4 from consensus)...
  Merged 767 out of 3122 secondary reads (24.6%), 63 merged with gapped alignments.
Coverage after merging secondary stacks: mean=9.76; stdev=5.82; max=66; n_reads=13844(69.2%)

Assembling stacks, allowing for gaps (min. match length 80.0%)...
  Assembled 1434 stacks into 1385 stacks.
Coverage after gapped assembly: mean=10.11; stdev=6.30; max=66; n_reads=13844(69.2%)

Merging secondary stacks, allowing for gaps (min. match length 80.0%)...
  Merged 165 out of 2355 secondary reads (7.0%).
Coverage after merging gapped secondary stacks: mean=10.23; stdev=6.38; max=66; n_reads=14009(70.0%)

Final number of stacks built: 1385
Final coverage: mean=10.23; stdev=6.38; max=66; n_reads=14009(70.0%)
Calling consensus sequences and haplotypes for catalog assembly...
Writing tags, SNPs, and alleles files to './stacks/GTTTCG_GGCTGGCATATGCAGG'...done.
ustacks is done.

Sample 164 of 181 'GTTTCG_GGGAATCTGATGCAGG'
----------
ustacks --in-type fastq --file ./samples/GTTTCG_GGGAATCTGATGCAGG.1.fq --out-path ./stacks --name GTTTCG_GGGAATCTGATGCAGG -M 2 --threads 4  -m 4
ustacks parameters selected:
  Input file: './samples/GTTTCG_GGGAATCTGATGCAGG.1.fq'
  Min depth of coverage to create a stack (m): 4
  Repeat removal algorithm: enabled
  Max distance allowed between stacks (M): 2
  Max distance allowed to align secondary reads: 4
  Max number of stacks allowed per de novo locus: 3
  Deleveraging algorithm: disabled
  Gapped assembly: enabled
  Minimum alignment length: 0.8
  Model type: SNP
  Alpha significance level for model: 0.05

Loading RAD-Tags...
Warning: Input reads contained 5 uncalled nucleotides.

Loaded 20000 reads; formed:
  1630 stacks representing 13613 primary reads (68.1%)
  4296 secondary stacks representing 6387 secondary reads (31.9%)

Stack coverage: mean=8.35; stdev=17.01; max=263; n_reads=13613(68.1%)
Removing repetitive stacks: cov > 60 (mean+3*stdev)...
  Blacklisted 19 stacks.
Coverage after repeat removal: mean=6.77; stdev=3.42; max=32; n_reads=10905(54.5%)

Assembling stacks (max dist. M=2)...
  Assembled 1611 stacks into 1612; blacklisted 0 stacks.
Coverage after assembling stacks: mean=6.83; stdev=3.49; max=32; n_reads=10905(54.5%)

Merging secondary stacks (max dist. N=4 from consensus)...
  Merged 628 out of 6387 secondary reads (9.8%), 40 merged with gapped alignments.
Coverage after merging secondary stacks: mean=7.23; stdev=3.73; max=35; n_reads=11533(57.7%)

Assembling stacks, allowing for gaps (min. match length 80.0%)...
  Assembled 1612 stacks into 1573 stacks.
Coverage after gapped assembly: mean=7.41; stdev=3.88; max=35; n_reads=11533(57.7%)

Merging secondary stacks, allowing for gaps (min. match length 80.0%)...
  Merged 325 out of 5759 secondary reads (5.6%).
Coverage after merging gapped secondary stacks: mean=7.62; stdev=4.09; max=35; n_reads=11858(59.3%)

Final number of stacks built: 1573
Final coverage: mean=7.62; stdev=4.09; max=35; n_reads=11858(59.3%)
Calling consensus sequences and haplotypes for catalog assembly...
Writing tags, SNPs, and alleles files to './stacks/GTTTCG_GGGAATCTGATGCAGG'...done.
ustacks is done.

Sample 165 of 181 'GTTTCG_GGGAGCTGAATGCAGG'
----------
ustacks --in-type fastq --file ./samples/GTTTCG_GGGAGCTGAATGCAGG.1.fq --out-path ./stacks --name GTTTCG_GGGAGCTGAATGCAGG -M 2 --threads 4  -m 4
ustacks parameters selected:
  Input file: './samples/GTTTCG_GGGAGCTGAATGCAGG.1.fq'
  Min depth of coverage to create a stack (m): 4
  Repeat removal algorithm: enabled
  Max distance allowed between stacks (M): 2
  Max distance allowed to align secondary reads: 4
  Max number of stacks allowed per de novo locus: 3
  Deleveraging algorithm: disabled
  Gapped assembly: enabled
  Minimum alignment length: 0.8
  Model type: SNP
  Alpha significance level for model: 0.05

Loading RAD-Tags...
Warning: Input reads contained 1 uncalled nucleotides.

Loaded 20000 reads; formed:
  1477 stacks representing 16893 primary reads (84.5%)
  2291 secondary stacks representing 3107 secondary reads (15.5%)

Stack coverage: mean=11.44; stdev=20.78; max=330; n_reads=16893(84.5%)
Removing repetitive stacks: cov > 74 (mean+3*stdev)...
  Blacklisted 19 stacks.
Coverage after repeat removal: mean=9.58; stdev=6.13; max=68; n_reads=13973(69.9%)

Assembling stacks (max dist. M=2)...
  Assembled 1458 stacks into 1454; blacklisted 0 stacks.
Coverage after assembling stacks: mean=9.72; stdev=6.27; max=68; n_reads=13973(69.9%)

Merging secondary stacks (max dist. N=4 from consensus)...
  Merged 731 out of 3107 secondary reads (23.5%), 54 merged with gapped alignments.
Coverage after merging secondary stacks: mean=10.23; stdev=6.65; max=73; n_reads=14704(73.5%)

Assembling stacks, allowing for gaps (min. match length 80.0%)...
  Assembled 1454 stacks into 1415 stacks.
Coverage after gapped assembly: mean=10.51; stdev=6.86; max=73; n_reads=14704(73.5%)

Merging secondary stacks, allowing for gaps (min. match length 80.0%)...
  Merged 140 out of 2376 secondary reads (5.9%).
Coverage after merging gapped secondary stacks: mean=10.61; stdev=6.92; max=73; n_reads=14844(74.2%)

Final number of stacks built: 1415
Final coverage: mean=10.61; stdev=6.92; max=73; n_reads=14844(74.2%)
Calling consensus sequences and haplotypes for catalog assembly...
Writing tags, SNPs, and alleles files to './stacks/GTTTCG_GGGAGCTGAATGCAGG'...done.
ustacks is done.

Sample 166 of 181 'GTTTCG_GGGATAGACATGCAGG'
----------
ustacks --in-type fastq --file ./samples/GTTTCG_GGGATAGACATGCAGG.1.fq --out-path ./stacks --name GTTTCG_GGGATAGACATGCAGG -M 2 --threads 4  -m 4
ustacks parameters selected:
  Input file: './samples/GTTTCG_GGGATAGACATGCAGG.1.fq'
  Min depth of coverage to create a stack (m): 4
  Repeat removal algorithm: enabled
  Max distance allowed between stacks (M): 2
  Max distance allowed to align secondary reads: 4
  Max number of stacks allowed per de novo locus: 3
  Deleveraging algorithm: disabled
  Gapped assembly: enabled
  Minimum alignment length: 0.8
  Model type: SNP
  Alpha significance level for model: 0.05

Loading RAD-Tags...
Warning: Input reads contained 6 uncalled nucleotides.

Loaded 20000 reads; formed:
  1449 stacks representing 16700 primary reads (83.5%)
  2419 secondary stacks representing 3300 secondary reads (16.5%)

Stack coverage: mean=11.53; stdev=21.23; max=332; n_reads=16700(83.5%)
Removing repetitive stacks: cov > 76 (mean+3*stdev)...
  Blacklisted 20 stacks.
Coverage after repeat removal: mean=9.54; stdev=5.96; max=55; n_reads=13628(68.1%)

Assembling stacks (max dist. M=2)...
  Assembled 1429 stacks into 1438; blacklisted 0 stacks.
Coverage after assembling stacks: mean=9.59; stdev=6.03; max=55; n_reads=13628(68.1%)

Merging secondary stacks (max dist. N=4 from consensus)...
  Merged 774 out of 3300 secondary reads (23.5%), 47 merged with gapped alignments.
Coverage after merging secondary stacks: mean=10.14; stdev=6.40; max=60; n_reads=14402(72.0%)

Assembling stacks, allowing for gaps (min. match length 80.0%)...
  Assembled 1438 stacks into 1389 stacks.
Coverage after gapped assembly: mean=10.50; stdev=6.89; max=60; n_reads=14402(72.0%)

Merging secondary stacks, allowing for gaps (min. match length 80.0%)...
  Merged 134 out of 2526 secondary reads (5.3%).
Coverage after merging gapped secondary stacks: mean=10.59; stdev=6.98; max=60; n_reads=14536(72.7%)

Final number of stacks built: 1389
Final coverage: mean=10.59; stdev=6.98; max=60; n_reads=14536(72.7%)
Calling consensus sequences and haplotypes for catalog assembly...
Writing tags, SNPs, and alleles files to './stacks/GTTTCG_GGGATAGACATGCAGG'...done.
ustacks is done.

Sample 167 of 181 'GTTTCG_GGGCCACATATGCAGG'
----------
ustacks --in-type fastq --file ./samples/GTTTCG_GGGCCACATATGCAGG.1.fq --out-path ./stacks --name GTTTCG_GGGCCACATATGCAGG -M 2 --threads 4  -m 4
ustacks parameters selected:
  Input file: './samples/GTTTCG_GGGCCACATATGCAGG.1.fq'
  Min depth of coverage to create a stack (m): 4
  Repeat removal algorithm: enabled
  Max distance allowed between stacks (M): 2
  Max distance allowed to align secondary reads: 4
  Max number of stacks allowed per de novo locus: 3
  Deleveraging algorithm: disabled
  Gapped assembly: enabled
  Minimum alignment length: 0.8
  Model type: SNP
  Alpha significance level for model: 0.05

Loading RAD-Tags...
Warning: Input reads contained 5 uncalled nucleotides.

Loaded 20000 reads; formed:
  1494 stacks representing 17080 primary reads (85.4%)
  2214 secondary stacks representing 2920 secondary reads (14.6%)

Stack coverage: mean=11.43; stdev=16.26; max=272; n_reads=17080(85.4%)
Removing repetitive stacks: cov > 61 (mean+3*stdev)...
  Blacklisted 17 stacks.
Coverage after repeat removal: mean=9.97; stdev=6.10; max=54; n_reads=14733(73.7%)

Assembling stacks (max dist. M=2)...
  Assembled 1477 stacks into 1483; blacklisted 0 stacks.
Coverage after assembling stacks: mean=10.04; stdev=6.16; max=54; n_reads=14733(73.7%)

Merging secondary stacks (max dist. N=4 from consensus)...
  Merged 768 out of 2920 secondary reads (26.3%), 56 merged with gapped alignments.
Coverage after merging secondary stacks: mean=10.57; stdev=6.44; max=58; n_reads=15501(77.5%)

Assembling stacks, allowing for gaps (min. match length 80.0%)...
  Assembled 1483 stacks into 1447 stacks.
Coverage after gapped assembly: mean=10.83; stdev=6.74; max=58; n_reads=15501(77.5%)

Merging secondary stacks, allowing for gaps (min. match length 80.0%)...
  Merged 85 out of 2152 secondary reads (3.9%).
Coverage after merging gapped secondary stacks: mean=10.89; stdev=6.76; max=58; n_reads=15586(77.9%)

Final number of stacks built: 1447
Final coverage: mean=10.89; stdev=6.76; max=58; n_reads=15586(77.9%)
Calling consensus sequences and haplotypes for catalog assembly...
Writing tags, SNPs, and alleles files to './stacks/GTTTCG_GGGCCACATATGCAGG'...done.
ustacks is done.

Sample 168 of 181 'GTTTCG_GGGCGAGTAATGCAGG'
----------
ustacks --in-type fastq --file ./samples/GTTTCG_GGGCGAGTAATGCAGG.1.fq --out-path ./stacks --name GTTTCG_GGGCGAGTAATGCAGG -M 2 --threads 4  -m 4
ustacks parameters selected:
  Input file: './samples/GTTTCG_GGGCGAGTAATGCAGG.1.fq'
  Min depth of coverage to create a stack (m): 4
  Repeat removal algorithm: enabled
  Max distance allowed between stacks (M): 2
  Max distance allowed to align secondary reads: 4
  Max number of stacks allowed per de novo locus: 3
  Deleveraging algorithm: disabled
  Gapped assembly: enabled
  Minimum alignment length: 0.8
  Model type: SNP
  Alpha significance level for model: 0.05

Loading RAD-Tags...
Warning: Input reads contained 3 uncalled nucleotides.

Loaded 20000 reads; formed:
  1626 stacks representing 16538 primary reads (82.7%)
  2438 secondary stacks representing 3462 secondary reads (17.3%)

Stack coverage: mean=10.17; stdev=13.36; max=198; n_reads=16538(82.7%)
Removing repetitive stacks: cov > 51 (mean+3*stdev)...
  Blacklisted 18 stacks.
Coverage after repeat removal: mean=9.11; stdev=5.53; max=46; n_reads=14655(73.3%)

Assembling stacks (max dist. M=2)...
  Assembled 1608 stacks into 1607; blacklisted 0 stacks.
Coverage after assembling stacks: mean=9.20; stdev=5.68; max=46; n_reads=14655(73.3%)

Merging secondary stacks (max dist. N=4 from consensus)...
  Merged 745 out of 3462 secondary reads (21.5%), 44 merged with gapped alignments.
Coverage after merging secondary stacks: mean=9.67; stdev=5.96; max=50; n_reads=15400(77.0%)

Assembling stacks, allowing for gaps (min. match length 80.0%)...
  Assembled 1607 stacks into 1574 stacks.
Coverage after gapped assembly: mean=9.87; stdev=6.14; max=50; n_reads=15400(77.0%)

Merging secondary stacks, allowing for gaps (min. match length 80.0%)...
  Merged 157 out of 2717 secondary reads (5.8%).
Coverage after merging gapped secondary stacks: mean=9.97; stdev=6.20; max=50; n_reads=15557(77.8%)

Final number of stacks built: 1574
Final coverage: mean=9.97; stdev=6.20; max=50; n_reads=15557(77.8%)
Calling consensus sequences and haplotypes for catalog assembly...
Writing tags, SNPs, and alleles files to './stacks/GTTTCG_GGGCGAGTAATGCAGG'...done.
ustacks is done.

Sample 169 of 181 'GTTTCG_GGGCTAACGATGCAGG'
----------
ustacks --in-type fastq --file ./samples/GTTTCG_GGGCTAACGATGCAGG.1.fq --out-path ./stacks --name GTTTCG_GGGCTAACGATGCAGG -M 2 --threads 4  -m 4
ustacks parameters selected:
  Input file: './samples/GTTTCG_GGGCTAACGATGCAGG.1.fq'
  Min depth of coverage to create a stack (m): 4
  Repeat removal algorithm: enabled
  Max distance allowed between stacks (M): 2
  Max distance allowed to align secondary reads: 4
  Max number of stacks allowed per de novo locus: 3
  Deleveraging algorithm: disabled
  Gapped assembly: enabled
  Minimum alignment length: 0.8
  Model type: SNP
  Alpha significance level for model: 0.05

Loading RAD-Tags...
Warning: Input reads contained 7 uncalled nucleotides.

Loaded 20000 reads; formed:
  1610 stacks representing 16604 primary reads (83.0%)
  2475 secondary stacks representing 3396 secondary reads (17.0%)

Stack coverage: mean=10.31; stdev=15.20; max=272; n_reads=16604(83.0%)
Removing repetitive stacks: cov > 56 (mean+3*stdev)...
  Blacklisted 19 stacks.
Coverage after repeat removal: mean=9.09; stdev=5.38; max=41; n_reads=14459(72.3%)

Assembling stacks (max dist. M=2)...
  Assembled 1591 stacks into 1597; blacklisted 0 stacks.
Coverage after assembling stacks: mean=9.14; stdev=5.43; max=41; n_reads=14459(72.3%)

Merging secondary stacks (max dist. N=4 from consensus)...
  Merged 795 out of 3396 secondary reads (23.4%), 47 merged with gapped alignments.
Coverage after merging secondary stacks: mean=9.64; stdev=5.77; max=46; n_reads=15254(76.3%)

Assembling stacks, allowing for gaps (min. match length 80.0%)...
  Assembled 1597 stacks into 1562 stacks.
Coverage after gapped assembly: mean=9.86; stdev=6.00; max=55; n_reads=15254(76.3%)

Merging secondary stacks, allowing for gaps (min. match length 80.0%)...
  Merged 125 out of 2601 secondary reads (4.8%).
Coverage after merging gapped secondary stacks: mean=9.94; stdev=6.05; max=56; n_reads=15379(76.9%)

Final number of stacks built: 1562
Final coverage: mean=9.94; stdev=6.05; max=56; n_reads=15379(76.9%)
Calling consensus sequences and haplotypes for catalog assembly...
Writing tags, SNPs, and alleles files to './stacks/GTTTCG_GGGCTAACGATGCAGG'...done.
ustacks is done.

Sample 170 of 181 'GTTTCG_GGGGAGAACATGCAGG'
----------
ustacks --in-type fastq --file ./samples/GTTTCG_GGGGAGAACATGCAGG.1.fq --out-path ./stacks --name GTTTCG_GGGGAGAACATGCAGG -M 2 --threads 4  -m 4
ustacks parameters selected:
  Input file: './samples/GTTTCG_GGGGAGAACATGCAGG.1.fq'
  Min depth of coverage to create a stack (m): 4
  Repeat removal algorithm: enabled
  Max distance allowed between stacks (M): 2
  Max distance allowed to align secondary reads: 4
  Max number of stacks allowed per de novo locus: 3
  Deleveraging algorithm: disabled
  Gapped assembly: enabled
  Minimum alignment length: 0.8
  Model type: SNP
  Alpha significance level for model: 0.05

Loading RAD-Tags...
Warning: Input reads contained 5 uncalled nucleotides.

Loaded 20000 reads; formed:
  1576 stacks representing 16993 primary reads (85.0%)
  2299 secondary stacks representing 3007 secondary reads (15.0%)

Stack coverage: mean=10.78; stdev=8.83; max=121; n_reads=16993(85.0%)
Removing repetitive stacks: cov > 38 (mean+3*stdev)...
  Blacklisted 12 stacks.
Coverage after repeat removal: mean=10.28; stdev=5.91; max=37; n_reads=16079(80.4%)

Assembling stacks (max dist. M=2)...
  Assembled 1564 stacks into 1553; blacklisted 0 stacks.
Coverage after assembling stacks: mean=10.43; stdev=5.99; max=37; n_reads=16079(80.4%)

Merging secondary stacks (max dist. N=4 from consensus)...
  Merged 1175 out of 3007 secondary reads (39.1%), 77 merged with gapped alignments.
Coverage after merging secondary stacks: mean=11.19; stdev=6.46; max=43; n_reads=17254(86.3%)

Assembling stacks, allowing for gaps (min. match length 80.0%)...
  Assembled 1553 stacks into 1532 stacks.
Coverage after gapped assembly: mean=11.34; stdev=6.61; max=43; n_reads=17254(86.3%)

Merging secondary stacks, allowing for gaps (min. match length 80.0%)...
  Merged 60 out of 1832 secondary reads (3.3%).
Coverage after merging gapped secondary stacks: mean=11.38; stdev=6.61; max=43; n_reads=17314(86.6%)

Final number of stacks built: 1532
Final coverage: mean=11.38; stdev=6.61; max=43; n_reads=17314(86.6%)
Calling consensus sequences and haplotypes for catalog assembly...
Writing tags, SNPs, and alleles files to './stacks/GTTTCG_GGGGAGAACATGCAGG'...done.
ustacks is done.

Sample 171 of 181 'GTTTCG_GGGTCGTAGATGCAGG'
----------
ustacks --in-type fastq --file ./samples/GTTTCG_GGGTCGTAGATGCAGG.1.fq --out-path ./stacks --name GTTTCG_GGGTCGTAGATGCAGG -M 2 --threads 4  -m 4
ustacks parameters selected:
  Input file: './samples/GTTTCG_GGGTCGTAGATGCAGG.1.fq'
  Min depth of coverage to create a stack (m): 4
  Repeat removal algorithm: enabled
  Max distance allowed between stacks (M): 2
  Max distance allowed to align secondary reads: 4
  Max number of stacks allowed per de novo locus: 3
  Deleveraging algorithm: disabled
  Gapped assembly: enabled
  Minimum alignment length: 0.8
  Model type: SNP
  Alpha significance level for model: 0.05

Loading RAD-Tags...
Warning: Input reads contained 7 uncalled nucleotides.

Loaded 20000 reads; formed:
  1648 stacks representing 17253 primary reads (86.3%)
  2030 secondary stacks representing 2747 secondary reads (13.7%)

Stack coverage: mean=10.47; stdev=11.20; max=155; n_reads=17253(86.3%)
Removing repetitive stacks: cov > 45 (mean+3*stdev)...
  Blacklisted 14 stacks.
Coverage after repeat removal: mean=9.61; stdev=5.54; max=44; n_reads=15707(78.5%)

Assembling stacks (max dist. M=2)...
  Assembled 1634 stacks into 1628; blacklisted 0 stacks.
Coverage after assembling stacks: mean=9.73; stdev=5.61; max=44; n_reads=15707(78.5%)

Merging secondary stacks (max dist. N=4 from consensus)...
  Merged 905 out of 2747 secondary reads (32.9%), 61 merged with gapped alignments.
Coverage after merging secondary stacks: mean=10.29; stdev=5.94; max=46; n_reads=16612(83.1%)

Assembling stacks, allowing for gaps (min. match length 80.0%)...
  Assembled 1628 stacks into 1604 stacks.
Coverage after gapped assembly: mean=10.45; stdev=6.06; max=46; n_reads=16612(83.1%)

Merging secondary stacks, allowing for gaps (min. match length 80.0%)...
  Merged 50 out of 1842 secondary reads (2.7%).
Coverage after merging gapped secondary stacks: mean=10.48; stdev=6.08; max=46; n_reads=16662(83.3%)

Final number of stacks built: 1604
Final coverage: mean=10.48; stdev=6.08; max=46; n_reads=16662(83.3%)
Calling consensus sequences and haplotypes for catalog assembly...
Writing tags, SNPs, and alleles files to './stacks/GTTTCG_GGGTCGTAGATGCAGG'...done.
ustacks is done.

Sample 172 of 181 'GTTTCG_GGGTCTGTCATGCAGG'
----------
ustacks --in-type fastq --file ./samples/GTTTCG_GGGTCTGTCATGCAGG.1.fq --out-path ./stacks --name GTTTCG_GGGTCTGTCATGCAGG -M 2 --threads 4  -m 4
ustacks parameters selected:
  Input file: './samples/GTTTCG_GGGTCTGTCATGCAGG.1.fq'
  Min depth of coverage to create a stack (m): 4
  Repeat removal algorithm: enabled
  Max distance allowed between stacks (M): 2
  Max distance allowed to align secondary reads: 4
  Max number of stacks allowed per de novo locus: 3
  Deleveraging algorithm: disabled
  Gapped assembly: enabled
  Minimum alignment length: 0.8
  Model type: SNP
  Alpha significance level for model: 0.05

Loading RAD-Tags...
Warning: Input reads contained 3 uncalled nucleotides.

Loaded 20000 reads; formed:
  1260 stacks representing 16648 primary reads (83.2%)
  2810 secondary stacks representing 3352 secondary reads (16.8%)

Stack coverage: mean=13.21; stdev=10.23; max=102; n_reads=16648(83.2%)
Removing repetitive stacks: cov > 44 (mean+3*stdev)...
  Blacklisted 23 stacks.
Coverage after repeat removal: mean=12.44; stdev=7.67; max=44; n_reads=15384(76.9%)

Assembling stacks (max dist. M=2)...
  Assembled 1237 stacks into 1233; blacklisted 0 stacks.
Coverage after assembling stacks: mean=12.67; stdev=7.72; max=44; n_reads=15384(76.9%)

Merging secondary stacks (max dist. N=4 from consensus)...
  Merged 1647 out of 3352 secondary reads (49.1%), 134 merged with gapped alignments.
Coverage after merging secondary stacks: mean=14.03; stdev=8.54; max=53; n_reads=17031(85.2%)

Assembling stacks, allowing for gaps (min. match length 80.0%)...
  Assembled 1233 stacks into 1221 stacks.
Coverage after gapped assembly: mean=14.17; stdev=8.62; max=53; n_reads=17031(85.2%)

Merging secondary stacks, allowing for gaps (min. match length 80.0%)...
  Merged 52 out of 1705 secondary reads (3.0%).
Coverage after merging gapped secondary stacks: mean=14.21; stdev=8.62; max=53; n_reads=17083(85.4%)

Final number of stacks built: 1221
Final coverage: mean=14.21; stdev=8.62; max=53; n_reads=17083(85.4%)
Calling consensus sequences and haplotypes for catalog assembly...
Writing tags, SNPs, and alleles files to './stacks/GTTTCG_GGGTCTGTCATGCAGG'...done.
ustacks is done.

Sample 173 of 181 'GTTTCG_GGGTGTTCTATGCAGG'
----------
ustacks --in-type fastq --file ./samples/GTTTCG_GGGTGTTCTATGCAGG.1.fq --out-path ./stacks --name GTTTCG_GGGTGTTCTATGCAGG -M 2 --threads 4  -m 4
ustacks parameters selected:
  Input file: './samples/GTTTCG_GGGTGTTCTATGCAGG.1.fq'
  Min depth of coverage to create a stack (m): 4
  Repeat removal algorithm: enabled
  Max distance allowed between stacks (M): 2
  Max distance allowed to align secondary reads: 4
  Max number of stacks allowed per de novo locus: 3
  Deleveraging algorithm: disabled
  Gapped assembly: enabled
  Minimum alignment length: 0.8
  Model type: SNP
  Alpha significance level for model: 0.05

Loading RAD-Tags...
Warning: Input reads contained 6 uncalled nucleotides.

Loaded 20000 reads; formed:
  1890 stacks representing 15313 primary reads (76.6%)
  3093 secondary stacks representing 4687 secondary reads (23.4%)

Stack coverage: mean=8.10; stdev=7.08; max=113; n_reads=15313(76.6%)
Removing repetitive stacks: cov > 30 (mean+3*stdev)...
  Blacklisted 26 stacks.
Coverage after repeat removal: mean=7.53; stdev=3.85; max=30; n_reads=14029(70.1%)

Assembling stacks (max dist. M=2)...
  Assembled 1864 stacks into 1865; blacklisted 0 stacks.
Coverage after assembling stacks: mean=7.61; stdev=4.03; max=50; n_reads=14029(70.1%)

Merging secondary stacks (max dist. N=4 from consensus)...
  Merged 779 out of 4687 secondary reads (16.6%), 58 merged with gapped alignments.
Coverage after merging secondary stacks: mean=8.03; stdev=4.29; max=51; n_reads=14808(74.0%)

Assembling stacks, allowing for gaps (min. match length 80.0%)...
  Assembled 1865 stacks into 1852 stacks.
Coverage after gapped assembly: mean=8.09; stdev=4.35; max=51; n_reads=14808(74.0%)

Merging secondary stacks, allowing for gaps (min. match length 80.0%)...
  Merged 73 out of 3908 secondary reads (1.9%).
Coverage after merging gapped secondary stacks: mean=8.13; stdev=4.37; max=51; n_reads=14881(74.4%)

Final number of stacks built: 1852
Final coverage: mean=8.13; stdev=4.37; max=51; n_reads=14881(74.4%)
Calling consensus sequences and haplotypes for catalog assembly...
Writing tags, SNPs, and alleles files to './stacks/GTTTCG_GGGTGTTCTATGCAGG'...done.
ustacks is done.

Sample 174 of 181 'GTTTCG_GGTAGGATGATGCAGG'
----------
ustacks --in-type fastq --file ./samples/GTTTCG_GGTAGGATGATGCAGG.1.fq --out-path ./stacks --name GTTTCG_GGTAGGATGATGCAGG -M 2 --threads 4  -m 4
ustacks parameters selected:
  Input file: './samples/GTTTCG_GGTAGGATGATGCAGG.1.fq'
  Min depth of coverage to create a stack (m): 4
  Repeat removal algorithm: enabled
  Max distance allowed between stacks (M): 2
  Max distance allowed to align secondary reads: 4
  Max number of stacks allowed per de novo locus: 3
  Deleveraging algorithm: disabled
  Gapped assembly: enabled
  Minimum alignment length: 0.8
  Model type: SNP
  Alpha significance level for model: 0.05

Loading RAD-Tags...
Warning: Input reads contained 3 uncalled nucleotides.

Loaded 20000 reads; formed:
  1526 stacks representing 16946 primary reads (84.7%)
  2220 secondary stacks representing 3054 secondary reads (15.3%)

Stack coverage: mean=11.10; stdev=15.23; max=247; n_reads=16946(84.7%)
Removing repetitive stacks: cov > 57 (mean+3*stdev)...
  Blacklisted 18 stacks.
Coverage after repeat removal: mean=9.82; stdev=6.14; max=52; n_reads=14805(74.0%)

Assembling stacks (max dist. M=2)...
  Assembled 1508 stacks into 1494; blacklisted 0 stacks.
Coverage after assembling stacks: mean=10.02; stdev=6.27; max=53; n_reads=14805(74.0%)

Merging secondary stacks (max dist. N=4 from consensus)...
  Merged 868 out of 3054 secondary reads (28.4%), 77 merged with gapped alignments.
Coverage after merging secondary stacks: mean=10.61; stdev=6.64; max=60; n_reads=15673(78.4%)

Assembling stacks, allowing for gaps (min. match length 80.0%)...
  Assembled 1494 stacks into 1463 stacks.
Coverage after gapped assembly: mean=10.84; stdev=6.88; max=60; n_reads=15673(78.4%)

Merging secondary stacks, allowing for gaps (min. match length 80.0%)...
  Merged 91 out of 2186 secondary reads (4.2%).
Coverage after merging gapped secondary stacks: mean=10.90; stdev=6.91; max=60; n_reads=15764(78.8%)

Final number of stacks built: 1463
Final coverage: mean=10.90; stdev=6.91; max=60; n_reads=15764(78.8%)
Calling consensus sequences and haplotypes for catalog assembly...
Writing tags, SNPs, and alleles files to './stacks/GTTTCG_GGTAGGATGATGCAGG'...done.
ustacks is done.

Sample 175 of 181 'GTTTCG_GGTATCAGCATGCAGG'
----------
ustacks --in-type fastq --file ./samples/GTTTCG_GGTATCAGCATGCAGG.1.fq --out-path ./stacks --name GTTTCG_GGTATCAGCATGCAGG -M 2 --threads 4  -m 4
ustacks parameters selected:
  Input file: './samples/GTTTCG_GGTATCAGCATGCAGG.1.fq'
  Min depth of coverage to create a stack (m): 4
  Repeat removal algorithm: enabled
  Max distance allowed between stacks (M): 2
  Max distance allowed to align secondary reads: 4
  Max number of stacks allowed per de novo locus: 3
  Deleveraging algorithm: disabled
  Gapped assembly: enabled
  Minimum alignment length: 0.8
  Model type: SNP
  Alpha significance level for model: 0.05

Loading RAD-Tags...
Warning: Input reads contained 1 uncalled nucleotides.

Loaded 20000 reads; formed:
  1555 stacks representing 10011 primary reads (50.1%)
  6814 secondary stacks representing 9989 secondary reads (49.9%)

Stack coverage: mean=6.44; stdev=3.36; max=40; n_reads=10011(50.1%)
Removing repetitive stacks: cov > 17 (mean+3*stdev)...
  Blacklisted 22 stacks.
Coverage after repeat removal: mean=6.19; stdev=2.55; max=17; n_reads=9484(47.4%)

Assembling stacks (max dist. M=2)...
  Assembled 1533 stacks into 1531; blacklisted 0 stacks.
Coverage after assembling stacks: mean=6.28; stdev=2.67; max=22; n_reads=9484(47.4%)

Merging secondary stacks (max dist. N=4 from consensus)...
  Merged 768 out of 9989 secondary reads (7.7%), 42 merged with gapped alignments.
Coverage after merging secondary stacks: mean=6.79; stdev=3.03; max=25; n_reads=10252(51.3%)

Assembling stacks, allowing for gaps (min. match length 80.0%)...
  Assembled 1531 stacks into 1525 stacks.
Coverage after gapped assembly: mean=6.82; stdev=3.05; max=25; n_reads=10252(51.3%)

Merging secondary stacks, allowing for gaps (min. match length 80.0%)...
  Merged 56 out of 9221 secondary reads (0.6%).
Coverage after merging gapped secondary stacks: mean=6.86; stdev=3.06; max=25; n_reads=10308(51.5%)

Final number of stacks built: 1525
Final coverage: mean=6.86; stdev=3.06; max=25; n_reads=10308(51.5%)
Calling consensus sequences and haplotypes for catalog assembly...
Writing tags, SNPs, and alleles files to './stacks/GTTTCG_GGTATCAGCATGCAGG'...done.
ustacks is done.

Sample 176 of 181 'GTTTCG_GGTCCGTCTATGCAGG'
----------
ustacks --in-type fastq --file ./samples/GTTTCG_GGTCCGTCTATGCAGG.1.fq --out-path ./stacks --name GTTTCG_GGTCCGTCTATGCAGG -M 2 --threads 4  -m 4
ustacks parameters selected:
  Input file: './samples/GTTTCG_GGTCCGTCTATGCAGG.1.fq'
  Min depth of coverage to create a stack (m): 4
  Repeat removal algorithm: enabled
  Max distance allowed between stacks (M): 2
  Max distance allowed to align secondary reads: 4
  Max number of stacks allowed per de novo locus: 3
  Deleveraging algorithm: disabled
  Gapped assembly: enabled
  Minimum alignment length: 0.8
  Model type: SNP
  Alpha significance level for model: 0.05

Loading RAD-Tags...
Warning: Input reads contained 2 uncalled nucleotides.

Loaded 20000 reads; formed:
  1909 stacks representing 12849 primary reads (64.2%)
  4656 secondary stacks representing 7151 secondary reads (35.8%)

Stack coverage: mean=6.73; stdev=3.67; max=50; n_reads=12849(64.2%)
Removing repetitive stacks: cov > 18 (mean+3*stdev)...
  Blacklisted 24 stacks.
Coverage after repeat removal: mean=6.50; stdev=2.88; max=18; n_reads=12253(61.3%)

Assembling stacks (max dist. M=2)...
  Assembled 1885 stacks into 1894; blacklisted 0 stacks.
Coverage after assembling stacks: mean=6.55; stdev=2.94; max=21; n_reads=12253(61.3%)

Merging secondary stacks (max dist. N=4 from consensus)...
  Merged 720 out of 7151 secondary reads (10.1%), 62 merged with gapped alignments.
Coverage after merging secondary stacks: mean=6.93; stdev=3.21; max=24; n_reads=12973(64.9%)

Assembling stacks, allowing for gaps (min. match length 80.0%)...
  Assembled 1894 stacks into 1891 stacks.
Coverage after gapped assembly: mean=6.94; stdev=3.22; max=24; n_reads=12973(64.9%)

Merging secondary stacks, allowing for gaps (min. match length 80.0%)...
  Merged 27 out of 6431 secondary reads (0.4%).
Coverage after merging gapped secondary stacks: mean=6.96; stdev=3.22; max=24; n_reads=13000(65.0%)

Final number of stacks built: 1891
Final coverage: mean=6.96; stdev=3.22; max=24; n_reads=13000(65.0%)
Calling consensus sequences and haplotypes for catalog assembly...
Writing tags, SNPs, and alleles files to './stacks/GTTTCG_GGTCCGTCTATGCAGG'...done.
ustacks is done.

Sample 177 of 181 'GTTTCG_GGTCTTCACATGCAGG'
----------
ustacks --in-type fastq --file ./samples/GTTTCG_GGTCTTCACATGCAGG.1.fq --out-path ./stacks --name GTTTCG_GGTCTTCACATGCAGG -M 2 --threads 4  -m 4
ustacks parameters selected:
  Input file: './samples/GTTTCG_GGTCTTCACATGCAGG.1.fq'
  Min depth of coverage to create a stack (m): 4
  Repeat removal algorithm: enabled
  Max distance allowed between stacks (M): 2
  Max distance allowed to align secondary reads: 4
  Max number of stacks allowed per de novo locus: 3
  Deleveraging algorithm: disabled
  Gapped assembly: enabled
  Minimum alignment length: 0.8
  Model type: SNP
  Alpha significance level for model: 0.05

Loading RAD-Tags...
Warning: Input reads contained 2 uncalled nucleotides.

Loaded 20000 reads; formed:
  1756 stacks representing 12296 primary reads (61.5%)
  5041 secondary stacks representing 7704 secondary reads (38.5%)

Stack coverage: mean=7.00; stdev=4.55; max=59; n_reads=12296(61.5%)
Removing repetitive stacks: cov > 21 (mean+3*stdev)...
  Blacklisted 42 stacks.
Coverage after repeat removal: mean=6.50; stdev=3.03; max=21; n_reads=11134(55.7%)

Assembling stacks (max dist. M=2)...
  Assembled 1714 stacks into 1749; blacklisted 0 stacks.
Coverage after assembling stacks: mean=6.52; stdev=3.09; max=23; n_reads=11134(55.7%)

Merging secondary stacks (max dist. N=4 from consensus)...
  Merged 649 out of 7704 secondary reads (8.4%), 52 merged with gapped alignments.
Coverage after merging secondary stacks: mean=6.90; stdev=3.36; max=25; n_reads=11783(58.9%)

Assembling stacks, allowing for gaps (min. match length 80.0%)...
  Assembled 1749 stacks into 1745 stacks.
Coverage after gapped assembly: mean=6.92; stdev=3.37; max=25; n_reads=11783(58.9%)

Merging secondary stacks, allowing for gaps (min. match length 80.0%)...
  Merged 26 out of 7055 secondary reads (0.4%).
Coverage after merging gapped secondary stacks: mean=6.93; stdev=3.37; max=25; n_reads=11809(59.0%)

Final number of stacks built: 1745
Final coverage: mean=6.93; stdev=3.37; max=25; n_reads=11809(59.0%)
Calling consensus sequences and haplotypes for catalog assembly...
Writing tags, SNPs, and alleles files to './stacks/GTTTCG_GGTCTTCACATGCAGG'...done.
ustacks is done.

Sample 178 of 181 'GTTTCG_GGTGAAGAGATGCAGG'
----------
ustacks --in-type fastq --file ./samples/GTTTCG_GGTGAAGAGATGCAGG.1.fq --out-path ./stacks --name GTTTCG_GGTGAAGAGATGCAGG -M 2 --threads 4  -m 4
ustacks parameters selected:
  Input file: './samples/GTTTCG_GGTGAAGAGATGCAGG.1.fq'
  Min depth of coverage to create a stack (m): 4
  Repeat removal algorithm: enabled
  Max distance allowed between stacks (M): 2
  Max distance allowed to align secondary reads: 4
  Max number of stacks allowed per de novo locus: 3
  Deleveraging algorithm: disabled
  Gapped assembly: enabled
  Minimum alignment length: 0.8
  Model type: SNP
  Alpha significance level for model: 0.05

Loading RAD-Tags...
Warning: Input reads contained 1 uncalled nucleotides.

Loaded 20000 reads; formed:
  1879 stacks representing 13537 primary reads (67.7%)
  4252 secondary stacks representing 6463 secondary reads (32.3%)

Stack coverage: mean=7.20; stdev=4.27; max=63; n_reads=13537(67.7%)
Removing repetitive stacks: cov > 21 (mean+3*stdev)...
  Blacklisted 21 stacks.
Coverage after repeat removal: mean=6.94; stdev=3.28; max=21; n_reads=12886(64.4%)

Assembling stacks (max dist. M=2)...
  Assembled 1858 stacks into 1852; blacklisted 0 stacks.
Coverage after assembling stacks: mean=7.04; stdev=3.41; max=27; n_reads=12886(64.4%)

Merging secondary stacks (max dist. N=4 from consensus)...
  Merged 839 out of 6463 secondary reads (13.0%), 58 merged with gapped alignments.
Coverage after merging secondary stacks: mean=7.50; stdev=3.72; max=28; n_reads=13725(68.6%)

Assembling stacks, allowing for gaps (min. match length 80.0%)...
  Assembled 1852 stacks into 1841 stacks.
Coverage after gapped assembly: mean=7.54; stdev=3.77; max=28; n_reads=13725(68.6%)

Merging secondary stacks, allowing for gaps (min. match length 80.0%)...
  Merged 35 out of 5624 secondary reads (0.6%).
Coverage after merging gapped secondary stacks: mean=7.56; stdev=3.78; max=28; n_reads=13760(68.8%)

Final number of stacks built: 1841
Final coverage: mean=7.56; stdev=3.78; max=28; n_reads=13760(68.8%)
Calling consensus sequences and haplotypes for catalog assembly...
Writing tags, SNPs, and alleles files to './stacks/GTTTCG_GGTGAAGAGATGCAGG'...done.
ustacks is done.

Sample 179 of 181 'GTTTCG_GGTGGCTTCATGCAGG'
----------
ustacks --in-type fastq --file ./samples/GTTTCG_GGTGGCTTCATGCAGG.1.fq --out-path ./stacks --name GTTTCG_GGTGGCTTCATGCAGG -M 2 --threads 4  -m 4
ustacks parameters selected:
  Input file: './samples/GTTTCG_GGTGGCTTCATGCAGG.1.fq'
  Min depth of coverage to create a stack (m): 4
  Repeat removal algorithm: enabled
  Max distance allowed between stacks (M): 2
  Max distance allowed to align secondary reads: 4
  Max number of stacks allowed per de novo locus: 3
  Deleveraging algorithm: disabled
  Gapped assembly: enabled
  Minimum alignment length: 0.8
  Model type: SNP
  Alpha significance level for model: 0.05

Loading RAD-Tags...
Warning: Input reads contained 4 uncalled nucleotides.

Loaded 20000 reads; formed:
  1786 stacks representing 14397 primary reads (72.0%)
  3660 secondary stacks representing 5603 secondary reads (28.0%)

Stack coverage: mean=8.06; stdev=5.56; max=55; n_reads=14397(72.0%)
Removing repetitive stacks: cov > 25 (mean+3*stdev)...
  Blacklisted 36 stacks.
Coverage after repeat removal: mean=7.54; stdev=4.06; max=25; n_reads=13192(66.0%)

Assembling stacks (max dist. M=2)...
  Assembled 1750 stacks into 1781; blacklisted 0 stacks.
Coverage after assembling stacks: mean=7.56; stdev=4.07; max=25; n_reads=13192(66.0%)

Merging secondary stacks (max dist. N=4 from consensus)...
  Merged 680 out of 5603 secondary reads (12.1%), 63 merged with gapped alignments.
Coverage after merging secondary stacks: mean=7.95; stdev=4.33; max=28; n_reads=13872(69.4%)

Assembling stacks, allowing for gaps (min. match length 80.0%)...
  Assembled 1781 stacks into 1767 stacks.
Coverage after gapped assembly: mean=8.01; stdev=4.38; max=28; n_reads=13872(69.4%)

Merging secondary stacks, allowing for gaps (min. match length 80.0%)...
  Merged 83 out of 4923 secondary reads (1.7%).
Coverage after merging gapped secondary stacks: mean=8.06; stdev=4.39; max=28; n_reads=13955(69.8%)

Final number of stacks built: 1767
Final coverage: mean=8.06; stdev=4.39; max=28; n_reads=13955(69.8%)
Calling consensus sequences and haplotypes for catalog assembly...
Writing tags, SNPs, and alleles files to './stacks/GTTTCG_GGTGGCTTCATGCAGG'...done.
ustacks is done.

Sample 180 of 181 'GTTTCG_GGTGGTGGTATGCAGG'
----------
ustacks --in-type fastq --file ./samples/GTTTCG_GGTGGTGGTATGCAGG.1.fq --out-path ./stacks --name GTTTCG_GGTGGTGGTATGCAGG -M 2 --threads 4  -m 4
ustacks parameters selected:
  Input file: './samples/GTTTCG_GGTGGTGGTATGCAGG.1.fq'
  Min depth of coverage to create a stack (m): 4
  Repeat removal algorithm: enabled
  Max distance allowed between stacks (M): 2
  Max distance allowed to align secondary reads: 4
  Max number of stacks allowed per de novo locus: 3
  Deleveraging algorithm: disabled
  Gapped assembly: enabled
  Minimum alignment length: 0.8
  Model type: SNP
  Alpha significance level for model: 0.05

Loading RAD-Tags...
Warning: Input reads contained 4 uncalled nucleotides.

Loaded 20000 reads; formed:
  1475 stacks representing 16920 primary reads (84.6%)
  2460 secondary stacks representing 3080 secondary reads (15.4%)

Stack coverage: mean=11.47; stdev=8.89; max=147; n_reads=16920(84.6%)
Removing repetitive stacks: cov > 39 (mean+3*stdev)...
  Blacklisted 19 stacks.
Coverage after repeat removal: mean=10.87; stdev=6.19; max=39; n_reads=15832(79.2%)

Assembling stacks (max dist. M=2)...
  Assembled 1456 stacks into 1443; blacklisted 0 stacks.
Coverage after assembling stacks: mean=11.10; stdev=6.43; max=56; n_reads=15832(79.2%)

Merging secondary stacks (max dist. N=4 from consensus)...
  Merged 1628 out of 3080 secondary reads (52.9%), 133 merged with gapped alignments.
Coverage after merging secondary stacks: mean=12.24; stdev=7.12; max=60; n_reads=17460(87.3%)

Assembling stacks, allowing for gaps (min. match length 80.0%)...
  Assembled 1443 stacks into 1434 stacks.
Coverage after gapped assembly: mean=12.32; stdev=7.20; max=60; n_reads=17460(87.3%)

Merging secondary stacks, allowing for gaps (min. match length 80.0%)...
  Merged 31 out of 1452 secondary reads (2.1%).
Coverage after merging gapped secondary stacks: mean=12.34; stdev=7.22; max=60; n_reads=17491(87.5%)

Final number of stacks built: 1434
Final coverage: mean=12.34; stdev=7.22; max=60; n_reads=17491(87.5%)
Calling consensus sequences and haplotypes for catalog assembly...
Writing tags, SNPs, and alleles files to './stacks/GTTTCG_GGTGGTGGTATGCAGG'...done.
ustacks is done.

Sample 181 of 181 'GTTTCG_GGTTCACGCATGCAGG'
----------
ustacks --in-type fastq --file ./samples/GTTTCG_GGTTCACGCATGCAGG.1.fq --out-path ./stacks --name GTTTCG_GGTTCACGCATGCAGG -M 2 --threads 4  -m 4
ustacks parameters selected:
  Input file: './samples/GTTTCG_GGTTCACGCATGCAGG.1.fq'
  Min depth of coverage to create a stack (m): 4
  Repeat removal algorithm: enabled
  Max distance allowed between stacks (M): 2
  Max distance allowed to align secondary reads: 4
  Max number of stacks allowed per de novo locus: 3
  Deleveraging algorithm: disabled
  Gapped assembly: enabled
  Minimum alignment length: 0.8
  Model type: SNP
  Alpha significance level for model: 0.05

Loading RAD-Tags...
Warning: Input reads contained 4 uncalled nucleotides.

Loaded 20000 reads; formed:
  1915 stacks representing 12850 primary reads (64.2%)
  4702 secondary stacks representing 7150 secondary reads (35.8%)

Stack coverage: mean=6.71; stdev=3.33; max=32; n_reads=12850(64.2%)
Removing repetitive stacks: cov > 17 (mean+3*stdev)...
  Blacklisted 30 stacks.
Coverage after repeat removal: mean=6.48; stdev=2.75; max=17; n_reads=12219(61.1%)

Assembling stacks (max dist. M=2)...
  Assembled 1885 stacks into 1899; blacklisted 1 stacks.
Coverage after assembling stacks: mean=6.52; stdev=2.82; max=25; n_reads=12188(60.9%)

Merging secondary stacks (max dist. N=4 from consensus)...
  Merged 674 out of 7150 secondary reads (9.4%), 54 merged with gapped alignments.
Coverage after merging secondary stacks: mean=6.88; stdev=3.04; max=26; n_reads=12862(64.3%)

Assembling stacks, allowing for gaps (min. match length 80.0%)...
  Assembled 1899 stacks into 1894 stacks.
Coverage after gapped assembly: mean=6.90; stdev=3.06; max=26; n_reads=12862(64.3%)

Merging secondary stacks, allowing for gaps (min. match length 80.0%)...
  Merged 37 out of 6476 secondary reads (0.6%).
Coverage after merging gapped secondary stacks: mean=6.92; stdev=3.06; max=26; n_reads=12899(64.5%)

Final number of stacks built: 1894
Final coverage: mean=6.92; stdev=3.06; max=26; n_reads=12899(64.5%)
Calling consensus sequences and haplotypes for catalog assembly...
Writing tags, SNPs, and alleles files to './stacks/GTTTCG_GGTTCACGCATGCAGG'...done.
ustacks is done.

BEGIN cov_per_sample
# Depths of Coverage for Processed Samples
sample	loci assembled	depth of cov	max cov	number reads incorporated	% reads incorporated
CGTACG_GGAAACATCGTGCAGG	1281	10.51	83	13296	66.5
CGTACG_GGAACAACCATGCAGG	1366	10.27	77	13843	69.2
CGTACG_GGAACCGAGATGCAGG	1438	8.01	64	11368	56.8
CGTACG_GGAACGCTTATGCAGG	1412	9.15	92	12764	63.8
CGTACG_GGAAGACGGATGCAGG	1516	8.53	69	12784	63.9
CGTACG_GGAAGGTACATGCAGG	1308	10.63	70	13726	68.6
CGTACG_GGAATGTTGCTGCAGG	1388	11.99	50	16485	82.4
CGTACG_GGACAAGCTATGCAGG	1703	8.48	50	14327	71.6
CGTACG_GGACACAGAATGCAGG	1449	8.86	57	12679	63.4
CGTACG_GGACACGAGATGCAGG	1600	7.65	58	12127	60.6
CGTACG_GGACAGATTCTGCAGG	1744	8.13	45	14044	70.2
CGTACG_GGACAGCAGATGCAGG	1384	9.31	85	12733	63.7
CGTACG_GGACATTGGCTGCAGG	1142	12.92	93	14548	72.7
CGTACG_GGACCACTGTTGCAGG	1311	12.22	64	15828	79.1
CGTACG_GGACCTCCAATGCAGG	1478	8.63	65	12605	63.0
CGTACG_GGACGCTCGATGCAGG	1408	7.67	76	10656	53.3
CGTACG_GGACGTATCATGCAGG	1373	8.49	62	11506	57.5
CGTACG_GGACTATGCATGCAGG	1558	7.50	70	11556	57.8
CGTACG_GGAGAGTCAATGCAGG	1516	8.03	79	12027	60.1
CGTACG_GGAGATCGCATGCAGG	1616	9.35	46	14956	74.8
CGTACG_GGAGCAGGAATGCAGG	983	15.49	108	14998	75.0
CGTACG_GGAGTACAAGTGCAGG	1404	10.64	68	14774	73.9
CGTACG_GGAGTCAAGCTGCAGG	1297	12.85	88	16550	82.8
CGTACG_GGAGTCACTATGCAGG	1515	9.09	73	13629	68.1
CGTACG_GGAGTGGTCATGCAGG	1377	9.23	88	12552	62.8
CGTACG_GGATAGCGACTGCAGG	1133	15.39	78	17273	86.4
CGTACG_GGATGCCTAATGCAGG	1208	12.09	73	14405	72.0
CGTACG_GGATTGAGGATGCAGG	1601	9.34	83	14782	73.9
CGTACG_GGCAACCACATGCAGG	1300	12.06	60	15468	77.3
CGTACG_GGCAATGGAATGCAGG	1680	8.42	47	13996	70.0
CGTACG_GGCAGATCTGTGCAGG	1353	11.82	65	15784	78.9
CGTACG_GGCAGCGTTATGCAGG	996	15.75	87	15464	77.3
CGTACG_GGCATACCAATGCAGG	1203	12.46	84	14793	74.0
CGTACG_GGCATCAAGTTGCAGG	1437	7.32	75	10399	52.0
CGTACG_GGCCAGTTCATGCAGG	1471	10.03	80	14597	73.0
CGTACG_GGCCGAAGTATGCAGG	1440	7.02	34	9994	50.0
CGTACG_GGCCGTGAGATGCAGG	1601	8.93	45	14149	70.7
CGTACG_GGCCTCCTGATGCAGG	1006	14.49	137	14370	71.9
CGTACG_GGCGAACTTATGCAGG	1360	10.63	49	14291	71.5
CGTACG_GGCGCATACATGCAGG	1689	8.66	50	14557	72.8
CGTACG_GGCTCAATGATGCAGG	1444	8.80	50	12566	62.8
CGTACG_GGCTGAGCCATGCAGG	1312	11.83	62	15329	76.6
CGTACG_GGCTGGCATATGCAGG	1384	10.28	75	14059	70.3
CGTACG_GGGAACAGGCTGCAGG	1815	8.19	30	14691	73.5
CGTACG_GGGAATCTGATGCAGG	1191	12.51	100	14689	73.4
CGTACG_GGGAGCTGAATGCAGG	1100	12.85	133	13945	69.7
CGTACG_GGGCCAAGACTGCAGG	1526	10.68	50	16141	80.7
CGTACG_GGGCCACATATGCAGG	1222	12.38	86	14941	74.7
CGTACG_GGGCGAGTAATGCAGG	1392	10.72	73	14747	73.7
CGTACG_GGGGTGCGAATGCAGG	1031	16.81	86	17148	85.7
CGTACG_GGTATCAGCATGCAGG	1248	12.17	83	15052	75.3
CGTACG_GGTCCGTCTATGCAGG	1111	15.25	74	16711	83.6
CGTACG_GGTCTTCACATGCAGG	959	16.59	73	15648	78.2
CGTACG_GGTGGAACAATGCAGG	1573	10.09	45	15685	78.4
CGTACG_GGTGGCTTCATGCAGG	1431	10.38	101	14732	73.7
CGTACG_GGTGGTGGTATGCAGG	1670	8.60	48	14215	71.1
CGTACG_GGTTCACGCATGCAGG	1666	9.62	44	15888	79.4
GAGTGG_GGAAACATCGTGCAGG	1411	8.49	37	11842	59.2
GAGTGG_GGAACAACCATGCAGG	1326	8.89	83	11633	58.2
GAGTGG_GGAACCGAGATGCAGG	1232	11.44	90	13921	69.6
GAGTGG_GGAACGAACGTGCAGG	1473	7.94	62	11555	57.8
GAGTGG_GGAACGCTTATGCAGG	1416	9.25	62	12950	64.8
GAGTGG_GGAACGTGATTGCAGG	1373	9.10	39	12346	61.7
GAGTGG_GGAAGACGGATGCAGG	1279	11.15	64	14097	70.5
GAGTGG_GGAATCCGTCTGCAGG	1488	8.93	54	13150	65.8
GAGTGG_GGAATGTTGCTGCAGG	1241	12.22	88	15015	75.1
GAGTGG_GGACAAGCTATGCAGG	1402	8.82	59	12216	61.1
GAGTGG_GGACACAGAATGCAGG	1378	10.57	79	14381	71.9
GAGTGG_GGACACGAGATGCAGG	1683	8.29	37	13810	69.0
GAGTGG_GGACAGATTCTGCAGG	1496	9.06	56	13404	67.0
GAGTGG_GGACAGCAGATGCAGG	1406	8.76	79	12171	60.9
GAGTGG_GGACATTGGCTGCAGG	1399	8.77	66	12135	60.7
GAGTGG_GGACCACTGTTGCAGG	1410	8.29	62	11551	57.8
GAGTGG_GGACCTCCAATGCAGG	1394	9.65	68	13304	66.5
GAGTGG_GGACGCTCGATGCAGG	1181	11.89	60	13842	69.2
GAGTGG_GGACGTATCATGCAGG	1229	8.52	46	10326	51.6
GAGTGG_GGACTATGCATGCAGG	1193	11.07	111	13036	65.2
GAGTGG_GGAGAGTCAATGCAGG	1236	8.30	103	10130	50.6
GAGTGG_GGAGATCGCATGCAGG	1237	8.35	76	10193	51.0
GAGTGG_GGAGCACCTCTGCAGG	1341	9.43	76	12517	62.6
GAGTGG_GGAGCAGGAATGCAGG	1281	8.61	118	10896	54.5
GAGTGG_GGAGTACAAGTGCAGG	1298	8.94	79	11461	57.3
GAGTGG_GGAGTCACTATGCAGG	1154	11.58	111	13185	65.9
GAGTGG_GGAGTGGTCATGCAGG	1345	9.06	99	12046	60.2
GAGTGG_GGATCCTGTATGCAGG	1235	8.64	67	10536	52.7
GAGTGG_GGATGCCTAATGCAGG	1418	8.62	81	12087	60.4
GAGTGG_GGATTGAGGATGCAGG	1341	8.62	45	11406	57.0
GAGTGG_GGATTGGCTCTGCAGG	1317	10.64	83	13856	69.3
GAGTGG_GGCAACCACATGCAGG	1270	8.69	36	10881	54.4
GAGTGG_GGCAAGGAGCTGCAGG	1291	11.51	88	14736	73.7
GAGTGG_GGCAATGGAATGCAGG	1367	8.70	54	11750	58.8
GAGTGG_GGCACTTCGATGCAGG	1034	11.91	58	12110	60.6
GAGTGG_GGCAGATCTGTGCAGG	1609	8.79	42	14019	70.1
GAGTGG_GGCAGCGTTATGCAGG	1447	9.17	43	13128	65.6
GAGTGG_GGCATACCAATGCAGG	1343	9.98	96	13244	66.2
GAGTGG_GGCATCAAGTTGCAGG	1338	9.09	61	12021	60.1
GAGTGG_GGCCAGTTCATGCAGG	1202	8.64	105	10244	51.2
GAGTGG_GGCCGAAGTATGCAGG	1169	12.06	111	13937	69.7
GAGTGG_GGCCGTGAGATGCAGG	1136	8.78	102	9838	49.2
GAGTGG_GGCCTCCTGATGCAGG	1292	8.91	114	11365	56.8
GAGTGG_GGCGAACTTATGCAGG	1070	8.97	147	9464	47.3
GAGTGG_GGCGACTGGATGCAGG	1516	9.53	54	14311	71.6
GAGTGG_GGCGCATACATGCAGG	1353	11.11	51	14837	74.2
GAGTGG_GGCGGATTGCTGCAGG	1376	10.11	63	13753	68.8
GAGTGG_GGCTAAGGTCTGCAGG	1432	9.19	86	13028	65.1
GAGTGG_GGCTCAATGATGCAGG	1453	9.62	72	13832	69.2
GAGTGG_GGCTGAGCCATGCAGG	1504	7.97	38	11851	59.3
GAGTGG_GGCTGGCATATGCAGG	1431	8.29	42	11720	58.6
GAGTGG_GGGAACAGGCTGCAGG	1600	8.72	45	13837	69.2
GAGTGG_GGGAATCTGATGCAGG	1583	8.52	47	13325	66.6
GAGTGG_GGGAGCTGAATGCAGG	1633	7.49	49	12038	60.2
GAGTGG_GGGATAGACATGCAGG	1363	7.29	53	9806	49.0
GAGTGG_GGGCCACATATGCAGG	1549	7.98	48	12240	61.2
GAGTGG_GGGCGAGTAATGCAGG	1584	8.64	51	13553	67.8
GAGTGG_GGGCTAACGATGCAGG	1516	8.76	47	13138	65.7
GAGTGG_GGGCTCGGTATGCAGG	1591	9.15	43	14404	72.0
GAGTGG_GGGGAGAACATGCAGG	1551	8.63	54	13241	66.2
GAGTGG_GGGGTGCGAATGCAGG	1680	7.30	33	12141	60.7
GAGTGG_GGGTACGCAATGCAGG	1542	9.46	53	14433	72.2
GAGTGG_GGGTCGTAGATGCAGG	1535	9.36	60	14214	71.1
GAGTGG_GGGTGTTCTATGCAGG	1716	8.26	51	14024	70.1
GAGTGG_GGTAGGATGATGCAGG	1608	9.02	54	14348	71.7
GAGTGG_GGTATCAGCATGCAGG	1413	8.39	63	11724	58.6
GAGTGG_GGTCCGTCTATGCAGG	1550	8.68	50	13308	66.5
GAGTGG_GGTCTTCACATGCAGG	1501	9.69	51	14396	72.0
GAGTGG_GGTGAAGAGATGCAGG	1580	8.24	44	12886	64.4
GAGTGG_GGTGGAACAATGCAGG	1585	7.98	39	12522	62.6
GAGTGG_GGTGGCTTCATGCAGG	1591	8.45	55	13303	66.5
GAGTGG_GGTGGTGGTATGCAGG	1271	12.31	79	15470	77.3
GAGTGG_GGTTCACGCATGCAGG	1549	8.41	36	12891	64.5
GTTTCG_GGAAACATCGTGCAGG	1688	9.00	47	15049	75.2
GTTTCG_GGAACAACCATGCAGG	1605	7.02	35	11146	55.7
GTTTCG_GGAACGAACGTGCAGG	1584	6.89	25	10735	53.7
GTTTCG_GGAACGCTTATGCAGG	1759	8.28	41	14429	72.1
GTTTCG_GGAACGTGATTGCAGG	1604	9.17	40	14565	72.8
GTTTCG_GGAAGACGGATGCAGG	1208	13.56	77	16220	81.1
GTTTCG_GGAAGGTACATGCAGG	1578	7.06	26	10993	55.0
GTTTCG_GGACAAGCTATGCAGG	1235	12.70	72	15488	77.4
GTTTCG_GGACACGAGATGCAGG	1823	8.82	31	15956	79.8
GTTTCG_GGACATTGGCTGCAGG	1541	10.55	45	16050	80.2
GTTTCG_GGACCACTGTTGCAGG	1471	7.06	48	10286	51.4
GTTTCG_GGACCTCCAATGCAGG	1293	13.65	43	17398	87.0
GTTTCG_GGAGAGTCAATGCAGG	1090	14.72	91	15810	79.0
GTTTCG_GGAGATCGCATGCAGG	994	15.65	83	15318	76.6
GTTTCG_GGAGCAGGAATGCAGG	1195	12.54	86	14790	74.0
GTTTCG_GGAGTACAAGTGCAGG	1657	7.36	31	12089	60.4
GTTTCG_GGAGTCACTATGCAGG	931	16.54	105	15166	75.8
GTTTCG_GGAGTGGTCATGCAGG	1777	7.76	40	13675	68.4
GTTTCG_GGATCCTGTATGCAGG	1049	14.39	96	14862	74.3
GTTTCG_GGATGCCTAATGCAGG	1092	15.62	66	16839	84.2
GTTTCG_GGATTGAGGATGCAGG	1511	10.86	51	16227	81.1
GTTTCG_GGCAACCACATGCAGG	1134	14.17	63	15870	79.3
GTTTCG_GGCAGATCTGTGCAGG	1438	11.85	48	16884	84.4
GTTTCG_GGCATCAAGTTGCAGG	1602	8.26	34	13028	65.1
GTTTCG_GGCCAGTTCATGCAGG	1166	13.86	66	15930	79.7
GTTTCG_GGCCGTGAGATGCAGG	1428	10.92	55	15425	77.1
GTTTCG_GGCGAACTTATGCAGG	1459	10.66	65	15391	77.0
GTTTCG_GGCGACTGGATGCAGG	1047	16.55	62	17068	85.3
GTTTCG_GGCGCATACATGCAGG	1031	15.21	78	15434	77.2
GTTTCG_GGCGCTGATCTGCAGG	1748	8.34	41	14464	72.3
GTTTCG_GGCTCAATGATGCAGG	1245	13.00	64	15971	79.9
GTTTCG_GGCTGAGCCATGCAGG	1267	12.39	63	15518	77.6
GTTTCG_GGCTGGCATATGCAGG	1385	10.23	66	14009	70.0
GTTTCG_GGGAATCTGATGCAGG	1573	7.62	35	11858	59.3
GTTTCG_GGGAGCTGAATGCAGG	1415	10.61	73	14844	74.2
GTTTCG_GGGATAGACATGCAGG	1389	10.59	60	14536	72.7
GTTTCG_GGGCCACATATGCAGG	1447	10.89	58	15586	77.9
GTTTCG_GGGCGAGTAATGCAGG	1574	9.97	50	15557	77.8
GTTTCG_GGGCTAACGATGCAGG	1562	9.94	56	15379	76.9
GTTTCG_GGGGAGAACATGCAGG	1532	11.38	43	17314	86.6
GTTTCG_GGGTCGTAGATGCAGG	1604	10.48	46	16662	83.3
GTTTCG_GGGTCTGTCATGCAGG	1221	14.21	53	17083	85.4
GTTTCG_GGGTGTTCTATGCAGG	1852	8.13	51	14881	74.4
GTTTCG_GGTAGGATGATGCAGG	1463	10.90	60	15764	78.8
GTTTCG_GGTATCAGCATGCAGG	1525	6.86	25	10308	51.5
GTTTCG_GGTCCGTCTATGCAGG	1891	6.96	24	13000	65.0
GTTTCG_GGTCTTCACATGCAGG	1745	6.93	25	11809	59.0
GTTTCG_GGTGAAGAGATGCAGG	1841	7.56	28	13760	68.8
GTTTCG_GGTGGCTTCATGCAGG	1767	8.06	28	13955	69.8
GTTTCG_GGTGGTGGTATGCAGG	1434	12.34	60	17491	87.5
GTTTCG_GGTTCACGCATGCAGG	1894	6.92	26	12899	64.5
END cov_per_sample

cstacks
==========
cstacks -n 4 --threads 4 -M popmap.txt -P ./stacks

cstacks parameters selected:
  Loci matched based on sequence identity.
  Number of mismatches allowed between stacks: 4
  Gapped alignments: enabled
Constructing catalog from 181 samples.

Initializing new catalog...
  Parsing ./stacks/CGTACG_GGAAACATCGTGCAGG.tags.tsv
  Parsing ./stacks/CGTACG_GGAAACATCGTGCAGG.snps.tsv
  Parsing ./stacks/CGTACG_GGAAACATCGTGCAGG.alleles.tsv
  1265 loci were newly added to the catalog.

Processing sample ./stacks/CGTACG_GGAACAACCATGCAGG [2 of 181]
  Parsing ./stacks/CGTACG_GGAACAACCATGCAGG.tags.tsv
  Parsing ./stacks/CGTACG_GGAACAACCATGCAGG.snps.tsv
  Parsing ./stacks/CGTACG_GGAACAACCATGCAGG.alleles.tsv
Searching for sequence matches...
  1265 loci in the catalog, 101842 kmers in the catalog hash.
Searching for gapped alignments...
Merging matches into catalog...
  136 loci were matched to a catalog locus.
  101 loci were matched to a catalog locus using gapped alignments.
  1111 loci were newly added to the catalog.
  0 loci matched more than one catalog locus, linking them.
    0 linked catalog loci were merged into 0 loci.

Processing sample ./stacks/CGTACG_GGAACCGAGATGCAGG [3 of 181]
  Parsing ./stacks/CGTACG_GGAACCGAGATGCAGG.tags.tsv
  Parsing ./stacks/CGTACG_GGAACCGAGATGCAGG.snps.tsv
  Parsing ./stacks/CGTACG_GGAACCGAGATGCAGG.alleles.tsv
Searching for sequence matches...
  2376 loci in the catalog, 197555 kmers in the catalog hash.
Searching for gapped alignments...
Merging matches into catalog...
  258 loci were matched to a catalog locus.
  115 loci were matched to a catalog locus using gapped alignments.
  1048 loci were newly added to the catalog.
  2 loci matched more than one catalog locus, linking them.
    4 linked catalog loci were merged into 2 loci.

Processing sample ./stacks/CGTACG_GGAACGCTTATGCAGG [4 of 181]
  Parsing ./stacks/CGTACG_GGAACGCTTATGCAGG.tags.tsv
  Parsing ./stacks/CGTACG_GGAACGCTTATGCAGG.snps.tsv
  Parsing ./stacks/CGTACG_GGAACGCTTATGCAGG.alleles.tsv
Searching for sequence matches...
  3422 loci in the catalog, 288965 kmers in the catalog hash.
Searching for gapped alignments...
Merging matches into catalog...
  415 loci were matched to a catalog locus.
  177 loci were matched to a catalog locus using gapped alignments.
  804 loci were newly added to the catalog.
  1 loci matched more than one catalog locus, linking them.
    2 linked catalog loci were merged into 1 loci.

Processing sample ./stacks/CGTACG_GGAAGACGGATGCAGG [5 of 181]
  Parsing ./stacks/CGTACG_GGAAGACGGATGCAGG.tags.tsv
  Parsing ./stacks/CGTACG_GGAAGACGGATGCAGG.snps.tsv
  Parsing ./stacks/CGTACG_GGAAGACGGATGCAGG.alleles.tsv
Searching for sequence matches...
  4225 loci in the catalog, 355103 kmers in the catalog hash.
Searching for gapped alignments...
Merging matches into catalog...
  462 loci were matched to a catalog locus.
  186 loci were matched to a catalog locus using gapped alignments.
  850 loci were newly added to the catalog.
  0 loci matched more than one catalog locus, linking them.
    0 linked catalog loci were merged into 0 loci.

Processing sample ./stacks/CGTACG_GGAAGGTACATGCAGG [6 of 181]
  Parsing ./stacks/CGTACG_GGAAGGTACATGCAGG.tags.tsv
  Parsing ./stacks/CGTACG_GGAAGGTACATGCAGG.snps.tsv
  Parsing ./stacks/CGTACG_GGAAGGTACATGCAGG.alleles.tsv
Searching for sequence matches...
  5075 loci in the catalog, 423738 kmers in the catalog hash.
Searching for gapped alignments...
Merging matches into catalog...
  466 loci were matched to a catalog locus.
  199 loci were matched to a catalog locus using gapped alignments.
  626 loci were newly added to the catalog.
  0 loci matched more than one catalog locus, linking them.
    0 linked catalog loci were merged into 0 loci.

Processing sample ./stacks/CGTACG_GGACAAGCTATGCAGG [7 of 181]
  Parsing ./stacks/CGTACG_GGACAAGCTATGCAGG.tags.tsv
  Parsing ./stacks/CGTACG_GGACAAGCTATGCAGG.snps.tsv
  Parsing ./stacks/CGTACG_GGACAAGCTATGCAGG.alleles.tsv
Searching for sequence matches...
  5701 loci in the catalog, 473593 kmers in the catalog hash.
Searching for gapped alignments...
Merging matches into catalog...
  227 loci were matched to a catalog locus.
  109 loci were matched to a catalog locus using gapped alignments.
  1353 loci were newly added to the catalog.
  0 loci matched more than one catalog locus, linking them.
    0 linked catalog loci were merged into 0 loci.

Processing sample ./stacks/CGTACG_GGACACAGAATGCAGG [8 of 181]
  Parsing ./stacks/CGTACG_GGACACAGAATGCAGG.tags.tsv
  Parsing ./stacks/CGTACG_GGACACAGAATGCAGG.snps.tsv
  Parsing ./stacks/CGTACG_GGACACAGAATGCAGG.alleles.tsv
Searching for sequence matches...
  7054 loci in the catalog, 592049 kmers in the catalog hash.
Searching for gapped alignments...
Merging matches into catalog...
  662 loci were matched to a catalog locus.
  246 loci were matched to a catalog locus using gapped alignments.
  523 loci were newly added to the catalog.
  0 loci matched more than one catalog locus, linking them.
    0 linked catalog loci were merged into 0 loci.

Processing sample ./stacks/CGTACG_GGACAGCAGATGCAGG [9 of 181]
  Parsing ./stacks/CGTACG_GGACAGCAGATGCAGG.tags.tsv
  Parsing ./stacks/CGTACG_GGACAGCAGATGCAGG.snps.tsv
  Parsing ./stacks/CGTACG_GGACAGCAGATGCAGG.alleles.tsv
Searching for sequence matches...
  7577 loci in the catalog, 630177 kmers in the catalog hash.
Searching for gapped alignments...
Merging matches into catalog...
  566 loci were matched to a catalog locus.
  282 loci were matched to a catalog locus using gapped alignments.
  519 loci were newly added to the catalog.
  0 loci matched more than one catalog locus, linking them.
    0 linked catalog loci were merged into 0 loci.

Processing sample ./stacks/CGTACG_GGACATTGGCTGCAGG [10 of 181]
  Parsing ./stacks/CGTACG_GGACATTGGCTGCAGG.tags.tsv
  Parsing ./stacks/CGTACG_GGACATTGGCTGCAGG.snps.tsv
  Parsing ./stacks/CGTACG_GGACATTGGCTGCAGG.alleles.tsv
Searching for sequence matches...
  8096 loci in the catalog, 666163 kmers in the catalog hash.
Searching for gapped alignments...
Merging matches into catalog...
  438 loci were matched to a catalog locus.
  217 loci were matched to a catalog locus using gapped alignments.
  471 loci were newly added to the catalog.
  0 loci matched more than one catalog locus, linking them.
    0 linked catalog loci were merged into 0 loci.

Processing sample ./stacks/CGTACG_GGACCACTGTTGCAGG [11 of 181]
  Parsing ./stacks/CGTACG_GGACCACTGTTGCAGG.tags.tsv
  Parsing ./stacks/CGTACG_GGACCACTGTTGCAGG.snps.tsv
  Parsing ./stacks/CGTACG_GGACCACTGTTGCAGG.alleles.tsv
Searching for sequence matches...
  8567 loci in the catalog, 696692 kmers in the catalog hash.
Searching for gapped alignments...
Merging matches into catalog...
  515 loci were matched to a catalog locus.
  200 loci were matched to a catalog locus using gapped alignments.
  580 loci were newly added to the catalog.
  0 loci matched more than one catalog locus, linking them.
    0 linked catalog loci were merged into 0 loci.

Processing sample ./stacks/CGTACG_GGACCTCCAATGCAGG [12 of 181]
  Parsing ./stacks/CGTACG_GGACCTCCAATGCAGG.tags.tsv
  Parsing ./stacks/CGTACG_GGACCTCCAATGCAGG.snps.tsv
  Parsing ./stacks/CGTACG_GGACCTCCAATGCAGG.alleles.tsv
Searching for sequence matches...
  9147 loci in the catalog, 730989 kmers in the catalog hash.
Searching for gapped alignments...
Merging matches into catalog...
  660 loci were matched to a catalog locus.
  252 loci were matched to a catalog locus using gapped alignments.
  548 loci were newly added to the catalog.
  0 loci matched more than one catalog locus, linking them.
    0 linked catalog loci were merged into 0 loci.

Processing sample ./stacks/CGTACG_GGACGCTCGATGCAGG [13 of 181]
  Parsing ./stacks/CGTACG_GGACGCTCGATGCAGG.tags.tsv
  Parsing ./stacks/CGTACG_GGACGCTCGATGCAGG.snps.tsv
  Parsing ./stacks/CGTACG_GGACGCTCGATGCAGG.alleles.tsv
Searching for sequence matches...
  9695 loci in the catalog, 770979 kmers in the catalog hash.
Searching for gapped alignments...
Merging matches into catalog...
  421 loci were matched to a catalog locus.
  267 loci were matched to a catalog locus using gapped alignments.
  702 loci were newly added to the catalog.
  0 loci matched more than one catalog locus, linking them.
    0 linked catalog loci were merged into 0 loci.

Processing sample ./stacks/CGTACG_GGACGTATCATGCAGG [14 of 181]
  Parsing ./stacks/CGTACG_GGACGTATCATGCAGG.tags.tsv
  Parsing ./stacks/CGTACG_GGACGTATCATGCAGG.snps.tsv
  Parsing ./stacks/CGTACG_GGACGTATCATGCAGG.alleles.tsv
Searching for sequence matches...
  10397 loci in the catalog, 826491 kmers in the catalog hash.
Searching for gapped alignments...
Merging matches into catalog...
  676 loci were matched to a catalog locus.
  304 loci were matched to a catalog locus using gapped alignments.
  375 loci were newly added to the catalog.
  0 loci matched more than one catalog locus, linking them.
    0 linked catalog loci were merged into 0 loci.

Processing sample ./stacks/CGTACG_GGACTATGCATGCAGG [15 of 181]
  Parsing ./stacks/CGTACG_GGACTATGCATGCAGG.tags.tsv
  Parsing ./stacks/CGTACG_GGACTATGCATGCAGG.snps.tsv
  Parsing ./stacks/CGTACG_GGACTATGCATGCAGG.alleles.tsv
Searching for sequence matches...
  10772 loci in the catalog, 851308 kmers in the catalog hash.
Searching for gapped alignments...
Merging matches into catalog...
  483 loci were matched to a catalog locus.
  171 loci were matched to a catalog locus using gapped alignments.
  887 loci were newly added to the catalog.
  0 loci matched more than one catalog locus, linking them.
    0 linked catalog loci were merged into 0 loci.

Processing sample ./stacks/CGTACG_GGAGAGTCAATGCAGG [16 of 181]
  Parsing ./stacks/CGTACG_GGAGAGTCAATGCAGG.tags.tsv
  Parsing ./stacks/CGTACG_GGAGAGTCAATGCAGG.snps.tsv
  Parsing ./stacks/CGTACG_GGAGAGTCAATGCAGG.alleles.tsv
Searching for sequence matches...
  11659 loci in the catalog, 921364 kmers in the catalog hash.
Searching for gapped alignments...
Merging matches into catalog...
  485 loci were matched to a catalog locus.
  234 loci were matched to a catalog locus using gapped alignments.
  778 loci were newly added to the catalog.
  0 loci matched more than one catalog locus, linking them.
    0 linked catalog loci were merged into 0 loci.

Processing sample ./stacks/CGTACG_GGAGATCGCATGCAGG [17 of 181]
  Parsing ./stacks/CGTACG_GGAGATCGCATGCAGG.tags.tsv
  Parsing ./stacks/CGTACG_GGAGATCGCATGCAGG.snps.tsv
  Parsing ./stacks/CGTACG_GGAGATCGCATGCAGG.alleles.tsv
Searching for sequence matches...
  12437 loci in the catalog, 981287 kmers in the catalog hash.
Searching for gapped alignments...
Merging matches into catalog...
  333 loci were matched to a catalog locus.
  172 loci were matched to a catalog locus using gapped alignments.
  1095 loci were newly added to the catalog.
  0 loci matched more than one catalog locus, linking them.
    0 linked catalog loci were merged into 0 loci.

Processing sample ./stacks/CGTACG_GGAGCAGGAATGCAGG [18 of 181]
  Parsing ./stacks/CGTACG_GGAGCAGGAATGCAGG.tags.tsv
  Parsing ./stacks/CGTACG_GGAGCAGGAATGCAGG.snps.tsv
  Parsing ./stacks/CGTACG_GGAGCAGGAATGCAGG.alleles.tsv
Searching for sequence matches...
  13532 loci in the catalog, 1071637 kmers in the catalog hash.
Searching for gapped alignments...
Merging matches into catalog...
  333 loci were matched to a catalog locus.
  179 loci were matched to a catalog locus using gapped alignments.
  456 loci were newly added to the catalog.
  0 loci matched more than one catalog locus, linking them.
    0 linked catalog loci were merged into 0 loci.

Processing sample ./stacks/CGTACG_GGAGTACAAGTGCAGG [19 of 181]
  Parsing ./stacks/CGTACG_GGAGTACAAGTGCAGG.tags.tsv
  Parsing ./stacks/CGTACG_GGAGTACAAGTGCAGG.snps.tsv
  Parsing ./stacks/CGTACG_GGAGTACAAGTGCAGG.alleles.tsv
Searching for sequence matches...
  13988 loci in the catalog, 1105892 kmers in the catalog hash.
Searching for gapped alignments...
Merging matches into catalog...
  553 loci were matched to a catalog locus.
  269 loci were matched to a catalog locus using gapped alignments.
  566 loci were newly added to the catalog.
  0 loci matched more than one catalog locus, linking them.
    0 linked catalog loci were merged into 0 loci.

Processing sample ./stacks/CGTACG_GGAGTCACTATGCAGG [20 of 181]
  Parsing ./stacks/CGTACG_GGAGTCACTATGCAGG.tags.tsv
  Parsing ./stacks/CGTACG_GGAGTCACTATGCAGG.snps.tsv
  Parsing ./stacks/CGTACG_GGAGTCACTATGCAGG.alleles.tsv
Searching for sequence matches...
  14554 loci in the catalog, 1146913 kmers in the catalog hash.
Searching for gapped alignments...
Merging matches into catalog...
  491 loci were matched to a catalog locus.
  214 loci were matched to a catalog locus using gapped alignments.
  794 loci were newly added to the catalog.
  0 loci matched more than one catalog locus, linking them.
    0 linked catalog loci were merged into 0 loci.

Processing sample ./stacks/CGTACG_GGAGTGGTCATGCAGG [21 of 181]
  Parsing ./stacks/CGTACG_GGAGTGGTCATGCAGG.tags.tsv
  Parsing ./stacks/CGTACG_GGAGTGGTCATGCAGG.snps.tsv
  Parsing ./stacks/CGTACG_GGAGTGGTCATGCAGG.alleles.tsv
Searching for sequence matches...
  15348 loci in the catalog, 1210887 kmers in the catalog hash.
Searching for gapped alignments...
Merging matches into catalog...
  548 loci were matched to a catalog locus.
  324 loci were matched to a catalog locus using gapped alignments.
  488 loci were newly added to the catalog.
  0 loci matched more than one catalog locus, linking them.
    0 linked catalog loci were merged into 0 loci.

Processing sample ./stacks/CGTACG_GGATGCCTAATGCAGG [22 of 181]
  Parsing ./stacks/CGTACG_GGATGCCTAATGCAGG.tags.tsv
  Parsing ./stacks/CGTACG_GGATGCCTAATGCAGG.snps.tsv
  Parsing ./stacks/CGTACG_GGATGCCTAATGCAGG.alleles.tsv
Searching for sequence matches...
  15836 loci in the catalog, 1241057 kmers in the catalog hash.
Searching for gapped alignments...
Merging matches into catalog...
  445 loci were matched to a catalog locus.
  256 loci were matched to a catalog locus using gapped alignments.
  490 loci were newly added to the catalog.
  0 loci matched more than one catalog locus, linking them.
    0 linked catalog loci were merged into 0 loci.

Processing sample ./stacks/CGTACG_GGATTGAGGATGCAGG [23 of 181]
  Parsing ./stacks/CGTACG_GGATTGAGGATGCAGG.tags.tsv
  Parsing ./stacks/CGTACG_GGATTGAGGATGCAGG.snps.tsv
  Parsing ./stacks/CGTACG_GGATTGAGGATGCAGG.alleles.tsv
Searching for sequence matches...
  16326 loci in the catalog, 1277514 kmers in the catalog hash.
Searching for gapped alignments...
Merging matches into catalog...
  488 loci were matched to a catalog locus.
  207 loci were matched to a catalog locus using gapped alignments.
  889 loci were newly added to the catalog.
  1 loci matched more than one catalog locus, linking them.
    2 linked catalog loci were merged into 1 loci.

Processing sample ./stacks/CGTACG_GGCAACCACATGCAGG [24 of 181]
  Parsing ./stacks/CGTACG_GGCAACCACATGCAGG.tags.tsv
  Parsing ./stacks/CGTACG_GGCAACCACATGCAGG.snps.tsv
  Parsing ./stacks/CGTACG_GGCAACCACATGCAGG.alleles.tsv
Searching for sequence matches...
  17214 loci in the catalog, 1345484 kmers in the catalog hash.
Searching for gapped alignments...
Merging matches into catalog...
  484 loci were matched to a catalog locus.
  220 loci were matched to a catalog locus using gapped alignments.
  579 loci were newly added to the catalog.
  0 loci matched more than one catalog locus, linking them.
    0 linked catalog loci were merged into 0 loci.

Processing sample ./stacks/CGTACG_GGCAATGGAATGCAGG [25 of 181]
  Parsing ./stacks/CGTACG_GGCAATGGAATGCAGG.tags.tsv
  Parsing ./stacks/CGTACG_GGCAATGGAATGCAGG.snps.tsv
  Parsing ./stacks/CGTACG_GGCAATGGAATGCAGG.alleles.tsv
Searching for sequence matches...
  17793 loci in the catalog, 1387199 kmers in the catalog hash.
Searching for gapped alignments...
Merging matches into catalog...
  481 loci were matched to a catalog locus.
  216 loci were matched to a catalog locus using gapped alignments.
  966 loci were newly added to the catalog.
  0 loci matched more than one catalog locus, linking them.
    0 linked catalog loci were merged into 0 loci.

Processing sample ./stacks/CGTACG_GGCAGATCTGTGCAGG [26 of 181]
  Parsing ./stacks/CGTACG_GGCAGATCTGTGCAGG.tags.tsv
  Parsing ./stacks/CGTACG_GGCAGATCTGTGCAGG.snps.tsv
  Parsing ./stacks/CGTACG_GGCAGATCTGTGCAGG.alleles.tsv
Searching for sequence matches...
  18759 loci in the catalog, 1464788 kmers in the catalog hash.
Searching for gapped alignments...
Merging matches into catalog...
  577 loci were matched to a catalog locus.
  289 loci were matched to a catalog locus using gapped alignments.
  469 loci were newly added to the catalog.
  0 loci matched more than one catalog locus, linking them.
    0 linked catalog loci were merged into 0 loci.

Processing sample ./stacks/CGTACG_GGCAGCGTTATGCAGG [27 of 181]
  Parsing ./stacks/CGTACG_GGCAGCGTTATGCAGG.tags.tsv
  Parsing ./stacks/CGTACG_GGCAGCGTTATGCAGG.snps.tsv
  Parsing ./stacks/CGTACG_GGCAGCGTTATGCAGG.alleles.tsv
Searching for sequence matches...
  19228 loci in the catalog, 1492344 kmers in the catalog hash.
Searching for gapped alignments...
Merging matches into catalog...
  337 loci were matched to a catalog locus.
  189 loci were matched to a catalog locus using gapped alignments.
  456 loci were newly added to the catalog.
  0 loci matched more than one catalog locus, linking them.
    0 linked catalog loci were merged into 0 loci.

Processing sample ./stacks/CGTACG_GGCATACCAATGCAGG [28 of 181]
  Parsing ./stacks/CGTACG_GGCATACCAATGCAGG.tags.tsv
  Parsing ./stacks/CGTACG_GGCATACCAATGCAGG.snps.tsv
  Parsing ./stacks/CGTACG_GGCATACCAATGCAGG.alleles.tsv
Searching for sequence matches...
  19684 loci in the catalog, 1526960 kmers in the catalog hash.
Searching for gapped alignments...
Merging matches into catalog...
  537 loci were matched to a catalog locus.
  258 loci were matched to a catalog locus using gapped alignments.
  392 loci were newly added to the catalog.
  0 loci matched more than one catalog locus, linking them.
    0 linked catalog loci were merged into 0 loci.

Processing sample ./stacks/CGTACG_GGCATCAAGTTGCAGG [29 of 181]
  Parsing ./stacks/CGTACG_GGCATCAAGTTGCAGG.tags.tsv
  Parsing ./stacks/CGTACG_GGCATCAAGTTGCAGG.snps.tsv
  Parsing ./stacks/CGTACG_GGCATCAAGTTGCAGG.alleles.tsv
Searching for sequence matches...
  20076 loci in the catalog, 1552739 kmers in the catalog hash.
Searching for gapped alignments...
Merging matches into catalog...
  439 loci were matched to a catalog locus.
  300 loci were matched to a catalog locus using gapped alignments.
  682 loci were newly added to the catalog.
  0 loci matched more than one catalog locus, linking them.
    0 linked catalog loci were merged into 0 loci.

Processing sample ./stacks/CGTACG_GGCCAGTTCATGCAGG [30 of 181]
  Parsing ./stacks/CGTACG_GGCCAGTTCATGCAGG.tags.tsv
  Parsing ./stacks/CGTACG_GGCCAGTTCATGCAGG.snps.tsv
  Parsing ./stacks/CGTACG_GGCCAGTTCATGCAGG.alleles.tsv
Searching for sequence matches...
  20758 loci in the catalog, 1606558 kmers in the catalog hash.
Searching for gapped alignments...
Merging matches into catalog...
  598 loci were matched to a catalog locus.
  332 loci were matched to a catalog locus using gapped alignments.
  526 loci were newly added to the catalog.
  0 loci matched more than one catalog locus, linking them.
    0 linked catalog loci were merged into 0 loci.

Processing sample ./stacks/CGTACG_GGCCGAAGTATGCAGG [31 of 181]
  Parsing ./stacks/CGTACG_GGCCGAAGTATGCAGG.tags.tsv
  Parsing ./stacks/CGTACG_GGCCGAAGTATGCAGG.snps.tsv
  Parsing ./stacks/CGTACG_GGCCGAAGTATGCAGG.alleles.tsv
Searching for sequence matches...
  21284 loci in the catalog, 1642339 kmers in the catalog hash.
Searching for gapped alignments...
Merging matches into catalog...
  390 loci were matched to a catalog locus.
  182 loci were matched to a catalog locus using gapped alignments.
  852 loci were newly added to the catalog.
  1 loci matched more than one catalog locus, linking them.
    2 linked catalog loci were merged into 1 loci.

Processing sample ./stacks/CGTACG_GGCCGTGAGATGCAGG [32 of 181]
  Parsing ./stacks/CGTACG_GGCCGTGAGATGCAGG.tags.tsv
  Parsing ./stacks/CGTACG_GGCCGTGAGATGCAGG.snps.tsv
  Parsing ./stacks/CGTACG_GGCCGTGAGATGCAGG.alleles.tsv
Searching for sequence matches...
  22135 loci in the catalog, 1714423 kmers in the catalog hash.
Searching for gapped alignments...
Merging matches into catalog...
  493 loci were matched to a catalog locus.
  248 loci were matched to a catalog locus using gapped alignments.
  844 loci were newly added to the catalog.
  0 loci matched more than one catalog locus, linking them.
    0 linked catalog loci were merged into 0 loci.

Processing sample ./stacks/CGTACG_GGCCTCCTGATGCAGG [33 of 181]
  Parsing ./stacks/CGTACG_GGCCTCCTGATGCAGG.tags.tsv
  Parsing ./stacks/CGTACG_GGCCTCCTGATGCAGG.snps.tsv
  Parsing ./stacks/CGTACG_GGCCTCCTGATGCAGG.alleles.tsv
Searching for sequence matches...
  22979 loci in the catalog, 1782129 kmers in the catalog hash.
Searching for gapped alignments...
Merging matches into catalog...
  442 loci were matched to a catalog locus.
  264 loci were matched to a catalog locus using gapped alignments.
  286 loci were newly added to the catalog.
  0 loci matched more than one catalog locus, linking them.
    0 linked catalog loci were merged into 0 loci.

Processing sample ./stacks/CGTACG_GGCGAACTTATGCAGG [34 of 181]
  Parsing ./stacks/CGTACG_GGCGAACTTATGCAGG.tags.tsv
  Parsing ./stacks/CGTACG_GGCGAACTTATGCAGG.snps.tsv
  Parsing ./stacks/CGTACG_GGCGAACTTATGCAGG.alleles.tsv
Searching for sequence matches...
  23265 loci in the catalog, 1799996 kmers in the catalog hash.
Searching for gapped alignments...
Merging matches into catalog...
  596 loci were matched to a catalog locus.
  309 loci were matched to a catalog locus using gapped alignments.
  440 loci were newly added to the catalog.
  0 loci matched more than one catalog locus, linking them.
    0 linked catalog loci were merged into 0 loci.

Processing sample ./stacks/CGTACG_GGCGCATACATGCAGG [35 of 181]
  Parsing ./stacks/CGTACG_GGCGCATACATGCAGG.tags.tsv
  Parsing ./stacks/CGTACG_GGCGCATACATGCAGG.snps.tsv
  Parsing ./stacks/CGTACG_GGCGCATACATGCAGG.alleles.tsv
Searching for sequence matches...
  23705 loci in the catalog, 1828380 kmers in the catalog hash.
Searching for gapped alignments...
Merging matches into catalog...
  177 loci were matched to a catalog locus.
  73 loci were matched to a catalog locus using gapped alignments.
  1430 loci were newly added to the catalog.
  0 loci matched more than one catalog locus, linking them.
    0 linked catalog loci were merged into 0 loci.

Processing sample ./stacks/CGTACG_GGCTCAATGATGCAGG [36 of 181]
  Parsing ./stacks/CGTACG_GGCTCAATGATGCAGG.tags.tsv
  Parsing ./stacks/CGTACG_GGCTCAATGATGCAGG.snps.tsv
  Parsing ./stacks/CGTACG_GGCTCAATGATGCAGG.alleles.tsv
Searching for sequence matches...
  25135 loci in the catalog, 1947582 kmers in the catalog hash.
Searching for gapped alignments...
Merging matches into catalog...
  594 loci were matched to a catalog locus.
  338 loci were matched to a catalog locus using gapped alignments.
  496 loci were newly added to the catalog.
  0 loci matched more than one catalog locus, linking them.
    0 linked catalog loci were merged into 0 loci.

Processing sample ./stacks/CGTACG_GGCTGAGCCATGCAGG [37 of 181]
  Parsing ./stacks/CGTACG_GGCTGAGCCATGCAGG.tags.tsv
  Parsing ./stacks/CGTACG_GGCTGAGCCATGCAGG.snps.tsv
  Parsing ./stacks/CGTACG_GGCTGAGCCATGCAGG.alleles.tsv
Searching for sequence matches...
  25631 loci in the catalog, 1982224 kmers in the catalog hash.
Searching for gapped alignments...
Merging matches into catalog...
  516 loci were matched to a catalog locus.
  277 loci were matched to a catalog locus using gapped alignments.
  503 loci were newly added to the catalog.
  0 loci matched more than one catalog locus, linking them.
    0 linked catalog loci were merged into 0 loci.

Processing sample ./stacks/GAGTGG_GGAATCCGTCTGCAGG [38 of 181]
  Parsing ./stacks/GAGTGG_GGAATCCGTCTGCAGG.tags.tsv
  Parsing ./stacks/GAGTGG_GGAATCCGTCTGCAGG.snps.tsv
  Parsing ./stacks/GAGTGG_GGAATCCGTCTGCAGG.alleles.tsv
Searching for sequence matches...
  26134 loci in the catalog, 2017478 kmers in the catalog hash.
Searching for gapped alignments...
Merging matches into catalog...
  627 loci were matched to a catalog locus.
  382 loci were matched to a catalog locus using gapped alignments.
  464 loci were newly added to the catalog.
  0 loci matched more than one catalog locus, linking them.
    0 linked catalog loci were merged into 0 loci.

Processing sample ./stacks/GAGTGG_GGAATGTTGCTGCAGG [39 of 181]
  Parsing ./stacks/GAGTGG_GGAATGTTGCTGCAGG.tags.tsv
  Parsing ./stacks/GAGTGG_GGAATGTTGCTGCAGG.snps.tsv
  Parsing ./stacks/GAGTGG_GGAATGTTGCTGCAGG.alleles.tsv
Searching for sequence matches...
  26598 loci in the catalog, 2043589 kmers in the catalog hash.
Searching for gapped alignments...
Merging matches into catalog...
  459 loci were matched to a catalog locus.
  297 loci were matched to a catalog locus using gapped alignments.
  473 loci were newly added to the catalog.
  0 loci matched more than one catalog locus, linking them.
    0 linked catalog loci were merged into 0 loci.

Processing sample ./stacks/GAGTGG_GGACACGAGATGCAGG [40 of 181]
  Parsing ./stacks/GAGTGG_GGACACGAGATGCAGG.tags.tsv
  Parsing ./stacks/GAGTGG_GGACACGAGATGCAGG.snps.tsv
  Parsing ./stacks/GAGTGG_GGACACGAGATGCAGG.alleles.tsv
Searching for sequence matches...
  27071 loci in the catalog, 2073462 kmers in the catalog hash.
Searching for gapped alignments...
Merging matches into catalog...
  608 loci were matched to a catalog locus.
  279 loci were matched to a catalog locus using gapped alignments.
  779 loci were newly added to the catalog.
  0 loci matched more than one catalog locus, linking them.
    0 linked catalog loci were merged into 0 loci.

Processing sample ./stacks/GAGTGG_GGACAGATTCTGCAGG [41 of 181]
  Parsing ./stacks/GAGTGG_GGACAGATTCTGCAGG.tags.tsv
  Parsing ./stacks/GAGTGG_GGACAGATTCTGCAGG.snps.tsv
  Parsing ./stacks/GAGTGG_GGACAGATTCTGCAGG.alleles.tsv
Searching for sequence matches...
  27850 loci in the catalog, 2130582 kmers in the catalog hash.
Searching for gapped alignments...
Merging matches into catalog...
  727 loci were matched to a catalog locus.
  436 loci were matched to a catalog locus using gapped alignments.
  317 loci were newly added to the catalog.
  0 loci matched more than one catalog locus, linking them.
    0 linked catalog loci were merged into 0 loci.

Processing sample ./stacks/GAGTGG_GGAGCACCTCTGCAGG [42 of 181]
  Parsing ./stacks/GAGTGG_GGAGCACCTCTGCAGG.tags.tsv
  Parsing ./stacks/GAGTGG_GGAGCACCTCTGCAGG.snps.tsv
  Parsing ./stacks/GAGTGG_GGAGCACCTCTGCAGG.alleles.tsv
Searching for sequence matches...
  28167 loci in the catalog, 2147305 kmers in the catalog hash.
Searching for gapped alignments...
Merging matches into catalog...
  620 loci were matched to a catalog locus.
  383 loci were matched to a catalog locus using gapped alignments.
  325 loci were newly added to the catalog.
  1 loci matched more than one catalog locus, linking them.
    2 linked catalog loci were merged into 1 loci.

Processing sample ./stacks/GAGTGG_GGATTGGCTCTGCAGG [43 of 181]
  Parsing ./stacks/GAGTGG_GGATTGGCTCTGCAGG.tags.tsv
  Parsing ./stacks/GAGTGG_GGATTGGCTCTGCAGG.snps.tsv
  Parsing ./stacks/GAGTGG_GGATTGGCTCTGCAGG.alleles.tsv
Searching for sequence matches...
  28491 loci in the catalog, 2164501 kmers in the catalog hash.
Searching for gapped alignments...
Merging matches into catalog...
  555 loci were matched to a catalog locus.
  391 loci were matched to a catalog locus using gapped alignments.
  356 loci were newly added to the catalog.
  0 loci matched more than one catalog locus, linking them.
    0 linked catalog loci were merged into 0 loci.

Processing sample ./stacks/GAGTGG_GGCAAGGAGCTGCAGG [44 of 181]
  Parsing ./stacks/GAGTGG_GGCAAGGAGCTGCAGG.tags.tsv
  Parsing ./stacks/GAGTGG_GGCAAGGAGCTGCAGG.snps.tsv
  Parsing ./stacks/GAGTGG_GGCAAGGAGCTGCAGG.alleles.tsv
Searching for sequence matches...
  28847 loci in the catalog, 2183474 kmers in the catalog hash.
Searching for gapped alignments...
Merging matches into catalog...
  529 loci were matched to a catalog locus.
  398 loci were matched to a catalog locus using gapped alignments.
  353 loci were newly added to the catalog.
  0 loci matched more than one catalog locus, linking them.
    0 linked catalog loci were merged into 0 loci.

Processing sample ./stacks/GAGTGG_GGCGACTGGATGCAGG [45 of 181]
  Parsing ./stacks/GAGTGG_GGCGACTGGATGCAGG.tags.tsv
  Parsing ./stacks/GAGTGG_GGCGACTGGATGCAGG.snps.tsv
  Parsing ./stacks/GAGTGG_GGCGACTGGATGCAGG.alleles.tsv
Searching for sequence matches...
  29200 loci in the catalog, 2202280 kmers in the catalog hash.
Searching for gapped alignments...
Merging matches into catalog...
  663 loci were matched to a catalog locus.
  390 loci were matched to a catalog locus using gapped alignments.
  448 loci were newly added to the catalog.
  0 loci matched more than one catalog locus, linking them.
    0 linked catalog loci were merged into 0 loci.

Processing sample ./stacks/GAGTGG_GGCGCATACATGCAGG [46 of 181]
  Parsing ./stacks/GAGTGG_GGCGCATACATGCAGG.tags.tsv
  Parsing ./stacks/GAGTGG_GGCGCATACATGCAGG.snps.tsv
  Parsing ./stacks/GAGTGG_GGCGCATACATGCAGG.alleles.tsv
Searching for sequence matches...
  29648 loci in the catalog, 2229338 kmers in the catalog hash.
Searching for gapped alignments...
Merging matches into catalog...
  593 loci were matched to a catalog locus.
  344 loci were matched to a catalog locus using gapped alignments.
  398 loci were newly added to the catalog.
  0 loci matched more than one catalog locus, linking them.
    0 linked catalog loci were merged into 0 loci.

Processing sample ./stacks/GAGTGG_GGCGGATTGCTGCAGG [47 of 181]
  Parsing ./stacks/GAGTGG_GGCGGATTGCTGCAGG.tags.tsv
  Parsing ./stacks/GAGTGG_GGCGGATTGCTGCAGG.snps.tsv
  Parsing ./stacks/GAGTGG_GGCGGATTGCTGCAGG.alleles.tsv
Searching for sequence matches...
  30046 loci in the catalog, 2253651 kmers in the catalog hash.
Searching for gapped alignments...
Merging matches into catalog...
  541 loci were matched to a catalog locus.
  444 loci were matched to a catalog locus using gapped alignments.
  375 loci were newly added to the catalog.
  0 loci matched more than one catalog locus, linking them.
    0 linked catalog loci were merged into 0 loci.

Processing sample ./stacks/GAGTGG_GGCTAAGGTCTGCAGG [48 of 181]
  Parsing ./stacks/GAGTGG_GGCTAAGGTCTGCAGG.tags.tsv
  Parsing ./stacks/GAGTGG_GGCTAAGGTCTGCAGG.snps.tsv
  Parsing ./stacks/GAGTGG_GGCTAAGGTCTGCAGG.alleles.tsv
Searching for sequence matches...
  30421 loci in the catalog, 2269715 kmers in the catalog hash.
Searching for gapped alignments...
Merging matches into catalog...
  655 loci were matched to a catalog locus.
  464 loci were matched to a catalog locus using gapped alignments.
  298 loci were newly added to the catalog.
  0 loci matched more than one catalog locus, linking them.
    0 linked catalog loci were merged into 0 loci.

Processing sample ./stacks/GAGTGG_GGCTCAATGATGCAGG [49 of 181]
  Parsing ./stacks/GAGTGG_GGCTCAATGATGCAGG.tags.tsv
  Parsing ./stacks/GAGTGG_GGCTCAATGATGCAGG.snps.tsv
  Parsing ./stacks/GAGTGG_GGCTCAATGATGCAGG.alleles.tsv
Searching for sequence matches...
  30719 loci in the catalog, 2283661 kmers in the catalog hash.
Searching for gapped alignments...
Merging matches into catalog...
  665 loci were matched to a catalog locus.
  435 loci were matched to a catalog locus using gapped alignments.
  338 loci were newly added to the catalog.
  0 loci matched more than one catalog locus, linking them.
    0 linked catalog loci were merged into 0 loci.

Processing sample ./stacks/GAGTGG_GGCTGAGCCATGCAGG [50 of 181]
  Parsing ./stacks/GAGTGG_GGCTGAGCCATGCAGG.tags.tsv
  Parsing ./stacks/GAGTGG_GGCTGAGCCATGCAGG.snps.tsv
  Parsing ./stacks/GAGTGG_GGCTGAGCCATGCAGG.alleles.tsv
Searching for sequence matches...
  31057 loci in the catalog, 2301849 kmers in the catalog hash.
Searching for gapped alignments...
Merging matches into catalog...
  580 loci were matched to a catalog locus.
  380 loci were matched to a catalog locus using gapped alignments.
  527 loci were newly added to the catalog.
  0 loci matched more than one catalog locus, linking them.
    0 linked catalog loci were merged into 0 loci.

Processing sample ./stacks/GAGTGG_GGCTGGCATATGCAGG [51 of 181]
  Parsing ./stacks/GAGTGG_GGCTGGCATATGCAGG.tags.tsv
  Parsing ./stacks/GAGTGG_GGCTGGCATATGCAGG.snps.tsv
  Parsing ./stacks/GAGTGG_GGCTGGCATATGCAGG.alleles.tsv
Searching for sequence matches...
  31584 loci in the catalog, 2339916 kmers in the catalog hash.
Searching for gapped alignments...
Merging matches into catalog...
  698 loci were matched to a catalog locus.
  358 loci were matched to a catalog locus using gapped alignments.
  357 loci were newly added to the catalog.
  0 loci matched more than one catalog locus, linking them.
    0 linked catalog loci were merged into 0 loci.

Processing sample ./stacks/GAGTGG_GGGAACAGGCTGCAGG [52 of 181]
  Parsing ./stacks/GAGTGG_GGGAACAGGCTGCAGG.tags.tsv
  Parsing ./stacks/GAGTGG_GGGAACAGGCTGCAGG.snps.tsv
  Parsing ./stacks/GAGTGG_GGGAACAGGCTGCAGG.alleles.tsv
Searching for sequence matches...
  31941 loci in the catalog, 2362683 kmers in the catalog hash.
Searching for gapped alignments...
Merging matches into catalog...
  630 loci were matched to a catalog locus.
  435 loci were matched to a catalog locus using gapped alignments.
  521 loci were newly added to the catalog.
  0 loci matched more than one catalog locus, linking them.
    0 linked catalog loci were merged into 0 loci.

Processing sample ./stacks/GAGTGG_GGGAATCTGATGCAGG [53 of 181]
  Parsing ./stacks/GAGTGG_GGGAATCTGATGCAGG.tags.tsv
  Parsing ./stacks/GAGTGG_GGGAATCTGATGCAGG.snps.tsv
  Parsing ./stacks/GAGTGG_GGGAATCTGATGCAGG.alleles.tsv
Searching for sequence matches...
  32462 loci in the catalog, 2397878 kmers in the catalog hash.
Searching for gapped alignments...
Merging matches into catalog...
  649 loci were matched to a catalog locus.
  348 loci were matched to a catalog locus using gapped alignments.
  567 loci were newly added to the catalog.
  0 loci matched more than one catalog locus, linking them.
    0 linked catalog loci were merged into 0 loci.

Processing sample ./stacks/GAGTGG_GGGAGCTGAATGCAGG [54 of 181]
  Parsing ./stacks/GAGTGG_GGGAGCTGAATGCAGG.tags.tsv
  Parsing ./stacks/GAGTGG_GGGAGCTGAATGCAGG.snps.tsv
  Parsing ./stacks/GAGTGG_GGGAGCTGAATGCAGG.alleles.tsv
Searching for sequence matches...
  33029 loci in the catalog, 2437525 kmers in the catalog hash.
Searching for gapped alignments...
Merging matches into catalog...
  461 loci were matched to a catalog locus.
  241 loci were matched to a catalog locus using gapped alignments.
  905 loci were newly added to the catalog.
  0 loci matched more than one catalog locus, linking them.
    0 linked catalog loci were merged into 0 loci.

Processing sample ./stacks/GAGTGG_GGGATAGACATGCAGG [55 of 181]
  Parsing ./stacks/GAGTGG_GGGATAGACATGCAGG.tags.tsv
  Parsing ./stacks/GAGTGG_GGGATAGACATGCAGG.snps.tsv
  Parsing ./stacks/GAGTGG_GGGATAGACATGCAGG.alleles.tsv
Searching for sequence matches...
  33934 loci in the catalog, 2512283 kmers in the catalog hash.
Searching for gapped alignments...
Merging matches into catalog...
  481 loci were matched to a catalog locus.
  248 loci were matched to a catalog locus using gapped alignments.
  616 loci were newly added to the catalog.
  0 loci matched more than one catalog locus, linking them.
    0 linked catalog loci were merged into 0 loci.

Processing sample ./stacks/GAGTGG_GGGCCACATATGCAGG [56 of 181]
  Parsing ./stacks/GAGTGG_GGGCCACATATGCAGG.tags.tsv
  Parsing ./stacks/GAGTGG_GGGCCACATATGCAGG.snps.tsv
  Parsing ./stacks/GAGTGG_GGGCCACATATGCAGG.alleles.tsv
Searching for sequence matches...
  34550 loci in the catalog, 2562624 kmers in the catalog hash.
Searching for gapped alignments...
Merging matches into catalog...
  655 loci were matched to a catalog locus.
  397 loci were matched to a catalog locus using gapped alignments.
  482 loci were newly added to the catalog.
  1 loci matched more than one catalog locus, linking them.
    2 linked catalog loci were merged into 1 loci.

Processing sample ./stacks/GAGTGG_GGGCGAGTAATGCAGG [57 of 181]
  Parsing ./stacks/GAGTGG_GGGCGAGTAATGCAGG.tags.tsv
  Parsing ./stacks/GAGTGG_GGGCGAGTAATGCAGG.snps.tsv
  Parsing ./stacks/GAGTGG_GGGCGAGTAATGCAGG.alleles.tsv
Searching for sequence matches...
  35031 loci in the catalog, 2596073 kmers in the catalog hash.
Searching for gapped alignments...
Merging matches into catalog...
  732 loci were matched to a catalog locus.
  454 loci were matched to a catalog locus using gapped alignments.
  384 loci were newly added to the catalog.
  1 loci matched more than one catalog locus, linking them.
    2 linked catalog loci were merged into 1 loci.

Processing sample ./stacks/GAGTGG_GGGCTAACGATGCAGG [58 of 181]
  Parsing ./stacks/GAGTGG_GGGCTAACGATGCAGG.tags.tsv
  Parsing ./stacks/GAGTGG_GGGCTAACGATGCAGG.snps.tsv
  Parsing ./stacks/GAGTGG_GGGCTAACGATGCAGG.alleles.tsv
Searching for sequence matches...
  35414 loci in the catalog, 2616403 kmers in the catalog hash.
Searching for gapped alignments...
Merging matches into catalog...
  757 loci were matched to a catalog locus.
  472 loci were matched to a catalog locus using gapped alignments.
  270 loci were newly added to the catalog.
  0 loci matched more than one catalog locus, linking them.
    0 linked catalog loci were merged into 0 loci.

Processing sample ./stacks/GAGTGG_GGGCTCGGTATGCAGG [59 of 181]
  Parsing ./stacks/GAGTGG_GGGCTCGGTATGCAGG.tags.tsv
  Parsing ./stacks/GAGTGG_GGGCTCGGTATGCAGG.snps.tsv
  Parsing ./stacks/GAGTGG_GGGCTCGGTATGCAGG.alleles.tsv
Searching for sequence matches...
  35684 loci in the catalog, 2629230 kmers in the catalog hash.
Searching for gapped alignments...
Merging matches into catalog...
  537 loci were matched to a catalog locus.
  346 loci were matched to a catalog locus using gapped alignments.
  691 loci were newly added to the catalog.
  0 loci matched more than one catalog locus, linking them.
    0 linked catalog loci were merged into 0 loci.

Processing sample ./stacks/GAGTGG_GGGGAGAACATGCAGG [60 of 181]
  Parsing ./stacks/GAGTGG_GGGGAGAACATGCAGG.tags.tsv
  Parsing ./stacks/GAGTGG_GGGGAGAACATGCAGG.snps.tsv
  Parsing ./stacks/GAGTGG_GGGGAGAACATGCAGG.alleles.tsv
Searching for sequence matches...
  36375 loci in the catalog, 2681215 kmers in the catalog hash.
Searching for gapped alignments...
Merging matches into catalog...
  740 loci were matched to a catalog locus.
  498 loci were matched to a catalog locus using gapped alignments.
  297 loci were newly added to the catalog.
  0 loci matched more than one catalog locus, linking them.
    0 linked catalog loci were merged into 0 loci.

Processing sample ./stacks/GAGTGG_GGGGTGCGAATGCAGG [61 of 181]
  Parsing ./stacks/GAGTGG_GGGGTGCGAATGCAGG.tags.tsv
  Parsing ./stacks/GAGTGG_GGGGTGCGAATGCAGG.snps.tsv
  Parsing ./stacks/GAGTGG_GGGGTGCGAATGCAGG.alleles.tsv
Searching for sequence matches...
  36672 loci in the catalog, 2697394 kmers in the catalog hash.
Searching for gapped alignments...
Merging matches into catalog...
  456 loci were matched to a catalog locus.
  269 loci were matched to a catalog locus using gapped alignments.
  938 loci were newly added to the catalog.
  0 loci matched more than one catalog locus, linking them.
    0 linked catalog loci were merged into 0 loci.

Processing sample ./stacks/GAGTGG_GGGTACGCAATGCAGG [62 of 181]
  Parsing ./stacks/GAGTGG_GGGTACGCAATGCAGG.tags.tsv
  Parsing ./stacks/GAGTGG_GGGTACGCAATGCAGG.snps.tsv
  Parsing ./stacks/GAGTGG_GGGTACGCAATGCAGG.alleles.tsv
Searching for sequence matches...
  37610 loci in the catalog, 2776071 kmers in the catalog hash.
Searching for gapped alignments...
Merging matches into catalog...
  729 loci were matched to a catalog locus.
  505 loci were matched to a catalog locus using gapped alignments.
  292 loci were newly added to the catalog.
  0 loci matched more than one catalog locus, linking them.
    0 linked catalog loci were merged into 0 loci.

Processing sample ./stacks/GAGTGG_GGGTCGTAGATGCAGG [63 of 181]
  Parsing ./stacks/GAGTGG_GGGTCGTAGATGCAGG.tags.tsv
  Parsing ./stacks/GAGTGG_GGGTCGTAGATGCAGG.snps.tsv
  Parsing ./stacks/GAGTGG_GGGTCGTAGATGCAGG.alleles.tsv
Searching for sequence matches...
  37902 loci in the catalog, 2788231 kmers in the catalog hash.
Searching for gapped alignments...
Merging matches into catalog...
  725 loci were matched to a catalog locus.
  510 loci were matched to a catalog locus using gapped alignments.
  285 loci were newly added to the catalog.
  2 loci matched more than one catalog locus, linking them.
    4 linked catalog loci were merged into 2 loci.

Processing sample ./stacks/GAGTGG_GGGTGTTCTATGCAGG [64 of 181]
  Parsing ./stacks/GAGTGG_GGGTGTTCTATGCAGG.tags.tsv
  Parsing ./stacks/GAGTGG_GGGTGTTCTATGCAGG.snps.tsv
  Parsing ./stacks/GAGTGG_GGGTGTTCTATGCAGG.alleles.tsv
Searching for sequence matches...
  38185 loci in the catalog, 2803262 kmers in the catalog hash.
Searching for gapped alignments...
Merging matches into catalog...
  579 loci were matched to a catalog locus.
  359 loci were matched to a catalog locus using gapped alignments.
  760 loci were newly added to the catalog.
  0 loci matched more than one catalog locus, linking them.
    0 linked catalog loci were merged into 0 loci.

Processing sample ./stacks/GAGTGG_GGTAGGATGATGCAGG [65 of 181]
  Parsing ./stacks/GAGTGG_GGTAGGATGATGCAGG.tags.tsv
  Parsing ./stacks/GAGTGG_GGTAGGATGATGCAGG.snps.tsv
  Parsing ./stacks/GAGTGG_GGTAGGATGATGCAGG.alleles.tsv
Searching for sequence matches...
  38945 loci in the catalog, 2863888 kmers in the catalog hash.
Searching for gapped alignments...
Merging matches into catalog...
  744 loci were matched to a catalog locus.
  513 loci were matched to a catalog locus using gapped alignments.
  334 loci were newly added to the catalog.
  0 loci matched more than one catalog locus, linking them.
    0 linked catalog loci were merged into 0 loci.

Processing sample ./stacks/GAGTGG_GGTATCAGCATGCAGG [66 of 181]
  Parsing ./stacks/GAGTGG_GGTATCAGCATGCAGG.tags.tsv
  Parsing ./stacks/GAGTGG_GGTATCAGCATGCAGG.snps.tsv
  Parsing ./stacks/GAGTGG_GGTATCAGCATGCAGG.alleles.tsv
Searching for sequence matches...
  39279 loci in the catalog, 2879483 kmers in the catalog hash.
Searching for gapped alignments...
Merging matches into catalog...
  566 loci were matched to a catalog locus.
  478 loci were matched to a catalog locus using gapped alignments.
  354 loci were newly added to the catalog.
  1 loci matched more than one catalog locus, linking them.
    2 linked catalog loci were merged into 1 loci.

Processing sample ./stacks/GAGTGG_GGTCCGTCTATGCAGG [67 of 181]
  Parsing ./stacks/GAGTGG_GGTCCGTCTATGCAGG.tags.tsv
  Parsing ./stacks/GAGTGG_GGTCCGTCTATGCAGG.snps.tsv
  Parsing ./stacks/GAGTGG_GGTCCGTCTATGCAGG.alleles.tsv
Searching for sequence matches...
  39632 loci in the catalog, 2898784 kmers in the catalog hash.
Searching for gapped alignments...
Merging matches into catalog...
  614 loci were matched to a catalog locus.
  422 loci were matched to a catalog locus using gapped alignments.
  498 loci were newly added to the catalog.
  0 loci matched more than one catalog locus, linking them.
    0 linked catalog loci were merged into 0 loci.

Processing sample ./stacks/GAGTGG_GGTCTTCACATGCAGG [68 of 181]
  Parsing ./stacks/GAGTGG_GGTCTTCACATGCAGG.tags.tsv
  Parsing ./stacks/GAGTGG_GGTCTTCACATGCAGG.snps.tsv
  Parsing ./stacks/GAGTGG_GGTCTTCACATGCAGG.alleles.tsv
Searching for sequence matches...
  40130 loci in the catalog, 2935907 kmers in the catalog hash.
Searching for gapped alignments...
Merging matches into catalog...
  645 loci were matched to a catalog locus.
  461 loci were matched to a catalog locus using gapped alignments.
  381 loci were newly added to the catalog.
  1 loci matched more than one catalog locus, linking them.
    2 linked catalog loci were merged into 1 loci.

Processing sample ./stacks/GAGTGG_GGTGAAGAGATGCAGG [69 of 181]
  Parsing ./stacks/GAGTGG_GGTGAAGAGATGCAGG.tags.tsv
  Parsing ./stacks/GAGTGG_GGTGAAGAGATGCAGG.snps.tsv
  Parsing ./stacks/GAGTGG_GGTGAAGAGATGCAGG.alleles.tsv
Searching for sequence matches...
  40510 loci in the catalog, 2959867 kmers in the catalog hash.
Searching for gapped alignments...
Merging matches into catalog...
  693 loci were matched to a catalog locus.
  458 loci were matched to a catalog locus using gapped alignments.
  416 loci were newly added to the catalog.
  3 loci matched more than one catalog locus, linking them.
    6 linked catalog loci were merged into 3 loci.

Processing sample ./stacks/GAGTGG_GGTGGAACAATGCAGG [70 of 181]
  Parsing ./stacks/GAGTGG_GGTGGAACAATGCAGG.tags.tsv
  Parsing ./stacks/GAGTGG_GGTGGAACAATGCAGG.snps.tsv
  Parsing ./stacks/GAGTGG_GGTGGAACAATGCAGG.alleles.tsv
Searching for sequence matches...
  40923 loci in the catalog, 2981151 kmers in the catalog hash.
Searching for gapped alignments...
Merging matches into catalog...
  643 loci were matched to a catalog locus.
  451 loci were matched to a catalog locus using gapped alignments.
  475 loci were newly added to the catalog.
  0 loci matched more than one catalog locus, linking them.
    0 linked catalog loci were merged into 0 loci.

Processing sample ./stacks/GAGTGG_GGTGGCTTCATGCAGG [71 of 181]
  Parsing ./stacks/GAGTGG_GGTGGCTTCATGCAGG.tags.tsv
  Parsing ./stacks/GAGTGG_GGTGGCTTCATGCAGG.snps.tsv
  Parsing ./stacks/GAGTGG_GGTGGCTTCATGCAGG.alleles.tsv
Searching for sequence matches...
  41398 loci in the catalog, 3013800 kmers in the catalog hash.
Searching for gapped alignments...
Merging matches into catalog...
  715 loci were matched to a catalog locus.
  509 loci were matched to a catalog locus using gapped alignments.
  353 loci were newly added to the catalog.
  2 loci matched more than one catalog locus, linking them.
    4 linked catalog loci were merged into 2 loci.

Processing sample ./stacks/GAGTGG_GGTGGTGGTATGCAGG [72 of 181]
  Parsing ./stacks/GAGTGG_GGTGGTGGTATGCAGG.tags.tsv
  Parsing ./stacks/GAGTGG_GGTGGTGGTATGCAGG.snps.tsv
  Parsing ./stacks/GAGTGG_GGTGGTGGTATGCAGG.alleles.tsv
Searching for sequence matches...
  41749 loci in the catalog, 3030444 kmers in the catalog hash.
Searching for gapped alignments...
Merging matches into catalog...
  578 loci were matched to a catalog locus.
  424 loci were matched to a catalog locus using gapped alignments.
  256 loci were newly added to the catalog.
  1 loci matched more than one catalog locus, linking them.
    2 linked catalog loci were merged into 1 loci.

Processing sample ./stacks/GAGTGG_GGTTCACGCATGCAGG [73 of 181]
  Parsing ./stacks/GAGTGG_GGTTCACGCATGCAGG.tags.tsv
  Parsing ./stacks/GAGTGG_GGTTCACGCATGCAGG.snps.tsv
  Parsing ./stacks/GAGTGG_GGTTCACGCATGCAGG.alleles.tsv
Searching for sequence matches...
  42004 loci in the catalog, 3042522 kmers in the catalog hash.
Searching for gapped alignments...
Merging matches into catalog...
  695 loci were matched to a catalog locus.
  548 loci were matched to a catalog locus using gapped alignments.
  290 loci were newly added to the catalog.
  0 loci matched more than one catalog locus, linking them.
    0 linked catalog loci were merged into 0 loci.

Processing sample ./stacks/CGTACG_GGAATGTTGCTGCAGG [74 of 181]
  Parsing ./stacks/CGTACG_GGAATGTTGCTGCAGG.tags.tsv
  Parsing ./stacks/CGTACG_GGAATGTTGCTGCAGG.snps.tsv
  Parsing ./stacks/CGTACG_GGAATGTTGCTGCAGG.alleles.tsv
Searching for sequence matches...
  42294 loci in the catalog, 3052689 kmers in the catalog hash.
Searching for gapped alignments...
Merging matches into catalog...
  276 loci were matched to a catalog locus.
  249 loci were matched to a catalog locus using gapped alignments.
  850 loci were newly added to the catalog.
  0 loci matched more than one catalog locus, linking them.
    0 linked catalog loci were merged into 0 loci.

Processing sample ./stacks/CGTACG_GGACACGAGATGCAGG [75 of 181]
  Parsing ./stacks/CGTACG_GGACACGAGATGCAGG.tags.tsv
  Parsing ./stacks/CGTACG_GGACACGAGATGCAGG.snps.tsv
  Parsing ./stacks/CGTACG_GGACACGAGATGCAGG.alleles.tsv
Searching for sequence matches...
  43144 loci in the catalog, 3123511 kmers in the catalog hash.
Searching for gapped alignments...
Merging matches into catalog...
  436 loci were matched to a catalog locus.
  363 loci were matched to a catalog locus using gapped alignments.
  786 loci were newly added to the catalog.
  0 loci matched more than one catalog locus, linking them.
    0 linked catalog loci were merged into 0 loci.

Processing sample ./stacks/CGTACG_GGACAGATTCTGCAGG [76 of 181]
  Parsing ./stacks/CGTACG_GGACAGATTCTGCAGG.tags.tsv
  Parsing ./stacks/CGTACG_GGACAGATTCTGCAGG.snps.tsv
  Parsing ./stacks/CGTACG_GGACAGATTCTGCAGG.alleles.tsv
Searching for sequence matches...
  43930 loci in the catalog, 3187821 kmers in the catalog hash.
Searching for gapped alignments...
Merging matches into catalog...
  507 loci were matched to a catalog locus.
  390 loci were matched to a catalog locus using gapped alignments.
  832 loci were newly added to the catalog.
  1 loci matched more than one catalog locus, linking them.
    2 linked catalog loci were merged into 1 loci.

Processing sample ./stacks/CGTACG_GGAGTCAAGCTGCAGG [77 of 181]
  Parsing ./stacks/CGTACG_GGAGTCAAGCTGCAGG.tags.tsv
  Parsing ./stacks/CGTACG_GGAGTCAAGCTGCAGG.snps.tsv
  Parsing ./stacks/CGTACG_GGAGTCAAGCTGCAGG.alleles.tsv
Searching for sequence matches...
  44761 loci in the catalog, 3253788 kmers in the catalog hash.
Searching for gapped alignments...
Merging matches into catalog...
  275 loci were matched to a catalog locus.
  300 loci were matched to a catalog locus using gapped alignments.
  715 loci were newly added to the catalog.
  2 loci matched more than one catalog locus, linking them.
    4 linked catalog loci were merged into 2 loci.

Processing sample ./stacks/CGTACG_GGATAGCGACTGCAGG [78 of 181]
  Parsing ./stacks/CGTACG_GGATAGCGACTGCAGG.tags.tsv
  Parsing ./stacks/CGTACG_GGATAGCGACTGCAGG.snps.tsv
  Parsing ./stacks/CGTACG_GGATAGCGACTGCAGG.alleles.tsv
Searching for sequence matches...
  45474 loci in the catalog, 3312026 kmers in the catalog hash.
Searching for gapped alignments...
Merging matches into catalog...
  434 loci were matched to a catalog locus.
  367 loci were matched to a catalog locus using gapped alignments.
  321 loci were newly added to the catalog.
  0 loci matched more than one catalog locus, linking them.
    0 linked catalog loci were merged into 0 loci.

Processing sample ./stacks/CGTACG_GGCTGGCATATGCAGG [79 of 181]
  Parsing ./stacks/CGTACG_GGCTGGCATATGCAGG.tags.tsv
  Parsing ./stacks/CGTACG_GGCTGGCATATGCAGG.snps.tsv
  Parsing ./stacks/CGTACG_GGCTGGCATATGCAGG.alleles.tsv
Searching for sequence matches...
  45795 loci in the catalog, 3332483 kmers in the catalog hash.
Searching for gapped alignments...
Merging matches into catalog...
  339 loci were matched to a catalog locus.
  348 loci were matched to a catalog locus using gapped alignments.
  680 loci were newly added to the catalog.
  0 loci matched more than one catalog locus, linking them.
    0 linked catalog loci were merged into 0 loci.

Processing sample ./stacks/CGTACG_GGGAACAGGCTGCAGG [80 of 181]
  Parsing ./stacks/CGTACG_GGGAACAGGCTGCAGG.tags.tsv
  Parsing ./stacks/CGTACG_GGGAACAGGCTGCAGG.snps.tsv
  Parsing ./stacks/CGTACG_GGGAACAGGCTGCAGG.alleles.tsv
Searching for sequence matches...
  46475 loci in the catalog, 3388488 kmers in the catalog hash.
Searching for gapped alignments...
Merging matches into catalog...
  360 loci were matched to a catalog locus.
  172 loci were matched to a catalog locus using gapped alignments.
  1262 loci were newly added to the catalog.
  0 loci matched more than one catalog locus, linking them.
    0 linked catalog loci were merged into 0 loci.

Processing sample ./stacks/CGTACG_GGGAATCTGATGCAGG [81 of 181]
  Parsing ./stacks/CGTACG_GGGAATCTGATGCAGG.tags.tsv
  Parsing ./stacks/CGTACG_GGGAATCTGATGCAGG.snps.tsv
  Parsing ./stacks/CGTACG_GGGAATCTGATGCAGG.alleles.tsv
Searching for sequence matches...
  47737 loci in the catalog, 3496403 kmers in the catalog hash.
Searching for gapped alignments...
Merging matches into catalog...
  443 loci were matched to a catalog locus.
  394 loci were matched to a catalog locus using gapped alignments.
  337 loci were newly added to the catalog.
  0 loci matched more than one catalog locus, linking them.
    0 linked catalog loci were merged into 0 loci.

Processing sample ./stacks/CGTACG_GGGAGCTGAATGCAGG [82 of 181]
  Parsing ./stacks/CGTACG_GGGAGCTGAATGCAGG.tags.tsv
  Parsing ./stacks/CGTACG_GGGAGCTGAATGCAGG.snps.tsv
  Parsing ./stacks/CGTACG_GGGAGCTGAATGCAGG.alleles.tsv
Searching for sequence matches...
  48074 loci in the catalog, 3520337 kmers in the catalog hash.
Searching for gapped alignments...
Merging matches into catalog...
  314 loci were matched to a catalog locus.
  338 loci were matched to a catalog locus using gapped alignments.
  433 loci were newly added to the catalog.
  0 loci matched more than one catalog locus, linking them.
    0 linked catalog loci were merged into 0 loci.

Processing sample ./stacks/CGTACG_GGGCCAAGACTGCAGG [83 of 181]
  Parsing ./stacks/CGTACG_GGGCCAAGACTGCAGG.tags.tsv
  Parsing ./stacks/CGTACG_GGGCCAAGACTGCAGG.snps.tsv
  Parsing ./stacks/CGTACG_GGGCCAAGACTGCAGG.alleles.tsv
Searching for sequence matches...
  48507 loci in the catalog, 3554271 kmers in the catalog hash.
Searching for gapped alignments...
Merging matches into catalog...
  449 loci were matched to a catalog locus.
  254 loci were matched to a catalog locus using gapped alignments.
  809 loci were newly added to the catalog.
  0 loci matched more than one catalog locus, linking them.
    0 linked catalog loci were merged into 0 loci.

Processing sample ./stacks/CGTACG_GGGCCACATATGCAGG [84 of 181]
  Parsing ./stacks/CGTACG_GGGCCACATATGCAGG.tags.tsv
  Parsing ./stacks/CGTACG_GGGCCACATATGCAGG.snps.tsv
  Parsing ./stacks/CGTACG_GGGCCACATATGCAGG.alleles.tsv
Searching for sequence matches...
  49316 loci in the catalog, 3621732 kmers in the catalog hash.
Searching for gapped alignments...
Merging matches into catalog...
  438 loci were matched to a catalog locus.
  361 loci were matched to a catalog locus using gapped alignments.
  408 loci were newly added to the catalog.
  0 loci matched more than one catalog locus, linking them.
    0 linked catalog loci were merged into 0 loci.

Processing sample ./stacks/CGTACG_GGGCGAGTAATGCAGG [85 of 181]
  Parsing ./stacks/CGTACG_GGGCGAGTAATGCAGG.tags.tsv
  Parsing ./stacks/CGTACG_GGGCGAGTAATGCAGG.snps.tsv
  Parsing ./stacks/CGTACG_GGGCGAGTAATGCAGG.alleles.tsv
Searching for sequence matches...
  49724 loci in the catalog, 3651921 kmers in the catalog hash.
Searching for gapped alignments...
Merging matches into catalog...
  345 loci were matched to a catalog locus.
  305 loci were matched to a catalog locus using gapped alignments.
  726 loci were newly added to the catalog.
  0 loci matched more than one catalog locus, linking them.
    0 linked catalog loci were merged into 0 loci.

Processing sample ./stacks/CGTACG_GGGGTGCGAATGCAGG [86 of 181]
  Parsing ./stacks/CGTACG_GGGGTGCGAATGCAGG.tags.tsv
  Parsing ./stacks/CGTACG_GGGGTGCGAATGCAGG.snps.tsv
  Parsing ./stacks/CGTACG_GGGGTGCGAATGCAGG.alleles.tsv
Searching for sequence matches...
  50450 loci in the catalog, 3711557 kmers in the catalog hash.
Searching for gapped alignments...
Merging matches into catalog...
  301 loci were matched to a catalog locus.
  214 loci were matched to a catalog locus using gapped alignments.
  505 loci were newly added to the catalog.
  0 loci matched more than one catalog locus, linking them.
    0 linked catalog loci were merged into 0 loci.

Processing sample ./stacks/CGTACG_GGTATCAGCATGCAGG [87 of 181]
  Parsing ./stacks/CGTACG_GGTATCAGCATGCAGG.tags.tsv
  Parsing ./stacks/CGTACG_GGTATCAGCATGCAGG.snps.tsv
  Parsing ./stacks/CGTACG_GGTATCAGCATGCAGG.alleles.tsv
Searching for sequence matches...
  50955 loci in the catalog, 3752595 kmers in the catalog hash.
Searching for gapped alignments...
Merging matches into catalog...
  508 loci were matched to a catalog locus.
  420 loci were matched to a catalog locus using gapped alignments.
  309 loci were newly added to the catalog.
  0 loci matched more than one catalog locus, linking them.
    0 linked catalog loci were merged into 0 loci.

Processing sample ./stacks/CGTACG_GGTCCGTCTATGCAGG [88 of 181]
  Parsing ./stacks/CGTACG_GGTCCGTCTATGCAGG.tags.tsv
  Parsing ./stacks/CGTACG_GGTCCGTCTATGCAGG.snps.tsv
  Parsing ./stacks/CGTACG_GGTCCGTCTATGCAGG.alleles.tsv
Searching for sequence matches...
  51264 loci in the catalog, 3771642 kmers in the catalog hash.
Searching for gapped alignments...
Merging matches into catalog...
  328 loci were matched to a catalog locus.
  268 loci were matched to a catalog locus using gapped alignments.
  501 loci were newly added to the catalog.
  1 loci matched more than one catalog locus, linking them.
    2 linked catalog loci were merged into 1 loci.

Processing sample ./stacks/CGTACG_GGTCTTCACATGCAGG [89 of 181]
  Parsing ./stacks/CGTACG_GGTCTTCACATGCAGG.tags.tsv
  Parsing ./stacks/CGTACG_GGTCTTCACATGCAGG.snps.tsv
  Parsing ./stacks/CGTACG_GGTCTTCACATGCAGG.alleles.tsv
Searching for sequence matches...
  51764 loci in the catalog, 3811104 kmers in the catalog hash.
Searching for gapped alignments...
Merging matches into catalog...
  296 loci were matched to a catalog locus.
  260 loci were matched to a catalog locus using gapped alignments.
  387 loci were newly added to the catalog.
  0 loci matched more than one catalog locus, linking them.
    0 linked catalog loci were merged into 0 loci.

Processing sample ./stacks/CGTACG_GGTGGAACAATGCAGG [90 of 181]
  Parsing ./stacks/CGTACG_GGTGGAACAATGCAGG.tags.tsv
  Parsing ./stacks/CGTACG_GGTGGAACAATGCAGG.snps.tsv
  Parsing ./stacks/CGTACG_GGTGGAACAATGCAGG.alleles.tsv
Searching for sequence matches...
  52151 loci in the catalog, 3839994 kmers in the catalog hash.
Searching for gapped alignments...
Merging matches into catalog...
  651 loci were matched to a catalog locus.
  544 loci were matched to a catalog locus using gapped alignments.
  360 loci were newly added to the catalog.
  0 loci matched more than one catalog locus, linking them.
    0 linked catalog loci were merged into 0 loci.

Processing sample ./stacks/CGTACG_GGTGGCTTCATGCAGG [91 of 181]
  Parsing ./stacks/CGTACG_GGTGGCTTCATGCAGG.tags.tsv
  Parsing ./stacks/CGTACG_GGTGGCTTCATGCAGG.snps.tsv
  Parsing ./stacks/CGTACG_GGTGGCTTCATGCAGG.alleles.tsv
Searching for sequence matches...
  52511 loci in the catalog, 3861361 kmers in the catalog hash.
Searching for gapped alignments...
Merging matches into catalog...
  541 loci were matched to a catalog locus.
  507 loci were matched to a catalog locus using gapped alignments.
  371 loci were newly added to the catalog.
  0 loci matched more than one catalog locus, linking them.
    0 linked catalog loci were merged into 0 loci.

Processing sample ./stacks/CGTACG_GGTGGTGGTATGCAGG [92 of 181]
  Parsing ./stacks/CGTACG_GGTGGTGGTATGCAGG.tags.tsv
  Parsing ./stacks/CGTACG_GGTGGTGGTATGCAGG.snps.tsv
  Parsing ./stacks/CGTACG_GGTGGTGGTATGCAGG.alleles.tsv
Searching for sequence matches...
  52882 loci in the catalog, 3887391 kmers in the catalog hash.
Searching for gapped alignments...
Merging matches into catalog...
  224 loci were matched to a catalog locus.
  182 loci were matched to a catalog locus using gapped alignments.
  1246 loci were newly added to the catalog.
  0 loci matched more than one catalog locus, linking them.
    0 linked catalog loci were merged into 0 loci.

Processing sample ./stacks/CGTACG_GGTTCACGCATGCAGG [93 of 181]
  Parsing ./stacks/CGTACG_GGTTCACGCATGCAGG.tags.tsv
  Parsing ./stacks/CGTACG_GGTTCACGCATGCAGG.snps.tsv
  Parsing ./stacks/CGTACG_GGTTCACGCATGCAGG.alleles.tsv
Searching for sequence matches...
  54128 loci in the catalog, 3995911 kmers in the catalog hash.
Searching for gapped alignments...
Merging matches into catalog...
  364 loci were matched to a catalog locus.
  191 loci were matched to a catalog locus using gapped alignments.
  1096 loci were newly added to the catalog.
  0 loci matched more than one catalog locus, linking them.
    0 linked catalog loci were merged into 0 loci.

Processing sample ./stacks/GAGTGG_GGAAACATCGTGCAGG [94 of 181]
  Parsing ./stacks/GAGTGG_GGAAACATCGTGCAGG.tags.tsv
  Parsing ./stacks/GAGTGG_GGAAACATCGTGCAGG.snps.tsv
  Parsing ./stacks/GAGTGG_GGAAACATCGTGCAGG.alleles.tsv
Searching for sequence matches...
  55224 loci in the catalog, 4089319 kmers in the catalog hash.
Searching for gapped alignments...
Merging matches into catalog...
  654 loci were matched to a catalog locus.
  532 loci were matched to a catalog locus using gapped alignments.
  209 loci were newly added to the catalog.
  1 loci matched more than one catalog locus, linking them.
    2 linked catalog loci were merged into 1 loci.

Processing sample ./stacks/GAGTGG_GGAACAACCATGCAGG [95 of 181]
  Parsing ./stacks/GAGTGG_GGAACAACCATGCAGG.tags.tsv
  Parsing ./stacks/GAGTGG_GGAACAACCATGCAGG.snps.tsv
  Parsing ./stacks/GAGTGG_GGAACAACCATGCAGG.alleles.tsv
Searching for sequence matches...
  55432 loci in the catalog, 4100274 kmers in the catalog hash.
Searching for gapped alignments...
Merging matches into catalog...
  567 loci were matched to a catalog locus.
  535 loci were matched to a catalog locus using gapped alignments.
  209 loci were newly added to the catalog.
  2 loci matched more than one catalog locus, linking them.
    4 linked catalog loci were merged into 2 loci.

Processing sample ./stacks/GAGTGG_GGAACCGAGATGCAGG [96 of 181]
  Parsing ./stacks/GAGTGG_GGAACCGAGATGCAGG.tags.tsv
  Parsing ./stacks/GAGTGG_GGAACCGAGATGCAGG.snps.tsv
  Parsing ./stacks/GAGTGG_GGAACCGAGATGCAGG.alleles.tsv
Searching for sequence matches...
  55639 loci in the catalog, 4109041 kmers in the catalog hash.
Searching for gapped alignments...
Merging matches into catalog...
  450 loci were matched to a catalog locus.
  451 loci were matched to a catalog locus using gapped alignments.
  316 loci were newly added to the catalog.
  0 loci matched more than one catalog locus, linking them.
    0 linked catalog loci were merged into 0 loci.

Processing sample ./stacks/GAGTGG_GGAACGAACGTGCAGG [97 of 181]
  Parsing ./stacks/GAGTGG_GGAACGAACGTGCAGG.tags.tsv
  Parsing ./stacks/GAGTGG_GGAACGAACGTGCAGG.snps.tsv
  Parsing ./stacks/GAGTGG_GGAACGAACGTGCAGG.alleles.tsv
Searching for sequence matches...
  55955 loci in the catalog, 4124370 kmers in the catalog hash.
Searching for gapped alignments...
Merging matches into catalog...
  513 loci were matched to a catalog locus.
  454 loci were matched to a catalog locus using gapped alignments.
  489 loci were newly added to the catalog.
  0 loci matched more than one catalog locus, linking them.
    0 linked catalog loci were merged into 0 loci.

Processing sample ./stacks/GAGTGG_GGAACGCTTATGCAGG [98 of 181]
  Parsing ./stacks/GAGTGG_GGAACGCTTATGCAGG.tags.tsv
  Parsing ./stacks/GAGTGG_GGAACGCTTATGCAGG.snps.tsv
  Parsing ./stacks/GAGTGG_GGAACGCTTATGCAGG.alleles.tsv
Searching for sequence matches...
  56444 loci in the catalog, 4160291 kmers in the catalog hash.
Searching for gapped alignments...
Merging matches into catalog...
  621 loci were matched to a catalog locus.
  582 loci were matched to a catalog locus using gapped alignments.
  197 loci were newly added to the catalog.
  0 loci matched more than one catalog locus, linking them.
    0 linked catalog loci were merged into 0 loci.

Processing sample ./stacks/GAGTGG_GGAACGTGATTGCAGG [99 of 181]
  Parsing ./stacks/GAGTGG_GGAACGTGATTGCAGG.tags.tsv
  Parsing ./stacks/GAGTGG_GGAACGTGATTGCAGG.snps.tsv
  Parsing ./stacks/GAGTGG_GGAACGTGATTGCAGG.alleles.tsv
Searching for sequence matches...
  56641 loci in the catalog, 4168194 kmers in the catalog hash.
Searching for gapped alignments...
Merging matches into catalog...
  586 loci were matched to a catalog locus.
  561 loci were matched to a catalog locus using gapped alignments.
  210 loci were newly added to the catalog.
  1 loci matched more than one catalog locus, linking them.
    2 linked catalog loci were merged into 1 loci.

Processing sample ./stacks/GAGTGG_GGAAGACGGATGCAGG [100 of 181]
  Parsing ./stacks/GAGTGG_GGAAGACGGATGCAGG.tags.tsv
  Parsing ./stacks/GAGTGG_GGAAGACGGATGCAGG.snps.tsv
  Parsing ./stacks/GAGTGG_GGAAGACGGATGCAGG.alleles.tsv
Searching for sequence matches...
  56850 loci in the catalog, 4179845 kmers in the catalog hash.
Searching for gapped alignments...
Merging matches into catalog...
  533 loci were matched to a catalog locus.
  497 loci were matched to a catalog locus using gapped alignments.
  234 loci were newly added to the catalog.
  0 loci matched more than one catalog locus, linking them.
    0 linked catalog loci were merged into 0 loci.

Processing sample ./stacks/GAGTGG_GGACAAGCTATGCAGG [101 of 181]
  Parsing ./stacks/GAGTGG_GGACAAGCTATGCAGG.tags.tsv
  Parsing ./stacks/GAGTGG_GGACAAGCTATGCAGG.snps.tsv
  Parsing ./stacks/GAGTGG_GGACAAGCTATGCAGG.alleles.tsv
Searching for sequence matches...
  57084 loci in the catalog, 4190089 kmers in the catalog hash.
Searching for gapped alignments...
Merging matches into catalog...
  528 loci were matched to a catalog locus.
  443 loci were matched to a catalog locus using gapped alignments.
  414 loci were newly added to the catalog.
  0 loci matched more than one catalog locus, linking them.
    0 linked catalog loci were merged into 0 loci.

Processing sample ./stacks/GAGTGG_GGACACAGAATGCAGG [102 of 181]
  Parsing ./stacks/GAGTGG_GGACACAGAATGCAGG.tags.tsv
  Parsing ./stacks/GAGTGG_GGACACAGAATGCAGG.snps.tsv
  Parsing ./stacks/GAGTGG_GGACACAGAATGCAGG.alleles.tsv
Searching for sequence matches...
  57498 loci in the catalog, 4218870 kmers in the catalog hash.
Searching for gapped alignments...
Merging matches into catalog...
  482 loci were matched to a catalog locus.
  490 loci were matched to a catalog locus using gapped alignments.
  390 loci were newly added to the catalog.
  1 loci matched more than one catalog locus, linking them.
    2 linked catalog loci were merged into 1 loci.

Processing sample ./stacks/GAGTGG_GGACAGCAGATGCAGG [103 of 181]
  Parsing ./stacks/GAGTGG_GGACAGCAGATGCAGG.tags.tsv
  Parsing ./stacks/GAGTGG_GGACAGCAGATGCAGG.snps.tsv
  Parsing ./stacks/GAGTGG_GGACAGCAGATGCAGG.alleles.tsv
Searching for sequence matches...
  57887 loci in the catalog, 4239984 kmers in the catalog hash.
Searching for gapped alignments...
Merging matches into catalog...
  616 loci were matched to a catalog locus.
  575 loci were matched to a catalog locus using gapped alignments.
  200 loci were newly added to the catalog.
  1 loci matched more than one catalog locus, linking them.
    2 linked catalog loci were merged into 1 loci.

Processing sample ./stacks/GAGTGG_GGACATTGGCTGCAGG [104 of 181]
  Parsing ./stacks/GAGTGG_GGACATTGGCTGCAGG.tags.tsv
  Parsing ./stacks/GAGTGG_GGACATTGGCTGCAGG.snps.tsv
  Parsing ./stacks/GAGTGG_GGACATTGGCTGCAGG.alleles.tsv
Searching for sequence matches...
  58086 loci in the catalog, 4249060 kmers in the catalog hash.
Searching for gapped alignments...
Merging matches into catalog...
  607 loci were matched to a catalog locus.
  585 loci were matched to a catalog locus using gapped alignments.
  193 loci were newly added to the catalog.
  1 loci matched more than one catalog locus, linking them.
    2 linked catalog loci were merged into 1 loci.

Processing sample ./stacks/GAGTGG_GGACCACTGTTGCAGG [105 of 181]
  Parsing ./stacks/GAGTGG_GGACCACTGTTGCAGG.tags.tsv
  Parsing ./stacks/GAGTGG_GGACCACTGTTGCAGG.snps.tsv
  Parsing ./stacks/GAGTGG_GGACCACTGTTGCAGG.alleles.tsv
Searching for sequence matches...
  58278 loci in the catalog, 4257025 kmers in the catalog hash.
Searching for gapped alignments...
Merging matches into catalog...
  706 loci were matched to a catalog locus.
  529 loci were matched to a catalog locus using gapped alignments.
  161 loci were newly added to the catalog.
  2 loci matched more than one catalog locus, linking them.
    4 linked catalog loci were merged into 2 loci.

Processing sample ./stacks/GAGTGG_GGACCTCCAATGCAGG [106 of 181]
  Parsing ./stacks/GAGTGG_GGACCTCCAATGCAGG.tags.tsv
  Parsing ./stacks/GAGTGG_GGACCTCCAATGCAGG.snps.tsv
  Parsing ./stacks/GAGTGG_GGACCTCCAATGCAGG.alleles.tsv
Searching for sequence matches...
  58437 loci in the catalog, 4264619 kmers in the catalog hash.
Searching for gapped alignments...
Merging matches into catalog...
  585 loci were matched to a catalog locus.
  613 loci were matched to a catalog locus using gapped alignments.
  180 loci were newly added to the catalog.
  0 loci matched more than one catalog locus, linking them.
    0 linked catalog loci were merged into 0 loci.

Processing sample ./stacks/GAGTGG_GGACGCTCGATGCAGG [107 of 181]
  Parsing ./stacks/GAGTGG_GGACGCTCGATGCAGG.tags.tsv
  Parsing ./stacks/GAGTGG_GGACGCTCGATGCAGG.snps.tsv
  Parsing ./stacks/GAGTGG_GGACGCTCGATGCAGG.alleles.tsv
Searching for sequence matches...
  58617 loci in the catalog, 4272389 kmers in the catalog hash.
Searching for gapped alignments...
Merging matches into catalog...
  396 loci were matched to a catalog locus.
  497 loci were matched to a catalog locus using gapped alignments.
  271 loci were newly added to the catalog.
  0 loci matched more than one catalog locus, linking them.
    0 linked catalog loci were merged into 0 loci.

Processing sample ./stacks/GAGTGG_GGACGTATCATGCAGG [108 of 181]
  Parsing ./stacks/GAGTGG_GGACGTATCATGCAGG.tags.tsv
  Parsing ./stacks/GAGTGG_GGACGTATCATGCAGG.snps.tsv
  Parsing ./stacks/GAGTGG_GGACGTATCATGCAGG.alleles.tsv
Searching for sequence matches...
  58888 loci in the catalog, 4288096 kmers in the catalog hash.
Searching for gapped alignments...
Merging matches into catalog...
  549 loci were matched to a catalog locus.
  537 loci were matched to a catalog locus using gapped alignments.
  126 loci were newly added to the catalog.
  0 loci matched more than one catalog locus, linking them.
    0 linked catalog loci were merged into 0 loci.

Processing sample ./stacks/GAGTGG_GGACTATGCATGCAGG [109 of 181]
  Parsing ./stacks/GAGTGG_GGACTATGCATGCAGG.tags.tsv
  Parsing ./stacks/GAGTGG_GGACTATGCATGCAGG.snps.tsv
  Parsing ./stacks/GAGTGG_GGACTATGCATGCAGG.alleles.tsv
Searching for sequence matches...
  59014 loci in the catalog, 4292683 kmers in the catalog hash.
Searching for gapped alignments...
Merging matches into catalog...
  534 loci were matched to a catalog locus.
  474 loci were matched to a catalog locus using gapped alignments.
  171 loci were newly added to the catalog.
  1 loci matched more than one catalog locus, linking them.
    2 linked catalog loci were merged into 1 loci.

Processing sample ./stacks/GAGTGG_GGAGAGTCAATGCAGG [110 of 181]
  Parsing ./stacks/GAGTGG_GGAGAGTCAATGCAGG.tags.tsv
  Parsing ./stacks/GAGTGG_GGAGAGTCAATGCAGG.snps.tsv
  Parsing ./stacks/GAGTGG_GGAGAGTCAATGCAGG.alleles.tsv
Searching for sequence matches...
  59184 loci in the catalog, 4299469 kmers in the catalog hash.
Searching for gapped alignments...
Merging matches into catalog...
  584 loci were matched to a catalog locus.
  506 loci were matched to a catalog locus using gapped alignments.
  131 loci were newly added to the catalog.
  1 loci matched more than one catalog locus, linking them.
    2 linked catalog loci were merged into 1 loci.

Processing sample ./stacks/GAGTGG_GGAGATCGCATGCAGG [111 of 181]
  Parsing ./stacks/GAGTGG_GGAGATCGCATGCAGG.tags.tsv
  Parsing ./stacks/GAGTGG_GGAGATCGCATGCAGG.snps.tsv
  Parsing ./stacks/GAGTGG_GGAGATCGCATGCAGG.alleles.tsv
Searching for sequence matches...
  59314 loci in the catalog, 4304949 kmers in the catalog hash.
Searching for gapped alignments...
Merging matches into catalog...
  576 loci were matched to a catalog locus.
  508 loci were matched to a catalog locus using gapped alignments.
  138 loci were newly added to the catalog.
  2 loci matched more than one catalog locus, linking them.
    4 linked catalog loci were merged into 2 loci.

Processing sample ./stacks/GAGTGG_GGAGCAGGAATGCAGG [112 of 181]
  Parsing ./stacks/GAGTGG_GGAGCAGGAATGCAGG.tags.tsv
  Parsing ./stacks/GAGTGG_GGAGCAGGAATGCAGG.snps.tsv
  Parsing ./stacks/GAGTGG_GGAGCAGGAATGCAGG.alleles.tsv
Searching for sequence matches...
  59450 loci in the catalog, 4309734 kmers in the catalog hash.
Searching for gapped alignments...
Merging matches into catalog...
  614 loci were matched to a catalog locus.
  539 loci were matched to a catalog locus using gapped alignments.
  112 loci were newly added to the catalog.
  0 loci matched more than one catalog locus, linking them.
    0 linked catalog loci were merged into 0 loci.

Processing sample ./stacks/GAGTGG_GGAGTACAAGTGCAGG [113 of 181]
  Parsing ./stacks/GAGTGG_GGAGTACAAGTGCAGG.tags.tsv
  Parsing ./stacks/GAGTGG_GGAGTACAAGTGCAGG.snps.tsv
  Parsing ./stacks/GAGTGG_GGAGTACAAGTGCAGG.alleles.tsv
Searching for sequence matches...
  59562 loci in the catalog, 4313638 kmers in the catalog hash.
Searching for gapped alignments...
Merging matches into catalog...
  611 loci were matched to a catalog locus.
  532 loci were matched to a catalog locus using gapped alignments.
  140 loci were newly added to the catalog.
  1 loci matched more than one catalog locus, linking them.
    2 linked catalog loci were merged into 1 loci.

Processing sample ./stacks/GAGTGG_GGAGTCACTATGCAGG [114 of 181]
  Parsing ./stacks/GAGTGG_GGAGTCACTATGCAGG.tags.tsv
  Parsing ./stacks/GAGTGG_GGAGTCACTATGCAGG.snps.tsv
  Parsing ./stacks/GAGTGG_GGAGTCACTATGCAGG.alleles.tsv
Searching for sequence matches...
  59701 loci in the catalog, 4318661 kmers in the catalog hash.
Searching for gapped alignments...
Merging matches into catalog...
  437 loci were matched to a catalog locus.
  488 loci were matched to a catalog locus using gapped alignments.
  215 loci were newly added to the catalog.
  1 loci matched more than one catalog locus, linking them.
    2 linked catalog loci were merged into 1 loci.

Processing sample ./stacks/GAGTGG_GGAGTGGTCATGCAGG [115 of 181]
  Parsing ./stacks/GAGTGG_GGAGTGGTCATGCAGG.tags.tsv
  Parsing ./stacks/GAGTGG_GGAGTGGTCATGCAGG.snps.tsv
  Parsing ./stacks/GAGTGG_GGAGTGGTCATGCAGG.alleles.tsv
Searching for sequence matches...
  59915 loci in the catalog, 4329485 kmers in the catalog hash.
Searching for gapped alignments...
Merging matches into catalog...
  585 loci were matched to a catalog locus.
  534 loci were matched to a catalog locus using gapped alignments.
  210 loci were newly added to the catalog.
  0 loci matched more than one catalog locus, linking them.
    0 linked catalog loci were merged into 0 loci.

Processing sample ./stacks/GAGTGG_GGATCCTGTATGCAGG [116 of 181]
  Parsing ./stacks/GAGTGG_GGATCCTGTATGCAGG.tags.tsv
  Parsing ./stacks/GAGTGG_GGATCCTGTATGCAGG.snps.tsv
  Parsing ./stacks/GAGTGG_GGATCCTGTATGCAGG.alleles.tsv
Searching for sequence matches...
  60125 loci in the catalog, 4338241 kmers in the catalog hash.
Searching for gapped alignments...
Merging matches into catalog...
  597 loci were matched to a catalog locus.
  514 loci were matched to a catalog locus using gapped alignments.
  108 loci were newly added to the catalog.
  0 loci matched more than one catalog locus, linking them.
    0 linked catalog loci were merged into 0 loci.

Processing sample ./stacks/GAGTGG_GGATGCCTAATGCAGG [117 of 181]
  Parsing ./stacks/GAGTGG_GGATGCCTAATGCAGG.tags.tsv
  Parsing ./stacks/GAGTGG_GGATGCCTAATGCAGG.snps.tsv
  Parsing ./stacks/GAGTGG_GGATGCCTAATGCAGG.alleles.tsv
Searching for sequence matches...
  60233 loci in the catalog, 4341145 kmers in the catalog hash.
Searching for gapped alignments...
Merging matches into catalog...
  571 loci were matched to a catalog locus.
  573 loci were matched to a catalog locus using gapped alignments.
  258 loci were newly added to the catalog.
  0 loci matched more than one catalog locus, linking them.
    0 linked catalog loci were merged into 0 loci.

Processing sample ./stacks/GAGTGG_GGATTGAGGATGCAGG [118 of 181]
  Parsing ./stacks/GAGTGG_GGATTGAGGATGCAGG.tags.tsv
  Parsing ./stacks/GAGTGG_GGATTGAGGATGCAGG.snps.tsv
  Parsing ./stacks/GAGTGG_GGATTGAGGATGCAGG.alleles.tsv
Searching for sequence matches...
  60491 loci in the catalog, 4354974 kmers in the catalog hash.
Searching for gapped alignments...
Merging matches into catalog...
  615 loci were matched to a catalog locus.
  552 loci were matched to a catalog locus using gapped alignments.
  158 loci were newly added to the catalog.
  2 loci matched more than one catalog locus, linking them.
    4 linked catalog loci were merged into 2 loci.

Processing sample ./stacks/GAGTGG_GGCAACCACATGCAGG [119 of 181]
  Parsing ./stacks/GAGTGG_GGCAACCACATGCAGG.tags.tsv
  Parsing ./stacks/GAGTGG_GGCAACCACATGCAGG.snps.tsv
  Parsing ./stacks/GAGTGG_GGCAACCACATGCAGG.alleles.tsv
Searching for sequence matches...
  60647 loci in the catalog, 4360993 kmers in the catalog hash.
Searching for gapped alignments...
Merging matches into catalog...
  591 loci were matched to a catalog locus.
  524 loci were matched to a catalog locus using gapped alignments.
  137 loci were newly added to the catalog.
  0 loci matched more than one catalog locus, linking them.
    0 linked catalog loci were merged into 0 loci.

Processing sample ./stacks/GAGTGG_GGCAATGGAATGCAGG [120 of 181]
  Parsing ./stacks/GAGTGG_GGCAATGGAATGCAGG.tags.tsv
  Parsing ./stacks/GAGTGG_GGCAATGGAATGCAGG.snps.tsv
  Parsing ./stacks/GAGTGG_GGCAATGGAATGCAGG.alleles.tsv
Searching for sequence matches...
  60784 loci in the catalog, 4366613 kmers in the catalog hash.
Searching for gapped alignments...
Merging matches into catalog...
  627 loci were matched to a catalog locus.
  579 loci were matched to a catalog locus using gapped alignments.
  145 loci were newly added to the catalog.
  0 loci matched more than one catalog locus, linking them.
    0 linked catalog loci were merged into 0 loci.

Processing sample ./stacks/GAGTGG_GGCACTTCGATGCAGG [121 of 181]
  Parsing ./stacks/GAGTGG_GGCACTTCGATGCAGG.tags.tsv
  Parsing ./stacks/GAGTGG_GGCACTTCGATGCAGG.snps.tsv
  Parsing ./stacks/GAGTGG_GGCACTTCGATGCAGG.alleles.tsv
Searching for sequence matches...
  60929 loci in the catalog, 4372241 kmers in the catalog hash.
Searching for gapped alignments...
Merging matches into catalog...
  392 loci were matched to a catalog locus.
  487 loci were matched to a catalog locus using gapped alignments.
  138 loci were newly added to the catalog.
  0 loci matched more than one catalog locus, linking them.
    0 linked catalog loci were merged into 0 loci.

Processing sample ./stacks/GAGTGG_GGCAGATCTGTGCAGG [122 of 181]
  Parsing ./stacks/GAGTGG_GGCAGATCTGTGCAGG.tags.tsv
  Parsing ./stacks/GAGTGG_GGCAGATCTGTGCAGG.snps.tsv
  Parsing ./stacks/GAGTGG_GGCAGATCTGTGCAGG.alleles.tsv
Searching for sequence matches...
  61067 loci in the catalog, 4378365 kmers in the catalog hash.
Searching for gapped alignments...
Merging matches into catalog...
  542 loci were matched to a catalog locus.
  471 loci were matched to a catalog locus using gapped alignments.
  581 loci were newly added to the catalog.
  0 loci matched more than one catalog locus, linking them.
    0 linked catalog loci were merged into 0 loci.

Processing sample ./stacks/GAGTGG_GGCAGCGTTATGCAGG [123 of 181]
  Parsing ./stacks/GAGTGG_GGCAGCGTTATGCAGG.tags.tsv
  Parsing ./stacks/GAGTGG_GGCAGCGTTATGCAGG.snps.tsv
  Parsing ./stacks/GAGTGG_GGCAGCGTTATGCAGG.alleles.tsv
Searching for sequence matches...
  61648 loci in the catalog, 4422801 kmers in the catalog hash.
Searching for gapped alignments...
Merging matches into catalog...
  658 loci were matched to a catalog locus.
  609 loci were matched to a catalog locus using gapped alignments.
  165 loci were newly added to the catalog.
  1 loci matched more than one catalog locus, linking them.
    2 linked catalog loci were merged into 1 loci.

Processing sample ./stacks/GAGTGG_GGCATACCAATGCAGG [124 of 181]
  Parsing ./stacks/GAGTGG_GGCATACCAATGCAGG.tags.tsv
  Parsing ./stacks/GAGTGG_GGCATACCAATGCAGG.snps.tsv
  Parsing ./stacks/GAGTGG_GGCATACCAATGCAGG.alleles.tsv
Searching for sequence matches...
  61812 loci in the catalog, 4429269 kmers in the catalog hash.
Searching for gapped alignments...
Merging matches into catalog...
  560 loci were matched to a catalog locus.
  589 loci were matched to a catalog locus using gapped alignments.
  178 loci were newly added to the catalog.
  0 loci matched more than one catalog locus, linking them.
    0 linked catalog loci were merged into 0 loci.

Processing sample ./stacks/GAGTGG_GGCATCAAGTTGCAGG [125 of 181]
  Parsing ./stacks/GAGTGG_GGCATCAAGTTGCAGG.tags.tsv
  Parsing ./stacks/GAGTGG_GGCATCAAGTTGCAGG.snps.tsv
  Parsing ./stacks/GAGTGG_GGCATCAAGTTGCAGG.alleles.tsv
Searching for sequence matches...
  61990 loci in the catalog, 4437738 kmers in the catalog hash.
Searching for gapped alignments...
Merging matches into catalog...
  590 loci were matched to a catalog locus.
  563 loci were matched to a catalog locus using gapped alignments.
  169 loci were newly added to the catalog.
  0 loci matched more than one catalog locus, linking them.
    0 linked catalog loci were merged into 0 loci.

Processing sample ./stacks/GAGTGG_GGCCAGTTCATGCAGG [126 of 181]
  Parsing ./stacks/GAGTGG_GGCCAGTTCATGCAGG.tags.tsv
  Parsing ./stacks/GAGTGG_GGCCAGTTCATGCAGG.snps.tsv
  Parsing ./stacks/GAGTGG_GGCCAGTTCATGCAGG.alleles.tsv
Searching for sequence matches...
  62159 loci in the catalog, 4445635 kmers in the catalog hash.
Searching for gapped alignments...
Merging matches into catalog...
  531 loci were matched to a catalog locus.
  536 loci were matched to a catalog locus using gapped alignments.
  119 loci were newly added to the catalog.
  0 loci matched more than one catalog locus, linking them.
    0 linked catalog loci were merged into 0 loci.

Processing sample ./stacks/GAGTGG_GGCCGAAGTATGCAGG [127 of 181]
  Parsing ./stacks/GAGTGG_GGCCGAAGTATGCAGG.tags.tsv
  Parsing ./stacks/GAGTGG_GGCCGAAGTATGCAGG.snps.tsv
  Parsing ./stacks/GAGTGG_GGCCGAAGTATGCAGG.alleles.tsv
Searching for sequence matches...
  62278 loci in the catalog, 4449416 kmers in the catalog hash.
Searching for gapped alignments...
Merging matches into catalog...
  485 loci were matched to a catalog locus.
  523 loci were matched to a catalog locus using gapped alignments.
  148 loci were newly added to the catalog.
  0 loci matched more than one catalog locus, linking them.
    0 linked catalog loci were merged into 0 loci.

Processing sample ./stacks/GAGTGG_GGCCGTGAGATGCAGG [128 of 181]
  Parsing ./stacks/GAGTGG_GGCCGTGAGATGCAGG.tags.tsv
  Parsing ./stacks/GAGTGG_GGCCGTGAGATGCAGG.snps.tsv
  Parsing ./stacks/GAGTGG_GGCCGTGAGATGCAGG.alleles.tsv
Searching for sequence matches...
  62426 loci in the catalog, 4456676 kmers in the catalog hash.
Searching for gapped alignments...
Merging matches into catalog...
  488 loci were matched to a catalog locus.
  532 loci were matched to a catalog locus using gapped alignments.
  100 loci were newly added to the catalog.
  0 loci matched more than one catalog locus, linking them.
    0 linked catalog loci were merged into 0 loci.

Processing sample ./stacks/GAGTGG_GGCCTCCTGATGCAGG [129 of 181]
  Parsing ./stacks/GAGTGG_GGCCTCCTGATGCAGG.tags.tsv
  Parsing ./stacks/GAGTGG_GGCCTCCTGATGCAGG.snps.tsv
  Parsing ./stacks/GAGTGG_GGCCTCCTGATGCAGG.alleles.tsv
Searching for sequence matches...
  62526 loci in the catalog, 4459986 kmers in the catalog hash.
Searching for gapped alignments...
Merging matches into catalog...
  560 loci were matched to a catalog locus.
  574 loci were matched to a catalog locus using gapped alignments.
  143 loci were newly added to the catalog.
  1 loci matched more than one catalog locus, linking them.
    2 linked catalog loci were merged into 1 loci.

Processing sample ./stacks/GAGTGG_GGCGAACTTATGCAGG [130 of 181]
  Parsing ./stacks/GAGTGG_GGCGAACTTATGCAGG.tags.tsv
  Parsing ./stacks/GAGTGG_GGCGAACTTATGCAGG.snps.tsv
  Parsing ./stacks/GAGTGG_GGCGAACTTATGCAGG.alleles.tsv
Searching for sequence matches...
  62668 loci in the catalog, 4464504 kmers in the catalog hash.
Searching for gapped alignments...
Merging matches into catalog...
  472 loci were matched to a catalog locus.
  507 loci were matched to a catalog locus using gapped alignments.
  77 loci were newly added to the catalog.
  1 loci matched more than one catalog locus, linking them.
    2 linked catalog loci were merged into 1 loci.

Processing sample ./stacks/GTTTCG_GGAAACATCGTGCAGG [131 of 181]
  Parsing ./stacks/GTTTCG_GGAAACATCGTGCAGG.tags.tsv
  Parsing ./stacks/GTTTCG_GGAAACATCGTGCAGG.snps.tsv
  Parsing ./stacks/GTTTCG_GGAAACATCGTGCAGG.alleles.tsv
Searching for sequence matches...
  62744 loci in the catalog, 4466954 kmers in the catalog hash.
Searching for gapped alignments...
Merging matches into catalog...
  644 loci were matched to a catalog locus.
  325 loci were matched to a catalog locus using gapped alignments.
  706 loci were newly added to the catalog.
  2 loci matched more than one catalog locus, linking them.
    4 linked catalog loci were merged into 2 loci.

Processing sample ./stacks/GTTTCG_GGAACAACCATGCAGG [132 of 181]
  Parsing ./stacks/GTTTCG_GGAACAACCATGCAGG.tags.tsv
  Parsing ./stacks/GTTTCG_GGAACAACCATGCAGG.snps.tsv
  Parsing ./stacks/GTTTCG_GGAACAACCATGCAGG.alleles.tsv
Searching for sequence matches...
  63448 loci in the catalog, 4522652 kmers in the catalog hash.
Searching for gapped alignments...
Merging matches into catalog...
  296 loci were matched to a catalog locus.
  125 loci were matched to a catalog locus using gapped alignments.
  1167 loci were newly added to the catalog.
  0 loci matched more than one catalog locus, linking them.
    0 linked catalog loci were merged into 0 loci.

Processing sample ./stacks/GTTTCG_GGAACGAACGTGCAGG [133 of 181]
  Parsing ./stacks/GTTTCG_GGAACGAACGTGCAGG.tags.tsv
  Parsing ./stacks/GTTTCG_GGAACGAACGTGCAGG.snps.tsv
  Parsing ./stacks/GTTTCG_GGAACGAACGTGCAGG.alleles.tsv
Searching for sequence matches...
  64615 loci in the catalog, 4624562 kmers in the catalog hash.
Searching for gapped alignments...
Merging matches into catalog...
  228 loci were matched to a catalog locus.
  89 loci were matched to a catalog locus using gapped alignments.
  1241 loci were newly added to the catalog.
  0 loci matched more than one catalog locus, linking them.
    0 linked catalog loci were merged into 0 loci.

Processing sample ./stacks/GTTTCG_GGAACGCTTATGCAGG [134 of 181]
  Parsing ./stacks/GTTTCG_GGAACGCTTATGCAGG.tags.tsv
  Parsing ./stacks/GTTTCG_GGAACGCTTATGCAGG.snps.tsv
  Parsing ./stacks/GTTTCG_GGAACGCTTATGCAGG.alleles.tsv
Searching for sequence matches...
  65856 loci in the catalog, 4734090 kmers in the catalog hash.
Searching for gapped alignments...
Merging matches into catalog...
  461 loci were matched to a catalog locus.
  196 loci were matched to a catalog locus using gapped alignments.
  1085 loci were newly added to the catalog.
  0 loci matched more than one catalog locus, linking them.
    0 linked catalog loci were merged into 0 loci.

Processing sample ./stacks/GTTTCG_GGAACGTGATTGCAGG [135 of 181]
  Parsing ./stacks/GTTTCG_GGAACGTGATTGCAGG.tags.tsv
  Parsing ./stacks/GTTTCG_GGAACGTGATTGCAGG.snps.tsv
  Parsing ./stacks/GTTTCG_GGAACGTGATTGCAGG.alleles.tsv
Searching for sequence matches...
  66941 loci in the catalog, 4827061 kmers in the catalog hash.
Searching for gapped alignments...
Merging matches into catalog...
  539 loci were matched to a catalog locus.
  520 loci were matched to a catalog locus using gapped alignments.
  530 loci were newly added to the catalog.
  1 loci matched more than one catalog locus, linking them.
    2 linked catalog loci were merged into 1 loci.

Processing sample ./stacks/GTTTCG_GGAAGACGGATGCAGG [136 of 181]
  Parsing ./stacks/GTTTCG_GGAAGACGGATGCAGG.tags.tsv
  Parsing ./stacks/GTTTCG_GGAAGACGGATGCAGG.snps.tsv
  Parsing ./stacks/GTTTCG_GGAAGACGGATGCAGG.alleles.tsv
Searching for sequence matches...
  67470 loci in the catalog, 4868811 kmers in the catalog hash.
Searching for gapped alignments...
Merging matches into catalog...
  417 loci were matched to a catalog locus.
  372 loci were matched to a catalog locus using gapped alignments.
  407 loci were newly added to the catalog.
  0 loci matched more than one catalog locus, linking them.
    0 linked catalog loci were merged into 0 loci.

Processing sample ./stacks/GTTTCG_GGAAGGTACATGCAGG [137 of 181]
  Parsing ./stacks/GTTTCG_GGAAGGTACATGCAGG.tags.tsv
  Parsing ./stacks/GTTTCG_GGAAGGTACATGCAGG.snps.tsv
  Parsing ./stacks/GTTTCG_GGAAGGTACATGCAGG.alleles.tsv
Searching for sequence matches...
  67877 loci in the catalog, 4899959 kmers in the catalog hash.
Searching for gapped alignments...
Merging matches into catalog...
  571 loci were matched to a catalog locus.
  144 loci were matched to a catalog locus using gapped alignments.
  843 loci were newly added to the catalog.
  0 loci matched more than one catalog locus, linking them.
    0 linked catalog loci were merged into 0 loci.

Processing sample ./stacks/GTTTCG_GGACAAGCTATGCAGG [138 of 181]
  Parsing ./stacks/GTTTCG_GGACAAGCTATGCAGG.tags.tsv
  Parsing ./stacks/GTTTCG_GGACAAGCTATGCAGG.snps.tsv
  Parsing ./stacks/GTTTCG_GGACAAGCTATGCAGG.alleles.tsv
Searching for sequence matches...
  68720 loci in the catalog, 4972274 kmers in the catalog hash.
Searching for gapped alignments...
Merging matches into catalog...
  494 loci were matched to a catalog locus.
  413 loci were matched to a catalog locus using gapped alignments.
  315 loci were newly added to the catalog.
  2 loci matched more than one catalog locus, linking them.
    4 linked catalog loci were merged into 2 loci.

Processing sample ./stacks/GTTTCG_GGACATTGGCTGCAGG [139 of 181]
  Parsing ./stacks/GTTTCG_GGACATTGGCTGCAGG.tags.tsv
  Parsing ./stacks/GTTTCG_GGACATTGGCTGCAGG.snps.tsv
  Parsing ./stacks/GTTTCG_GGACATTGGCTGCAGG.alleles.tsv
Searching for sequence matches...
  69033 loci in the catalog, 4994250 kmers in the catalog hash.
Searching for gapped alignments...
Merging matches into catalog...
  662 loci were matched to a catalog locus.
  297 loci were matched to a catalog locus using gapped alignments.
  562 loci were newly added to the catalog.
  0 loci matched more than one catalog locus, linking them.
    0 linked catalog loci were merged into 0 loci.

Processing sample ./stacks/GTTTCG_GGACCACTGTTGCAGG [140 of 181]
  Parsing ./stacks/GTTTCG_GGACCACTGTTGCAGG.tags.tsv
  Parsing ./stacks/GTTTCG_GGACCACTGTTGCAGG.snps.tsv
  Parsing ./stacks/GTTTCG_GGACCACTGTTGCAGG.alleles.tsv
Searching for sequence matches...
  69595 loci in the catalog, 5031188 kmers in the catalog hash.
Searching for gapped alignments...
Merging matches into catalog...
  483 loci were matched to a catalog locus.
  256 loci were matched to a catalog locus using gapped alignments.
  717 loci were newly added to the catalog.
  0 loci matched more than one catalog locus, linking them.
    0 linked catalog loci were merged into 0 loci.

Processing sample ./stacks/GTTTCG_GGACCTCCAATGCAGG [141 of 181]
  Parsing ./stacks/GTTTCG_GGACCTCCAATGCAGG.tags.tsv
  Parsing ./stacks/GTTTCG_GGACCTCCAATGCAGG.snps.tsv
  Parsing ./stacks/GTTTCG_GGACCTCCAATGCAGG.alleles.tsv
Searching for sequence matches...
  70312 loci in the catalog, 5091600 kmers in the catalog hash.
Searching for gapped alignments...
Merging matches into catalog...
  377 loci were matched to a catalog locus.
  242 loci were matched to a catalog locus using gapped alignments.
  656 loci were newly added to the catalog.
  0 loci matched more than one catalog locus, linking them.
    0 linked catalog loci were merged into 0 loci.

Processing sample ./stacks/GTTTCG_GGAGAGTCAATGCAGG [142 of 181]
  Parsing ./stacks/GTTTCG_GGAGAGTCAATGCAGG.tags.tsv
  Parsing ./stacks/GTTTCG_GGAGAGTCAATGCAGG.snps.tsv
  Parsing ./stacks/GTTTCG_GGAGAGTCAATGCAGG.alleles.tsv
Searching for sequence matches...
  70968 loci in the catalog, 5145552 kmers in the catalog hash.
Searching for gapped alignments...
Merging matches into catalog...
  338 loci were matched to a catalog locus.
  286 loci were matched to a catalog locus using gapped alignments.
  450 loci were newly added to the catalog.
  0 loci matched more than one catalog locus, linking them.
    0 linked catalog loci were merged into 0 loci.

Processing sample ./stacks/GTTTCG_GGAGATCGCATGCAGG [143 of 181]
  Parsing ./stacks/GTTTCG_GGAGATCGCATGCAGG.tags.tsv
  Parsing ./stacks/GTTTCG_GGAGATCGCATGCAGG.snps.tsv
  Parsing ./stacks/GTTTCG_GGAGATCGCATGCAGG.alleles.tsv
Searching for sequence matches...
  71418 loci in the catalog, 5180115 kmers in the catalog hash.
Searching for gapped alignments...
Merging matches into catalog...
  341 loci were matched to a catalog locus.
  316 loci were matched to a catalog locus using gapped alignments.
  322 loci were newly added to the catalog.
  0 loci matched more than one catalog locus, linking them.
    0 linked catalog loci were merged into 0 loci.

Processing sample ./stacks/GTTTCG_GGAGCAGGAATGCAGG [144 of 181]
  Parsing ./stacks/GTTTCG_GGAGCAGGAATGCAGG.tags.tsv
  Parsing ./stacks/GTTTCG_GGAGCAGGAATGCAGG.snps.tsv
  Parsing ./stacks/GTTTCG_GGAGCAGGAATGCAGG.alleles.tsv
Searching for sequence matches...
  71740 loci in the catalog, 5205321 kmers in the catalog hash.
Searching for gapped alignments...
Merging matches into catalog...
  476 loci were matched to a catalog locus.
  512 loci were matched to a catalog locus using gapped alignments.
  191 loci were newly added to the catalog.
  0 loci matched more than one catalog locus, linking them.
    0 linked catalog loci were merged into 0 loci.

Processing sample ./stacks/GTTTCG_GGAGTACAAGTGCAGG [145 of 181]
  Parsing ./stacks/GTTTCG_GGAGTACAAGTGCAGG.tags.tsv
  Parsing ./stacks/GTTTCG_GGAGTACAAGTGCAGG.snps.tsv
  Parsing ./stacks/GTTTCG_GGAGTACAAGTGCAGG.alleles.tsv
Searching for sequence matches...
  71931 loci in the catalog, 5215050 kmers in the catalog hash.
Searching for gapped alignments...
Merging matches into catalog...
  640 loci were matched to a catalog locus.
  269 loci were matched to a catalog locus using gapped alignments.
  733 loci were newly added to the catalog.
  0 loci matched more than one catalog locus, linking them.
    0 linked catalog loci were merged into 0 loci.

Processing sample ./stacks/GTTTCG_GGAGTCACTATGCAGG [146 of 181]
  Parsing ./stacks/GTTTCG_GGAGTCACTATGCAGG.tags.tsv
  Parsing ./stacks/GTTTCG_GGAGTCACTATGCAGG.snps.tsv
  Parsing ./stacks/GTTTCG_GGAGTCACTATGCAGG.alleles.tsv
Searching for sequence matches...
  72664 loci in the catalog, 5273986 kmers in the catalog hash.
Searching for gapped alignments...
Merging matches into catalog...
  367 loci were matched to a catalog locus.
  371 loci were matched to a catalog locus using gapped alignments.
  180 loci were newly added to the catalog.
  1 loci matched more than one catalog locus, linking them.
    2 linked catalog loci were merged into 1 loci.

Processing sample ./stacks/GTTTCG_GGAGTGGTCATGCAGG [147 of 181]
  Parsing ./stacks/GTTTCG_GGAGTGGTCATGCAGG.tags.tsv
  Parsing ./stacks/GTTTCG_GGAGTGGTCATGCAGG.snps.tsv
  Parsing ./stacks/GTTTCG_GGAGTGGTCATGCAGG.alleles.tsv
Searching for sequence matches...
  72843 loci in the catalog, 5286049 kmers in the catalog hash.
Searching for gapped alignments...
Merging matches into catalog...
  723 loci were matched to a catalog locus.
  301 loci were matched to a catalog locus using gapped alignments.
  740 loci were newly added to the catalog.
  1 loci matched more than one catalog locus, linking them.
    2 linked catalog loci were merged into 1 loci.

Processing sample ./stacks/GTTTCG_GGATCCTGTATGCAGG [148 of 181]
  Parsing ./stacks/GTTTCG_GGATCCTGTATGCAGG.tags.tsv
  Parsing ./stacks/GTTTCG_GGATCCTGTATGCAGG.snps.tsv
  Parsing ./stacks/GTTTCG_GGATCCTGTATGCAGG.alleles.tsv
Searching for sequence matches...
  73582 loci in the catalog, 5343960 kmers in the catalog hash.
Searching for gapped alignments...
Merging matches into catalog...
  326 loci were matched to a catalog locus.
  425 loci were matched to a catalog locus using gapped alignments.
  282 loci were newly added to the catalog.
  0 loci matched more than one catalog locus, linking them.
    0 linked catalog loci were merged into 0 loci.

Processing sample ./stacks/GTTTCG_GGATGCCTAATGCAGG [149 of 181]
  Parsing ./stacks/GTTTCG_GGATGCCTAATGCAGG.tags.tsv
  Parsing ./stacks/GTTTCG_GGATGCCTAATGCAGG.snps.tsv
  Parsing ./stacks/GTTTCG_GGATGCCTAATGCAGG.alleles.tsv
Searching for sequence matches...
  73864 loci in the catalog, 5363850 kmers in the catalog hash.
Searching for gapped alignments...
Merging matches into catalog...
  426 loci were matched to a catalog locus.
  299 loci were matched to a catalog locus using gapped alignments.
  353 loci were newly added to the catalog.
  0 loci matched more than one catalog locus, linking them.
    0 linked catalog loci were merged into 0 loci.

Processing sample ./stacks/GTTTCG_GGATTGAGGATGCAGG [150 of 181]
  Parsing ./stacks/GTTTCG_GGATTGAGGATGCAGG.tags.tsv
  Parsing ./stacks/GTTTCG_GGATTGAGGATGCAGG.snps.tsv
  Parsing ./stacks/GTTTCG_GGATTGAGGATGCAGG.alleles.tsv
Searching for sequence matches...
  74217 loci in the catalog, 5389182 kmers in the catalog hash.
Searching for gapped alignments...
Merging matches into catalog...
  256 loci were matched to a catalog locus.
  214 loci were matched to a catalog locus using gapped alignments.
  1024 loci were newly added to the catalog.
  0 loci matched more than one catalog locus, linking them.
    0 linked catalog loci were merged into 0 loci.

Processing sample ./stacks/GTTTCG_GGCAACCACATGCAGG [151 of 181]
  Parsing ./stacks/GTTTCG_GGCAACCACATGCAGG.tags.tsv
  Parsing ./stacks/GTTTCG_GGCAACCACATGCAGG.snps.tsv
  Parsing ./stacks/GTTTCG_GGCAACCACATGCAGG.alleles.tsv
Searching for sequence matches...
  75241 loci in the catalog, 5477603 kmers in the catalog hash.
Searching for gapped alignments...
Merging matches into catalog...
  434 loci were matched to a catalog locus.
  437 loci were matched to a catalog locus using gapped alignments.
  249 loci were newly added to the catalog.
  0 loci matched more than one catalog locus, linking them.
    0 linked catalog loci were merged into 0 loci.

Processing sample ./stacks/GTTTCG_GGCAGATCTGTGCAGG [152 of 181]
  Parsing ./stacks/GTTTCG_GGCAGATCTGTGCAGG.tags.tsv
  Parsing ./stacks/GTTTCG_GGCAGATCTGTGCAGG.snps.tsv
  Parsing ./stacks/GTTTCG_GGCAGATCTGTGCAGG.alleles.tsv
Searching for sequence matches...
  75490 loci in the catalog, 5494863 kmers in the catalog hash.
Searching for gapped alignments...
Merging matches into catalog...
  508 loci were matched to a catalog locus.
  292 loci were matched to a catalog locus using gapped alignments.
  625 loci were newly added to the catalog.
  0 loci matched more than one catalog locus, linking them.
    0 linked catalog loci were merged into 0 loci.

Processing sample ./stacks/GTTTCG_GGCATCAAGTTGCAGG [153 of 181]
  Parsing ./stacks/GTTTCG_GGCATCAAGTTGCAGG.tags.tsv
  Parsing ./stacks/GTTTCG_GGCATCAAGTTGCAGG.snps.tsv
  Parsing ./stacks/GTTTCG_GGCATCAAGTTGCAGG.alleles.tsv
Searching for sequence matches...
  76115 loci in the catalog, 5544813 kmers in the catalog hash.
Searching for gapped alignments...
Merging matches into catalog...
  738 loci were matched to a catalog locus.
  264 loci were matched to a catalog locus using gapped alignments.
  578 loci were newly added to the catalog.
  2 loci matched more than one catalog locus, linking them.
    4 linked catalog loci were merged into 2 loci.

Processing sample ./stacks/GTTTCG_GGCCAGTTCATGCAGG [154 of 181]
  Parsing ./stacks/GTTTCG_GGCCAGTTCATGCAGG.tags.tsv
  Parsing ./stacks/GTTTCG_GGCCAGTTCATGCAGG.snps.tsv
  Parsing ./stacks/GTTTCG_GGCCAGTTCATGCAGG.alleles.tsv
Searching for sequence matches...
  76691 loci in the catalog, 5585065 kmers in the catalog hash.
Searching for gapped alignments...
Merging matches into catalog...
  485 loci were matched to a catalog locus.
  505 loci were matched to a catalog locus using gapped alignments.
  159 loci were newly added to the catalog.
  0 loci matched more than one catalog locus, linking them.
    0 linked catalog loci were merged into 0 loci.

Processing sample ./stacks/GTTTCG_GGCCGTGAGATGCAGG [155 of 181]
  Parsing ./stacks/GTTTCG_GGCCGTGAGATGCAGG.tags.tsv
  Parsing ./stacks/GTTTCG_GGCCGTGAGATGCAGG.snps.tsv
  Parsing ./stacks/GTTTCG_GGCCGTGAGATGCAGG.alleles.tsv
Searching for sequence matches...
  76850 loci in the catalog, 5593810 kmers in the catalog hash.
Searching for gapped alignments...
Merging matches into catalog...
  577 loci were matched to a catalog locus.
  597 loci were matched to a catalog locus using gapped alignments.
  238 loci were newly added to the catalog.
  0 loci matched more than one catalog locus, linking them.
    0 linked catalog loci were merged into 0 loci.

Processing sample ./stacks/GTTTCG_GGCGAACTTATGCAGG [156 of 181]
  Parsing ./stacks/GTTTCG_GGCGAACTTATGCAGG.tags.tsv
  Parsing ./stacks/GTTTCG_GGCGAACTTATGCAGG.snps.tsv
  Parsing ./stacks/GTTTCG_GGCGAACTTATGCAGG.alleles.tsv
Searching for sequence matches...
  77088 loci in the catalog, 5608029 kmers in the catalog hash.
Searching for gapped alignments...
Merging matches into catalog...
  598 loci were matched to a catalog locus.
  611 loci were matched to a catalog locus using gapped alignments.
  236 loci were newly added to the catalog.
  1 loci matched more than one catalog locus, linking them.
    2 linked catalog loci were merged into 1 loci.

Processing sample ./stacks/GTTTCG_GGCGACTGGATGCAGG [157 of 181]
  Parsing ./stacks/GTTTCG_GGCGACTGGATGCAGG.tags.tsv
  Parsing ./stacks/GTTTCG_GGCGACTGGATGCAGG.snps.tsv
  Parsing ./stacks/GTTTCG_GGCGACTGGATGCAGG.alleles.tsv
Searching for sequence matches...
  77323 loci in the catalog, 5623751 kmers in the catalog hash.
Searching for gapped alignments...
Merging matches into catalog...
  426 loci were matched to a catalog locus.
  286 loci were matched to a catalog locus using gapped alignments.
  319 loci were newly added to the catalog.
  0 loci matched more than one catalog locus, linking them.
    0 linked catalog loci were merged into 0 loci.

Processing sample ./stacks/GTTTCG_GGCGCATACATGCAGG [158 of 181]
  Parsing ./stacks/GTTTCG_GGCGCATACATGCAGG.tags.tsv
  Parsing ./stacks/GTTTCG_GGCGCATACATGCAGG.snps.tsv
  Parsing ./stacks/GTTTCG_GGCGCATACATGCAGG.alleles.tsv
Searching for sequence matches...
  77642 loci in the catalog, 5649412 kmers in the catalog hash.
Searching for gapped alignments...
Merging matches into catalog...
  401 loci were matched to a catalog locus.
  466 loci were matched to a catalog locus using gapped alignments.
  148 loci were newly added to the catalog.
  0 loci matched more than one catalog locus, linking them.
    0 linked catalog loci were merged into 0 loci.

Processing sample ./stacks/GTTTCG_GGCGCTGATCTGCAGG [159 of 181]
  Parsing ./stacks/GTTTCG_GGCGCTGATCTGCAGG.tags.tsv
  Parsing ./stacks/GTTTCG_GGCGCTGATCTGCAGG.snps.tsv
  Parsing ./stacks/GTTTCG_GGCGCTGATCTGCAGG.alleles.tsv
Searching for sequence matches...
  77790 loci in the catalog, 5657223 kmers in the catalog hash.
Searching for gapped alignments...
Merging matches into catalog...
  529 loci were matched to a catalog locus.
  231 loci were matched to a catalog locus using gapped alignments.
  975 loci were newly added to the catalog.
  0 loci matched more than one catalog locus, linking them.
    0 linked catalog loci were merged into 0 loci.

Processing sample ./stacks/GTTTCG_GGCTCAATGATGCAGG [160 of 181]
  Parsing ./stacks/GTTTCG_GGCTCAATGATGCAGG.tags.tsv
  Parsing ./stacks/GTTTCG_GGCTCAATGATGCAGG.snps.tsv
  Parsing ./stacks/GTTTCG_GGCTCAATGATGCAGG.alleles.tsv
Searching for sequence matches...
  78765 loci in the catalog, 5741533 kmers in the catalog hash.
Searching for gapped alignments...
Merging matches into catalog...
  520 loci were matched to a catalog locus.
  535 loci were matched to a catalog locus using gapped alignments.
  175 loci were newly added to the catalog.
  1 loci matched more than one catalog locus, linking them.
    2 linked catalog loci were merged into 1 loci.

Processing sample ./stacks/GTTTCG_GGCTGAGCCATGCAGG [161 of 181]
  Parsing ./stacks/GTTTCG_GGCTGAGCCATGCAGG.tags.tsv
  Parsing ./stacks/GTTTCG_GGCTGAGCCATGCAGG.snps.tsv
  Parsing ./stacks/GTTTCG_GGCTGAGCCATGCAGG.alleles.tsv
Searching for sequence matches...
  78939 loci in the catalog, 5751456 kmers in the catalog hash.
Searching for gapped alignments...
Merging matches into catalog...
  442 loci were matched to a catalog locus.
  475 loci were matched to a catalog locus using gapped alignments.
  336 loci were newly added to the catalog.
  1 loci matched more than one catalog locus, linking them.
    2 linked catalog loci were merged into 1 loci.

Processing sample ./stacks/GTTTCG_GGCTGGCATATGCAGG [162 of 181]
  Parsing ./stacks/GTTTCG_GGCTGGCATATGCAGG.tags.tsv
  Parsing ./stacks/GTTTCG_GGCTGGCATATGCAGG.snps.tsv
  Parsing ./stacks/GTTTCG_GGCTGGCATATGCAGG.alleles.tsv
Searching for sequence matches...
  79274 loci in the catalog, 5776005 kmers in the catalog hash.
Searching for gapped alignments...
Merging matches into catalog...
  522 loci were matched to a catalog locus.
  567 loci were matched to a catalog locus using gapped alignments.
  280 loci were newly added to the catalog.
  0 loci matched more than one catalog locus, linking them.
    0 linked catalog loci were merged into 0 loci.

Processing sample ./stacks/GTTTCG_GGGAATCTGATGCAGG [163 of 181]
  Parsing ./stacks/GTTTCG_GGGAATCTGATGCAGG.tags.tsv
  Parsing ./stacks/GTTTCG_GGGAATCTGATGCAGG.snps.tsv
  Parsing ./stacks/GTTTCG_GGGAATCTGATGCAGG.alleles.tsv
Searching for sequence matches...
  79554 loci in the catalog, 5795141 kmers in the catalog hash.
Searching for gapped alignments...
Merging matches into catalog...
  522 loci were matched to a catalog locus.
  435 loci were matched to a catalog locus using gapped alignments.
  600 loci were newly added to the catalog.
  0 loci matched more than one catalog locus, linking them.
    0 linked catalog loci were merged into 0 loci.

Processing sample ./stacks/GTTTCG_GGGAGCTGAATGCAGG [164 of 181]
  Parsing ./stacks/GTTTCG_GGGAGCTGAATGCAGG.tags.tsv
  Parsing ./stacks/GTTTCG_GGGAGCTGAATGCAGG.snps.tsv
  Parsing ./stacks/GTTTCG_GGGAGCTGAATGCAGG.alleles.tsv
Searching for sequence matches...
  80154 loci in the catalog, 5844971 kmers in the catalog hash.
Searching for gapped alignments...
Merging matches into catalog...
  511 loci were matched to a catalog locus.
  569 loci were matched to a catalog locus using gapped alignments.
  320 loci were newly added to the catalog.
  1 loci matched more than one catalog locus, linking them.
    2 linked catalog loci were merged into 1 loci.

Processing sample ./stacks/GTTTCG_GGGATAGACATGCAGG [165 of 181]
  Parsing ./stacks/GTTTCG_GGGATAGACATGCAGG.tags.tsv
  Parsing ./stacks/GTTTCG_GGGATAGACATGCAGG.snps.tsv
  Parsing ./stacks/GTTTCG_GGGATAGACATGCAGG.alleles.tsv
Searching for sequence matches...
  80473 loci in the catalog, 5868403 kmers in the catalog hash.
Searching for gapped alignments...
Merging matches into catalog...
  503 loci were matched to a catalog locus.
  610 loci were matched to a catalog locus using gapped alignments.
  260 loci were newly added to the catalog.
  1 loci matched more than one catalog locus, linking them.
    2 linked catalog loci were merged into 1 loci.

Processing sample ./stacks/GTTTCG_GGGCCACATATGCAGG [166 of 181]
  Parsing ./stacks/GTTTCG_GGGCCACATATGCAGG.tags.tsv
  Parsing ./stacks/GTTTCG_GGGCCACATATGCAGG.snps.tsv
  Parsing ./stacks/GTTTCG_GGGCCACATATGCAGG.alleles.tsv
Searching for sequence matches...
  80732 loci in the catalog, 5884757 kmers in the catalog hash.
Searching for gapped alignments...
Merging matches into catalog...
  595 loci were matched to a catalog locus.
  647 loci were matched to a catalog locus using gapped alignments.
  190 loci were newly added to the catalog.
  1 loci matched more than one catalog locus, linking them.
    2 linked catalog loci were merged into 1 loci.

Processing sample ./stacks/GTTTCG_GGGCGAGTAATGCAGG [167 of 181]
  Parsing ./stacks/GTTTCG_GGGCGAGTAATGCAGG.tags.tsv
  Parsing ./stacks/GTTTCG_GGGCGAGTAATGCAGG.snps.tsv
  Parsing ./stacks/GTTTCG_GGGCGAGTAATGCAGG.alleles.tsv
Searching for sequence matches...
  80921 loci in the catalog, 5893743 kmers in the catalog hash.
Searching for gapped alignments...
Merging matches into catalog...
  665 loci were matched to a catalog locus.
  598 loci were matched to a catalog locus using gapped alignments.
  297 loci were newly added to the catalog.
  0 loci matched more than one catalog locus, linking them.
    0 linked catalog loci were merged into 0 loci.

Processing sample ./stacks/GTTTCG_GGGCTAACGATGCAGG [168 of 181]
  Parsing ./stacks/GTTTCG_GGGCTAACGATGCAGG.tags.tsv
  Parsing ./stacks/GTTTCG_GGGCTAACGATGCAGG.snps.tsv
  Parsing ./stacks/GTTTCG_GGGCTAACGATGCAGG.alleles.tsv
Searching for sequence matches...
  81218 loci in the catalog, 5912876 kmers in the catalog hash.
Searching for gapped alignments...
Merging matches into catalog...
  604 loci were matched to a catalog locus.
  590 loci were matched to a catalog locus using gapped alignments.
  353 loci were newly added to the catalog.
  0 loci matched more than one catalog locus, linking them.
    0 linked catalog loci were merged into 0 loci.

Processing sample ./stacks/GTTTCG_GGGGAGAACATGCAGG [169 of 181]
  Parsing ./stacks/GTTTCG_GGGGAGAACATGCAGG.tags.tsv
  Parsing ./stacks/GTTTCG_GGGGAGAACATGCAGG.snps.tsv
  Parsing ./stacks/GTTTCG_GGGGAGAACATGCAGG.alleles.tsv
Searching for sequence matches...
  81571 loci in the catalog, 5938145 kmers in the catalog hash.
Searching for gapped alignments...
Merging matches into catalog...
  507 loci were matched to a catalog locus.
  365 loci were matched to a catalog locus using gapped alignments.
  649 loci were newly added to the catalog.
  0 loci matched more than one catalog locus, linking them.
    0 linked catalog loci were merged into 0 loci.

Processing sample ./stacks/GTTTCG_GGGTCGTAGATGCAGG [170 of 181]
  Parsing ./stacks/GTTTCG_GGGTCGTAGATGCAGG.tags.tsv
  Parsing ./stacks/GTTTCG_GGGTCGTAGATGCAGG.snps.tsv
  Parsing ./stacks/GTTTCG_GGGTCGTAGATGCAGG.alleles.tsv
Searching for sequence matches...
  82220 loci in the catalog, 5990969 kmers in the catalog hash.
Searching for gapped alignments...
Merging matches into catalog...
  597 loci were matched to a catalog locus.
  368 loci were matched to a catalog locus using gapped alignments.
  625 loci were newly added to the catalog.
  0 loci matched more than one catalog locus, linking them.
    0 linked catalog loci were merged into 0 loci.

Processing sample ./stacks/GTTTCG_GGGTCTGTCATGCAGG [171 of 181]
  Parsing ./stacks/GTTTCG_GGGTCTGTCATGCAGG.tags.tsv
  Parsing ./stacks/GTTTCG_GGGTCTGTCATGCAGG.snps.tsv
  Parsing ./stacks/GTTTCG_GGGTCTGTCATGCAGG.alleles.tsv
Searching for sequence matches...
  82845 loci in the catalog, 6042425 kmers in the catalog hash.
Searching for gapped alignments...
Merging matches into catalog...
  279 loci were matched to a catalog locus.
  299 loci were matched to a catalog locus using gapped alignments.
  624 loci were newly added to the catalog.
  0 loci matched more than one catalog locus, linking them.
    0 linked catalog loci were merged into 0 loci.

Processing sample ./stacks/GTTTCG_GGGTGTTCTATGCAGG [172 of 181]
  Parsing ./stacks/GTTTCG_GGGTGTTCTATGCAGG.tags.tsv
  Parsing ./stacks/GTTTCG_GGGTGTTCTATGCAGG.snps.tsv
  Parsing ./stacks/GTTTCG_GGGTGTTCTATGCAGG.alleles.tsv
Searching for sequence matches...
  83469 loci in the catalog, 6095636 kmers in the catalog hash.
Searching for gapped alignments...
Merging matches into catalog...
  283 loci were matched to a catalog locus.
  254 loci were matched to a catalog locus using gapped alignments.
  1294 loci were newly added to the catalog.
  0 loci matched more than one catalog locus, linking them.
    0 linked catalog loci were merged into 0 loci.

Processing sample ./stacks/GTTTCG_GGTAGGATGATGCAGG [173 of 181]
  Parsing ./stacks/GTTTCG_GGTAGGATGATGCAGG.tags.tsv
  Parsing ./stacks/GTTTCG_GGTAGGATGATGCAGG.snps.tsv
  Parsing ./stacks/GTTTCG_GGTAGGATGATGCAGG.alleles.tsv
Searching for sequence matches...
  84763 loci in the catalog, 6208469 kmers in the catalog hash.
Searching for gapped alignments...
Merging matches into catalog...
  591 loci were matched to a catalog locus.
  614 loci were matched to a catalog locus using gapped alignments.
  241 loci were newly added to the catalog.
  0 loci matched more than one catalog locus, linking them.
    0 linked catalog loci were merged into 0 loci.

Processing sample ./stacks/GTTTCG_GGACACGAGATGCAGG [174 of 181]
  Parsing ./stacks/GTTTCG_GGACACGAGATGCAGG.tags.tsv
  Parsing ./stacks/GTTTCG_GGACACGAGATGCAGG.snps.tsv
  Parsing ./stacks/GTTTCG_GGACACGAGATGCAGG.alleles.tsv
Searching for sequence matches...
  85004 loci in the catalog, 6222976 kmers in the catalog hash.
Searching for gapped alignments...
Merging matches into catalog...
  277 loci were matched to a catalog locus.
  184 loci were matched to a catalog locus using gapped alignments.
  1348 loci were newly added to the catalog.
  0 loci matched more than one catalog locus, linking them.
    0 linked catalog loci were merged into 0 loci.

Processing sample ./stacks/GTTTCG_GGTATCAGCATGCAGG [175 of 181]
  Parsing ./stacks/GTTTCG_GGTATCAGCATGCAGG.tags.tsv
  Parsing ./stacks/GTTTCG_GGTATCAGCATGCAGG.snps.tsv
  Parsing ./stacks/GTTTCG_GGTATCAGCATGCAGG.alleles.tsv
Searching for sequence matches...
  86352 loci in the catalog, 6342333 kmers in the catalog hash.
Searching for gapped alignments...
Merging matches into catalog...
  410 loci were matched to a catalog locus.
  134 loci were matched to a catalog locus using gapped alignments.
  959 loci were newly added to the catalog.
  0 loci matched more than one catalog locus, linking them.
    0 linked catalog loci were merged into 0 loci.

Processing sample ./stacks/GTTTCG_GGTCCGTCTATGCAGG [176 of 181]
  Parsing ./stacks/GTTTCG_GGTCCGTCTATGCAGG.tags.tsv
  Parsing ./stacks/GTTTCG_GGTCCGTCTATGCAGG.snps.tsv
  Parsing ./stacks/GTTTCG_GGTCCGTCTATGCAGG.alleles.tsv
Searching for sequence matches...
  87311 loci in the catalog, 6429833 kmers in the catalog hash.
Searching for gapped alignments...
Merging matches into catalog...
  333 loci were matched to a catalog locus.
  139 loci were matched to a catalog locus using gapped alignments.
  1396 loci were newly added to the catalog.
  0 loci matched more than one catalog locus, linking them.
    0 linked catalog loci were merged into 0 loci.

Processing sample ./stacks/GTTTCG_GGTCTTCACATGCAGG [177 of 181]
  Parsing ./stacks/GTTTCG_GGTCTTCACATGCAGG.tags.tsv
  Parsing ./stacks/GTTTCG_GGTCTTCACATGCAGG.snps.tsv
  Parsing ./stacks/GTTTCG_GGTCTTCACATGCAGG.alleles.tsv
Searching for sequence matches...
  88707 loci in the catalog, 6552228 kmers in the catalog hash.
Searching for gapped alignments...
Merging matches into catalog...
  294 loci were matched to a catalog locus.
  120 loci were matched to a catalog locus using gapped alignments.
  1289 loci were newly added to the catalog.
  0 loci matched more than one catalog locus, linking them.
    0 linked catalog loci were merged into 0 loci.

Processing sample ./stacks/GTTTCG_GGTGAAGAGATGCAGG [178 of 181]
  Parsing ./stacks/GTTTCG_GGTGAAGAGATGCAGG.tags.tsv
  Parsing ./stacks/GTTTCG_GGTGAAGAGATGCAGG.snps.tsv
  Parsing ./stacks/GTTTCG_GGTGAAGAGATGCAGG.alleles.tsv
Searching for sequence matches...
  89996 loci in the catalog, 6663718 kmers in the catalog hash.
Searching for gapped alignments...
Merging matches into catalog...
  521 loci were matched to a catalog locus.
  176 loci were matched to a catalog locus using gapped alignments.
  1123 loci were newly added to the catalog.
  0 loci matched more than one catalog locus, linking them.
    0 linked catalog loci were merged into 0 loci.

Processing sample ./stacks/GTTTCG_GGTGGCTTCATGCAGG [179 of 181]
  Parsing ./stacks/GTTTCG_GGTGGCTTCATGCAGG.tags.tsv
  Parsing ./stacks/GTTTCG_GGTGGCTTCATGCAGG.snps.tsv
  Parsing ./stacks/GTTTCG_GGTGGCTTCATGCAGG.alleles.tsv
Searching for sequence matches...
  91119 loci in the catalog, 6761303 kmers in the catalog hash.
Searching for gapped alignments...
Merging matches into catalog...
  154 loci were matched to a catalog locus.
  89 loci were matched to a catalog locus using gapped alignments.
  1489 loci were newly added to the catalog.
  0 loci matched more than one catalog locus, linking them.
    0 linked catalog loci were merged into 0 loci.

Processing sample ./stacks/GTTTCG_GGTGGTGGTATGCAGG [180 of 181]
  Parsing ./stacks/GTTTCG_GGTGGTGGTATGCAGG.tags.tsv
  Parsing ./stacks/GTTTCG_GGTGGTGGTATGCAGG.snps.tsv
  Parsing ./stacks/GTTTCG_GGTGGTGGTATGCAGG.alleles.tsv
Searching for sequence matches...
  92608 loci in the catalog, 6890436 kmers in the catalog hash.
Searching for gapped alignments...
Merging matches into catalog...
  339 loci were matched to a catalog locus.
  172 loci were matched to a catalog locus using gapped alignments.
  906 loci were newly added to the catalog.
  0 loci matched more than one catalog locus, linking them.
    0 linked catalog loci were merged into 0 loci.

Processing sample ./stacks/GTTTCG_GGTTCACGCATGCAGG [181 of 181]
  Parsing ./stacks/GTTTCG_GGTTCACGCATGCAGG.tags.tsv
  Parsing ./stacks/GTTTCG_GGTTCACGCATGCAGG.snps.tsv
  Parsing ./stacks/GTTTCG_GGTTCACGCATGCAGG.alleles.tsv
Searching for sequence matches...
  93514 loci in the catalog, 6967923 kmers in the catalog hash.
Searching for gapped alignments...
Merging matches into catalog...
  185 loci were matched to a catalog locus.
  75 loci were matched to a catalog locus using gapped alignments.
  1604 loci were newly added to the catalog.
  0 loci matched more than one catalog locus, linking them.
    0 linked catalog loci were merged into 0 loci.

Writing catalog in directory './stacks/'.
Final catalog contains 95118 loci.
cstacks is done.

sstacks
==========
sstacks -P ./stacks --threads 4 -M popmap.txt

Searching for matches by sequence identity...
  Parsing ./stacks/catalog.tags.tsv
  Parsing ./stacks/catalog.snps.tsv
  Parsing ./stacks/catalog.alleles.tsv
Populating kmer dictionary for exact matches...done.
Populating kmer dictionary for gapped alignments...done.

Processing sample './stacks/CGTACG_GGAAACATCGTGCAGG' [1 of 181]
  Parsing ./stacks/CGTACG_GGAAACATCGTGCAGG.tags.tsv
  Parsing ./stacks/CGTACG_GGAAACATCGTGCAGG.snps.tsv
  Parsing ./stacks/CGTACG_GGAAACATCGTGCAGG.alleles.tsv
Searching for sequence matches...
1265 sample loci compared against the catalog containing 95118 loci.
  765 matching loci, 1 contained no verified haplotypes.
  0 loci matched more than one catalog locus and were excluded.
  1 loci contained SNPs unaccounted for in the catalog and were excluded.
  776 total haplotypes examined from matching loci, 774 verified.
Searching for gapped alignments...
Out of 1265 query loci, 501 gapped alignments attempted.
  449 loci matched one catalog locus; 513 total haplotypes examined, 458 verified.
  52 loci matched no catalog locus;
    38 loci matched more than one catalog locus and were excluded.
    1 loci contained SNPs unaccounted for in the catalog and were excluded.
    0 loci had no verified haplotypes.
    0 loci had inconsistent alignments to a catalog locus and were excluded.
Outputing to file ./stacks/CGTACG_GGAAACATCGTGCAGG.matches.tsv

Processing sample './stacks/CGTACG_GGAACAACCATGCAGG' [2 of 181]
  Parsing ./stacks/CGTACG_GGAACAACCATGCAGG.tags.tsv
  Parsing ./stacks/CGTACG_GGAACAACCATGCAGG.snps.tsv
  Parsing ./stacks/CGTACG_GGAACAACCATGCAGG.alleles.tsv
Searching for sequence matches...
1348 sample loci compared against the catalog containing 95118 loci.
  781 matching loci, 0 contained no verified haplotypes.
  0 loci matched more than one catalog locus and were excluded.
  0 loci contained SNPs unaccounted for in the catalog and were excluded.
  790 total haplotypes examined from matching loci, 790 verified.
Searching for gapped alignments...
Out of 1348 query loci, 567 gapped alignments attempted.
  515 loci matched one catalog locus; 578 total haplotypes examined, 526 verified.
  52 loci matched no catalog locus;
    36 loci matched more than one catalog locus and were excluded.
    0 loci contained SNPs unaccounted for in the catalog and were excluded.
    0 loci had no verified haplotypes.
    0 loci had inconsistent alignments to a catalog locus and were excluded.
Outputing to file ./stacks/CGTACG_GGAACAACCATGCAGG.matches.tsv

Processing sample './stacks/CGTACG_GGAACCGAGATGCAGG' [3 of 181]
  Parsing ./stacks/CGTACG_GGAACCGAGATGCAGG.tags.tsv
  Parsing ./stacks/CGTACG_GGAACCGAGATGCAGG.snps.tsv
  Parsing ./stacks/CGTACG_GGAACCGAGATGCAGG.alleles.tsv
Searching for sequence matches...
1419 sample loci compared against the catalog containing 95118 loci.
  931 matching loci, 0 contained no verified haplotypes.
  0 loci matched more than one catalog locus and were excluded.
  0 loci contained SNPs unaccounted for in the catalog and were excluded.
  943 total haplotypes examined from matching loci, 943 verified.
Searching for gapped alignments...
Out of 1419 query loci, 488 gapped alignments attempted.
  455 loci matched one catalog locus; 504 total haplotypes examined, 471 verified.
  33 loci matched no catalog locus;
    26 loci matched more than one catalog locus and were excluded.
    0 loci contained SNPs unaccounted for in the catalog and were excluded.
    0 loci had no verified haplotypes.
    0 loci had inconsistent alignments to a catalog locus and were excluded.
Outputing to file ./stacks/CGTACG_GGAACCGAGATGCAGG.matches.tsv

Processing sample './stacks/CGTACG_GGAACGCTTATGCAGG' [4 of 181]
  Parsing ./stacks/CGTACG_GGAACGCTTATGCAGG.tags.tsv
  Parsing ./stacks/CGTACG_GGAACGCTTATGCAGG.snps.tsv
  Parsing ./stacks/CGTACG_GGAACGCTTATGCAGG.alleles.tsv
Searching for sequence matches...
1395 sample loci compared against the catalog containing 95118 loci.
  743 matching loci, 0 contained no verified haplotypes.
  0 loci matched more than one catalog locus and were excluded.
  0 loci contained SNPs unaccounted for in the catalog and were excluded.
  760 total haplotypes examined from matching loci, 760 verified.
Searching for gapped alignments...
Out of 1395 query loci, 652 gapped alignments attempted.
  595 loci matched one catalog locus; 666 total haplotypes examined, 607 verified.
  57 loci matched no catalog locus;
    39 loci matched more than one catalog locus and were excluded.
    0 loci contained SNPs unaccounted for in the catalog and were excluded.
    0 loci had no verified haplotypes.
    0 loci had inconsistent alignments to a catalog locus and were excluded.
Outputing to file ./stacks/CGTACG_GGAACGCTTATGCAGG.matches.tsv

Processing sample './stacks/CGTACG_GGAAGACGGATGCAGG' [5 of 181]
  Parsing ./stacks/CGTACG_GGAAGACGGATGCAGG.tags.tsv
  Parsing ./stacks/CGTACG_GGAAGACGGATGCAGG.snps.tsv
  Parsing ./stacks/CGTACG_GGAAGACGGATGCAGG.alleles.tsv
Searching for sequence matches...
1498 sample loci compared against the catalog containing 95118 loci.
  847 matching loci, 1 contained no verified haplotypes.
  0 loci matched more than one catalog locus and were excluded.
  1 loci contained SNPs unaccounted for in the catalog and were excluded.
  862 total haplotypes examined from matching loci, 861 verified.
Searching for gapped alignments...
Out of 1498 query loci, 652 gapped alignments attempted.
  595 loci matched one catalog locus; 665 total haplotypes examined, 607 verified.
  57 loci matched no catalog locus;
    30 loci matched more than one catalog locus and were excluded.
    1 loci contained SNPs unaccounted for in the catalog and were excluded.
    0 loci had no verified haplotypes.
    0 loci had inconsistent alignments to a catalog locus and were excluded.
Outputing to file ./stacks/CGTACG_GGAAGACGGATGCAGG.matches.tsv

Processing sample './stacks/CGTACG_GGAAGGTACATGCAGG' [6 of 181]
  Parsing ./stacks/CGTACG_GGAAGGTACATGCAGG.tags.tsv
  Parsing ./stacks/CGTACG_GGAAGGTACATGCAGG.snps.tsv
  Parsing ./stacks/CGTACG_GGAAGGTACATGCAGG.alleles.tsv
Searching for sequence matches...
1291 sample loci compared against the catalog containing 95118 loci.
  680 matching loci, 0 contained no verified haplotypes.
  0 loci matched more than one catalog locus and were excluded.
  0 loci contained SNPs unaccounted for in the catalog and were excluded.
  687 total haplotypes examined from matching loci, 687 verified.
Searching for gapped alignments...
Out of 1291 query loci, 611 gapped alignments attempted.
  567 loci matched one catalog locus; 624 total haplotypes examined, 579 verified.
  44 loci matched no catalog locus;
    32 loci matched more than one catalog locus and were excluded.
    0 loci contained SNPs unaccounted for in the catalog and were excluded.
    0 loci had no verified haplotypes.
    0 loci had inconsistent alignments to a catalog locus and were excluded.
Outputing to file ./stacks/CGTACG_GGAAGGTACATGCAGG.matches.tsv

Processing sample './stacks/CGTACG_GGACAAGCTATGCAGG' [7 of 181]
  Parsing ./stacks/CGTACG_GGACAAGCTATGCAGG.tags.tsv
  Parsing ./stacks/CGTACG_GGACAAGCTATGCAGG.snps.tsv
  Parsing ./stacks/CGTACG_GGACAAGCTATGCAGG.alleles.tsv
Searching for sequence matches...
1689 sample loci compared against the catalog containing 95118 loci.
  1330 matching loci, 1 contained no verified haplotypes.
  0 loci matched more than one catalog locus and were excluded.
  1 loci contained SNPs unaccounted for in the catalog and were excluded.
  1369 total haplotypes examined from matching loci, 1368 verified.
Searching for gapped alignments...
Out of 1689 query loci, 360 gapped alignments attempted.
  338 loci matched one catalog locus; 367 total haplotypes examined, 344 verified.
  22 loci matched no catalog locus;
    14 loci matched more than one catalog locus and were excluded.
    0 loci contained SNPs unaccounted for in the catalog and were excluded.
    0 loci had no verified haplotypes.
    0 loci had inconsistent alignments to a catalog locus and were excluded.
Outputing to file ./stacks/CGTACG_GGACAAGCTATGCAGG.matches.tsv

Processing sample './stacks/CGTACG_GGACACAGAATGCAGG' [8 of 181]
  Parsing ./stacks/CGTACG_GGACACAGAATGCAGG.tags.tsv
  Parsing ./stacks/CGTACG_GGACACAGAATGCAGG.snps.tsv
  Parsing ./stacks/CGTACG_GGACACAGAATGCAGG.alleles.tsv
Searching for sequence matches...
1431 sample loci compared against the catalog containing 95118 loci.
  745 matching loci, 1 contained no verified haplotypes.
  0 loci matched more than one catalog locus and were excluded.
  1 loci contained SNPs unaccounted for in the catalog and were excluded.
  764 total haplotypes examined from matching loci, 763 verified.
Searching for gapped alignments...
Out of 1431 query loci, 687 gapped alignments attempted.
  629 loci matched one catalog locus; 710 total haplotypes examined, 651 verified.
  58 loci matched no catalog locus;
    37 loci matched more than one catalog locus and were excluded.
    0 loci contained SNPs unaccounted for in the catalog and were excluded.
    0 loci had no verified haplotypes.
    0 loci had inconsistent alignments to a catalog locus and were excluded.
Outputing to file ./stacks/CGTACG_GGACACAGAATGCAGG.matches.tsv

Processing sample './stacks/CGTACG_GGACAGCAGATGCAGG' [9 of 181]
  Parsing ./stacks/CGTACG_GGACAGCAGATGCAGG.tags.tsv
  Parsing ./stacks/CGTACG_GGACAGCAGATGCAGG.snps.tsv
  Parsing ./stacks/CGTACG_GGACAGCAGATGCAGG.alleles.tsv
Searching for sequence matches...
1367 sample loci compared against the catalog containing 95118 loci.
  655 matching loci, 0 contained no verified haplotypes.
  0 loci matched more than one catalog locus and were excluded.
  0 loci contained SNPs unaccounted for in the catalog and were excluded.
  671 total haplotypes examined from matching loci, 671 verified.
Searching for gapped alignments...
Out of 1367 query loci, 712 gapped alignments attempted.
  644 loci matched one catalog locus; 726 total haplotypes examined, 656 verified.
  68 loci matched no catalog locus;
    56 loci matched more than one catalog locus and were excluded.
    0 loci contained SNPs unaccounted for in the catalog and were excluded.
    0 loci had no verified haplotypes.
    0 loci had inconsistent alignments to a catalog locus and were excluded.
Outputing to file ./stacks/CGTACG_GGACAGCAGATGCAGG.matches.tsv

Processing sample './stacks/CGTACG_GGACATTGGCTGCAGG' [10 of 181]
  Parsing ./stacks/CGTACG_GGACATTGGCTGCAGG.tags.tsv
  Parsing ./stacks/CGTACG_GGACATTGGCTGCAGG.snps.tsv
  Parsing ./stacks/CGTACG_GGACATTGGCTGCAGG.alleles.tsv
Searching for sequence matches...
1126 sample loci compared against the catalog containing 95118 loci.
  560 matching loci, 0 contained no verified haplotypes.
  0 loci matched more than one catalog locus and were excluded.
  0 loci contained SNPs unaccounted for in the catalog and were excluded.
  569 total haplotypes examined from matching loci, 569 verified.
Searching for gapped alignments...
Out of 1126 query loci, 566 gapped alignments attempted.
  507 loci matched one catalog locus; 573 total haplotypes examined, 513 verified.
  59 loci matched no catalog locus;
    42 loci matched more than one catalog locus and were excluded.
    0 loci contained SNPs unaccounted for in the catalog and were excluded.
    0 loci had no verified haplotypes.
    0 loci had inconsistent alignments to a catalog locus and were excluded.
Outputing to file ./stacks/CGTACG_GGACATTGGCTGCAGG.matches.tsv

Processing sample './stacks/CGTACG_GGACCACTGTTGCAGG' [11 of 181]
  Parsing ./stacks/CGTACG_GGACCACTGTTGCAGG.tags.tsv
  Parsing ./stacks/CGTACG_GGACCACTGTTGCAGG.snps.tsv
  Parsing ./stacks/CGTACG_GGACCACTGTTGCAGG.alleles.tsv
Searching for sequence matches...
1295 sample loci compared against the catalog containing 95118 loci.
  681 matching loci, 0 contained no verified haplotypes.
  0 loci matched more than one catalog locus and were excluded.
  0 loci contained SNPs unaccounted for in the catalog and were excluded.
  692 total haplotypes examined from matching loci, 692 verified.
Searching for gapped alignments...
Out of 1295 query loci, 614 gapped alignments attempted.
  571 loci matched one catalog locus; 635 total haplotypes examined, 591 verified.
  43 loci matched no catalog locus;
    25 loci matched more than one catalog locus and were excluded.
    0 loci contained SNPs unaccounted for in the catalog and were excluded.
    0 loci had no verified haplotypes.
    0 loci had inconsistent alignments to a catalog locus and were excluded.
Outputing to file ./stacks/CGTACG_GGACCACTGTTGCAGG.matches.tsv

Processing sample './stacks/CGTACG_GGACCTCCAATGCAGG' [12 of 181]
  Parsing ./stacks/CGTACG_GGACCTCCAATGCAGG.tags.tsv
  Parsing ./stacks/CGTACG_GGACCTCCAATGCAGG.snps.tsv
  Parsing ./stacks/CGTACG_GGACCTCCAATGCAGG.alleles.tsv
Searching for sequence matches...
1460 sample loci compared against the catalog containing 95118 loci.
  838 matching loci, 0 contained no verified haplotypes.
  0 loci matched more than one catalog locus and were excluded.
  0 loci contained SNPs unaccounted for in the catalog and were excluded.
  867 total haplotypes examined from matching loci, 867 verified.
Searching for gapped alignments...
Out of 1460 query loci, 622 gapped alignments attempted.
  574 loci matched one catalog locus; 640 total haplotypes examined, 587 verified.
  48 loci matched no catalog locus;
    27 loci matched more than one catalog locus and were excluded.
    2 loci contained SNPs unaccounted for in the catalog and were excluded.
    0 loci had no verified haplotypes.
    0 loci had inconsistent alignments to a catalog locus and were excluded.
Outputing to file ./stacks/CGTACG_GGACCTCCAATGCAGG.matches.tsv

Processing sample './stacks/CGTACG_GGACGCTCGATGCAGG' [13 of 181]
  Parsing ./stacks/CGTACG_GGACGCTCGATGCAGG.tags.tsv
  Parsing ./stacks/CGTACG_GGACGCTCGATGCAGG.snps.tsv
  Parsing ./stacks/CGTACG_GGACGCTCGATGCAGG.alleles.tsv
Searching for sequence matches...
1390 sample loci compared against the catalog containing 95118 loci.
  895 matching loci, 0 contained no verified haplotypes.
  0 loci matched more than one catalog locus and were excluded.
  0 loci contained SNPs unaccounted for in the catalog and were excluded.
  909 total haplotypes examined from matching loci, 909 verified.
Searching for gapped alignments...
Out of 1390 query loci, 495 gapped alignments attempted.
  443 loci matched one catalog locus; 501 total haplotypes examined, 448 verified.
  52 loci matched no catalog locus;
    33 loci matched more than one catalog locus and were excluded.
    0 loci contained SNPs unaccounted for in the catalog and were excluded.
    0 loci had no verified haplotypes.
    0 loci had inconsistent alignments to a catalog locus and were excluded.
Outputing to file ./stacks/CGTACG_GGACGCTCGATGCAGG.matches.tsv

Processing sample './stacks/CGTACG_GGACGTATCATGCAGG' [14 of 181]
  Parsing ./stacks/CGTACG_GGACGTATCATGCAGG.tags.tsv
  Parsing ./stacks/CGTACG_GGACGTATCATGCAGG.snps.tsv
  Parsing ./stacks/CGTACG_GGACGTATCATGCAGG.alleles.tsv
Searching for sequence matches...
1355 sample loci compared against the catalog containing 95118 loci.
  688 matching loci, 0 contained no verified haplotypes.
  0 loci matched more than one catalog locus and were excluded.
  0 loci contained SNPs unaccounted for in the catalog and were excluded.
  705 total haplotypes examined from matching loci, 705 verified.
Searching for gapped alignments...
Out of 1355 query loci, 667 gapped alignments attempted.
  619 loci matched one catalog locus; 683 total haplotypes examined, 632 verified.
  48 loci matched no catalog locus;
    26 loci matched more than one catalog locus and were excluded.
    1 loci contained SNPs unaccounted for in the catalog and were excluded.
    0 loci had no verified haplotypes.
    0 loci had inconsistent alignments to a catalog locus and were excluded.
Outputing to file ./stacks/CGTACG_GGACGTATCATGCAGG.matches.tsv

Processing sample './stacks/CGTACG_GGACTATGCATGCAGG' [15 of 181]
  Parsing ./stacks/CGTACG_GGACTATGCATGCAGG.tags.tsv
  Parsing ./stacks/CGTACG_GGACTATGCATGCAGG.snps.tsv
  Parsing ./stacks/CGTACG_GGACTATGCATGCAGG.alleles.tsv
Searching for sequence matches...
1541 sample loci compared against the catalog containing 95118 loci.
  1134 matching loci, 1 contained no verified haplotypes.
  0 loci matched more than one catalog locus and were excluded.
  1 loci contained SNPs unaccounted for in the catalog and were excluded.
  1159 total haplotypes examined from matching loci, 1158 verified.
Searching for gapped alignments...
Out of 1541 query loci, 408 gapped alignments attempted.
  376 loci matched one catalog locus; 415 total haplotypes examined, 382 verified.
  32 loci matched no catalog locus;
    18 loci matched more than one catalog locus and were excluded.
    0 loci contained SNPs unaccounted for in the catalog and were excluded.
    0 loci had no verified haplotypes.
    0 loci had inconsistent alignments to a catalog locus and were excluded.
Outputing to file ./stacks/CGTACG_GGACTATGCATGCAGG.matches.tsv

Processing sample './stacks/CGTACG_GGAGAGTCAATGCAGG' [16 of 181]
  Parsing ./stacks/CGTACG_GGAGAGTCAATGCAGG.tags.tsv
  Parsing ./stacks/CGTACG_GGAGAGTCAATGCAGG.snps.tsv
  Parsing ./stacks/CGTACG_GGAGAGTCAATGCAGG.alleles.tsv
Searching for sequence matches...
1497 sample loci compared against the catalog containing 95118 loci.
  947 matching loci, 1 contained no verified haplotypes.
  0 loci matched more than one catalog locus and were excluded.
  1 loci contained SNPs unaccounted for in the catalog and were excluded.
  970 total haplotypes examined from matching loci, 969 verified.
Searching for gapped alignments...
Out of 1497 query loci, 551 gapped alignments attempted.
  512 loci matched one catalog locus; 561 total haplotypes examined, 520 verified.
  39 loci matched no catalog locus;
    23 loci matched more than one catalog locus and were excluded.
    0 loci contained SNPs unaccounted for in the catalog and were excluded.
    0 loci had no verified haplotypes.
    0 loci had inconsistent alignments to a catalog locus and were excluded.
Outputing to file ./stacks/CGTACG_GGAGAGTCAATGCAGG.matches.tsv

Processing sample './stacks/CGTACG_GGAGATCGCATGCAGG' [17 of 181]
  Parsing ./stacks/CGTACG_GGAGATCGCATGCAGG.tags.tsv
  Parsing ./stacks/CGTACG_GGAGATCGCATGCAGG.snps.tsv
  Parsing ./stacks/CGTACG_GGAGATCGCATGCAGG.alleles.tsv
Searching for sequence matches...
1600 sample loci compared against the catalog containing 95118 loci.
  1213 matching loci, 1 contained no verified haplotypes.
  0 loci matched more than one catalog locus and were excluded.
  1 loci contained SNPs unaccounted for in the catalog and were excluded.
  1228 total haplotypes examined from matching loci, 1227 verified.
Searching for gapped alignments...
Out of 1600 query loci, 388 gapped alignments attempted.
  351 loci matched one catalog locus; 394 total haplotypes examined, 355 verified.
  37 loci matched no catalog locus;
    22 loci matched more than one catalog locus and were excluded.
    0 loci contained SNPs unaccounted for in the catalog and were excluded.
    0 loci had no verified haplotypes.
    0 loci had inconsistent alignments to a catalog locus and were excluded.
Outputing to file ./stacks/CGTACG_GGAGATCGCATGCAGG.matches.tsv

Processing sample './stacks/CGTACG_GGAGCAGGAATGCAGG' [18 of 181]
  Parsing ./stacks/CGTACG_GGAGCAGGAATGCAGG.tags.tsv
  Parsing ./stacks/CGTACG_GGAGCAGGAATGCAGG.snps.tsv
  Parsing ./stacks/CGTACG_GGAGCAGGAATGCAGG.alleles.tsv
Searching for sequence matches...
968 sample loci compared against the catalog containing 95118 loci.
  601 matching loci, 0 contained no verified haplotypes.
  0 loci matched more than one catalog locus and were excluded.
  0 loci contained SNPs unaccounted for in the catalog and were excluded.
  606 total haplotypes examined from matching loci, 606 verified.
Searching for gapped alignments...
Out of 968 query loci, 367 gapped alignments attempted.
  335 loci matched one catalog locus; 373 total haplotypes examined, 340 verified.
  32 loci matched no catalog locus;
    22 loci matched more than one catalog locus and were excluded.
    0 loci contained SNPs unaccounted for in the catalog and were excluded.
    0 loci had no verified haplotypes.
    0 loci had inconsistent alignments to a catalog locus and were excluded.
Outputing to file ./stacks/CGTACG_GGAGCAGGAATGCAGG.matches.tsv

Processing sample './stacks/CGTACG_GGAGTACAAGTGCAGG' [19 of 181]
  Parsing ./stacks/CGTACG_GGAGTACAAGTGCAGG.tags.tsv
  Parsing ./stacks/CGTACG_GGAGTACAAGTGCAGG.snps.tsv
  Parsing ./stacks/CGTACG_GGAGTACAAGTGCAGG.alleles.tsv
Searching for sequence matches...
1388 sample loci compared against the catalog containing 95118 loci.
  802 matching loci, 1 contained no verified haplotypes.
  0 loci matched more than one catalog locus and were excluded.
  1 loci contained SNPs unaccounted for in the catalog and were excluded.
  818 total haplotypes examined from matching loci, 817 verified.
Searching for gapped alignments...
Out of 1388 query loci, 587 gapped alignments attempted.
  540 loci matched one catalog locus; 598 total haplotypes examined, 548 verified.
  47 loci matched no catalog locus;
    31 loci matched more than one catalog locus and were excluded.
    0 loci contained SNPs unaccounted for in the catalog and were excluded.
    0 loci had no verified haplotypes.
    0 loci had inconsistent alignments to a catalog locus and were excluded.
Outputing to file ./stacks/CGTACG_GGAGTACAAGTGCAGG.matches.tsv

Processing sample './stacks/CGTACG_GGAGTCACTATGCAGG' [20 of 181]
  Parsing ./stacks/CGTACG_GGAGTCACTATGCAGG.tags.tsv
  Parsing ./stacks/CGTACG_GGAGTCACTATGCAGG.snps.tsv
  Parsing ./stacks/CGTACG_GGAGTCACTATGCAGG.alleles.tsv
Searching for sequence matches...
1499 sample loci compared against the catalog containing 95118 loci.
  1025 matching loci, 0 contained no verified haplotypes.
  0 loci matched more than one catalog locus and were excluded.
  0 loci contained SNPs unaccounted for in the catalog and were excluded.
  1038 total haplotypes examined from matching loci, 1038 verified.
Searching for gapped alignments...
Out of 1499 query loci, 474 gapped alignments attempted.
  439 loci matched one catalog locus; 485 total haplotypes examined, 449 verified.
  35 loci matched no catalog locus;
    21 loci matched more than one catalog locus and were excluded.
    1 loci contained SNPs unaccounted for in the catalog and were excluded.
    0 loci had no verified haplotypes.
    0 loci had inconsistent alignments to a catalog locus and were excluded.
Outputing to file ./stacks/CGTACG_GGAGTCACTATGCAGG.matches.tsv

Processing sample './stacks/CGTACG_GGAGTGGTCATGCAGG' [21 of 181]
  Parsing ./stacks/CGTACG_GGAGTGGTCATGCAGG.tags.tsv
  Parsing ./stacks/CGTACG_GGAGTGGTCATGCAGG.snps.tsv
  Parsing ./stacks/CGTACG_GGAGTGGTCATGCAGG.alleles.tsv
Searching for sequence matches...
1360 sample loci compared against the catalog containing 95118 loci.
  736 matching loci, 1 contained no verified haplotypes.
  0 loci matched more than one catalog locus and were excluded.
  1 loci contained SNPs unaccounted for in the catalog and were excluded.
  744 total haplotypes examined from matching loci, 743 verified.
Searching for gapped alignments...
Out of 1360 query loci, 625 gapped alignments attempted.
  550 loci matched one catalog locus; 636 total haplotypes examined, 559 verified.
  75 loci matched no catalog locus;
    48 loci matched more than one catalog locus and were excluded.
    0 loci contained SNPs unaccounted for in the catalog and were excluded.
    0 loci had no verified haplotypes.
    0 loci had inconsistent alignments to a catalog locus and were excluded.
Outputing to file ./stacks/CGTACG_GGAGTGGTCATGCAGG.matches.tsv

Processing sample './stacks/CGTACG_GGATGCCTAATGCAGG' [22 of 181]
  Parsing ./stacks/CGTACG_GGATGCCTAATGCAGG.tags.tsv
  Parsing ./stacks/CGTACG_GGATGCCTAATGCAGG.snps.tsv
  Parsing ./stacks/CGTACG_GGATGCCTAATGCAGG.alleles.tsv
Searching for sequence matches...
1191 sample loci compared against the catalog containing 95118 loci.
  711 matching loci, 0 contained no verified haplotypes.
  0 loci matched more than one catalog locus and were excluded.
  0 loci contained SNPs unaccounted for in the catalog and were excluded.
  717 total haplotypes examined from matching loci, 717 verified.
Searching for gapped alignments...
Out of 1191 query loci, 480 gapped alignments attempted.
  429 loci matched one catalog locus; 494 total haplotypes examined, 441 verified.
  51 loci matched no catalog locus;
    41 loci matched more than one catalog locus and were excluded.
    0 loci contained SNPs unaccounted for in the catalog and were excluded.
    0 loci had no verified haplotypes.
    0 loci had inconsistent alignments to a catalog locus and were excluded.
Outputing to file ./stacks/CGTACG_GGATGCCTAATGCAGG.matches.tsv

Processing sample './stacks/CGTACG_GGATTGAGGATGCAGG' [23 of 181]
  Parsing ./stacks/CGTACG_GGATTGAGGATGCAGG.tags.tsv
  Parsing ./stacks/CGTACG_GGATTGAGGATGCAGG.snps.tsv
  Parsing ./stacks/CGTACG_GGATTGAGGATGCAGG.alleles.tsv
Searching for sequence matches...
1583 sample loci compared against the catalog containing 95118 loci.
  1100 matching loci, 0 contained no verified haplotypes.
  0 loci matched more than one catalog locus and were excluded.
  0 loci contained SNPs unaccounted for in the catalog and were excluded.
  1116 total haplotypes examined from matching loci, 1116 verified.
Searching for gapped alignments...
Out of 1583 query loci, 483 gapped alignments attempted.
  449 loci matched one catalog locus; 493 total haplotypes examined, 459 verified.
  34 loci matched no catalog locus;
    24 loci matched more than one catalog locus and were excluded.
    0 loci contained SNPs unaccounted for in the catalog and were excluded.
    0 loci had no verified haplotypes.
    0 loci had inconsistent alignments to a catalog locus and were excluded.
Outputing to file ./stacks/CGTACG_GGATTGAGGATGCAGG.matches.tsv

Processing sample './stacks/CGTACG_GGCAACCACATGCAGG' [24 of 181]
  Parsing ./stacks/CGTACG_GGCAACCACATGCAGG.tags.tsv
  Parsing ./stacks/CGTACG_GGCAACCACATGCAGG.snps.tsv
  Parsing ./stacks/CGTACG_GGCAACCACATGCAGG.alleles.tsv
Searching for sequence matches...
1283 sample loci compared against the catalog containing 95118 loci.
  796 matching loci, 0 contained no verified haplotypes.
  0 loci matched more than one catalog locus and were excluded.
  0 loci contained SNPs unaccounted for in the catalog and were excluded.
  801 total haplotypes examined from matching loci, 801 verified.
Searching for gapped alignments...
Out of 1283 query loci, 487 gapped alignments attempted.
  462 loci matched one catalog locus; 499 total haplotypes examined, 474 verified.
  25 loci matched no catalog locus;
    20 loci matched more than one catalog locus and were excluded.
    0 loci contained SNPs unaccounted for in the catalog and were excluded.
    0 loci had no verified haplotypes.
    0 loci had inconsistent alignments to a catalog locus and were excluded.
Outputing to file ./stacks/CGTACG_GGCAACCACATGCAGG.matches.tsv

Processing sample './stacks/CGTACG_GGCAATGGAATGCAGG' [25 of 181]
  Parsing ./stacks/CGTACG_GGCAATGGAATGCAGG.tags.tsv
  Parsing ./stacks/CGTACG_GGCAATGGAATGCAGG.snps.tsv
  Parsing ./stacks/CGTACG_GGCAATGGAATGCAGG.alleles.tsv
Searching for sequence matches...
1663 sample loci compared against the catalog containing 95118 loci.
  1215 matching loci, 0 contained no verified haplotypes.
  0 loci matched more than one catalog locus and were excluded.
  0 loci contained SNPs unaccounted for in the catalog and were excluded.
  1232 total haplotypes examined from matching loci, 1232 verified.
Searching for gapped alignments...
Out of 1663 query loci, 448 gapped alignments attempted.
  415 loci matched one catalog locus; 457 total haplotypes examined, 423 verified.
  33 loci matched no catalog locus;
    20 loci matched more than one catalog locus and were excluded.
    1 loci contained SNPs unaccounted for in the catalog and were excluded.
    0 loci had no verified haplotypes.
    0 loci had inconsistent alignments to a catalog locus and were excluded.
Outputing to file ./stacks/CGTACG_GGCAATGGAATGCAGG.matches.tsv

Processing sample './stacks/CGTACG_GGCAGATCTGTGCAGG' [26 of 181]
  Parsing ./stacks/CGTACG_GGCAGATCTGTGCAGG.tags.tsv
  Parsing ./stacks/CGTACG_GGCAGATCTGTGCAGG.snps.tsv
  Parsing ./stacks/CGTACG_GGCAGATCTGTGCAGG.alleles.tsv
Searching for sequence matches...
1335 sample loci compared against the catalog containing 95118 loci.
  728 matching loci, 0 contained no verified haplotypes.
  0 loci matched more than one catalog locus and were excluded.
  0 loci contained SNPs unaccounted for in the catalog and were excluded.
  738 total haplotypes examined from matching loci, 738 verified.
Searching for gapped alignments...
Out of 1335 query loci, 607 gapped alignments attempted.
  571 loci matched one catalog locus; 616 total haplotypes examined, 579 verified.
  36 loci matched no catalog locus;
    29 loci matched more than one catalog locus and were excluded.
    1 loci contained SNPs unaccounted for in the catalog and were excluded.
    0 loci had no verified haplotypes.
    0 loci had inconsistent alignments to a catalog locus and were excluded.
Outputing to file ./stacks/CGTACG_GGCAGATCTGTGCAGG.matches.tsv

Processing sample './stacks/CGTACG_GGCAGCGTTATGCAGG' [27 of 181]
  Parsing ./stacks/CGTACG_GGCAGCGTTATGCAGG.tags.tsv
  Parsing ./stacks/CGTACG_GGCAGCGTTATGCAGG.snps.tsv
  Parsing ./stacks/CGTACG_GGCAGCGTTATGCAGG.alleles.tsv
Searching for sequence matches...
982 sample loci compared against the catalog containing 95118 loci.
  643 matching loci, 0 contained no verified haplotypes.
  0 loci matched more than one catalog locus and were excluded.
  0 loci contained SNPs unaccounted for in the catalog and were excluded.
  654 total haplotypes examined from matching loci, 654 verified.
Searching for gapped alignments...
Out of 982 query loci, 339 gapped alignments attempted.
  309 loci matched one catalog locus; 343 total haplotypes examined, 313 verified.
  30 loci matched no catalog locus;
    27 loci matched more than one catalog locus and were excluded.
    0 loci contained SNPs unaccounted for in the catalog and were excluded.
    0 loci had no verified haplotypes.
    0 loci had inconsistent alignments to a catalog locus and were excluded.
Outputing to file ./stacks/CGTACG_GGCAGCGTTATGCAGG.matches.tsv

Processing sample './stacks/CGTACG_GGCATACCAATGCAGG' [28 of 181]
  Parsing ./stacks/CGTACG_GGCATACCAATGCAGG.tags.tsv
  Parsing ./stacks/CGTACG_GGCATACCAATGCAGG.snps.tsv
  Parsing ./stacks/CGTACG_GGCATACCAATGCAGG.alleles.tsv
Searching for sequence matches...
1187 sample loci compared against the catalog containing 95118 loci.
  695 matching loci, 1 contained no verified haplotypes.
  0 loci matched more than one catalog locus and were excluded.
  1 loci contained SNPs unaccounted for in the catalog and were excluded.
  710 total haplotypes examined from matching loci, 709 verified.
Searching for gapped alignments...
Out of 1187 query loci, 493 gapped alignments attempted.
  451 loci matched one catalog locus; 501 total haplotypes examined, 458 verified.
  42 loci matched no catalog locus;
    32 loci matched more than one catalog locus and were excluded.
    0 loci contained SNPs unaccounted for in the catalog and were excluded.
    0 loci had no verified haplotypes.
    0 loci had inconsistent alignments to a catalog locus and were excluded.
Outputing to file ./stacks/CGTACG_GGCATACCAATGCAGG.matches.tsv

Processing sample './stacks/CGTACG_GGCATCAAGTTGCAGG' [29 of 181]
  Parsing ./stacks/CGTACG_GGCATCAAGTTGCAGG.tags.tsv
  Parsing ./stacks/CGTACG_GGCATCAAGTTGCAGG.snps.tsv
  Parsing ./stacks/CGTACG_GGCATCAAGTTGCAGG.alleles.tsv
Searching for sequence matches...
1421 sample loci compared against the catalog containing 95118 loci.
  940 matching loci, 0 contained no verified haplotypes.
  0 loci matched more than one catalog locus and were excluded.
  0 loci contained SNPs unaccounted for in the catalog and were excluded.
  954 total haplotypes examined from matching loci, 954 verified.
Searching for gapped alignments...
Out of 1421 query loci, 481 gapped alignments attempted.
  436 loci matched one catalog locus; 489 total haplotypes examined, 444 verified.
  45 loci matched no catalog locus;
    35 loci matched more than one catalog locus and were excluded.
    0 loci contained SNPs unaccounted for in the catalog and were excluded.
    0 loci had no verified haplotypes.
    0 loci had inconsistent alignments to a catalog locus and were excluded.
Outputing to file ./stacks/CGTACG_GGCATCAAGTTGCAGG.matches.tsv

Processing sample './stacks/CGTACG_GGCCAGTTCATGCAGG' [30 of 181]
  Parsing ./stacks/CGTACG_GGCCAGTTCATGCAGG.tags.tsv
  Parsing ./stacks/CGTACG_GGCCAGTTCATGCAGG.snps.tsv
  Parsing ./stacks/CGTACG_GGCCAGTTCATGCAGG.alleles.tsv
Searching for sequence matches...
1456 sample loci compared against the catalog containing 95118 loci.
  846 matching loci, 0 contained no verified haplotypes.
  0 loci matched more than one catalog locus and were excluded.
  0 loci contained SNPs unaccounted for in the catalog and were excluded.
  869 total haplotypes examined from matching loci, 869 verified.
Searching for gapped alignments...
Out of 1456 query loci, 610 gapped alignments attempted.
  565 loci matched one catalog locus; 628 total haplotypes examined, 582 verified.
  45 loci matched no catalog locus;
    26 loci matched more than one catalog locus and were excluded.
    0 loci contained SNPs unaccounted for in the catalog and were excluded.
    0 loci had no verified haplotypes.
    0 loci had inconsistent alignments to a catalog locus and were excluded.
Outputing to file ./stacks/CGTACG_GGCCAGTTCATGCAGG.matches.tsv

Processing sample './stacks/CGTACG_GGCCGAAGTATGCAGG' [31 of 181]
  Parsing ./stacks/CGTACG_GGCCGAAGTATGCAGG.tags.tsv
  Parsing ./stacks/CGTACG_GGCCGAAGTATGCAGG.snps.tsv
  Parsing ./stacks/CGTACG_GGCCGAAGTATGCAGG.alleles.tsv
Searching for sequence matches...
1423 sample loci compared against the catalog containing 95118 loci.
  1092 matching loci, 0 contained no verified haplotypes.
  0 loci matched more than one catalog locus and were excluded.
  0 loci contained SNPs unaccounted for in the catalog and were excluded.
  1105 total haplotypes examined from matching loci, 1105 verified.
Searching for gapped alignments...
Out of 1423 query loci, 331 gapped alignments attempted.
  309 loci matched one catalog locus; 335 total haplotypes examined, 313 verified.
  22 loci matched no catalog locus;
    14 loci matched more than one catalog locus and were excluded.
    0 loci contained SNPs unaccounted for in the catalog and were excluded.
    0 loci had no verified haplotypes.
    0 loci had inconsistent alignments to a catalog locus and were excluded.
Outputing to file ./stacks/CGTACG_GGCCGAAGTATGCAGG.matches.tsv

Processing sample './stacks/CGTACG_GGCCGTGAGATGCAGG' [32 of 181]
  Parsing ./stacks/CGTACG_GGCCGTGAGATGCAGG.tags.tsv
  Parsing ./stacks/CGTACG_GGCCGTGAGATGCAGG.snps.tsv
  Parsing ./stacks/CGTACG_GGCCGTGAGATGCAGG.alleles.tsv
Searching for sequence matches...
1585 sample loci compared against the catalog containing 95118 loci.
  1159 matching loci, 0 contained no verified haplotypes.
  0 loci matched more than one catalog locus and were excluded.
  0 loci contained SNPs unaccounted for in the catalog and were excluded.
  1166 total haplotypes examined from matching loci, 1166 verified.
Searching for gapped alignments...
Out of 1585 query loci, 426 gapped alignments attempted.
  392 loci matched one catalog locus; 432 total haplotypes examined, 397 verified.
  34 loci matched no catalog locus;
    23 loci matched more than one catalog locus and were excluded.
    0 loci contained SNPs unaccounted for in the catalog and were excluded.
    0 loci had no verified haplotypes.
    0 loci had inconsistent alignments to a catalog locus and were excluded.
Outputing to file ./stacks/CGTACG_GGCCGTGAGATGCAGG.matches.tsv

Processing sample './stacks/CGTACG_GGCCTCCTGATGCAGG' [33 of 181]
  Parsing ./stacks/CGTACG_GGCCTCCTGATGCAGG.tags.tsv
  Parsing ./stacks/CGTACG_GGCCTCCTGATGCAGG.snps.tsv
  Parsing ./stacks/CGTACG_GGCCTCCTGATGCAGG.alleles.tsv
Searching for sequence matches...
992 sample loci compared against the catalog containing 95118 loci.
  560 matching loci, 0 contained no verified haplotypes.
  0 loci matched more than one catalog locus and were excluded.
  0 loci contained SNPs unaccounted for in the catalog and were excluded.
  570 total haplotypes examined from matching loci, 570 verified.
Searching for gapped alignments...
Out of 992 query loci, 432 gapped alignments attempted.
  386 loci matched one catalog locus; 445 total haplotypes examined, 397 verified.
  46 loci matched no catalog locus;
    39 loci matched more than one catalog locus and were excluded.
    1 loci contained SNPs unaccounted for in the catalog and were excluded.
    0 loci had no verified haplotypes.
    0 loci had inconsistent alignments to a catalog locus and were excluded.
Outputing to file ./stacks/CGTACG_GGCCTCCTGATGCAGG.matches.tsv

Processing sample './stacks/CGTACG_GGCGAACTTATGCAGG' [34 of 181]
  Parsing ./stacks/CGTACG_GGCGAACTTATGCAGG.tags.tsv
  Parsing ./stacks/CGTACG_GGCGAACTTATGCAGG.snps.tsv
  Parsing ./stacks/CGTACG_GGCGAACTTATGCAGG.alleles.tsv
Searching for sequence matches...
1345 sample loci compared against the catalog containing 95118 loci.
  783 matching loci, 0 contained no verified haplotypes.
  0 loci matched more than one catalog locus and were excluded.
  0 loci contained SNPs unaccounted for in the catalog and were excluded.
  798 total haplotypes examined from matching loci, 798 verified.
Searching for gapped alignments...
Out of 1345 query loci, 562 gapped alignments attempted.
  519 loci matched one catalog locus; 569 total haplotypes examined, 524 verified.
  43 loci matched no catalog locus;
    30 loci matched more than one catalog locus and were excluded.
    1 loci contained SNPs unaccounted for in the catalog and were excluded.
    0 loci had no verified haplotypes.
    0 loci had inconsistent alignments to a catalog locus and were excluded.
Outputing to file ./stacks/CGTACG_GGCGAACTTATGCAGG.matches.tsv

Processing sample './stacks/CGTACG_GGCGCATACATGCAGG' [35 of 181]
  Parsing ./stacks/CGTACG_GGCGCATACATGCAGG.tags.tsv
  Parsing ./stacks/CGTACG_GGCGCATACATGCAGG.snps.tsv
  Parsing ./stacks/CGTACG_GGCGCATACATGCAGG.alleles.tsv
Searching for sequence matches...
1680 sample loci compared against the catalog containing 95118 loci.
  1539 matching loci, 0 contained no verified haplotypes.
  0 loci matched more than one catalog locus and were excluded.
  0 loci contained SNPs unaccounted for in the catalog and were excluded.
  1597 total haplotypes examined from matching loci, 1597 verified.
Searching for gapped alignments...
Out of 1680 query loci, 141 gapped alignments attempted.
  134 loci matched one catalog locus; 146 total haplotypes examined, 138 verified.
  7 loci matched no catalog locus;
    5 loci matched more than one catalog locus and were excluded.
    0 loci contained SNPs unaccounted for in the catalog and were excluded.
    0 loci had no verified haplotypes.
    0 loci had inconsistent alignments to a catalog locus and were excluded.
Outputing to file ./stacks/CGTACG_GGCGCATACATGCAGG.matches.tsv

Processing sample './stacks/CGTACG_GGCTCAATGATGCAGG' [36 of 181]
  Parsing ./stacks/CGTACG_GGCTCAATGATGCAGG.tags.tsv
  Parsing ./stacks/CGTACG_GGCTCAATGATGCAGG.snps.tsv
  Parsing ./stacks/CGTACG_GGCTCAATGATGCAGG.alleles.tsv
Searching for sequence matches...
1428 sample loci compared against the catalog containing 95118 loci.
  854 matching loci, 0 contained no verified haplotypes.
  0 loci matched more than one catalog locus and were excluded.
  0 loci contained SNPs unaccounted for in the catalog and were excluded.
  869 total haplotypes examined from matching loci, 869 verified.
Searching for gapped alignments...
Out of 1428 query loci, 574 gapped alignments attempted.
  514 loci matched one catalog locus; 587 total haplotypes examined, 527 verified.
  60 loci matched no catalog locus;
    38 loci matched more than one catalog locus and were excluded.
    0 loci contained SNPs unaccounted for in the catalog and were excluded.
    0 loci had no verified haplotypes.
    0 loci had inconsistent alignments to a catalog locus and were excluded.
Outputing to file ./stacks/CGTACG_GGCTCAATGATGCAGG.matches.tsv

Processing sample './stacks/CGTACG_GGCTGAGCCATGCAGG' [37 of 181]
  Parsing ./stacks/CGTACG_GGCTGAGCCATGCAGG.tags.tsv
  Parsing ./stacks/CGTACG_GGCTGAGCCATGCAGG.snps.tsv
  Parsing ./stacks/CGTACG_GGCTGAGCCATGCAGG.alleles.tsv
Searching for sequence matches...
1296 sample loci compared against the catalog containing 95118 loci.
  803 matching loci, 0 contained no verified haplotypes.
  0 loci matched more than one catalog locus and were excluded.
  0 loci contained SNPs unaccounted for in the catalog and were excluded.
  814 total haplotypes examined from matching loci, 814 verified.
Searching for gapped alignments...
Out of 1296 query loci, 493 gapped alignments attempted.
  451 loci matched one catalog locus; 500 total haplotypes examined, 458 verified.
  42 loci matched no catalog locus;
    25 loci matched more than one catalog locus and were excluded.
    0 loci contained SNPs unaccounted for in the catalog and were excluded.
    0 loci had no verified haplotypes.
    0 loci had inconsistent alignments to a catalog locus and were excluded.
Outputing to file ./stacks/CGTACG_GGCTGAGCCATGCAGG.matches.tsv

Processing sample './stacks/GAGTGG_GGAATCCGTCTGCAGG' [38 of 181]
  Parsing ./stacks/GAGTGG_GGAATCCGTCTGCAGG.tags.tsv
  Parsing ./stacks/GAGTGG_GGAATCCGTCTGCAGG.snps.tsv
  Parsing ./stacks/GAGTGG_GGAATCCGTCTGCAGG.alleles.tsv
Searching for sequence matches...
1473 sample loci compared against the catalog containing 95118 loci.
  817 matching loci, 0 contained no verified haplotypes.
  0 loci matched more than one catalog locus and were excluded.
  0 loci contained SNPs unaccounted for in the catalog and were excluded.
  833 total haplotypes examined from matching loci, 833 verified.
Searching for gapped alignments...
Out of 1473 query loci, 656 gapped alignments attempted.
  606 loci matched one catalog locus; 664 total haplotypes examined, 614 verified.
  50 loci matched no catalog locus;
    33 loci matched more than one catalog locus and were excluded.
    0 loci contained SNPs unaccounted for in the catalog and were excluded.
    0 loci had no verified haplotypes.
    0 loci had inconsistent alignments to a catalog locus and were excluded.
Outputing to file ./stacks/GAGTGG_GGAATCCGTCTGCAGG.matches.tsv

Processing sample './stacks/GAGTGG_GGAATGTTGCTGCAGG' [39 of 181]
  Parsing ./stacks/GAGTGG_GGAATGTTGCTGCAGG.tags.tsv
  Parsing ./stacks/GAGTGG_GGAATGTTGCTGCAGG.snps.tsv
  Parsing ./stacks/GAGTGG_GGAATGTTGCTGCAGG.alleles.tsv
Searching for sequence matches...
1229 sample loci compared against the catalog containing 95118 loci.
  703 matching loci, 0 contained no verified haplotypes.
  0 loci matched more than one catalog locus and were excluded.
  0 loci contained SNPs unaccounted for in the catalog and were excluded.
  731 total haplotypes examined from matching loci, 731 verified.
Searching for gapped alignments...
Out of 1229 query loci, 526 gapped alignments attempted.
  493 loci matched one catalog locus; 540 total haplotypes examined, 504 verified.
  33 loci matched no catalog locus;
    20 loci matched more than one catalog locus and were excluded.
    1 loci contained SNPs unaccounted for in the catalog and were excluded.
    0 loci had no verified haplotypes.
    0 loci had inconsistent alignments to a catalog locus and were excluded.
Outputing to file ./stacks/GAGTGG_GGAATGTTGCTGCAGG.matches.tsv

Processing sample './stacks/GAGTGG_GGACACGAGATGCAGG' [40 of 181]
  Parsing ./stacks/GAGTGG_GGACACGAGATGCAGG.tags.tsv
  Parsing ./stacks/GAGTGG_GGACACGAGATGCAGG.snps.tsv
  Parsing ./stacks/GAGTGG_GGACACGAGATGCAGG.alleles.tsv
Searching for sequence matches...
1666 sample loci compared against the catalog containing 95118 loci.
  1154 matching loci, 1 contained no verified haplotypes.
  0 loci matched more than one catalog locus and were excluded.
  1 loci contained SNPs unaccounted for in the catalog and were excluded.
  1173 total haplotypes examined from matching loci, 1172 verified.
Searching for gapped alignments...
Out of 1666 query loci, 513 gapped alignments attempted.
  496 loci matched one catalog locus; 522 total haplotypes examined, 504 verified.
  17 loci matched no catalog locus;
    9 loci matched more than one catalog locus and were excluded.
    1 loci contained SNPs unaccounted for in the catalog and were excluded.
    0 loci had no verified haplotypes.
    0 loci had inconsistent alignments to a catalog locus and were excluded.
Outputing to file ./stacks/GAGTGG_GGACACGAGATGCAGG.matches.tsv

Processing sample './stacks/GAGTGG_GGACAGATTCTGCAGG' [41 of 181]
  Parsing ./stacks/GAGTGG_GGACAGATTCTGCAGG.tags.tsv
  Parsing ./stacks/GAGTGG_GGACAGATTCTGCAGG.snps.tsv
  Parsing ./stacks/GAGTGG_GGACAGATTCTGCAGG.alleles.tsv
Searching for sequence matches...
1480 sample loci compared against the catalog containing 95118 loci.
  788 matching loci, 0 contained no verified haplotypes.
  0 loci matched more than one catalog locus and were excluded.
  0 loci contained SNPs unaccounted for in the catalog and were excluded.
  815 total haplotypes examined from matching loci, 815 verified.
Searching for gapped alignments...
Out of 1480 query loci, 692 gapped alignments attempted.
  658 loci matched one catalog locus; 703 total haplotypes examined, 669 verified.
  34 loci matched no catalog locus;
    19 loci matched more than one catalog locus and were excluded.
    0 loci contained SNPs unaccounted for in the catalog and were excluded.
    0 loci had no verified haplotypes.
    0 loci had inconsistent alignments to a catalog locus and were excluded.
Outputing to file ./stacks/GAGTGG_GGACAGATTCTGCAGG.matches.tsv

Processing sample './stacks/GAGTGG_GGAGCACCTCTGCAGG' [42 of 181]
  Parsing ./stacks/GAGTGG_GGAGCACCTCTGCAGG.tags.tsv
  Parsing ./stacks/GAGTGG_GGAGCACCTCTGCAGG.snps.tsv
  Parsing ./stacks/GAGTGG_GGAGCACCTCTGCAGG.alleles.tsv
Searching for sequence matches...
1327 sample loci compared against the catalog containing 95118 loci.
  727 matching loci, 0 contained no verified haplotypes.
  0 loci matched more than one catalog locus and were excluded.
  0 loci contained SNPs unaccounted for in the catalog and were excluded.
  749 total haplotypes examined from matching loci, 749 verified.
Searching for gapped alignments...
Out of 1327 query loci, 600 gapped alignments attempted.
  557 loci matched one catalog locus; 614 total haplotypes examined, 570 verified.
  43 loci matched no catalog locus;
    20 loci matched more than one catalog locus and were excluded.
    1 loci contained SNPs unaccounted for in the catalog and were excluded.
    0 loci had no verified haplotypes.
    0 loci had inconsistent alignments to a catalog locus and were excluded.
Outputing to file ./stacks/GAGTGG_GGAGCACCTCTGCAGG.matches.tsv

Processing sample './stacks/GAGTGG_GGATTGGCTCTGCAGG' [43 of 181]
  Parsing ./stacks/GAGTGG_GGATTGGCTCTGCAGG.tags.tsv
  Parsing ./stacks/GAGTGG_GGATTGGCTCTGCAGG.snps.tsv
  Parsing ./stacks/GAGTGG_GGATTGGCTCTGCAGG.alleles.tsv
Searching for sequence matches...
1302 sample loci compared against the catalog containing 95118 loci.
  708 matching loci, 0 contained no verified haplotypes.
  0 loci matched more than one catalog locus and were excluded.
  0 loci contained SNPs unaccounted for in the catalog and were excluded.
  725 total haplotypes examined from matching loci, 725 verified.
Searching for gapped alignments...
Out of 1302 query loci, 594 gapped alignments attempted.
  543 loci matched one catalog locus; 603 total haplotypes examined, 549 verified.
  51 loci matched no catalog locus;
    35 loci matched more than one catalog locus and were excluded.
    0 loci contained SNPs unaccounted for in the catalog and were excluded.
    0 loci had no verified haplotypes.
    0 loci had inconsistent alignments to a catalog locus and were excluded.
Outputing to file ./stacks/GAGTGG_GGATTGGCTCTGCAGG.matches.tsv

Processing sample './stacks/GAGTGG_GGCAAGGAGCTGCAGG' [44 of 181]
  Parsing ./stacks/GAGTGG_GGCAAGGAGCTGCAGG.tags.tsv
  Parsing ./stacks/GAGTGG_GGCAAGGAGCTGCAGG.snps.tsv
  Parsing ./stacks/GAGTGG_GGCAAGGAGCTGCAGG.alleles.tsv
Searching for sequence matches...
1280 sample loci compared against the catalog containing 95118 loci.
  684 matching loci, 0 contained no verified haplotypes.
  0 loci matched more than one catalog locus and were excluded.
  0 loci contained SNPs unaccounted for in the catalog and were excluded.
  704 total haplotypes examined from matching loci, 704 verified.
Searching for gapped alignments...
Out of 1280 query loci, 596 gapped alignments attempted.
  548 loci matched one catalog locus; 609 total haplotypes examined, 560 verified.
  48 loci matched no catalog locus;
    33 loci matched more than one catalog locus and were excluded.
    0 loci contained SNPs unaccounted for in the catalog and were excluded.
    0 loci had no verified haplotypes.
    0 loci had inconsistent alignments to a catalog locus and were excluded.
Outputing to file ./stacks/GAGTGG_GGCAAGGAGCTGCAGG.matches.tsv

Processing sample './stacks/GAGTGG_GGCGACTGGATGCAGG' [45 of 181]
  Parsing ./stacks/GAGTGG_GGCGACTGGATGCAGG.tags.tsv
  Parsing ./stacks/GAGTGG_GGCGACTGGATGCAGG.snps.tsv
  Parsing ./stacks/GAGTGG_GGCGACTGGATGCAGG.alleles.tsv
Searching for sequence matches...
1501 sample loci compared against the catalog containing 95118 loci.
  859 matching loci, 0 contained no verified haplotypes.
  0 loci matched more than one catalog locus and were excluded.
  0 loci contained SNPs unaccounted for in the catalog and were excluded.
  877 total haplotypes examined from matching loci, 877 verified.
Searching for gapped alignments...
Out of 1501 query loci, 642 gapped alignments attempted.
  598 loci matched one catalog locus; 655 total haplotypes examined, 610 verified.
  44 loci matched no catalog locus;
    29 loci matched more than one catalog locus and were excluded.
    0 loci contained SNPs unaccounted for in the catalog and were excluded.
    0 loci had no verified haplotypes.
    0 loci had inconsistent alignments to a catalog locus and were excluded.
Outputing to file ./stacks/GAGTGG_GGCGACTGGATGCAGG.matches.tsv

Processing sample './stacks/GAGTGG_GGCGCATACATGCAGG' [46 of 181]
  Parsing ./stacks/GAGTGG_GGCGCATACATGCAGG.tags.tsv
  Parsing ./stacks/GAGTGG_GGCGCATACATGCAGG.snps.tsv
  Parsing ./stacks/GAGTGG_GGCGCATACATGCAGG.alleles.tsv
Searching for sequence matches...
1335 sample loci compared against the catalog containing 95118 loci.
  783 matching loci, 1 contained no verified haplotypes.
  0 loci matched more than one catalog locus and were excluded.
  1 loci contained SNPs unaccounted for in the catalog and were excluded.
  809 total haplotypes examined from matching loci, 808 verified.
Searching for gapped alignments...
Out of 1335 query loci, 553 gapped alignments attempted.
  516 loci matched one catalog locus; 571 total haplotypes examined, 533 verified.
  37 loci matched no catalog locus;
    31 loci matched more than one catalog locus and were excluded.
    1 loci contained SNPs unaccounted for in the catalog and were excluded.
    0 loci had no verified haplotypes.
    0 loci had inconsistent alignments to a catalog locus and were excluded.
Outputing to file ./stacks/GAGTGG_GGCGCATACATGCAGG.matches.tsv

Processing sample './stacks/GAGTGG_GGCGGATTGCTGCAGG' [47 of 181]
  Parsing ./stacks/GAGTGG_GGCGGATTGCTGCAGG.tags.tsv
  Parsing ./stacks/GAGTGG_GGCGGATTGCTGCAGG.snps.tsv
  Parsing ./stacks/GAGTGG_GGCGGATTGCTGCAGG.alleles.tsv
Searching for sequence matches...
1360 sample loci compared against the catalog containing 95118 loci.
  696 matching loci, 0 contained no verified haplotypes.
  0 loci matched more than one catalog locus and were excluded.
  0 loci contained SNPs unaccounted for in the catalog and were excluded.
  709 total haplotypes examined from matching loci, 709 verified.
Searching for gapped alignments...
Out of 1360 query loci, 664 gapped alignments attempted.
  606 loci matched one catalog locus; 670 total haplotypes examined, 610 verified.
  58 loci matched no catalog locus;
    24 loci matched more than one catalog locus and were excluded.
    1 loci contained SNPs unaccounted for in the catalog and were excluded.
    0 loci had no verified haplotypes.
    0 loci had inconsistent alignments to a catalog locus and were excluded.
Outputing to file ./stacks/GAGTGG_GGCGGATTGCTGCAGG.matches.tsv

Processing sample './stacks/GAGTGG_GGCTAAGGTCTGCAGG' [48 of 181]
  Parsing ./stacks/GAGTGG_GGCTAAGGTCTGCAGG.tags.tsv
  Parsing ./stacks/GAGTGG_GGCTAAGGTCTGCAGG.snps.tsv
  Parsing ./stacks/GAGTGG_GGCTAAGGTCTGCAGG.alleles.tsv
Searching for sequence matches...
1417 sample loci compared against the catalog containing 95118 loci.
  747 matching loci, 0 contained no verified haplotypes.
  0 loci matched more than one catalog locus and were excluded.
  0 loci contained SNPs unaccounted for in the catalog and were excluded.
  764 total haplotypes examined from matching loci, 764 verified.
Searching for gapped alignments...
Out of 1417 query loci, 670 gapped alignments attempted.
  624 loci matched one catalog locus; 687 total haplotypes examined, 641 verified.
  46 loci matched no catalog locus;
    29 loci matched more than one catalog locus and were excluded.
    0 loci contained SNPs unaccounted for in the catalog and were excluded.
    0 loci had no verified haplotypes.
    0 loci had inconsistent alignments to a catalog locus and were excluded.
Outputing to file ./stacks/GAGTGG_GGCTAAGGTCTGCAGG.matches.tsv

Processing sample './stacks/GAGTGG_GGCTCAATGATGCAGG' [49 of 181]
  Parsing ./stacks/GAGTGG_GGCTCAATGATGCAGG.tags.tsv
  Parsing ./stacks/GAGTGG_GGCTCAATGATGCAGG.snps.tsv
  Parsing ./stacks/GAGTGG_GGCTCAATGATGCAGG.alleles.tsv
Searching for sequence matches...
1438 sample loci compared against the catalog containing 95118 loci.
  761 matching loci, 0 contained no verified haplotypes.
  0 loci matched more than one catalog locus and were excluded.
  0 loci contained SNPs unaccounted for in the catalog and were excluded.
  783 total haplotypes examined from matching loci, 783 verified.
Searching for gapped alignments...
Out of 1438 query loci, 677 gapped alignments attempted.
  631 loci matched one catalog locus; 686 total haplotypes examined, 640 verified.
  46 loci matched no catalog locus;
    25 loci matched more than one catalog locus and were excluded.
    0 loci contained SNPs unaccounted for in the catalog and were excluded.
    0 loci had no verified haplotypes.
    0 loci had inconsistent alignments to a catalog locus and were excluded.
Outputing to file ./stacks/GAGTGG_GGCTCAATGATGCAGG.matches.tsv

Processing sample './stacks/GAGTGG_GGCTGAGCCATGCAGG' [50 of 181]
  Parsing ./stacks/GAGTGG_GGCTGAGCCATGCAGG.tags.tsv
  Parsing ./stacks/GAGTGG_GGCTGAGCCATGCAGG.snps.tsv
  Parsing ./stacks/GAGTGG_GGCTGAGCCATGCAGG.alleles.tsv
Searching for sequence matches...
1487 sample loci compared against the catalog containing 95118 loci.
  903 matching loci, 1 contained no verified haplotypes.
  0 loci matched more than one catalog locus and were excluded.
  1 loci contained SNPs unaccounted for in the catalog and were excluded.
  920 total haplotypes examined from matching loci, 919 verified.
Searching for gapped alignments...
Out of 1487 query loci, 585 gapped alignments attempted.
  548 loci matched one catalog locus; 605 total haplotypes examined, 567 verified.
  37 loci matched no catalog locus;
    19 loci matched more than one catalog locus and were excluded.
    1 loci contained SNPs unaccounted for in the catalog and were excluded.
    0 loci had no verified haplotypes.
    0 loci had inconsistent alignments to a catalog locus and were excluded.
Outputing to file ./stacks/GAGTGG_GGCTGAGCCATGCAGG.matches.tsv

Processing sample './stacks/GAGTGG_GGCTGGCATATGCAGG' [51 of 181]
  Parsing ./stacks/GAGTGG_GGCTGGCATATGCAGG.tags.tsv
  Parsing ./stacks/GAGTGG_GGCTGGCATATGCAGG.snps.tsv
  Parsing ./stacks/GAGTGG_GGCTGGCATATGCAGG.alleles.tsv
Searching for sequence matches...
1413 sample loci compared against the catalog containing 95118 loci.
  833 matching loci, 1 contained no verified haplotypes.
  0 loci matched more than one catalog locus and were excluded.
  1 loci contained SNPs unaccounted for in the catalog and were excluded.
  853 total haplotypes examined from matching loci, 852 verified.
Searching for gapped alignments...
Out of 1413 query loci, 581 gapped alignments attempted.
  555 loci matched one catalog locus; 608 total haplotypes examined, 579 verified.
  26 loci matched no catalog locus;
    15 loci matched more than one catalog locus and were excluded.
    0 loci contained SNPs unaccounted for in the catalog and were excluded.
    0 loci had no verified haplotypes.
    0 loci had inconsistent alignments to a catalog locus and were excluded.
Outputing to file ./stacks/GAGTGG_GGCTGGCATATGCAGG.matches.tsv

Processing sample './stacks/GAGTGG_GGGAACAGGCTGCAGG' [52 of 181]
  Parsing ./stacks/GAGTGG_GGGAACAGGCTGCAGG.tags.tsv
  Parsing ./stacks/GAGTGG_GGGAACAGGCTGCAGG.snps.tsv
  Parsing ./stacks/GAGTGG_GGGAACAGGCTGCAGG.alleles.tsv
Searching for sequence matches...
1586 sample loci compared against the catalog containing 95118 loci.
  970 matching loci, 2 contained no verified haplotypes.
  0 loci matched more than one catalog locus and were excluded.
  2 loci contained SNPs unaccounted for in the catalog and were excluded.
  988 total haplotypes examined from matching loci, 986 verified.
Searching for gapped alignments...
Out of 1586 query loci, 618 gapped alignments attempted.
  579 loci matched one catalog locus; 636 total haplotypes examined, 595 verified.
  39 loci matched no catalog locus;
    18 loci matched more than one catalog locus and were excluded.
    0 loci contained SNPs unaccounted for in the catalog and were excluded.
    0 loci had no verified haplotypes.
    0 loci had inconsistent alignments to a catalog locus and were excluded.
Outputing to file ./stacks/GAGTGG_GGGAACAGGCTGCAGG.matches.tsv

Processing sample './stacks/GAGTGG_GGGAATCTGATGCAGG' [53 of 181]
  Parsing ./stacks/GAGTGG_GGGAATCTGATGCAGG.tags.tsv
  Parsing ./stacks/GAGTGG_GGGAATCTGATGCAGG.snps.tsv
  Parsing ./stacks/GAGTGG_GGGAATCTGATGCAGG.alleles.tsv
Searching for sequence matches...
1564 sample loci compared against the catalog containing 95118 loci.
  990 matching loci, 0 contained no verified haplotypes.
  0 loci matched more than one catalog locus and were excluded.
  0 loci contained SNPs unaccounted for in the catalog and were excluded.
  1011 total haplotypes examined from matching loci, 1011 verified.
Searching for gapped alignments...
Out of 1564 query loci, 574 gapped alignments attempted.
  553 loci matched one catalog locus; 585 total haplotypes examined, 564 verified.
  21 loci matched no catalog locus;
    14 loci matched more than one catalog locus and were excluded.
    0 loci contained SNPs unaccounted for in the catalog and were excluded.
    0 loci had no verified haplotypes.
    0 loci had inconsistent alignments to a catalog locus and were excluded.
Outputing to file ./stacks/GAGTGG_GGGAATCTGATGCAGG.matches.tsv

Processing sample './stacks/GAGTGG_GGGAGCTGAATGCAGG' [54 of 181]
  Parsing ./stacks/GAGTGG_GGGAGCTGAATGCAGG.tags.tsv
  Parsing ./stacks/GAGTGG_GGGAGCTGAATGCAGG.snps.tsv
  Parsing ./stacks/GAGTGG_GGGAGCTGAATGCAGG.alleles.tsv
Searching for sequence matches...
1607 sample loci compared against the catalog containing 95118 loci.
  1251 matching loci, 0 contained no verified haplotypes.
  0 loci matched more than one catalog locus and were excluded.
  0 loci contained SNPs unaccounted for in the catalog and were excluded.
  1296 total haplotypes examined from matching loci, 1296 verified.
Searching for gapped alignments...
Out of 1607 query loci, 356 gapped alignments attempted.
  343 loci matched one catalog locus; 367 total haplotypes examined, 354 verified.
  13 loci matched no catalog locus;
    6 loci matched more than one catalog locus and were excluded.
    0 loci contained SNPs unaccounted for in the catalog and were excluded.
    0 loci had no verified haplotypes.
    0 loci had inconsistent alignments to a catalog locus and were excluded.
Outputing to file ./stacks/GAGTGG_GGGAGCTGAATGCAGG.matches.tsv

Processing sample './stacks/GAGTGG_GGGATAGACATGCAGG' [55 of 181]
  Parsing ./stacks/GAGTGG_GGGATAGACATGCAGG.tags.tsv
  Parsing ./stacks/GAGTGG_GGGATAGACATGCAGG.snps.tsv
  Parsing ./stacks/GAGTGG_GGGATAGACATGCAGG.alleles.tsv
Searching for sequence matches...
1345 sample loci compared against the catalog containing 95118 loci.
  969 matching loci, 1 contained no verified haplotypes.
  0 loci matched more than one catalog locus and were excluded.
  1 loci contained SNPs unaccounted for in the catalog and were excluded.
  986 total haplotypes examined from matching loci, 985 verified.
Searching for gapped alignments...
Out of 1345 query loci, 377 gapped alignments attempted.
  355 loci matched one catalog locus; 384 total haplotypes examined, 361 verified.
  22 loci matched no catalog locus;
    13 loci matched more than one catalog locus and were excluded.
    0 loci contained SNPs unaccounted for in the catalog and were excluded.
    0 loci had no verified haplotypes.
    0 loci had inconsistent alignments to a catalog locus and were excluded.
Outputing to file ./stacks/GAGTGG_GGGATAGACATGCAGG.matches.tsv

Processing sample './stacks/GAGTGG_GGGCCACATATGCAGG' [56 of 181]
  Parsing ./stacks/GAGTGG_GGGCCACATATGCAGG.tags.tsv
  Parsing ./stacks/GAGTGG_GGGCCACATATGCAGG.snps.tsv
  Parsing ./stacks/GAGTGG_GGGCCACATATGCAGG.alleles.tsv
Searching for sequence matches...
1533 sample loci compared against the catalog containing 95118 loci.
  935 matching loci, 0 contained no verified haplotypes.
  0 loci matched more than one catalog locus and were excluded.
  0 loci contained SNPs unaccounted for in the catalog and were excluded.
  957 total haplotypes examined from matching loci, 957 verified.
Searching for gapped alignments...
Out of 1533 query loci, 598 gapped alignments attempted.
  566 loci matched one catalog locus; 611 total haplotypes examined, 578 verified.
  32 loci matched no catalog locus;
    19 loci matched more than one catalog locus and were excluded.
    0 loci contained SNPs unaccounted for in the catalog and were excluded.
    0 loci had no verified haplotypes.
    0 loci had inconsistent alignments to a catalog locus and were excluded.
Outputing to file ./stacks/GAGTGG_GGGCCACATATGCAGG.matches.tsv

Processing sample './stacks/GAGTGG_GGGCGAGTAATGCAGG' [57 of 181]
  Parsing ./stacks/GAGTGG_GGGCGAGTAATGCAGG.tags.tsv
  Parsing ./stacks/GAGTGG_GGGCGAGTAATGCAGG.snps.tsv
  Parsing ./stacks/GAGTGG_GGGCGAGTAATGCAGG.alleles.tsv
Searching for sequence matches...
1569 sample loci compared against the catalog containing 95118 loci.
  880 matching loci, 0 contained no verified haplotypes.
  0 loci matched more than one catalog locus and were excluded.
  0 loci contained SNPs unaccounted for in the catalog and were excluded.
  896 total haplotypes examined from matching loci, 896 verified.
Searching for gapped alignments...
Out of 1569 query loci, 689 gapped alignments attempted.
  647 loci matched one catalog locus; 703 total haplotypes examined, 659 verified.
  42 loci matched no catalog locus;
    28 loci matched more than one catalog locus and were excluded.
    0 loci contained SNPs unaccounted for in the catalog and were excluded.
    0 loci had no verified haplotypes.
    0 loci had inconsistent alignments to a catalog locus and were excluded.
Outputing to file ./stacks/GAGTGG_GGGCGAGTAATGCAGG.matches.tsv

Processing sample './stacks/GAGTGG_GGGCTAACGATGCAGG' [58 of 181]
  Parsing ./stacks/GAGTGG_GGGCTAACGATGCAGG.tags.tsv
  Parsing ./stacks/GAGTGG_GGGCTAACGATGCAGG.snps.tsv
  Parsing ./stacks/GAGTGG_GGGCTAACGATGCAGG.alleles.tsv
Searching for sequence matches...
1499 sample loci compared against the catalog containing 95118 loci.
  797 matching loci, 1 contained no verified haplotypes.
  0 loci matched more than one catalog locus and were excluded.
  1 loci contained SNPs unaccounted for in the catalog and were excluded.
  814 total haplotypes examined from matching loci, 813 verified.
Searching for gapped alignments...
Out of 1499 query loci, 703 gapped alignments attempted.
  665 loci matched one catalog locus; 721 total haplotypes examined, 682 verified.
  38 loci matched no catalog locus;
    21 loci matched more than one catalog locus and were excluded.
    1 loci contained SNPs unaccounted for in the catalog and were excluded.
    0 loci had no verified haplotypes.
    0 loci had inconsistent alignments to a catalog locus and were excluded.
Outputing to file ./stacks/GAGTGG_GGGCTAACGATGCAGG.matches.tsv

Processing sample './stacks/GAGTGG_GGGCTCGGTATGCAGG' [59 of 181]
  Parsing ./stacks/GAGTGG_GGGCTCGGTATGCAGG.tags.tsv
  Parsing ./stacks/GAGTGG_GGGCTCGGTATGCAGG.snps.tsv
  Parsing ./stacks/GAGTGG_GGGCTCGGTATGCAGG.alleles.tsv
Searching for sequence matches...
1574 sample loci compared against the catalog containing 95118 loci.
  1066 matching loci, 0 contained no verified haplotypes.
  0 loci matched more than one catalog locus and were excluded.
  0 loci contained SNPs unaccounted for in the catalog and were excluded.
  1084 total haplotypes examined from matching loci, 1084 verified.
Searching for gapped alignments...
Out of 1574 query loci, 508 gapped alignments attempted.
  472 loci matched one catalog locus; 518 total haplotypes examined, 480 verified.
  36 loci matched no catalog locus;
    26 loci matched more than one catalog locus and were excluded.
    0 loci contained SNPs unaccounted for in the catalog and were excluded.
    0 loci had no verified haplotypes.
    0 loci had inconsistent alignments to a catalog locus and were excluded.
Outputing to file ./stacks/GAGTGG_GGGCTCGGTATGCAGG.matches.tsv

Processing sample './stacks/GAGTGG_GGGGAGAACATGCAGG' [60 of 181]
  Parsing ./stacks/GAGTGG_GGGGAGAACATGCAGG.tags.tsv
  Parsing ./stacks/GAGTGG_GGGGAGAACATGCAGG.snps.tsv
  Parsing ./stacks/GAGTGG_GGGGAGAACATGCAGG.alleles.tsv
Searching for sequence matches...
1535 sample loci compared against the catalog containing 95118 loci.
  829 matching loci, 0 contained no verified haplotypes.
  0 loci matched more than one catalog locus and were excluded.
  0 loci contained SNPs unaccounted for in the catalog and were excluded.
  852 total haplotypes examined from matching loci, 852 verified.
Searching for gapped alignments...
Out of 1535 query loci, 706 gapped alignments attempted.
  666 loci matched one catalog locus; 723 total haplotypes examined, 681 verified.
  40 loci matched no catalog locus;
    32 loci matched more than one catalog locus and were excluded.
    0 loci contained SNPs unaccounted for in the catalog and were excluded.
    0 loci had no verified haplotypes.
    0 loci had inconsistent alignments to a catalog locus and were excluded.
Outputing to file ./stacks/GAGTGG_GGGGAGAACATGCAGG.matches.tsv

Processing sample './stacks/GAGTGG_GGGGTGCGAATGCAGG' [61 of 181]
  Parsing ./stacks/GAGTGG_GGGGTGCGAATGCAGG.tags.tsv
  Parsing ./stacks/GAGTGG_GGGGTGCGAATGCAGG.snps.tsv
  Parsing ./stacks/GAGTGG_GGGGTGCGAATGCAGG.alleles.tsv
Searching for sequence matches...
1663 sample loci compared against the catalog containing 95118 loci.
  1280 matching loci, 1 contained no verified haplotypes.
  0 loci matched more than one catalog locus and were excluded.
  1 loci contained SNPs unaccounted for in the catalog and were excluded.
  1298 total haplotypes examined from matching loci, 1296 verified.
Searching for gapped alignments...
Out of 1663 query loci, 384 gapped alignments attempted.
  361 loci matched one catalog locus; 390 total haplotypes examined, 365 verified.
  23 loci matched no catalog locus;
    16 loci matched more than one catalog locus and were excluded.
    1 loci contained SNPs unaccounted for in the catalog and were excluded.
    0 loci had no verified haplotypes.
    0 loci had inconsistent alignments to a catalog locus and were excluded.
Outputing to file ./stacks/GAGTGG_GGGGTGCGAATGCAGG.matches.tsv

Processing sample './stacks/GAGTGG_GGGTACGCAATGCAGG' [62 of 181]
  Parsing ./stacks/GAGTGG_GGGTACGCAATGCAGG.tags.tsv
  Parsing ./stacks/GAGTGG_GGGTACGCAATGCAGG.snps.tsv
  Parsing ./stacks/GAGTGG_GGGTACGCAATGCAGG.alleles.tsv
Searching for sequence matches...
1526 sample loci compared against the catalog containing 95118 loci.
  799 matching loci, 0 contained no verified haplotypes.
  0 loci matched more than one catalog locus and were excluded.
  0 loci contained SNPs unaccounted for in the catalog and were excluded.
  811 total haplotypes examined from matching loci, 811 verified.
Searching for gapped alignments...
Out of 1526 query loci, 727 gapped alignments attempted.
  684 loci matched one catalog locus; 737 total haplotypes examined, 694 verified.
  43 loci matched no catalog locus;
    32 loci matched more than one catalog locus and were excluded.
    0 loci contained SNPs unaccounted for in the catalog and were excluded.
    0 loci had no verified haplotypes.
    0 loci had inconsistent alignments to a catalog locus and were excluded.
Outputing to file ./stacks/GAGTGG_GGGTACGCAATGCAGG.matches.tsv

Processing sample './stacks/GAGTGG_GGGTCGTAGATGCAGG' [63 of 181]
  Parsing ./stacks/GAGTGG_GGGTCGTAGATGCAGG.tags.tsv
  Parsing ./stacks/GAGTGG_GGGTCGTAGATGCAGG.snps.tsv
  Parsing ./stacks/GAGTGG_GGGTCGTAGATGCAGG.alleles.tsv
Searching for sequence matches...
1518 sample loci compared against the catalog containing 95118 loci.
  805 matching loci, 1 contained no verified haplotypes.
  0 loci matched more than one catalog locus and were excluded.
  1 loci contained SNPs unaccounted for in the catalog and were excluded.
  833 total haplotypes examined from matching loci, 832 verified.
Searching for gapped alignments...
Out of 1518 query loci, 714 gapped alignments attempted.
  682 loci matched one catalog locus; 736 total haplotypes examined, 701 verified.
  32 loci matched no catalog locus;
    19 loci matched more than one catalog locus and were excluded.
    0 loci contained SNPs unaccounted for in the catalog and were excluded.
    0 loci had no verified haplotypes.
    0 loci had inconsistent alignments to a catalog locus and were excluded.
Outputing to file ./stacks/GAGTGG_GGGTCGTAGATGCAGG.matches.tsv

Processing sample './stacks/GAGTGG_GGGTGTTCTATGCAGG' [64 of 181]
  Parsing ./stacks/GAGTGG_GGGTGTTCTATGCAGG.tags.tsv
  Parsing ./stacks/GAGTGG_GGGTGTTCTATGCAGG.snps.tsv
  Parsing ./stacks/GAGTGG_GGGTGTTCTATGCAGG.alleles.tsv
Searching for sequence matches...
1698 sample loci compared against the catalog containing 95118 loci.
  1212 matching loci, 0 contained no verified haplotypes.
  0 loci matched more than one catalog locus and were excluded.
  0 loci contained SNPs unaccounted for in the catalog and were excluded.
  1238 total haplotypes examined from matching loci, 1238 verified.
Searching for gapped alignments...
Out of 1698 query loci, 486 gapped alignments attempted.
  467 loci matched one catalog locus; 492 total haplotypes examined, 473 verified.
  19 loci matched no catalog locus;
    14 loci matched more than one catalog locus and were excluded.
    0 loci contained SNPs unaccounted for in the catalog and were excluded.
    0 loci had no verified haplotypes.
    0 loci had inconsistent alignments to a catalog locus and were excluded.
Outputing to file ./stacks/GAGTGG_GGGTGTTCTATGCAGG.matches.tsv

Processing sample './stacks/GAGTGG_GGTAGGATGATGCAGG' [65 of 181]
  Parsing ./stacks/GAGTGG_GGTAGGATGATGCAGG.tags.tsv
  Parsing ./stacks/GAGTGG_GGTAGGATGATGCAGG.snps.tsv
  Parsing ./stacks/GAGTGG_GGTAGGATGATGCAGG.alleles.tsv
Searching for sequence matches...
1591 sample loci compared against the catalog containing 95118 loci.
  867 matching loci, 0 contained no verified haplotypes.
  0 loci matched more than one catalog locus and were excluded.
  0 loci contained SNPs unaccounted for in the catalog and were excluded.
  889 total haplotypes examined from matching loci, 889 verified.
Searching for gapped alignments...
Out of 1591 query loci, 724 gapped alignments attempted.
  698 loci matched one catalog locus; 741 total haplotypes examined, 715 verified.
  26 loci matched no catalog locus;
    16 loci matched more than one catalog locus and were excluded.
    0 loci contained SNPs unaccounted for in the catalog and were excluded.
    0 loci had no verified haplotypes.
    0 loci had inconsistent alignments to a catalog locus and were excluded.
Outputing to file ./stacks/GAGTGG_GGTAGGATGATGCAGG.matches.tsv

Processing sample './stacks/GAGTGG_GGTATCAGCATGCAGG' [66 of 181]
  Parsing ./stacks/GAGTGG_GGTATCAGCATGCAGG.tags.tsv
  Parsing ./stacks/GAGTGG_GGTATCAGCATGCAGG.snps.tsv
  Parsing ./stacks/GAGTGG_GGTATCAGCATGCAGG.alleles.tsv
Searching for sequence matches...
1397 sample loci compared against the catalog containing 95118 loci.
  775 matching loci, 1 contained no verified haplotypes.
  0 loci matched more than one catalog locus and were excluded.
  1 loci contained SNPs unaccounted for in the catalog and were excluded.
  781 total haplotypes examined from matching loci, 780 verified.
Searching for gapped alignments...
Out of 1397 query loci, 623 gapped alignments attempted.
  569 loci matched one catalog locus; 641 total haplotypes examined, 584 verified.
  54 loci matched no catalog locus;
    29 loci matched more than one catalog locus and were excluded.
    0 loci contained SNPs unaccounted for in the catalog and were excluded.
    0 loci had no verified haplotypes.
    0 loci had inconsistent alignments to a catalog locus and were excluded.
Outputing to file ./stacks/GAGTGG_GGTATCAGCATGCAGG.matches.tsv

Processing sample './stacks/GAGTGG_GGTCCGTCTATGCAGG' [67 of 181]
  Parsing ./stacks/GAGTGG_GGTCCGTCTATGCAGG.tags.tsv
  Parsing ./stacks/GAGTGG_GGTCCGTCTATGCAGG.snps.tsv
  Parsing ./stacks/GAGTGG_GGTCCGTCTATGCAGG.alleles.tsv
Searching for sequence matches...
1534 sample loci compared against the catalog containing 95118 loci.
  969 matching loci, 1 contained no verified haplotypes.
  0 loci matched more than one catalog locus and were excluded.
  1 loci contained SNPs unaccounted for in the catalog and were excluded.
  991 total haplotypes examined from matching loci, 990 verified.
Searching for gapped alignments...
Out of 1534 query loci, 566 gapped alignments attempted.
  540 loci matched one catalog locus; 578 total haplotypes examined, 550 verified.
  26 loci matched no catalog locus;
    15 loci matched more than one catalog locus and were excluded.
    1 loci contained SNPs unaccounted for in the catalog and were excluded.
    0 loci had no verified haplotypes.
    0 loci had inconsistent alignments to a catalog locus and were excluded.
Outputing to file ./stacks/GAGTGG_GGTCCGTCTATGCAGG.matches.tsv

Processing sample './stacks/GAGTGG_GGTCTTCACATGCAGG' [68 of 181]
  Parsing ./stacks/GAGTGG_GGTCTTCACATGCAGG.tags.tsv
  Parsing ./stacks/GAGTGG_GGTCTTCACATGCAGG.snps.tsv
  Parsing ./stacks/GAGTGG_GGTCTTCACATGCAGG.alleles.tsv
Searching for sequence matches...
1486 sample loci compared against the catalog containing 95118 loci.
  871 matching loci, 0 contained no verified haplotypes.
  0 loci matched more than one catalog locus and were excluded.
  0 loci contained SNPs unaccounted for in the catalog and were excluded.
  887 total haplotypes examined from matching loci, 887 verified.
Searching for gapped alignments...
Out of 1486 query loci, 615 gapped alignments attempted.
  584 loci matched one catalog locus; 631 total haplotypes examined, 599 verified.
  31 loci matched no catalog locus;
    19 loci matched more than one catalog locus and were excluded.
    0 loci contained SNPs unaccounted for in the catalog and were excluded.
    0 loci had no verified haplotypes.
    0 loci had inconsistent alignments to a catalog locus and were excluded.
Outputing to file ./stacks/GAGTGG_GGTCTTCACATGCAGG.matches.tsv

Processing sample './stacks/GAGTGG_GGTGAAGAGATGCAGG' [69 of 181]
  Parsing ./stacks/GAGTGG_GGTGAAGAGATGCAGG.tags.tsv
  Parsing ./stacks/GAGTGG_GGTGAAGAGATGCAGG.snps.tsv
  Parsing ./stacks/GAGTGG_GGTGAAGAGATGCAGG.alleles.tsv
Searching for sequence matches...
1564 sample loci compared against the catalog containing 95118 loci.
  924 matching loci, 2 contained no verified haplotypes.
  0 loci matched more than one catalog locus and were excluded.
  2 loci contained SNPs unaccounted for in the catalog and were excluded.
  942 total haplotypes examined from matching loci, 940 verified.
Searching for gapped alignments...
Out of 1564 query loci, 642 gapped alignments attempted.
  602 loci matched one catalog locus; 664 total haplotypes examined, 619 verified.
  40 loci matched no catalog locus;
    21 loci matched more than one catalog locus and were excluded.
    0 loci contained SNPs unaccounted for in the catalog and were excluded.
    0 loci had no verified haplotypes.
    0 loci had inconsistent alignments to a catalog locus and were excluded.
Outputing to file ./stacks/GAGTGG_GGTGAAGAGATGCAGG.matches.tsv

Processing sample './stacks/GAGTGG_GGTGGAACAATGCAGG' [70 of 181]
  Parsing ./stacks/GAGTGG_GGTGGAACAATGCAGG.tags.tsv
  Parsing ./stacks/GAGTGG_GGTGGAACAATGCAGG.snps.tsv
  Parsing ./stacks/GAGTGG_GGTGGAACAATGCAGG.alleles.tsv
Searching for sequence matches...
1569 sample loci compared against the catalog containing 95118 loci.
  975 matching loci, 0 contained no verified haplotypes.
  0 loci matched more than one catalog locus and were excluded.
  0 loci contained SNPs unaccounted for in the catalog and were excluded.
  998 total haplotypes examined from matching loci, 998 verified.
Searching for gapped alignments...
Out of 1569 query loci, 594 gapped alignments attempted.
  553 loci matched one catalog locus; 603 total haplotypes examined, 562 verified.
  41 loci matched no catalog locus;
    22 loci matched more than one catalog locus and were excluded.
    0 loci contained SNPs unaccounted for in the catalog and were excluded.
    0 loci had no verified haplotypes.
    0 loci had inconsistent alignments to a catalog locus and were excluded.
Outputing to file ./stacks/GAGTGG_GGTGGAACAATGCAGG.matches.tsv

Processing sample './stacks/GAGTGG_GGTGGCTTCATGCAGG' [71 of 181]
  Parsing ./stacks/GAGTGG_GGTGGCTTCATGCAGG.tags.tsv
  Parsing ./stacks/GAGTGG_GGTGGCTTCATGCAGG.snps.tsv
  Parsing ./stacks/GAGTGG_GGTGGCTTCATGCAGG.alleles.tsv
Searching for sequence matches...
1575 sample loci compared against the catalog containing 95118 loci.
  873 matching loci, 0 contained no verified haplotypes.
  0 loci matched more than one catalog locus and were excluded.
  0 loci contained SNPs unaccounted for in the catalog and were excluded.
  891 total haplotypes examined from matching loci, 891 verified.
Searching for gapped alignments...
Out of 1575 query loci, 702 gapped alignments attempted.
  671 loci matched one catalog locus; 720 total haplotypes examined, 689 verified.
  31 loci matched no catalog locus;
    12 loci matched more than one catalog locus and were excluded.
    0 loci contained SNPs unaccounted for in the catalog and were excluded.
    0 loci had no verified haplotypes.
    0 loci had inconsistent alignments to a catalog locus and were excluded.
Outputing to file ./stacks/GAGTGG_GGTGGCTTCATGCAGG.matches.tsv

Processing sample './stacks/GAGTGG_GGTGGTGGTATGCAGG' [72 of 181]
  Parsing ./stacks/GAGTGG_GGTGGTGGTATGCAGG.tags.tsv
  Parsing ./stacks/GAGTGG_GGTGGTGGTATGCAGG.snps.tsv
  Parsing ./stacks/GAGTGG_GGTGGTGGTATGCAGG.alleles.tsv
Searching for sequence matches...
1257 sample loci compared against the catalog containing 95118 loci.
  702 matching loci, 0 contained no verified haplotypes.
  0 loci matched more than one catalog locus and were excluded.
  0 loci contained SNPs unaccounted for in the catalog and were excluded.
  709 total haplotypes examined from matching loci, 709 verified.
Searching for gapped alignments...
Out of 1257 query loci, 555 gapped alignments attempted.
  521 loci matched one catalog locus; 577 total haplotypes examined, 540 verified.
  34 loci matched no catalog locus;
    18 loci matched more than one catalog locus and were excluded.
    0 loci contained SNPs unaccounted for in the catalog and were excluded.
    0 loci had no verified haplotypes.
    0 loci had inconsistent alignments to a catalog locus and were excluded.
Outputing to file ./stacks/GAGTGG_GGTGGTGGTATGCAGG.matches.tsv

Processing sample './stacks/GAGTGG_GGTTCACGCATGCAGG' [73 of 181]
  Parsing ./stacks/GAGTGG_GGTTCACGCATGCAGG.tags.tsv
  Parsing ./stacks/GAGTGG_GGTTCACGCATGCAGG.snps.tsv
  Parsing ./stacks/GAGTGG_GGTTCACGCATGCAGG.alleles.tsv
Searching for sequence matches...
1533 sample loci compared against the catalog containing 95118 loci.
  817 matching loci, 0 contained no verified haplotypes.
  0 loci matched more than one catalog locus and were excluded.
  0 loci contained SNPs unaccounted for in the catalog and were excluded.
  831 total haplotypes examined from matching loci, 831 verified.
Searching for gapped alignments...
Out of 1533 query loci, 716 gapped alignments attempted.
  680 loci matched one catalog locus; 733 total haplotypes examined, 697 verified.
  36 loci matched no catalog locus;
    15 loci matched more than one catalog locus and were excluded.
    0 loci contained SNPs unaccounted for in the catalog and were excluded.
    0 loci had no verified haplotypes.
    0 loci had inconsistent alignments to a catalog locus and were excluded.
Outputing to file ./stacks/GAGTGG_GGTTCACGCATGCAGG.matches.tsv

Processing sample './stacks/CGTACG_GGAATGTTGCTGCAGG' [74 of 181]
  Parsing ./stacks/CGTACG_GGAATGTTGCTGCAGG.tags.tsv
  Parsing ./stacks/CGTACG_GGAATGTTGCTGCAGG.snps.tsv
  Parsing ./stacks/CGTACG_GGAATGTTGCTGCAGG.alleles.tsv
Searching for sequence matches...
1375 sample loci compared against the catalog containing 95118 loci.
  1054 matching loci, 0 contained no verified haplotypes.
  0 loci matched more than one catalog locus and were excluded.
  0 loci contained SNPs unaccounted for in the catalog and were excluded.
  1076 total haplotypes examined from matching loci, 1076 verified.
Searching for gapped alignments...
Out of 1375 query loci, 321 gapped alignments attempted.
  287 loci matched one catalog locus; 324 total haplotypes examined, 290 verified.
  34 loci matched no catalog locus;
    31 loci matched more than one catalog locus and were excluded.
    0 loci contained SNPs unaccounted for in the catalog and were excluded.
    0 loci had no verified haplotypes.
    0 loci had inconsistent alignments to a catalog locus and were excluded.
Outputing to file ./stacks/CGTACG_GGAATGTTGCTGCAGG.matches.tsv

Processing sample './stacks/CGTACG_GGACACGAGATGCAGG' [75 of 181]
  Parsing ./stacks/CGTACG_GGACACGAGATGCAGG.tags.tsv
  Parsing ./stacks/CGTACG_GGACACGAGATGCAGG.snps.tsv
  Parsing ./stacks/CGTACG_GGACACGAGATGCAGG.alleles.tsv
Searching for sequence matches...
1585 sample loci compared against the catalog containing 95118 loci.
  1112 matching loci, 0 contained no verified haplotypes.
  0 loci matched more than one catalog locus and were excluded.
  0 loci contained SNPs unaccounted for in the catalog and were excluded.
  1135 total haplotypes examined from matching loci, 1135 verified.
Searching for gapped alignments...
Out of 1585 query loci, 473 gapped alignments attempted.
  452 loci matched one catalog locus; 481 total haplotypes examined, 460 verified.
  21 loci matched no catalog locus;
    12 loci matched more than one catalog locus and were excluded.
    0 loci contained SNPs unaccounted for in the catalog and were excluded.
    0 loci had no verified haplotypes.
    0 loci had inconsistent alignments to a catalog locus and were excluded.
Outputing to file ./stacks/CGTACG_GGACACGAGATGCAGG.matches.tsv

Processing sample './stacks/CGTACG_GGACAGATTCTGCAGG' [76 of 181]
  Parsing ./stacks/CGTACG_GGACAGATTCTGCAGG.tags.tsv
  Parsing ./stacks/CGTACG_GGACAGATTCTGCAGG.snps.tsv
  Parsing ./stacks/CGTACG_GGACAGATTCTGCAGG.alleles.tsv
Searching for sequence matches...
1728 sample loci compared against the catalog containing 95118 loci.
  1221 matching loci, 0 contained no verified haplotypes.
  0 loci matched more than one catalog locus and were excluded.
  0 loci contained SNPs unaccounted for in the catalog and were excluded.
  1229 total haplotypes examined from matching loci, 1229 verified.
Searching for gapped alignments...
Out of 1728 query loci, 507 gapped alignments attempted.
  486 loci matched one catalog locus; 513 total haplotypes examined, 492 verified.
  21 loci matched no catalog locus;
    15 loci matched more than one catalog locus and were excluded.
    0 loci contained SNPs unaccounted for in the catalog and were excluded.
    0 loci had no verified haplotypes.
    0 loci had inconsistent alignments to a catalog locus and were excluded.
Outputing to file ./stacks/CGTACG_GGACAGATTCTGCAGG.matches.tsv

Processing sample './stacks/CGTACG_GGAGTCAAGCTGCAGG' [77 of 181]
  Parsing ./stacks/CGTACG_GGAGTCAAGCTGCAGG.tags.tsv
  Parsing ./stacks/CGTACG_GGAGTCAAGCTGCAGG.snps.tsv
  Parsing ./stacks/CGTACG_GGAGTCAAGCTGCAGG.alleles.tsv
Searching for sequence matches...
1288 sample loci compared against the catalog containing 95118 loci.
  931 matching loci, 0 contained no verified haplotypes.
  0 loci matched more than one catalog locus and were excluded.
  0 loci contained SNPs unaccounted for in the catalog and were excluded.
  946 total haplotypes examined from matching loci, 946 verified.
Searching for gapped alignments...
Out of 1288 query loci, 357 gapped alignments attempted.
  324 loci matched one catalog locus; 363 total haplotypes examined, 328 verified.
  33 loci matched no catalog locus;
    24 loci matched more than one catalog locus and were excluded.
    0 loci contained SNPs unaccounted for in the catalog and were excluded.
    0 loci had no verified haplotypes.
    0 loci had inconsistent alignments to a catalog locus and were excluded.
Outputing to file ./stacks/CGTACG_GGAGTCAAGCTGCAGG.matches.tsv

Processing sample './stacks/CGTACG_GGATAGCGACTGCAGG' [78 of 181]
  Parsing ./stacks/CGTACG_GGATAGCGACTGCAGG.tags.tsv
  Parsing ./stacks/CGTACG_GGATAGCGACTGCAGG.snps.tsv
  Parsing ./stacks/CGTACG_GGATAGCGACTGCAGG.alleles.tsv
Searching for sequence matches...
1122 sample loci compared against the catalog containing 95118 loci.
  664 matching loci, 0 contained no verified haplotypes.
  0 loci matched more than one catalog locus and were excluded.
  0 loci contained SNPs unaccounted for in the catalog and were excluded.
  681 total haplotypes examined from matching loci, 681 verified.
Searching for gapped alignments...
Out of 1122 query loci, 458 gapped alignments attempted.
  426 loci matched one catalog locus; 463 total haplotypes examined, 430 verified.
  32 loci matched no catalog locus;
    26 loci matched more than one catalog locus and were excluded.
    0 loci contained SNPs unaccounted for in the catalog and were excluded.
    0 loci had no verified haplotypes.
    0 loci had inconsistent alignments to a catalog locus and were excluded.
Outputing to file ./stacks/CGTACG_GGATAGCGACTGCAGG.matches.tsv

Processing sample './stacks/CGTACG_GGCTGGCATATGCAGG' [79 of 181]
  Parsing ./stacks/CGTACG_GGCTGGCATATGCAGG.tags.tsv
  Parsing ./stacks/CGTACG_GGCTGGCATATGCAGG.snps.tsv
  Parsing ./stacks/CGTACG_GGCTGGCATATGCAGG.alleles.tsv
Searching for sequence matches...
1367 sample loci compared against the catalog containing 95118 loci.
  946 matching loci, 0 contained no verified haplotypes.
  0 loci matched more than one catalog locus and were excluded.
  0 loci contained SNPs unaccounted for in the catalog and were excluded.
  956 total haplotypes examined from matching loci, 956 verified.
Searching for gapped alignments...
Out of 1367 query loci, 421 gapped alignments attempted.
  375 loci matched one catalog locus; 428 total haplotypes examined, 382 verified.
  46 loci matched no catalog locus;
    39 loci matched more than one catalog locus and were excluded.
    0 loci contained SNPs unaccounted for in the catalog and were excluded.
    0 loci had no verified haplotypes.
    0 loci had inconsistent alignments to a catalog locus and were excluded.
Outputing to file ./stacks/CGTACG_GGCTGGCATATGCAGG.matches.tsv

Processing sample './stacks/CGTACG_GGGAACAGGCTGCAGG' [80 of 181]
  Parsing ./stacks/CGTACG_GGGAACAGGCTGCAGG.tags.tsv
  Parsing ./stacks/CGTACG_GGGAACAGGCTGCAGG.snps.tsv
  Parsing ./stacks/CGTACG_GGGAACAGGCTGCAGG.alleles.tsv
Searching for sequence matches...
1794 sample loci compared against the catalog containing 95118 loci.
  1547 matching loci, 0 contained no verified haplotypes.
  0 loci matched more than one catalog locus and were excluded.
  0 loci contained SNPs unaccounted for in the catalog and were excluded.
  1565 total haplotypes examined from matching loci, 1565 verified.
Searching for gapped alignments...
Out of 1794 query loci, 247 gapped alignments attempted.
  236 loci matched one catalog locus; 248 total haplotypes examined, 237 verified.
  11 loci matched no catalog locus;
    11 loci matched more than one catalog locus and were excluded.
    0 loci contained SNPs unaccounted for in the catalog and were excluded.
    0 loci had no verified haplotypes.
    0 loci had inconsistent alignments to a catalog locus and were excluded.
Outputing to file ./stacks/CGTACG_GGGAACAGGCTGCAGG.matches.tsv

Processing sample './stacks/CGTACG_GGGAATCTGATGCAGG' [81 of 181]
  Parsing ./stacks/CGTACG_GGGAATCTGATGCAGG.tags.tsv
  Parsing ./stacks/CGTACG_GGGAATCTGATGCAGG.snps.tsv
  Parsing ./stacks/CGTACG_GGGAATCTGATGCAGG.alleles.tsv
Searching for sequence matches...
1174 sample loci compared against the catalog containing 95118 loci.
  681 matching loci, 0 contained no verified haplotypes.
  0 loci matched more than one catalog locus and were excluded.
  0 loci contained SNPs unaccounted for in the catalog and were excluded.
  687 total haplotypes examined from matching loci, 687 verified.
Searching for gapped alignments...
Out of 1174 query loci, 493 gapped alignments attempted.
  457 loci matched one catalog locus; 502 total haplotypes examined, 466 verified.
  36 loci matched no catalog locus;
    34 loci matched more than one catalog locus and were excluded.
    0 loci contained SNPs unaccounted for in the catalog and were excluded.
    0 loci had no verified haplotypes.
    0 loci had inconsistent alignments to a catalog locus and were excluded.
Outputing to file ./stacks/CGTACG_GGGAATCTGATGCAGG.matches.tsv

Processing sample './stacks/CGTACG_GGGAGCTGAATGCAGG' [82 of 181]
  Parsing ./stacks/CGTACG_GGGAGCTGAATGCAGG.tags.tsv
  Parsing ./stacks/CGTACG_GGGAGCTGAATGCAGG.snps.tsv
  Parsing ./stacks/CGTACG_GGGAGCTGAATGCAGG.alleles.tsv
Searching for sequence matches...
1085 sample loci compared against the catalog containing 95118 loci.
  682 matching loci, 0 contained no verified haplotypes.
  0 loci matched more than one catalog locus and were excluded.
  0 loci contained SNPs unaccounted for in the catalog and were excluded.
  688 total haplotypes examined from matching loci, 688 verified.
Searching for gapped alignments...
Out of 1085 query loci, 403 gapped alignments attempted.
  354 loci matched one catalog locus; 408 total haplotypes examined, 359 verified.
  49 loci matched no catalog locus;
    40 loci matched more than one catalog locus and were excluded.
    0 loci contained SNPs unaccounted for in the catalog and were excluded.
    0 loci had no verified haplotypes.
    0 loci had inconsistent alignments to a catalog locus and were excluded.
Outputing to file ./stacks/CGTACG_GGGAGCTGAATGCAGG.matches.tsv

Processing sample './stacks/CGTACG_GGGCCAAGACTGCAGG' [83 of 181]
  Parsing ./stacks/CGTACG_GGGCCAAGACTGCAGG.tags.tsv
  Parsing ./stacks/CGTACG_GGGCCAAGACTGCAGG.snps.tsv
  Parsing ./stacks/CGTACG_GGGCCAAGACTGCAGG.alleles.tsv
Searching for sequence matches...
1512 sample loci compared against the catalog containing 95118 loci.
  1181 matching loci, 0 contained no verified haplotypes.
  0 loci matched more than one catalog locus and were excluded.
  0 loci contained SNPs unaccounted for in the catalog and were excluded.
  1215 total haplotypes examined from matching loci, 1215 verified.
Searching for gapped alignments...
Out of 1512 query loci, 331 gapped alignments attempted.
  309 loci matched one catalog locus; 336 total haplotypes examined, 314 verified.
  22 loci matched no catalog locus;
    20 loci matched more than one catalog locus and were excluded.
    0 loci contained SNPs unaccounted for in the catalog and were excluded.
    0 loci had no verified haplotypes.
    0 loci had inconsistent alignments to a catalog locus and were excluded.
Outputing to file ./stacks/CGTACG_GGGCCAAGACTGCAGG.matches.tsv

Processing sample './stacks/CGTACG_GGGCCACATATGCAGG' [84 of 181]
  Parsing ./stacks/CGTACG_GGGCCACATATGCAGG.tags.tsv
  Parsing ./stacks/CGTACG_GGGCCACATATGCAGG.snps.tsv
  Parsing ./stacks/CGTACG_GGGCCACATATGCAGG.alleles.tsv
Searching for sequence matches...
1207 sample loci compared against the catalog containing 95118 loci.
  776 matching loci, 0 contained no verified haplotypes.
  0 loci matched more than one catalog locus and were excluded.
  0 loci contained SNPs unaccounted for in the catalog and were excluded.
  784 total haplotypes examined from matching loci, 784 verified.
Searching for gapped alignments...
Out of 1207 query loci, 431 gapped alignments attempted.
  400 loci matched one catalog locus; 441 total haplotypes examined, 409 verified.
  31 loci matched no catalog locus;
    24 loci matched more than one catalog locus and were excluded.
    0 loci contained SNPs unaccounted for in the catalog and were excluded.
    0 loci had no verified haplotypes.
    0 loci had inconsistent alignments to a catalog locus and were excluded.
Outputing to file ./stacks/CGTACG_GGGCCACATATGCAGG.matches.tsv

Processing sample './stacks/CGTACG_GGGCGAGTAATGCAGG' [85 of 181]
  Parsing ./stacks/CGTACG_GGGCGAGTAATGCAGG.tags.tsv
  Parsing ./stacks/CGTACG_GGGCGAGTAATGCAGG.snps.tsv
  Parsing ./stacks/CGTACG_GGGCGAGTAATGCAGG.alleles.tsv
Searching for sequence matches...
1376 sample loci compared against the catalog containing 95118 loci.
  1014 matching loci, 0 contained no verified haplotypes.
  0 loci matched more than one catalog locus and were excluded.
  0 loci contained SNPs unaccounted for in the catalog and were excluded.
  1023 total haplotypes examined from matching loci, 1023 verified.
Searching for gapped alignments...
Out of 1376 query loci, 362 gapped alignments attempted.
  320 loci matched one catalog locus; 365 total haplotypes examined, 323 verified.
  42 loci matched no catalog locus;
    30 loci matched more than one catalog locus and were excluded.
    0 loci contained SNPs unaccounted for in the catalog and were excluded.
    0 loci had no verified haplotypes.
    0 loci had inconsistent alignments to a catalog locus and were excluded.
Outputing to file ./stacks/CGTACG_GGGCGAGTAATGCAGG.matches.tsv

Processing sample './stacks/CGTACG_GGGGTGCGAATGCAGG' [86 of 181]
  Parsing ./stacks/CGTACG_GGGGTGCGAATGCAGG.tags.tsv
  Parsing ./stacks/CGTACG_GGGGTGCGAATGCAGG.snps.tsv
  Parsing ./stacks/CGTACG_GGGGTGCGAATGCAGG.alleles.tsv
Searching for sequence matches...
1020 sample loci compared against the catalog containing 95118 loci.
  744 matching loci, 0 contained no verified haplotypes.
  0 loci matched more than one catalog locus and were excluded.
  0 loci contained SNPs unaccounted for in the catalog and were excluded.
  756 total haplotypes examined from matching loci, 756 verified.
Searching for gapped alignments...
Out of 1020 query loci, 276 gapped alignments attempted.
  250 loci matched one catalog locus; 277 total haplotypes examined, 251 verified.
  26 loci matched no catalog locus;
    23 loci matched more than one catalog locus and were excluded.
    0 loci contained SNPs unaccounted for in the catalog and were excluded.
    0 loci had no verified haplotypes.
    0 loci had inconsistent alignments to a catalog locus and were excluded.
Outputing to file ./stacks/CGTACG_GGGGTGCGAATGCAGG.matches.tsv

Processing sample './stacks/CGTACG_GGTATCAGCATGCAGG' [87 of 181]
  Parsing ./stacks/CGTACG_GGTATCAGCATGCAGG.tags.tsv
  Parsing ./stacks/CGTACG_GGTATCAGCATGCAGG.snps.tsv
  Parsing ./stacks/CGTACG_GGTATCAGCATGCAGG.alleles.tsv
Searching for sequence matches...
1237 sample loci compared against the catalog containing 95118 loci.
  700 matching loci, 1 contained no verified haplotypes.
  0 loci matched more than one catalog locus and were excluded.
  1 loci contained SNPs unaccounted for in the catalog and were excluded.
  708 total haplotypes examined from matching loci, 707 verified.
Searching for gapped alignments...
Out of 1237 query loci, 538 gapped alignments attempted.
  505 loci matched one catalog locus; 545 total haplotypes examined, 510 verified.
  33 loci matched no catalog locus;
    24 loci matched more than one catalog locus and were excluded.
    1 loci contained SNPs unaccounted for in the catalog and were excluded.
    0 loci had no verified haplotypes.
    0 loci had inconsistent alignments to a catalog locus and were excluded.
Outputing to file ./stacks/CGTACG_GGTATCAGCATGCAGG.matches.tsv

Processing sample './stacks/CGTACG_GGTCCGTCTATGCAGG' [88 of 181]
  Parsing ./stacks/CGTACG_GGTCCGTCTATGCAGG.tags.tsv
  Parsing ./stacks/CGTACG_GGTCCGTCTATGCAGG.snps.tsv
  Parsing ./stacks/CGTACG_GGTCCGTCTATGCAGG.alleles.tsv
Searching for sequence matches...
1096 sample loci compared against the catalog containing 95118 loci.
  761 matching loci, 0 contained no verified haplotypes.
  0 loci matched more than one catalog locus and were excluded.
  0 loci contained SNPs unaccounted for in the catalog and were excluded.
  778 total haplotypes examined from matching loci, 778 verified.
Searching for gapped alignments...
Out of 1096 query loci, 335 gapped alignments attempted.
  317 loci matched one catalog locus; 347 total haplotypes examined, 328 verified.
  18 loci matched no catalog locus;
    14 loci matched more than one catalog locus and were excluded.
    0 loci contained SNPs unaccounted for in the catalog and were excluded.
    0 loci had no verified haplotypes.
    0 loci had inconsistent alignments to a catalog locus and were excluded.
Outputing to file ./stacks/CGTACG_GGTCCGTCTATGCAGG.matches.tsv

Processing sample './stacks/CGTACG_GGTCTTCACATGCAGG' [89 of 181]
  Parsing ./stacks/CGTACG_GGTCTTCACATGCAGG.tags.tsv
  Parsing ./stacks/CGTACG_GGTCTTCACATGCAGG.snps.tsv
  Parsing ./stacks/CGTACG_GGTCTTCACATGCAGG.alleles.tsv
Searching for sequence matches...
943 sample loci compared against the catalog containing 95118 loci.
  618 matching loci, 0 contained no verified haplotypes.
  0 loci matched more than one catalog locus and were excluded.
  0 loci contained SNPs unaccounted for in the catalog and were excluded.
  626 total haplotypes examined from matching loci, 626 verified.
Searching for gapped alignments...
Out of 943 query loci, 325 gapped alignments attempted.
  299 loci matched one catalog locus; 329 total haplotypes examined, 303 verified.
  26 loci matched no catalog locus;
    19 loci matched more than one catalog locus and were excluded.
    0 loci contained SNPs unaccounted for in the catalog and were excluded.
    0 loci had no verified haplotypes.
    0 loci had inconsistent alignments to a catalog locus and were excluded.
Outputing to file ./stacks/CGTACG_GGTCTTCACATGCAGG.matches.tsv

Processing sample './stacks/CGTACG_GGTGGAACAATGCAGG' [90 of 181]
  Parsing ./stacks/CGTACG_GGTGGAACAATGCAGG.tags.tsv
  Parsing ./stacks/CGTACG_GGTGGAACAATGCAGG.snps.tsv
  Parsing ./stacks/CGTACG_GGTGGAACAATGCAGG.alleles.tsv
Searching for sequence matches...
1555 sample loci compared against the catalog containing 95118 loci.
  893 matching loci, 1 contained no verified haplotypes.
  0 loci matched more than one catalog locus and were excluded.
  1 loci contained SNPs unaccounted for in the catalog and were excluded.
  903 total haplotypes examined from matching loci, 902 verified.
Searching for gapped alignments...
Out of 1555 query loci, 663 gapped alignments attempted.
  634 loci matched one catalog locus; 674 total haplotypes examined, 643 verified.
  29 loci matched no catalog locus;
    16 loci matched more than one catalog locus and were excluded.
    2 loci contained SNPs unaccounted for in the catalog and were excluded.
    0 loci had no verified haplotypes.
    0 loci had inconsistent alignments to a catalog locus and were excluded.
Outputing to file ./stacks/CGTACG_GGTGGAACAATGCAGG.matches.tsv

Processing sample './stacks/CGTACG_GGTGGCTTCATGCAGG' [91 of 181]
  Parsing ./stacks/CGTACG_GGTGGCTTCATGCAGG.tags.tsv
  Parsing ./stacks/CGTACG_GGTGGCTTCATGCAGG.snps.tsv
  Parsing ./stacks/CGTACG_GGTGGCTTCATGCAGG.alleles.tsv
Searching for sequence matches...
1419 sample loci compared against the catalog containing 95118 loci.
  813 matching loci, 0 contained no verified haplotypes.
  0 loci matched more than one catalog locus and were excluded.
  0 loci contained SNPs unaccounted for in the catalog and were excluded.
  828 total haplotypes examined from matching loci, 828 verified.
Searching for gapped alignments...
Out of 1419 query loci, 606 gapped alignments attempted.
  562 loci matched one catalog locus; 616 total haplotypes examined, 571 verified.
  44 loci matched no catalog locus;
    29 loci matched more than one catalog locus and were excluded.
    0 loci contained SNPs unaccounted for in the catalog and were excluded.
    0 loci had no verified haplotypes.
    0 loci had inconsistent alignments to a catalog locus and were excluded.
Outputing to file ./stacks/CGTACG_GGTGGCTTCATGCAGG.matches.tsv

Processing sample './stacks/CGTACG_GGTGGTGGTATGCAGG' [92 of 181]
  Parsing ./stacks/CGTACG_GGTGGTGGTATGCAGG.tags.tsv
  Parsing ./stacks/CGTACG_GGTGGTGGTATGCAGG.snps.tsv
  Parsing ./stacks/CGTACG_GGTGGTGGTATGCAGG.alleles.tsv
Searching for sequence matches...
1652 sample loci compared against the catalog containing 95118 loci.
  1438 matching loci, 0 contained no verified haplotypes.
  0 loci matched more than one catalog locus and were excluded.
  0 loci contained SNPs unaccounted for in the catalog and were excluded.
  1478 total haplotypes examined from matching loci, 1478 verified.
Searching for gapped alignments...
Out of 1652 query loci, 214 gapped alignments attempted.
  202 loci matched one catalog locus; 218 total haplotypes examined, 206 verified.
  12 loci matched no catalog locus;
    9 loci matched more than one catalog locus and were excluded.
    0 loci contained SNPs unaccounted for in the catalog and were excluded.
    0 loci had no verified haplotypes.
    0 loci had inconsistent alignments to a catalog locus and were excluded.
Outputing to file ./stacks/CGTACG_GGTGGTGGTATGCAGG.matches.tsv

Processing sample './stacks/CGTACG_GGTTCACGCATGCAGG' [93 of 181]
  Parsing ./stacks/CGTACG_GGTTCACGCATGCAGG.tags.tsv
  Parsing ./stacks/CGTACG_GGTTCACGCATGCAGG.snps.tsv
  Parsing ./stacks/CGTACG_GGTTCACGCATGCAGG.alleles.tsv
Searching for sequence matches...
1651 sample loci compared against the catalog containing 95118 loci.
  1403 matching loci, 0 contained no verified haplotypes.
  0 loci matched more than one catalog locus and were excluded.
  0 loci contained SNPs unaccounted for in the catalog and were excluded.
  1423 total haplotypes examined from matching loci, 1423 verified.
Searching for gapped alignments...
Out of 1651 query loci, 248 gapped alignments attempted.
  234 loci matched one catalog locus; 250 total haplotypes examined, 236 verified.
  14 loci matched no catalog locus;
    11 loci matched more than one catalog locus and were excluded.
    0 loci contained SNPs unaccounted for in the catalog and were excluded.
    0 loci had no verified haplotypes.
    0 loci had inconsistent alignments to a catalog locus and were excluded.
Outputing to file ./stacks/CGTACG_GGTTCACGCATGCAGG.matches.tsv

Processing sample './stacks/GAGTGG_GGAAACATCGTGCAGG' [94 of 181]
  Parsing ./stacks/GAGTGG_GGAAACATCGTGCAGG.tags.tsv
  Parsing ./stacks/GAGTGG_GGAAACATCGTGCAGG.snps.tsv
  Parsing ./stacks/GAGTGG_GGAAACATCGTGCAGG.alleles.tsv
Searching for sequence matches...
1394 sample loci compared against the catalog containing 95118 loci.
  758 matching loci, 1 contained no verified haplotypes.
  0 loci matched more than one catalog locus and were excluded.
  1 loci contained SNPs unaccounted for in the catalog and were excluded.
  776 total haplotypes examined from matching loci, 775 verified.
Searching for gapped alignments...
Out of 1394 query loci, 637 gapped alignments attempted.
  612 loci matched one catalog locus; 647 total haplotypes examined, 621 verified.
  25 loci matched no catalog locus;
    13 loci matched more than one catalog locus and were excluded.
    0 loci contained SNPs unaccounted for in the catalog and were excluded.
    0 loci had no verified haplotypes.
    0 loci had inconsistent alignments to a catalog locus and were excluded.
Outputing to file ./stacks/GAGTGG_GGAAACATCGTGCAGG.matches.tsv

Processing sample './stacks/GAGTGG_GGAACAACCATGCAGG' [95 of 181]
  Parsing ./stacks/GAGTGG_GGAACAACCATGCAGG.tags.tsv
  Parsing ./stacks/GAGTGG_GGAACAACCATGCAGG.snps.tsv
  Parsing ./stacks/GAGTGG_GGAACAACCATGCAGG.alleles.tsv
Searching for sequence matches...
1309 sample loci compared against the catalog containing 95118 loci.
  678 matching loci, 0 contained no verified haplotypes.
  0 loci matched more than one catalog locus and were excluded.
  0 loci contained SNPs unaccounted for in the catalog and were excluded.
  695 total haplotypes examined from matching loci, 695 verified.
Searching for gapped alignments...
Out of 1309 query loci, 631 gapped alignments attempted.
  573 loci matched one catalog locus; 654 total haplotypes examined, 593 verified.
  58 loci matched no catalog locus;
    39 loci matched more than one catalog locus and were excluded.
    0 loci contained SNPs unaccounted for in the catalog and were excluded.
    0 loci had no verified haplotypes.
    0 loci had inconsistent alignments to a catalog locus and were excluded.
Outputing to file ./stacks/GAGTGG_GGAACAACCATGCAGG.matches.tsv

Processing sample './stacks/GAGTGG_GGAACCGAGATGCAGG' [96 of 181]
  Parsing ./stacks/GAGTGG_GGAACCGAGATGCAGG.tags.tsv
  Parsing ./stacks/GAGTGG_GGAACCGAGATGCAGG.snps.tsv
  Parsing ./stacks/GAGTGG_GGAACCGAGATGCAGG.alleles.tsv
Searching for sequence matches...
1217 sample loci compared against the catalog containing 95118 loci.
  680 matching loci, 0 contained no verified haplotypes.
  0 loci matched more than one catalog locus and were excluded.
  0 loci contained SNPs unaccounted for in the catalog and were excluded.
  697 total haplotypes examined from matching loci, 697 verified.
Searching for gapped alignments...
Out of 1217 query loci, 537 gapped alignments attempted.
  488 loci matched one catalog locus; 545 total haplotypes examined, 495 verified.
  49 loci matched no catalog locus;
    29 loci matched more than one catalog locus and were excluded.
    1 loci contained SNPs unaccounted for in the catalog and were excluded.
    0 loci had no verified haplotypes.
    0 loci had inconsistent alignments to a catalog locus and were excluded.
Outputing to file ./stacks/GAGTGG_GGAACCGAGATGCAGG.matches.tsv

Processing sample './stacks/GAGTGG_GGAACGAACGTGCAGG' [97 of 181]
  Parsing ./stacks/GAGTGG_GGAACGAACGTGCAGG.tags.tsv
  Parsing ./stacks/GAGTGG_GGAACGAACGTGCAGG.snps.tsv
  Parsing ./stacks/GAGTGG_GGAACGAACGTGCAGG.alleles.tsv
Searching for sequence matches...
1456 sample loci compared against the catalog containing 95118 loci.
  908 matching loci, 0 contained no verified haplotypes.
  0 loci matched more than one catalog locus and were excluded.
  0 loci contained SNPs unaccounted for in the catalog and were excluded.
  924 total haplotypes examined from matching loci, 924 verified.
Searching for gapped alignments...
Out of 1456 query loci, 548 gapped alignments attempted.
  517 loci matched one catalog locus; 554 total haplotypes examined, 523 verified.
  31 loci matched no catalog locus;
    22 loci matched more than one catalog locus and were excluded.
    0 loci contained SNPs unaccounted for in the catalog and were excluded.
    0 loci had no verified haplotypes.
    0 loci had inconsistent alignments to a catalog locus and were excluded.
Outputing to file ./stacks/GAGTGG_GGAACGAACGTGCAGG.matches.tsv

Processing sample './stacks/GAGTGG_GGAACGCTTATGCAGG' [98 of 181]
  Parsing ./stacks/GAGTGG_GGAACGCTTATGCAGG.tags.tsv
  Parsing ./stacks/GAGTGG_GGAACGCTTATGCAGG.snps.tsv
  Parsing ./stacks/GAGTGG_GGAACGCTTATGCAGG.alleles.tsv
Searching for sequence matches...
1400 sample loci compared against the catalog containing 95118 loci.
  703 matching loci, 0 contained no verified haplotypes.
  0 loci matched more than one catalog locus and were excluded.
  0 loci contained SNPs unaccounted for in the catalog and were excluded.
  715 total haplotypes examined from matching loci, 715 verified.
Searching for gapped alignments...
Out of 1400 query loci, 697 gapped alignments attempted.
  646 loci matched one catalog locus; 714 total haplotypes examined, 663 verified.
  51 loci matched no catalog locus;
    38 loci matched more than one catalog locus and were excluded.
    0 loci contained SNPs unaccounted for in the catalog and were excluded.
    0 loci had no verified haplotypes.
    0 loci had inconsistent alignments to a catalog locus and were excluded.
Outputing to file ./stacks/GAGTGG_GGAACGCTTATGCAGG.matches.tsv

Processing sample './stacks/GAGTGG_GGAACGTGATTGCAGG' [99 of 181]
  Parsing ./stacks/GAGTGG_GGAACGTGATTGCAGG.tags.tsv
  Parsing ./stacks/GAGTGG_GGAACGTGATTGCAGG.snps.tsv
  Parsing ./stacks/GAGTGG_GGAACGTGATTGCAGG.alleles.tsv
Searching for sequence matches...
1356 sample loci compared against the catalog containing 95118 loci.
  703 matching loci, 0 contained no verified haplotypes.
  0 loci matched more than one catalog locus and were excluded.
  0 loci contained SNPs unaccounted for in the catalog and were excluded.
  717 total haplotypes examined from matching loci, 717 verified.
Searching for gapped alignments...
Out of 1356 query loci, 653 gapped alignments attempted.
  612 loci matched one catalog locus; 668 total haplotypes examined, 626 verified.
  41 loci matched no catalog locus;
    29 loci matched more than one catalog locus and were excluded.
    0 loci contained SNPs unaccounted for in the catalog and were excluded.
    0 loci had no verified haplotypes.
    0 loci had inconsistent alignments to a catalog locus and were excluded.
Outputing to file ./stacks/GAGTGG_GGAACGTGATTGCAGG.matches.tsv

Processing sample './stacks/GAGTGG_GGAAGACGGATGCAGG' [100 of 181]
  Parsing ./stacks/GAGTGG_GGAAGACGGATGCAGG.tags.tsv
  Parsing ./stacks/GAGTGG_GGAAGACGGATGCAGG.snps.tsv
  Parsing ./stacks/GAGTGG_GGAAGACGGATGCAGG.alleles.tsv
Searching for sequence matches...
1264 sample loci compared against the catalog containing 95118 loci.
  668 matching loci, 0 contained no verified haplotypes.
  0 loci matched more than one catalog locus and were excluded.
  0 loci contained SNPs unaccounted for in the catalog and were excluded.
  679 total haplotypes examined from matching loci, 679 verified.
Searching for gapped alignments...
Out of 1264 query loci, 596 gapped alignments attempted.
  551 loci matched one catalog locus; 608 total haplotypes examined, 562 verified.
  45 loci matched no catalog locus;
    33 loci matched more than one catalog locus and were excluded.
    0 loci contained SNPs unaccounted for in the catalog and were excluded.
    0 loci had no verified haplotypes.
    0 loci had inconsistent alignments to a catalog locus and were excluded.
Outputing to file ./stacks/GAGTGG_GGAAGACGGATGCAGG.matches.tsv

Processing sample './stacks/GAGTGG_GGACAAGCTATGCAGG' [101 of 181]
  Parsing ./stacks/GAGTGG_GGACAAGCTATGCAGG.tags.tsv
  Parsing ./stacks/GAGTGG_GGACAAGCTATGCAGG.snps.tsv
  Parsing ./stacks/GAGTGG_GGACAAGCTATGCAGG.alleles.tsv
Searching for sequence matches...
1385 sample loci compared against the catalog containing 95118 loci.
  852 matching loci, 0 contained no verified haplotypes.
  0 loci matched more than one catalog locus and were excluded.
  0 loci contained SNPs unaccounted for in the catalog and were excluded.
  867 total haplotypes examined from matching loci, 867 verified.
Searching for gapped alignments...
Out of 1385 query loci, 533 gapped alignments attempted.
  489 loci matched one catalog locus; 549 total haplotypes examined, 505 verified.
  44 loci matched no catalog locus;
    34 loci matched more than one catalog locus and were excluded.
    0 loci contained SNPs unaccounted for in the catalog and were excluded.
    0 loci had no verified haplotypes.
    0 loci had inconsistent alignments to a catalog locus and were excluded.
Outputing to file ./stacks/GAGTGG_GGACAAGCTATGCAGG.matches.tsv

Processing sample './stacks/GAGTGG_GGACACAGAATGCAGG' [102 of 181]
  Parsing ./stacks/GAGTGG_GGACACAGAATGCAGG.tags.tsv
  Parsing ./stacks/GAGTGG_GGACACAGAATGCAGG.snps.tsv
  Parsing ./stacks/GAGTGG_GGACACAGAATGCAGG.alleles.tsv
Searching for sequence matches...
1361 sample loci compared against the catalog containing 95118 loci.
  785 matching loci, 0 contained no verified haplotypes.
  0 loci matched more than one catalog locus and were excluded.
  0 loci contained SNPs unaccounted for in the catalog and were excluded.
  800 total haplotypes examined from matching loci, 800 verified.
Searching for gapped alignments...
Out of 1361 query loci, 576 gapped alignments attempted.
  535 loci matched one catalog locus; 587 total haplotypes examined, 546 verified.
  41 loci matched no catalog locus;
    29 loci matched more than one catalog locus and were excluded.
    0 loci contained SNPs unaccounted for in the catalog and were excluded.
    0 loci had no verified haplotypes.
    0 loci had inconsistent alignments to a catalog locus and were excluded.
Outputing to file ./stacks/GAGTGG_GGACACAGAATGCAGG.matches.tsv

Processing sample './stacks/GAGTGG_GGACAGCAGATGCAGG' [103 of 181]
  Parsing ./stacks/GAGTGG_GGACAGCAGATGCAGG.tags.tsv
  Parsing ./stacks/GAGTGG_GGACAGCAGATGCAGG.snps.tsv
  Parsing ./stacks/GAGTGG_GGACAGCAGATGCAGG.alleles.tsv
Searching for sequence matches...
1390 sample loci compared against the catalog containing 95118 loci.
  702 matching loci, 1 contained no verified haplotypes.
  0 loci matched more than one catalog locus and were excluded.
  1 loci contained SNPs unaccounted for in the catalog and were excluded.
  714 total haplotypes examined from matching loci, 713 verified.
Searching for gapped alignments...
Out of 1390 query loci, 689 gapped alignments attempted.
  648 loci matched one catalog locus; 706 total haplotypes examined, 664 verified.
  41 loci matched no catalog locus;
    26 loci matched more than one catalog locus and were excluded.
    0 loci contained SNPs unaccounted for in the catalog and were excluded.
    0 loci had no verified haplotypes.
    0 loci had inconsistent alignments to a catalog locus and were excluded.
Outputing to file ./stacks/GAGTGG_GGACAGCAGATGCAGG.matches.tsv

Processing sample './stacks/GAGTGG_GGACATTGGCTGCAGG' [104 of 181]
  Parsing ./stacks/GAGTGG_GGACATTGGCTGCAGG.tags.tsv
  Parsing ./stacks/GAGTGG_GGACATTGGCTGCAGG.snps.tsv
  Parsing ./stacks/GAGTGG_GGACATTGGCTGCAGG.alleles.tsv
Searching for sequence matches...
1384 sample loci compared against the catalog containing 95118 loci.
  686 matching loci, 0 contained no verified haplotypes.
  0 loci matched more than one catalog locus and were excluded.
  0 loci contained SNPs unaccounted for in the catalog and were excluded.
  702 total haplotypes examined from matching loci, 702 verified.
Searching for gapped alignments...
Out of 1384 query loci, 698 gapped alignments attempted.
  647 loci matched one catalog locus; 714 total haplotypes examined, 663 verified.
  51 loci matched no catalog locus;
    37 loci matched more than one catalog locus and were excluded.
    0 loci contained SNPs unaccounted for in the catalog and were excluded.
    0 loci had no verified haplotypes.
    0 loci had inconsistent alignments to a catalog locus and were excluded.
Outputing to file ./stacks/GAGTGG_GGACATTGGCTGCAGG.matches.tsv

Processing sample './stacks/GAGTGG_GGACCACTGTTGCAGG' [105 of 181]
  Parsing ./stacks/GAGTGG_GGACCACTGTTGCAGG.tags.tsv
  Parsing ./stacks/GAGTGG_GGACCACTGTTGCAGG.snps.tsv
  Parsing ./stacks/GAGTGG_GGACCACTGTTGCAGG.alleles.tsv
Searching for sequence matches...
1394 sample loci compared against the catalog containing 95118 loci.
  786 matching loci, 0 contained no verified haplotypes.
  0 loci matched more than one catalog locus and were excluded.
  0 loci contained SNPs unaccounted for in the catalog and were excluded.
  796 total haplotypes examined from matching loci, 796 verified.
Searching for gapped alignments...
Out of 1394 query loci, 608 gapped alignments attempted.
  584 loci matched one catalog locus; 627 total haplotypes examined, 602 verified.
  24 loci matched no catalog locus;
    17 loci matched more than one catalog locus and were excluded.
    0 loci contained SNPs unaccounted for in the catalog and were excluded.
    0 loci had no verified haplotypes.
    0 loci had inconsistent alignments to a catalog locus and were excluded.
Outputing to file ./stacks/GAGTGG_GGACCACTGTTGCAGG.matches.tsv

Processing sample './stacks/GAGTGG_GGACCTCCAATGCAGG' [106 of 181]
  Parsing ./stacks/GAGTGG_GGACCTCCAATGCAGG.tags.tsv
  Parsing ./stacks/GAGTGG_GGACCTCCAATGCAGG.snps.tsv
  Parsing ./stacks/GAGTGG_GGACCTCCAATGCAGG.alleles.tsv
Searching for sequence matches...
1378 sample loci compared against the catalog containing 95118 loci.
  659 matching loci, 2 contained no verified haplotypes.
  0 loci matched more than one catalog locus and were excluded.
  2 loci contained SNPs unaccounted for in the catalog and were excluded.
  677 total haplotypes examined from matching loci, 675 verified.
Searching for gapped alignments...
Out of 1378 query loci, 721 gapped alignments attempted.
  672 loci matched one catalog locus; 737 total haplotypes examined, 685 verified.
  49 loci matched no catalog locus;
    39 loci matched more than one catalog locus and were excluded.
    0 loci contained SNPs unaccounted for in the catalog and were excluded.
    0 loci had no verified haplotypes.
    0 loci had inconsistent alignments to a catalog locus and were excluded.
Outputing to file ./stacks/GAGTGG_GGACCTCCAATGCAGG.matches.tsv

Processing sample './stacks/GAGTGG_GGACGCTCGATGCAGG' [107 of 181]
  Parsing ./stacks/GAGTGG_GGACGCTCGATGCAGG.tags.tsv
  Parsing ./stacks/GAGTGG_GGACGCTCGATGCAGG.snps.tsv
  Parsing ./stacks/GAGTGG_GGACGCTCGATGCAGG.alleles.tsv
Searching for sequence matches...
1164 sample loci compared against the catalog containing 95118 loci.
  605 matching loci, 0 contained no verified haplotypes.
  0 loci matched more than one catalog locus and were excluded.
  0 loci contained SNPs unaccounted for in the catalog and were excluded.
  618 total haplotypes examined from matching loci, 618 verified.
Searching for gapped alignments...
Out of 1164 query loci, 559 gapped alignments attempted.
  520 loci matched one catalog locus; 567 total haplotypes examined, 527 verified.
  39 loci matched no catalog locus;
    31 loci matched more than one catalog locus and were excluded.
    0 loci contained SNPs unaccounted for in the catalog and were excluded.
    0 loci had no verified haplotypes.
    0 loci had inconsistent alignments to a catalog locus and were excluded.
Outputing to file ./stacks/GAGTGG_GGACGCTCGATGCAGG.matches.tsv

Processing sample './stacks/GAGTGG_GGACGTATCATGCAGG' [108 of 181]
  Parsing ./stacks/GAGTGG_GGACGTATCATGCAGG.tags.tsv
  Parsing ./stacks/GAGTGG_GGACGTATCATGCAGG.snps.tsv
  Parsing ./stacks/GAGTGG_GGACGTATCATGCAGG.alleles.tsv
Searching for sequence matches...
1212 sample loci compared against the catalog containing 95118 loci.
  599 matching loci, 0 contained no verified haplotypes.
  0 loci matched more than one catalog locus and were excluded.
  0 loci contained SNPs unaccounted for in the catalog and were excluded.
  609 total haplotypes examined from matching loci, 609 verified.
Searching for gapped alignments...
Out of 1212 query loci, 613 gapped alignments attempted.
  556 loci matched one catalog locus; 627 total haplotypes examined, 569 verified.
  57 loci matched no catalog locus;
    44 loci matched more than one catalog locus and were excluded.
    1 loci contained SNPs unaccounted for in the catalog and were excluded.
    0 loci had no verified haplotypes.
    0 loci had inconsistent alignments to a catalog locus and were excluded.
Outputing to file ./stacks/GAGTGG_GGACGTATCATGCAGG.matches.tsv

Processing sample './stacks/GAGTGG_GGACTATGCATGCAGG' [109 of 181]
  Parsing ./stacks/GAGTGG_GGACTATGCATGCAGG.tags.tsv
  Parsing ./stacks/GAGTGG_GGACTATGCATGCAGG.snps.tsv
  Parsing ./stacks/GAGTGG_GGACTATGCATGCAGG.alleles.tsv
Searching for sequence matches...
1178 sample loci compared against the catalog containing 95118 loci.
  631 matching loci, 0 contained no verified haplotypes.
  0 loci matched more than one catalog locus and were excluded.
  0 loci contained SNPs unaccounted for in the catalog and were excluded.
  650 total haplotypes examined from matching loci, 650 verified.
Searching for gapped alignments...
Out of 1178 query loci, 547 gapped alignments attempted.
  508 loci matched one catalog locus; 561 total haplotypes examined, 519 verified.
  39 loci matched no catalog locus;
    26 loci matched more than one catalog locus and were excluded.
    1 loci contained SNPs unaccounted for in the catalog and were excluded.
    0 loci had no verified haplotypes.
    0 loci had inconsistent alignments to a catalog locus and were excluded.
Outputing to file ./stacks/GAGTGG_GGACTATGCATGCAGG.matches.tsv

Processing sample './stacks/GAGTGG_GGAGAGTCAATGCAGG' [110 of 181]
  Parsing ./stacks/GAGTGG_GGAGAGTCAATGCAGG.tags.tsv
  Parsing ./stacks/GAGTGG_GGAGAGTCAATGCAGG.snps.tsv
  Parsing ./stacks/GAGTGG_GGAGAGTCAATGCAGG.alleles.tsv
Searching for sequence matches...
1220 sample loci compared against the catalog containing 95118 loci.
  639 matching loci, 1 contained no verified haplotypes.
  0 loci matched more than one catalog locus and were excluded.
  1 loci contained SNPs unaccounted for in the catalog and were excluded.
  656 total haplotypes examined from matching loci, 655 verified.
Searching for gapped alignments...
Out of 1220 query loci, 582 gapped alignments attempted.
  519 loci matched one catalog locus; 600 total haplotypes examined, 535 verified.
  63 loci matched no catalog locus;
    58 loci matched more than one catalog locus and were excluded.
    1 loci contained SNPs unaccounted for in the catalog and were excluded.
    0 loci had no verified haplotypes.
    0 loci had inconsistent alignments to a catalog locus and were excluded.
Outputing to file ./stacks/GAGTGG_GGAGAGTCAATGCAGG.matches.tsv

Processing sample './stacks/GAGTGG_GGAGATCGCATGCAGG' [111 of 181]
  Parsing ./stacks/GAGTGG_GGAGATCGCATGCAGG.tags.tsv
  Parsing ./stacks/GAGTGG_GGAGATCGCATGCAGG.snps.tsv
  Parsing ./stacks/GAGTGG_GGAGATCGCATGCAGG.alleles.tsv
Searching for sequence matches...
1220 sample loci compared against the catalog containing 95118 loci.
  643 matching loci, 0 contained no verified haplotypes.
  0 loci matched more than one catalog locus and were excluded.
  0 loci contained SNPs unaccounted for in the catalog and were excluded.
  654 total haplotypes examined from matching loci, 654 verified.
Searching for gapped alignments...
Out of 1220 query loci, 577 gapped alignments attempted.
  525 loci matched one catalog locus; 593 total haplotypes examined, 540 verified.
  52 loci matched no catalog locus;
    43 loci matched more than one catalog locus and were excluded.
    0 loci contained SNPs unaccounted for in the catalog and were excluded.
    0 loci had no verified haplotypes.
    0 loci had inconsistent alignments to a catalog locus and were excluded.
Outputing to file ./stacks/GAGTGG_GGAGATCGCATGCAGG.matches.tsv

Processing sample './stacks/GAGTGG_GGAGCAGGAATGCAGG' [112 of 181]
  Parsing ./stacks/GAGTGG_GGAGCAGGAATGCAGG.tags.tsv
  Parsing ./stacks/GAGTGG_GGAGCAGGAATGCAGG.snps.tsv
  Parsing ./stacks/GAGTGG_GGAGCAGGAATGCAGG.alleles.tsv
Searching for sequence matches...
1265 sample loci compared against the catalog containing 95118 loci.
  653 matching loci, 0 contained no verified haplotypes.
  0 loci matched more than one catalog locus and were excluded.
  0 loci contained SNPs unaccounted for in the catalog and were excluded.
  666 total haplotypes examined from matching loci, 666 verified.
Searching for gapped alignments...
Out of 1265 query loci, 612 gapped alignments attempted.
  563 loci matched one catalog locus; 631 total haplotypes examined, 582 verified.
  49 loci matched no catalog locus;
    41 loci matched more than one catalog locus and were excluded.
    0 loci contained SNPs unaccounted for in the catalog and were excluded.
    0 loci had no verified haplotypes.
    0 loci had inconsistent alignments to a catalog locus and were excluded.
Outputing to file ./stacks/GAGTGG_GGAGCAGGAATGCAGG.matches.tsv

Processing sample './stacks/GAGTGG_GGAGTACAAGTGCAGG' [113 of 181]
  Parsing ./stacks/GAGTGG_GGAGTACAAGTGCAGG.tags.tsv
  Parsing ./stacks/GAGTGG_GGAGTACAAGTGCAGG.snps.tsv
  Parsing ./stacks/GAGTGG_GGAGTACAAGTGCAGG.alleles.tsv
Searching for sequence matches...
1282 sample loci compared against the catalog containing 95118 loci.
  661 matching loci, 0 contained no verified haplotypes.
  0 loci matched more than one catalog locus and were excluded.
  0 loci contained SNPs unaccounted for in the catalog and were excluded.
  676 total haplotypes examined from matching loci, 676 verified.
Searching for gapped alignments...
Out of 1282 query loci, 621 gapped alignments attempted.
  570 loci matched one catalog locus; 635 total haplotypes examined, 583 verified.
  51 loci matched no catalog locus;
    44 loci matched more than one catalog locus and were excluded.
    0 loci contained SNPs unaccounted for in the catalog and were excluded.
    0 loci had no verified haplotypes.
    0 loci had inconsistent alignments to a catalog locus and were excluded.
Outputing to file ./stacks/GAGTGG_GGAGTACAAGTGCAGG.matches.tsv

Processing sample './stacks/GAGTGG_GGAGTCACTATGCAGG' [114 of 181]
  Parsing ./stacks/GAGTGG_GGAGTCACTATGCAGG.tags.tsv
  Parsing ./stacks/GAGTGG_GGAGTCACTATGCAGG.snps.tsv
  Parsing ./stacks/GAGTGG_GGAGTCACTATGCAGG.alleles.tsv
Searching for sequence matches...
1139 sample loci compared against the catalog containing 95118 loci.
  597 matching loci, 0 contained no verified haplotypes.
  0 loci matched more than one catalog locus and were excluded.
  0 loci contained SNPs unaccounted for in the catalog and were excluded.
  615 total haplotypes examined from matching loci, 615 verified.
Searching for gapped alignments...
Out of 1139 query loci, 542 gapped alignments attempted.
  509 loci matched one catalog locus; 550 total haplotypes examined, 516 verified.
  33 loci matched no catalog locus;
    31 loci matched more than one catalog locus and were excluded.
    0 loci contained SNPs unaccounted for in the catalog and were excluded.
    0 loci had no verified haplotypes.
    0 loci had inconsistent alignments to a catalog locus and were excluded.
Outputing to file ./stacks/GAGTGG_GGAGTCACTATGCAGG.matches.tsv

Processing sample './stacks/GAGTGG_GGAGTGGTCATGCAGG' [115 of 181]
  Parsing ./stacks/GAGTGG_GGAGTGGTCATGCAGG.tags.tsv
  Parsing ./stacks/GAGTGG_GGAGTGGTCATGCAGG.snps.tsv
  Parsing ./stacks/GAGTGG_GGAGTGGTCATGCAGG.alleles.tsv
Searching for sequence matches...
1329 sample loci compared against the catalog containing 95118 loci.
  735 matching loci, 1 contained no verified haplotypes.
  0 loci matched more than one catalog locus and were excluded.
  1 loci contained SNPs unaccounted for in the catalog and were excluded.
  746 total haplotypes examined from matching loci, 745 verified.
Searching for gapped alignments...
Out of 1329 query loci, 595 gapped alignments attempted.
  558 loci matched one catalog locus; 601 total haplotypes examined, 563 verified.
  37 loci matched no catalog locus;
    25 loci matched more than one catalog locus and were excluded.
    1 loci contained SNPs unaccounted for in the catalog and were excluded.
    0 loci had no verified haplotypes.
    0 loci had inconsistent alignments to a catalog locus and were excluded.
Outputing to file ./stacks/GAGTGG_GGAGTGGTCATGCAGG.matches.tsv

Processing sample './stacks/GAGTGG_GGATCCTGTATGCAGG' [116 of 181]
  Parsing ./stacks/GAGTGG_GGATCCTGTATGCAGG.tags.tsv
  Parsing ./stacks/GAGTGG_GGATCCTGTATGCAGG.snps.tsv
  Parsing ./stacks/GAGTGG_GGATCCTGTATGCAGG.alleles.tsv
Searching for sequence matches...
1219 sample loci compared against the catalog containing 95118 loci.
  625 matching loci, 1 contained no verified haplotypes.
  0 loci matched more than one catalog locus and were excluded.
  1 loci contained SNPs unaccounted for in the catalog and were excluded.
  639 total haplotypes examined from matching loci, 638 verified.
Searching for gapped alignments...
Out of 1219 query loci, 595 gapped alignments attempted.
  549 loci matched one catalog locus; 607 total haplotypes examined, 560 verified.
  46 loci matched no catalog locus;
    43 loci matched more than one catalog locus and were excluded.
    0 loci contained SNPs unaccounted for in the catalog and were excluded.
    0 loci had no verified haplotypes.
    0 loci had inconsistent alignments to a catalog locus and were excluded.
Outputing to file ./stacks/GAGTGG_GGATCCTGTATGCAGG.matches.tsv

Processing sample './stacks/GAGTGG_GGATGCCTAATGCAGG' [117 of 181]
  Parsing ./stacks/GAGTGG_GGATGCCTAATGCAGG.tags.tsv
  Parsing ./stacks/GAGTGG_GGATGCCTAATGCAGG.snps.tsv
  Parsing ./stacks/GAGTGG_GGATGCCTAATGCAGG.alleles.tsv
Searching for sequence matches...
1402 sample loci compared against the catalog containing 95118 loci.
  757 matching loci, 0 contained no verified haplotypes.
  0 loci matched more than one catalog locus and were excluded.
  0 loci contained SNPs unaccounted for in the catalog and were excluded.
  770 total haplotypes examined from matching loci, 770 verified.
Searching for gapped alignments...
Out of 1402 query loci, 645 gapped alignments attempted.
  605 loci matched one catalog locus; 656 total haplotypes examined, 616 verified.
  40 loci matched no catalog locus;
    28 loci matched more than one catalog locus and were excluded.
    0 loci contained SNPs unaccounted for in the catalog and were excluded.
    0 loci had no verified haplotypes.
    0 loci had inconsistent alignments to a catalog locus and were excluded.
Outputing to file ./stacks/GAGTGG_GGATGCCTAATGCAGG.matches.tsv

Processing sample './stacks/GAGTGG_GGATTGAGGATGCAGG' [118 of 181]
  Parsing ./stacks/GAGTGG_GGATTGAGGATGCAGG.tags.tsv
  Parsing ./stacks/GAGTGG_GGATTGAGGATGCAGG.snps.tsv
  Parsing ./stacks/GAGTGG_GGATTGAGGATGCAGG.alleles.tsv
Searching for sequence matches...
1323 sample loci compared against the catalog containing 95118 loci.
  704 matching loci, 0 contained no verified haplotypes.
  0 loci matched more than one catalog locus and were excluded.
  0 loci contained SNPs unaccounted for in the catalog and were excluded.
  723 total haplotypes examined from matching loci, 723 verified.
Searching for gapped alignments...
Out of 1323 query loci, 619 gapped alignments attempted.
  575 loci matched one catalog locus; 637 total haplotypes examined, 592 verified.
  44 loci matched no catalog locus;
    36 loci matched more than one catalog locus and were excluded.
    1 loci contained SNPs unaccounted for in the catalog and were excluded.
    0 loci had no verified haplotypes.
    0 loci had inconsistent alignments to a catalog locus and were excluded.
Outputing to file ./stacks/GAGTGG_GGATTGAGGATGCAGG.matches.tsv

Processing sample './stacks/GAGTGG_GGCAACCACATGCAGG' [119 of 181]
  Parsing ./stacks/GAGTGG_GGCAACCACATGCAGG.tags.tsv
  Parsing ./stacks/GAGTGG_GGCAACCACATGCAGG.snps.tsv
  Parsing ./stacks/GAGTGG_GGCAACCACATGCAGG.alleles.tsv
Searching for sequence matches...
1252 sample loci compared against the catalog containing 95118 loci.
  652 matching loci, 0 contained no verified haplotypes.
  0 loci matched more than one catalog locus and were excluded.
  0 loci contained SNPs unaccounted for in the catalog and were excluded.
  666 total haplotypes examined from matching loci, 666 verified.
Searching for gapped alignments...
Out of 1252 query loci, 600 gapped alignments attempted.
  557 loci matched one catalog locus; 614 total haplotypes examined, 570 verified.
  43 loci matched no catalog locus;
    34 loci matched more than one catalog locus and were excluded.
    1 loci contained SNPs unaccounted for in the catalog and were excluded.
    0 loci had no verified haplotypes.
    0 loci had inconsistent alignments to a catalog locus and were excluded.
Outputing to file ./stacks/GAGTGG_GGCAACCACATGCAGG.matches.tsv

Processing sample './stacks/GAGTGG_GGCAATGGAATGCAGG' [120 of 181]
  Parsing ./stacks/GAGTGG_GGCAATGGAATGCAGG.tags.tsv
  Parsing ./stacks/GAGTGG_GGCAATGGAATGCAGG.snps.tsv
  Parsing ./stacks/GAGTGG_GGCAATGGAATGCAGG.alleles.tsv
Searching for sequence matches...
1351 sample loci compared against the catalog containing 95118 loci.
  712 matching loci, 0 contained no verified haplotypes.
  0 loci matched more than one catalog locus and were excluded.
  0 loci contained SNPs unaccounted for in the catalog and were excluded.
  726 total haplotypes examined from matching loci, 726 verified.
Searching for gapped alignments...
Out of 1351 query loci, 639 gapped alignments attempted.
  599 loci matched one catalog locus; 646 total haplotypes examined, 606 verified.
  40 loci matched no catalog locus;
    27 loci matched more than one catalog locus and were excluded.
    0 loci contained SNPs unaccounted for in the catalog and were excluded.
    0 loci had no verified haplotypes.
    0 loci had inconsistent alignments to a catalog locus and were excluded.
Outputing to file ./stacks/GAGTGG_GGCAATGGAATGCAGG.matches.tsv

Processing sample './stacks/GAGTGG_GGCACTTCGATGCAGG' [121 of 181]
  Parsing ./stacks/GAGTGG_GGCACTTCGATGCAGG.tags.tsv
  Parsing ./stacks/GAGTGG_GGCACTTCGATGCAGG.snps.tsv
  Parsing ./stacks/GAGTGG_GGCACTTCGATGCAGG.alleles.tsv
Searching for sequence matches...
1017 sample loci compared against the catalog containing 95118 loci.
  485 matching loci, 0 contained no verified haplotypes.
  0 loci matched more than one catalog locus and were excluded.
  0 loci contained SNPs unaccounted for in the catalog and were excluded.
  499 total haplotypes examined from matching loci, 499 verified.
Searching for gapped alignments...
Out of 1017 query loci, 532 gapped alignments attempted.
  468 loci matched one catalog locus; 538 total haplotypes examined, 473 verified.
  64 loci matched no catalog locus;
    57 loci matched more than one catalog locus and were excluded.
    0 loci contained SNPs unaccounted for in the catalog and were excluded.
    0 loci had no verified haplotypes.
    0 loci had inconsistent alignments to a catalog locus and were excluded.
Outputing to file ./stacks/GAGTGG_GGCACTTCGATGCAGG.matches.tsv

Processing sample './stacks/GAGTGG_GGCAGATCTGTGCAGG' [122 of 181]
  Parsing ./stacks/GAGTGG_GGCAGATCTGTGCAGG.tags.tsv
  Parsing ./stacks/GAGTGG_GGCAGATCTGTGCAGG.snps.tsv
  Parsing ./stacks/GAGTGG_GGCAGATCTGTGCAGG.alleles.tsv
Searching for sequence matches...
1594 sample loci compared against the catalog containing 95118 loci.
  1071 matching loci, 0 contained no verified haplotypes.
  0 loci matched more than one catalog locus and were excluded.
  0 loci contained SNPs unaccounted for in the catalog and were excluded.
  1085 total haplotypes examined from matching loci, 1085 verified.
Searching for gapped alignments...
Out of 1594 query loci, 523 gapped alignments attempted.
  508 loci matched one catalog locus; 532 total haplotypes examined, 517 verified.
  15 loci matched no catalog locus;
    12 loci matched more than one catalog locus and were excluded.
    0 loci contained SNPs unaccounted for in the catalog and were excluded.
    0 loci had no verified haplotypes.
    0 loci had inconsistent alignments to a catalog locus and were excluded.
Outputing to file ./stacks/GAGTGG_GGCAGATCTGTGCAGG.matches.tsv

Processing sample './stacks/GAGTGG_GGCAGCGTTATGCAGG' [123 of 181]
  Parsing ./stacks/GAGTGG_GGCAGCGTTATGCAGG.tags.tsv
  Parsing ./stacks/GAGTGG_GGCAGCGTTATGCAGG.snps.tsv
  Parsing ./stacks/GAGTGG_GGCAGCGTTATGCAGG.alleles.tsv
Searching for sequence matches...
1431 sample loci compared against the catalog containing 95118 loci.
  754 matching loci, 0 contained no verified haplotypes.
  0 loci matched more than one catalog locus and were excluded.
  0 loci contained SNPs unaccounted for in the catalog and were excluded.
  778 total haplotypes examined from matching loci, 778 verified.
Searching for gapped alignments...
Out of 1431 query loci, 677 gapped alignments attempted.
  646 loci matched one catalog locus; 690 total haplotypes examined, 659 verified.
  31 loci matched no catalog locus;
    22 loci matched more than one catalog locus and were excluded.
    0 loci contained SNPs unaccounted for in the catalog and were excluded.
    0 loci had no verified haplotypes.
    0 loci had inconsistent alignments to a catalog locus and were excluded.
Outputing to file ./stacks/GAGTGG_GGCAGCGTTATGCAGG.matches.tsv

Processing sample './stacks/GAGTGG_GGCATACCAATGCAGG' [124 of 181]
  Parsing ./stacks/GAGTGG_GGCATACCAATGCAGG.tags.tsv
  Parsing ./stacks/GAGTGG_GGCATACCAATGCAGG.snps.tsv
  Parsing ./stacks/GAGTGG_GGCATACCAATGCAGG.alleles.tsv
Searching for sequence matches...
1327 sample loci compared against the catalog containing 95118 loci.
  678 matching loci, 0 contained no verified haplotypes.
  0 loci matched more than one catalog locus and were excluded.
  0 loci contained SNPs unaccounted for in the catalog and were excluded.
  691 total haplotypes examined from matching loci, 691 verified.
Searching for gapped alignments...
Out of 1327 query loci, 649 gapped alignments attempted.
  619 loci matched one catalog locus; 659 total haplotypes examined, 629 verified.
  30 loci matched no catalog locus;
    23 loci matched more than one catalog locus and were excluded.
    0 loci contained SNPs unaccounted for in the catalog and were excluded.
    0 loci had no verified haplotypes.
    0 loci had inconsistent alignments to a catalog locus and were excluded.
Outputing to file ./stacks/GAGTGG_GGCATACCAATGCAGG.matches.tsv

Processing sample './stacks/GAGTGG_GGCATCAAGTTGCAGG' [125 of 181]
  Parsing ./stacks/GAGTGG_GGCATCAAGTTGCAGG.tags.tsv
  Parsing ./stacks/GAGTGG_GGCATCAAGTTGCAGG.snps.tsv
  Parsing ./stacks/GAGTGG_GGCATCAAGTTGCAGG.alleles.tsv
Searching for sequence matches...
1322 sample loci compared against the catalog containing 95118 loci.
  709 matching loci, 1 contained no verified haplotypes.
  0 loci matched more than one catalog locus and were excluded.
  1 loci contained SNPs unaccounted for in the catalog and were excluded.
  723 total haplotypes examined from matching loci, 722 verified.
Searching for gapped alignments...
Out of 1322 query loci, 614 gapped alignments attempted.
  575 loci matched one catalog locus; 622 total haplotypes examined, 582 verified.
  39 loci matched no catalog locus;
    31 loci matched more than one catalog locus and were excluded.
    0 loci contained SNPs unaccounted for in the catalog and were excluded.
    0 loci had no verified haplotypes.
    0 loci had inconsistent alignments to a catalog locus and were excluded.
Outputing to file ./stacks/GAGTGG_GGCATCAAGTTGCAGG.matches.tsv

Processing sample './stacks/GAGTGG_GGCCAGTTCATGCAGG' [126 of 181]
  Parsing ./stacks/GAGTGG_GGCCAGTTCATGCAGG.tags.tsv
  Parsing ./stacks/GAGTGG_GGCCAGTTCATGCAGG.snps.tsv
  Parsing ./stacks/GAGTGG_GGCCAGTTCATGCAGG.alleles.tsv
Searching for sequence matches...
1186 sample loci compared against the catalog containing 95118 loci.
  606 matching loci, 0 contained no verified haplotypes.
  0 loci matched more than one catalog locus and were excluded.
  0 loci contained SNPs unaccounted for in the catalog and were excluded.
  615 total haplotypes examined from matching loci, 615 verified.
Searching for gapped alignments...
Out of 1186 query loci, 580 gapped alignments attempted.
  540 loci matched one catalog locus; 596 total haplotypes examined, 556 verified.
  40 loci matched no catalog locus;
    36 loci matched more than one catalog locus and were excluded.
    0 loci contained SNPs unaccounted for in the catalog and were excluded.
    0 loci had no verified haplotypes.
    0 loci had inconsistent alignments to a catalog locus and were excluded.
Outputing to file ./stacks/GAGTGG_GGCCAGTTCATGCAGG.matches.tsv

Processing sample './stacks/GAGTGG_GGCCGAAGTATGCAGG' [127 of 181]
  Parsing ./stacks/GAGTGG_GGCCGAAGTATGCAGG.tags.tsv
  Parsing ./stacks/GAGTGG_GGCCGAAGTATGCAGG.snps.tsv
  Parsing ./stacks/GAGTGG_GGCCGAAGTATGCAGG.alleles.tsv
Searching for sequence matches...
1156 sample loci compared against the catalog containing 95118 loci.
  593 matching loci, 0 contained no verified haplotypes.
  0 loci matched more than one catalog locus and were excluded.
  0 loci contained SNPs unaccounted for in the catalog and were excluded.
  613 total haplotypes examined from matching loci, 613 verified.
Searching for gapped alignments...
Out of 1156 query loci, 563 gapped alignments attempted.
  527 loci matched one catalog locus; 577 total haplotypes examined, 541 verified.
  36 loci matched no catalog locus;
    27 loci matched more than one catalog locus and were excluded.
    0 loci contained SNPs unaccounted for in the catalog and were excluded.
    0 loci had no verified haplotypes.
    0 loci had inconsistent alignments to a catalog locus and were excluded.
Outputing to file ./stacks/GAGTGG_GGCCGAAGTATGCAGG.matches.tsv

Processing sample './stacks/GAGTGG_GGCCGTGAGATGCAGG' [128 of 181]
  Parsing ./stacks/GAGTGG_GGCCGTGAGATGCAGG.tags.tsv
  Parsing ./stacks/GAGTGG_GGCCGTGAGATGCAGG.snps.tsv
  Parsing ./stacks/GAGTGG_GGCCGTGAGATGCAGG.alleles.tsv
Searching for sequence matches...
1120 sample loci compared against the catalog containing 95118 loci.
  543 matching loci, 1 contained no verified haplotypes.
  0 loci matched more than one catalog locus and were excluded.
  1 loci contained SNPs unaccounted for in the catalog and were excluded.
  553 total haplotypes examined from matching loci, 552 verified.
Searching for gapped alignments...
Out of 1120 query loci, 578 gapped alignments attempted.
  526 loci matched one catalog locus; 589 total haplotypes examined, 536 verified.
  52 loci matched no catalog locus;
    46 loci matched more than one catalog locus and were excluded.
    0 loci contained SNPs unaccounted for in the catalog and were excluded.
    0 loci had no verified haplotypes.
    0 loci had inconsistent alignments to a catalog locus and were excluded.
Outputing to file ./stacks/GAGTGG_GGCCGTGAGATGCAGG.matches.tsv

Processing sample './stacks/GAGTGG_GGCCTCCTGATGCAGG' [129 of 181]
  Parsing ./stacks/GAGTGG_GGCCTCCTGATGCAGG.tags.tsv
  Parsing ./stacks/GAGTGG_GGCCTCCTGATGCAGG.snps.tsv
  Parsing ./stacks/GAGTGG_GGCCTCCTGATGCAGG.alleles.tsv
Searching for sequence matches...
1276 sample loci compared against the catalog containing 95118 loci.
  651 matching loci, 1 contained no verified haplotypes.
  0 loci matched more than one catalog locus and were excluded.
  1 loci contained SNPs unaccounted for in the catalog and were excluded.
  664 total haplotypes examined from matching loci, 663 verified.
Searching for gapped alignments...
Out of 1276 query loci, 626 gapped alignments attempted.
  580 loci matched one catalog locus; 638 total haplotypes examined, 590 verified.
  46 loci matched no catalog locus;
    40 loci matched more than one catalog locus and were excluded.
    0 loci contained SNPs unaccounted for in the catalog and were excluded.
    0 loci had no verified haplotypes.
    0 loci had inconsistent alignments to a catalog locus and were excluded.
Outputing to file ./stacks/GAGTGG_GGCCTCCTGATGCAGG.matches.tsv

Processing sample './stacks/GAGTGG_GGCGAACTTATGCAGG' [130 of 181]
  Parsing ./stacks/GAGTGG_GGCGAACTTATGCAGG.tags.tsv
  Parsing ./stacks/GAGTGG_GGCGAACTTATGCAGG.snps.tsv
  Parsing ./stacks/GAGTGG_GGCGAACTTATGCAGG.alleles.tsv
Searching for sequence matches...
1055 sample loci compared against the catalog containing 95118 loci.
  507 matching loci, 0 contained no verified haplotypes.
  0 loci matched more than one catalog locus and were excluded.
  0 loci contained SNPs unaccounted for in the catalog and were excluded.
  522 total haplotypes examined from matching loci, 522 verified.
Searching for gapped alignments...
Out of 1055 query loci, 548 gapped alignments attempted.
  505 loci matched one catalog locus; 562 total haplotypes examined, 519 verified.
  43 loci matched no catalog locus;
    38 loci matched more than one catalog locus and were excluded.
    0 loci contained SNPs unaccounted for in the catalog and were excluded.
    0 loci had no verified haplotypes.
    0 loci had inconsistent alignments to a catalog locus and were excluded.
Outputing to file ./stacks/GAGTGG_GGCGAACTTATGCAGG.matches.tsv

Processing sample './stacks/GTTTCG_GGAAACATCGTGCAGG' [131 of 181]
  Parsing ./stacks/GTTTCG_GGAAACATCGTGCAGG.tags.tsv
  Parsing ./stacks/GTTTCG_GGAAACATCGTGCAGG.snps.tsv
  Parsing ./stacks/GTTTCG_GGAAACATCGTGCAGG.alleles.tsv
Searching for sequence matches...
1673 sample loci compared against the catalog containing 95118 loci.
  1249 matching loci, 0 contained no verified haplotypes.
  0 loci matched more than one catalog locus and were excluded.
  0 loci contained SNPs unaccounted for in the catalog and were excluded.
  1263 total haplotypes examined from matching loci, 1263 verified.
Searching for gapped alignments...
Out of 1673 query loci, 424 gapped alignments attempted.
  415 loci matched one catalog locus; 430 total haplotypes examined, 420 verified.
  9 loci matched no catalog locus;
    8 loci matched more than one catalog locus and were excluded.
    0 loci contained SNPs unaccounted for in the catalog and were excluded.
    0 loci had no verified haplotypes.
    0 loci had inconsistent alignments to a catalog locus and were excluded.
Outputing to file ./stacks/GTTTCG_GGAAACATCGTGCAGG.matches.tsv

Processing sample './stacks/GTTTCG_GGAACAACCATGCAGG' [132 of 181]
  Parsing ./stacks/GTTTCG_GGAACAACCATGCAGG.tags.tsv
  Parsing ./stacks/GTTTCG_GGAACAACCATGCAGG.snps.tsv
  Parsing ./stacks/GTTTCG_GGAACAACCATGCAGG.alleles.tsv
Searching for sequence matches...
1588 sample loci compared against the catalog containing 95118 loci.
  1411 matching loci, 0 contained no verified haplotypes.
  0 loci matched more than one catalog locus and were excluded.
  0 loci contained SNPs unaccounted for in the catalog and were excluded.
  1457 total haplotypes examined from matching loci, 1457 verified.
Searching for gapped alignments...
Out of 1588 query loci, 177 gapped alignments attempted.
  169 loci matched one catalog locus; 177 total haplotypes examined, 169 verified.
  8 loci matched no catalog locus;
    6 loci matched more than one catalog locus and were excluded.
    0 loci contained SNPs unaccounted for in the catalog and were excluded.
    0 loci had no verified haplotypes.
    0 loci had inconsistent alignments to a catalog locus and were excluded.
Outputing to file ./stacks/GTTTCG_GGAACAACCATGCAGG.matches.tsv

Processing sample './stacks/GTTTCG_GGAACGAACGTGCAGG' [133 of 181]
  Parsing ./stacks/GTTTCG_GGAACGAACGTGCAGG.tags.tsv
  Parsing ./stacks/GTTTCG_GGAACGAACGTGCAGG.snps.tsv
  Parsing ./stacks/GTTTCG_GGAACGAACGTGCAGG.alleles.tsv
Searching for sequence matches...
1558 sample loci compared against the catalog containing 95118 loci.
  1430 matching loci, 0 contained no verified haplotypes.
  0 loci matched more than one catalog locus and were excluded.
  0 loci contained SNPs unaccounted for in the catalog and were excluded.
  1471 total haplotypes examined from matching loci, 1471 verified.
Searching for gapped alignments...
Out of 1558 query loci, 128 gapped alignments attempted.
  124 loci matched one catalog locus; 129 total haplotypes examined, 125 verified.
  4 loci matched no catalog locus;
    3 loci matched more than one catalog locus and were excluded.
    0 loci contained SNPs unaccounted for in the catalog and were excluded.
    0 loci had no verified haplotypes.
    0 loci had inconsistent alignments to a catalog locus and were excluded.
Outputing to file ./stacks/GTTTCG_GGAACGAACGTGCAGG.matches.tsv

Processing sample './stacks/GTTTCG_GGAACGCTTATGCAGG' [134 of 181]
  Parsing ./stacks/GTTTCG_GGAACGCTTATGCAGG.tags.tsv
  Parsing ./stacks/GTTTCG_GGAACGCTTATGCAGG.snps.tsv
  Parsing ./stacks/GTTTCG_GGAACGCTTATGCAGG.alleles.tsv
Searching for sequence matches...
1742 sample loci compared against the catalog containing 95118 loci.
  1504 matching loci, 0 contained no verified haplotypes.
  0 loci matched more than one catalog locus and were excluded.
  0 loci contained SNPs unaccounted for in the catalog and were excluded.
  1556 total haplotypes examined from matching loci, 1556 verified.
Searching for gapped alignments...
Out of 1742 query loci, 238 gapped alignments attempted.
  228 loci matched one catalog locus; 246 total haplotypes examined, 236 verified.
  10 loci matched no catalog locus;
    9 loci matched more than one catalog locus and were excluded.
    0 loci contained SNPs unaccounted for in the catalog and were excluded.
    0 loci had no verified haplotypes.
    0 loci had inconsistent alignments to a catalog locus and were excluded.
Outputing to file ./stacks/GTTTCG_GGAACGCTTATGCAGG.matches.tsv

Processing sample './stacks/GTTTCG_GGAACGTGATTGCAGG' [135 of 181]
  Parsing ./stacks/GTTTCG_GGAACGTGATTGCAGG.tags.tsv
  Parsing ./stacks/GTTTCG_GGAACGTGATTGCAGG.snps.tsv
  Parsing ./stacks/GTTTCG_GGAACGTGATTGCAGG.alleles.tsv
Searching for sequence matches...
1588 sample loci compared against the catalog containing 95118 loci.
  1025 matching loci, 0 contained no verified haplotypes.
  0 loci matched more than one catalog locus and were excluded.
  0 loci contained SNPs unaccounted for in the catalog and were excluded.
  1042 total haplotypes examined from matching loci, 1042 verified.
Searching for gapped alignments...
Out of 1588 query loci, 563 gapped alignments attempted.
  528 loci matched one catalog locus; 572 total haplotypes examined, 537 verified.
  35 loci matched no catalog locus;
    31 loci matched more than one catalog locus and were excluded.
    0 loci contained SNPs unaccounted for in the catalog and were excluded.
    0 loci had no verified haplotypes.
    0 loci had inconsistent alignments to a catalog locus and were excluded.
Outputing to file ./stacks/GTTTCG_GGAACGTGATTGCAGG.matches.tsv

Processing sample './stacks/GTTTCG_GGAAGACGGATGCAGG' [136 of 181]
  Parsing ./stacks/GTTTCG_GGAAGACGGATGCAGG.tags.tsv
  Parsing ./stacks/GTTTCG_GGAAGACGGATGCAGG.snps.tsv
  Parsing ./stacks/GTTTCG_GGAAGACGGATGCAGG.alleles.tsv
Searching for sequence matches...
1196 sample loci compared against the catalog containing 95118 loci.
  783 matching loci, 0 contained no verified haplotypes.
  0 loci matched more than one catalog locus and were excluded.
  0 loci contained SNPs unaccounted for in the catalog and were excluded.
  794 total haplotypes examined from matching loci, 794 verified.
Searching for gapped alignments...
Out of 1196 query loci, 413 gapped alignments attempted.
  395 loci matched one catalog locus; 421 total haplotypes examined, 402 verified.
  18 loci matched no catalog locus;
    18 loci matched more than one catalog locus and were excluded.
    0 loci contained SNPs unaccounted for in the catalog and were excluded.
    0 loci had no verified haplotypes.
    0 loci had inconsistent alignments to a catalog locus and were excluded.
Outputing to file ./stacks/GTTTCG_GGAAGACGGATGCAGG.matches.tsv

Processing sample './stacks/GTTTCG_GGAAGGTACATGCAGG' [137 of 181]
  Parsing ./stacks/GTTTCG_GGAAGGTACATGCAGG.tags.tsv
  Parsing ./stacks/GTTTCG_GGAAGGTACATGCAGG.snps.tsv
  Parsing ./stacks/GTTTCG_GGAAGGTACATGCAGG.alleles.tsv
Searching for sequence matches...
1558 sample loci compared against the catalog containing 95118 loci.
  1374 matching loci, 0 contained no verified haplotypes.
  0 loci matched more than one catalog locus and were excluded.
  0 loci contained SNPs unaccounted for in the catalog and were excluded.
  1406 total haplotypes examined from matching loci, 1406 verified.
Searching for gapped alignments...
Out of 1558 query loci, 184 gapped alignments attempted.
  177 loci matched one catalog locus; 186 total haplotypes examined, 179 verified.
  7 loci matched no catalog locus;
    7 loci matched more than one catalog locus and were excluded.
    0 loci contained SNPs unaccounted for in the catalog and were excluded.
    0 loci had no verified haplotypes.
    0 loci had inconsistent alignments to a catalog locus and were excluded.
Outputing to file ./stacks/GTTTCG_GGAAGGTACATGCAGG.matches.tsv

Processing sample './stacks/GTTTCG_GGACAAGCTATGCAGG' [138 of 181]
  Parsing ./stacks/GTTTCG_GGACAAGCTATGCAGG.tags.tsv
  Parsing ./stacks/GTTTCG_GGACAAGCTATGCAGG.snps.tsv
  Parsing ./stacks/GTTTCG_GGACAAGCTATGCAGG.alleles.tsv
Searching for sequence matches...
1220 sample loci compared against the catalog containing 95118 loci.
  772 matching loci, 0 contained no verified haplotypes.
  0 loci matched more than one catalog locus and were excluded.
  0 loci contained SNPs unaccounted for in the catalog and were excluded.
  784 total haplotypes examined from matching loci, 784 verified.
Searching for gapped alignments...
Out of 1220 query loci, 448 gapped alignments attempted.
  413 loci matched one catalog locus; 466 total haplotypes examined, 429 verified.
  35 loci matched no catalog locus;
    30 loci matched more than one catalog locus and were excluded.
    0 loci contained SNPs unaccounted for in the catalog and were excluded.
    0 loci had no verified haplotypes.
    0 loci had inconsistent alignments to a catalog locus and were excluded.
Outputing to file ./stacks/GTTTCG_GGACAAGCTATGCAGG.matches.tsv

Processing sample './stacks/GTTTCG_GGACATTGGCTGCAGG' [139 of 181]
  Parsing ./stacks/GTTTCG_GGACATTGGCTGCAGG.tags.tsv
  Parsing ./stacks/GTTTCG_GGACATTGGCTGCAGG.snps.tsv
  Parsing ./stacks/GTTTCG_GGACATTGGCTGCAGG.alleles.tsv
Searching for sequence matches...
1521 sample loci compared against the catalog containing 95118 loci.
  1147 matching loci, 0 contained no verified haplotypes.
  0 loci matched more than one catalog locus and were excluded.
  0 loci contained SNPs unaccounted for in the catalog and were excluded.
  1160 total haplotypes examined from matching loci, 1160 verified.
Searching for gapped alignments...
Out of 1521 query loci, 374 gapped alignments attempted.
  357 loci matched one catalog locus; 381 total haplotypes examined, 363 verified.
  17 loci matched no catalog locus;
    16 loci matched more than one catalog locus and were excluded.
    0 loci contained SNPs unaccounted for in the catalog and were excluded.
    0 loci had no verified haplotypes.
    0 loci had inconsistent alignments to a catalog locus and were excluded.
Outputing to file ./stacks/GTTTCG_GGACATTGGCTGCAGG.matches.tsv

Processing sample './stacks/GTTTCG_GGACCACTGTTGCAGG' [140 of 181]
  Parsing ./stacks/GTTTCG_GGACCACTGTTGCAGG.tags.tsv
  Parsing ./stacks/GTTTCG_GGACCACTGTTGCAGG.snps.tsv
  Parsing ./stacks/GTTTCG_GGACCACTGTTGCAGG.alleles.tsv
Searching for sequence matches...
1456 sample loci compared against the catalog containing 95118 loci.
  1160 matching loci, 0 contained no verified haplotypes.
  0 loci matched more than one catalog locus and were excluded.
  0 loci contained SNPs unaccounted for in the catalog and were excluded.
  1184 total haplotypes examined from matching loci, 1184 verified.
Searching for gapped alignments...
Out of 1456 query loci, 296 gapped alignments attempted.
  282 loci matched one catalog locus; 298 total haplotypes examined, 284 verified.
  14 loci matched no catalog locus;
    14 loci matched more than one catalog locus and were excluded.
    0 loci contained SNPs unaccounted for in the catalog and were excluded.
    0 loci had no verified haplotypes.
    0 loci had inconsistent alignments to a catalog locus and were excluded.
Outputing to file ./stacks/GTTTCG_GGACCACTGTTGCAGG.matches.tsv

Processing sample './stacks/GTTTCG_GGACCTCCAATGCAGG' [141 of 181]
  Parsing ./stacks/GTTTCG_GGACCTCCAATGCAGG.tags.tsv
  Parsing ./stacks/GTTTCG_GGACCTCCAATGCAGG.snps.tsv
  Parsing ./stacks/GTTTCG_GGACCTCCAATGCAGG.alleles.tsv
Searching for sequence matches...
1275 sample loci compared against the catalog containing 95118 loci.
  1021 matching loci, 0 contained no verified haplotypes.
  0 loci matched more than one catalog locus and were excluded.
  0 loci contained SNPs unaccounted for in the catalog and were excluded.
  1037 total haplotypes examined from matching loci, 1037 verified.
Searching for gapped alignments...
Out of 1275 query loci, 254 gapped alignments attempted.
  241 loci matched one catalog locus; 258 total haplotypes examined, 244 verified.
  13 loci matched no catalog locus;
    9 loci matched more than one catalog locus and were excluded.
    1 loci contained SNPs unaccounted for in the catalog and were excluded.
    0 loci had no verified haplotypes.
    0 loci had inconsistent alignments to a catalog locus and were excluded.
Outputing to file ./stacks/GTTTCG_GGACCTCCAATGCAGG.matches.tsv

Processing sample './stacks/GTTTCG_GGAGAGTCAATGCAGG' [142 of 181]
  Parsing ./stacks/GTTTCG_GGAGAGTCAATGCAGG.tags.tsv
  Parsing ./stacks/GTTTCG_GGAGAGTCAATGCAGG.snps.tsv
  Parsing ./stacks/GTTTCG_GGAGAGTCAATGCAGG.alleles.tsv
Searching for sequence matches...
1074 sample loci compared against the catalog containing 95118 loci.
  775 matching loci, 0 contained no verified haplotypes.
  0 loci matched more than one catalog locus and were excluded.
  0 loci contained SNPs unaccounted for in the catalog and were excluded.
  787 total haplotypes examined from matching loci, 787 verified.
Searching for gapped alignments...
Out of 1074 query loci, 299 gapped alignments attempted.
  277 loci matched one catalog locus; 303 total haplotypes examined, 281 verified.
  22 loci matched no catalog locus;
    19 loci matched more than one catalog locus and were excluded.
    0 loci contained SNPs unaccounted for in the catalog and were excluded.
    0 loci had no verified haplotypes.
    0 loci had inconsistent alignments to a catalog locus and were excluded.
Outputing to file ./stacks/GTTTCG_GGAGAGTCAATGCAGG.matches.tsv

Processing sample './stacks/GTTTCG_GGAGATCGCATGCAGG' [143 of 181]
  Parsing ./stacks/GTTTCG_GGAGATCGCATGCAGG.tags.tsv
  Parsing ./stacks/GTTTCG_GGAGATCGCATGCAGG.snps.tsv
  Parsing ./stacks/GTTTCG_GGAGATCGCATGCAGG.alleles.tsv
Searching for sequence matches...
979 sample loci compared against the catalog containing 95118 loci.
  643 matching loci, 0 contained no verified haplotypes.
  0 loci matched more than one catalog locus and were excluded.
  0 loci contained SNPs unaccounted for in the catalog and were excluded.
  654 total haplotypes examined from matching loci, 654 verified.
Searching for gapped alignments...
Out of 979 query loci, 336 gapped alignments attempted.
  308 loci matched one catalog locus; 342 total haplotypes examined, 314 verified.
  28 loci matched no catalog locus;
    21 loci matched more than one catalog locus and were excluded.
    0 loci contained SNPs unaccounted for in the catalog and were excluded.
    0 loci had no verified haplotypes.
    0 loci had inconsistent alignments to a catalog locus and were excluded.
Outputing to file ./stacks/GTTTCG_GGAGATCGCATGCAGG.matches.tsv

Processing sample './stacks/GTTTCG_GGAGCAGGAATGCAGG' [144 of 181]
  Parsing ./stacks/GTTTCG_GGAGCAGGAATGCAGG.tags.tsv
  Parsing ./stacks/GTTTCG_GGAGCAGGAATGCAGG.snps.tsv
  Parsing ./stacks/GTTTCG_GGAGCAGGAATGCAGG.alleles.tsv
Searching for sequence matches...
1179 sample loci compared against the catalog containing 95118 loci.
  633 matching loci, 0 contained no verified haplotypes.
  0 loci matched more than one catalog locus and were excluded.
  0 loci contained SNPs unaccounted for in the catalog and were excluded.
  644 total haplotypes examined from matching loci, 644 verified.
Searching for gapped alignments...
Out of 1179 query loci, 546 gapped alignments attempted.
  509 loci matched one catalog locus; 556 total haplotypes examined, 517 verified.
  37 loci matched no catalog locus;
    35 loci matched more than one catalog locus and were excluded.
    1 loci contained SNPs unaccounted for in the catalog and were excluded.
    0 loci had no verified haplotypes.
    0 loci had inconsistent alignments to a catalog locus and were excluded.
Outputing to file ./stacks/GTTTCG_GGAGCAGGAATGCAGG.matches.tsv

Processing sample './stacks/GTTTCG_GGAGTACAAGTGCAGG' [145 of 181]
  Parsing ./stacks/GTTTCG_GGAGTACAAGTGCAGG.tags.tsv
  Parsing ./stacks/GTTTCG_GGAGTACAAGTGCAGG.snps.tsv
  Parsing ./stacks/GTTTCG_GGAGTACAAGTGCAGG.alleles.tsv
Searching for sequence matches...
1642 sample loci compared against the catalog containing 95118 loci.
  1351 matching loci, 0 contained no verified haplotypes.
  0 loci matched more than one catalog locus and were excluded.
  0 loci contained SNPs unaccounted for in the catalog and were excluded.
  1390 total haplotypes examined from matching loci, 1390 verified.
Searching for gapped alignments...
Out of 1642 query loci, 291 gapped alignments attempted.
  277 loci matched one catalog locus; 299 total haplotypes examined, 285 verified.
  14 loci matched no catalog locus;
    12 loci matched more than one catalog locus and were excluded.
    0 loci contained SNPs unaccounted for in the catalog and were excluded.
    0 loci had no verified haplotypes.
    0 loci had inconsistent alignments to a catalog locus and were excluded.
Outputing to file ./stacks/GTTTCG_GGAGTACAAGTGCAGG.matches.tsv

Processing sample './stacks/GTTTCG_GGAGTCACTATGCAGG' [146 of 181]
  Parsing ./stacks/GTTTCG_GGAGTCACTATGCAGG.tags.tsv
  Parsing ./stacks/GTTTCG_GGAGTCACTATGCAGG.snps.tsv
  Parsing ./stacks/GTTTCG_GGAGTCACTATGCAGG.alleles.tsv
Searching for sequence matches...
917 sample loci compared against the catalog containing 95118 loci.
  527 matching loci, 0 contained no verified haplotypes.
  0 loci matched more than one catalog locus and were excluded.
  0 loci contained SNPs unaccounted for in the catalog and were excluded.
  538 total haplotypes examined from matching loci, 538 verified.
Searching for gapped alignments...
Out of 917 query loci, 390 gapped alignments attempted.
  366 loci matched one catalog locus; 393 total haplotypes examined, 368 verified.
  24 loci matched no catalog locus;
    22 loci matched more than one catalog locus and were excluded.
    0 loci contained SNPs unaccounted for in the catalog and were excluded.
    0 loci had no verified haplotypes.
    0 loci had inconsistent alignments to a catalog locus and were excluded.
Outputing to file ./stacks/GTTTCG_GGAGTCACTATGCAGG.matches.tsv

Processing sample './stacks/GTTTCG_GGAGTGGTCATGCAGG' [147 of 181]
  Parsing ./stacks/GTTTCG_GGAGTGGTCATGCAGG.tags.tsv
  Parsing ./stacks/GTTTCG_GGAGTGGTCATGCAGG.snps.tsv
  Parsing ./stacks/GTTTCG_GGAGTGGTCATGCAGG.alleles.tsv
Searching for sequence matches...
1763 sample loci compared against the catalog containing 95118 loci.
  1431 matching loci, 0 contained no verified haplotypes.
  0 loci matched more than one catalog locus and were excluded.
  0 loci contained SNPs unaccounted for in the catalog and were excluded.
  1456 total haplotypes examined from matching loci, 1456 verified.
Searching for gapped alignments...
Out of 1763 query loci, 332 gapped alignments attempted.
  317 loci matched one catalog locus; 340 total haplotypes examined, 325 verified.
  15 loci matched no catalog locus;
    15 loci matched more than one catalog locus and were excluded.
    0 loci contained SNPs unaccounted for in the catalog and were excluded.
    0 loci had no verified haplotypes.
    0 loci had inconsistent alignments to a catalog locus and were excluded.
Outputing to file ./stacks/GTTTCG_GGAGTGGTCATGCAGG.matches.tsv

Processing sample './stacks/GTTTCG_GGATCCTGTATGCAGG' [148 of 181]
  Parsing ./stacks/GTTTCG_GGATCCTGTATGCAGG.tags.tsv
  Parsing ./stacks/GTTTCG_GGATCCTGTATGCAGG.snps.tsv
  Parsing ./stacks/GTTTCG_GGATCCTGTATGCAGG.alleles.tsv
Searching for sequence matches...
1033 sample loci compared against the catalog containing 95118 loci.
  585 matching loci, 0 contained no verified haplotypes.
  0 loci matched more than one catalog locus and were excluded.
  0 loci contained SNPs unaccounted for in the catalog and were excluded.
  599 total haplotypes examined from matching loci, 599 verified.
Searching for gapped alignments...
Out of 1033 query loci, 448 gapped alignments attempted.
  409 loci matched one catalog locus; 455 total haplotypes examined, 415 verified.
  39 loci matched no catalog locus;
    33 loci matched more than one catalog locus and were excluded.
    0 loci contained SNPs unaccounted for in the catalog and were excluded.
    0 loci had no verified haplotypes.
    0 loci had inconsistent alignments to a catalog locus and were excluded.
Outputing to file ./stacks/GTTTCG_GGATCCTGTATGCAGG.matches.tsv

Processing sample './stacks/GTTTCG_GGATGCCTAATGCAGG' [149 of 181]
  Parsing ./stacks/GTTTCG_GGATGCCTAATGCAGG.tags.tsv
  Parsing ./stacks/GTTTCG_GGATGCCTAATGCAGG.snps.tsv
  Parsing ./stacks/GTTTCG_GGATGCCTAATGCAGG.alleles.tsv
Searching for sequence matches...
1078 sample loci compared against the catalog containing 95118 loci.
  752 matching loci, 0 contained no verified haplotypes.
  0 loci matched more than one catalog locus and were excluded.
  0 loci contained SNPs unaccounted for in the catalog and were excluded.
  762 total haplotypes examined from matching loci, 762 verified.
Searching for gapped alignments...
Out of 1078 query loci, 326 gapped alignments attempted.
  312 loci matched one catalog locus; 331 total haplotypes examined, 317 verified.
  14 loci matched no catalog locus;
    13 loci matched more than one catalog locus and were excluded.
    0 loci contained SNPs unaccounted for in the catalog and were excluded.
    0 loci had no verified haplotypes.
    0 loci had inconsistent alignments to a catalog locus and were excluded.
Outputing to file ./stacks/GTTTCG_GGATGCCTAATGCAGG.matches.tsv

Processing sample './stacks/GTTTCG_GGATTGAGGATGCAGG' [150 of 181]
  Parsing ./stacks/GTTTCG_GGATTGAGGATGCAGG.tags.tsv
  Parsing ./stacks/GTTTCG_GGATTGAGGATGCAGG.snps.tsv
  Parsing ./stacks/GTTTCG_GGATTGAGGATGCAGG.alleles.tsv
Searching for sequence matches...
1494 sample loci compared against the catalog containing 95118 loci.
  1265 matching loci, 0 contained no verified haplotypes.
  0 loci matched more than one catalog locus and were excluded.
  0 loci contained SNPs unaccounted for in the catalog and were excluded.
  1282 total haplotypes examined from matching loci, 1282 verified.
Searching for gapped alignments...
Out of 1494 query loci, 229 gapped alignments attempted.
  212 loci matched one catalog locus; 232 total haplotypes examined, 215 verified.
  17 loci matched no catalog locus;
    17 loci matched more than one catalog locus and were excluded.
    0 loci contained SNPs unaccounted for in the catalog and were excluded.
    0 loci had no verified haplotypes.
    0 loci had inconsistent alignments to a catalog locus and were excluded.
Outputing to file ./stacks/GTTTCG_GGATTGAGGATGCAGG.matches.tsv

Processing sample './stacks/GTTTCG_GGCAACCACATGCAGG' [151 of 181]
  Parsing ./stacks/GTTTCG_GGCAACCACATGCAGG.tags.tsv
  Parsing ./stacks/GTTTCG_GGCAACCACATGCAGG.snps.tsv
  Parsing ./stacks/GTTTCG_GGCAACCACATGCAGG.alleles.tsv
Searching for sequence matches...
1120 sample loci compared against the catalog containing 95118 loci.
  665 matching loci, 0 contained no verified haplotypes.
  0 loci matched more than one catalog locus and were excluded.
  0 loci contained SNPs unaccounted for in the catalog and were excluded.
  681 total haplotypes examined from matching loci, 681 verified.
Searching for gapped alignments...
Out of 1120 query loci, 455 gapped alignments attempted.
  436 loci matched one catalog locus; 464 total haplotypes examined, 444 verified.
  19 loci matched no catalog locus;
    18 loci matched more than one catalog locus and were excluded.
    0 loci contained SNPs unaccounted for in the catalog and were excluded.
    0 loci had no verified haplotypes.
    0 loci had inconsistent alignments to a catalog locus and were excluded.
Outputing to file ./stacks/GTTTCG_GGCAACCACATGCAGG.matches.tsv

Processing sample './stacks/GTTTCG_GGCAGATCTGTGCAGG' [152 of 181]
  Parsing ./stacks/GTTTCG_GGCAGATCTGTGCAGG.tags.tsv
  Parsing ./stacks/GTTTCG_GGCAGATCTGTGCAGG.snps.tsv
  Parsing ./stacks/GTTTCG_GGCAGATCTGTGCAGG.alleles.tsv
Searching for sequence matches...
1425 sample loci compared against the catalog containing 95118 loci.
  1116 matching loci, 0 contained no verified haplotypes.
  0 loci matched more than one catalog locus and were excluded.
  0 loci contained SNPs unaccounted for in the catalog and were excluded.
  1149 total haplotypes examined from matching loci, 1149 verified.
Searching for gapped alignments...
Out of 1425 query loci, 309 gapped alignments attempted.
  290 loci matched one catalog locus; 312 total haplotypes examined, 293 verified.
  19 loci matched no catalog locus;
    17 loci matched more than one catalog locus and were excluded.
    0 loci contained SNPs unaccounted for in the catalog and were excluded.
    0 loci had no verified haplotypes.
    0 loci had inconsistent alignments to a catalog locus and were excluded.
Outputing to file ./stacks/GTTTCG_GGCAGATCTGTGCAGG.matches.tsv

Processing sample './stacks/GTTTCG_GGCATCAAGTTGCAGG' [153 of 181]
  Parsing ./stacks/GTTTCG_GGCATCAAGTTGCAGG.tags.tsv
  Parsing ./stacks/GTTTCG_GGCATCAAGTTGCAGG.snps.tsv
  Parsing ./stacks/GTTTCG_GGCATCAAGTTGCAGG.alleles.tsv
Searching for sequence matches...
1578 sample loci compared against the catalog containing 95118 loci.
  1320 matching loci, 0 contained no verified haplotypes.
  0 loci matched more than one catalog locus and were excluded.
  0 loci contained SNPs unaccounted for in the catalog and were excluded.
  1369 total haplotypes examined from matching loci, 1369 verified.
Searching for gapped alignments...
Out of 1578 query loci, 258 gapped alignments attempted.
  254 loci matched one catalog locus; 267 total haplotypes examined, 263 verified.
  4 loci matched no catalog locus;
    4 loci matched more than one catalog locus and were excluded.
    0 loci contained SNPs unaccounted for in the catalog and were excluded.
    0 loci had no verified haplotypes.
    0 loci had inconsistent alignments to a catalog locus and were excluded.
Outputing to file ./stacks/GTTTCG_GGCATCAAGTTGCAGG.matches.tsv

Processing sample './stacks/GTTTCG_GGCCAGTTCATGCAGG' [154 of 181]
  Parsing ./stacks/GTTTCG_GGCCAGTTCATGCAGG.tags.tsv
  Parsing ./stacks/GTTTCG_GGCCAGTTCATGCAGG.snps.tsv
  Parsing ./stacks/GTTTCG_GGCCAGTTCATGCAGG.alleles.tsv
Searching for sequence matches...
1149 sample loci compared against the catalog containing 95118 loci.
  618 matching loci, 0 contained no verified haplotypes.
  0 loci matched more than one catalog locus and were excluded.
  0 loci contained SNPs unaccounted for in the catalog and were excluded.
  651 total haplotypes examined from matching loci, 651 verified.
Searching for gapped alignments...
Out of 1149 query loci, 531 gapped alignments attempted.
  504 loci matched one catalog locus; 548 total haplotypes examined, 521 verified.
  27 loci matched no catalog locus;
    23 loci matched more than one catalog locus and were excluded.
    0 loci contained SNPs unaccounted for in the catalog and were excluded.
    0 loci had no verified haplotypes.
    0 loci had inconsistent alignments to a catalog locus and were excluded.
Outputing to file ./stacks/GTTTCG_GGCCAGTTCATGCAGG.matches.tsv

Processing sample './stacks/GTTTCG_GGCCGTGAGATGCAGG' [155 of 181]
  Parsing ./stacks/GTTTCG_GGCCGTGAGATGCAGG.tags.tsv
  Parsing ./stacks/GTTTCG_GGCCGTGAGATGCAGG.snps.tsv
  Parsing ./stacks/GTTTCG_GGCCGTGAGATGCAGG.alleles.tsv
Searching for sequence matches...
1412 sample loci compared against the catalog containing 95118 loci.
  791 matching loci, 0 contained no verified haplotypes.
  0 loci matched more than one catalog locus and were excluded.
  0 loci contained SNPs unaccounted for in the catalog and were excluded.
  811 total haplotypes examined from matching loci, 811 verified.
Searching for gapped alignments...
Out of 1412 query loci, 621 gapped alignments attempted.
  595 loci matched one catalog locus; 626 total haplotypes examined, 600 verified.
  26 loci matched no catalog locus;
    24 loci matched more than one catalog locus and were excluded.
    0 loci contained SNPs unaccounted for in the catalog and were excluded.
    0 loci had no verified haplotypes.
    0 loci had inconsistent alignments to a catalog locus and were excluded.
Outputing to file ./stacks/GTTTCG_GGCCGTGAGATGCAGG.matches.tsv

Processing sample './stacks/GTTTCG_GGCGAACTTATGCAGG' [156 of 181]
  Parsing ./stacks/GTTTCG_GGCGAACTTATGCAGG.tags.tsv
  Parsing ./stacks/GTTTCG_GGCGAACTTATGCAGG.snps.tsv
  Parsing ./stacks/GTTTCG_GGCGAACTTATGCAGG.alleles.tsv
Searching for sequence matches...
1444 sample loci compared against the catalog containing 95118 loci.
  810 matching loci, 0 contained no verified haplotypes.
  0 loci matched more than one catalog locus and were excluded.
  0 loci contained SNPs unaccounted for in the catalog and were excluded.
  823 total haplotypes examined from matching loci, 823 verified.
Searching for gapped alignments...
Out of 1444 query loci, 634 gapped alignments attempted.
  609 loci matched one catalog locus; 643 total haplotypes examined, 617 verified.
  25 loci matched no catalog locus;
    21 loci matched more than one catalog locus and were excluded.
    0 loci contained SNPs unaccounted for in the catalog and were excluded.
    0 loci had no verified haplotypes.
    0 loci had inconsistent alignments to a catalog locus and were excluded.
Outputing to file ./stacks/GTTTCG_GGCGAACTTATGCAGG.matches.tsv

Processing sample './stacks/GTTTCG_GGCGACTGGATGCAGG' [157 of 181]
  Parsing ./stacks/GTTTCG_GGCGACTGGATGCAGG.tags.tsv
  Parsing ./stacks/GTTTCG_GGCGACTGGATGCAGG.snps.tsv
  Parsing ./stacks/GTTTCG_GGCGACTGGATGCAGG.alleles.tsv
Searching for sequence matches...
1031 sample loci compared against the catalog containing 95118 loci.
  749 matching loci, 0 contained no verified haplotypes.
  0 loci matched more than one catalog locus and were excluded.
  0 loci contained SNPs unaccounted for in the catalog and were excluded.
  757 total haplotypes examined from matching loci, 757 verified.
Searching for gapped alignments...
Out of 1031 query loci, 282 gapped alignments attempted.
  265 loci matched one catalog locus; 284 total haplotypes examined, 267 verified.
  17 loci matched no catalog locus;
    15 loci matched more than one catalog locus and were excluded.
    0 loci contained SNPs unaccounted for in the catalog and were excluded.
    0 loci had no verified haplotypes.
    0 loci had inconsistent alignments to a catalog locus and were excluded.
Outputing to file ./stacks/GTTTCG_GGCGACTGGATGCAGG.matches.tsv

Processing sample './stacks/GTTTCG_GGCGCATACATGCAGG' [158 of 181]
  Parsing ./stacks/GTTTCG_GGCGCATACATGCAGG.tags.tsv
  Parsing ./stacks/GTTTCG_GGCGCATACATGCAGG.snps.tsv
  Parsing ./stacks/GTTTCG_GGCGCATACATGCAGG.alleles.tsv
Searching for sequence matches...
1015 sample loci compared against the catalog containing 95118 loci.
  542 matching loci, 0 contained no verified haplotypes.
  0 loci matched more than one catalog locus and were excluded.
  0 loci contained SNPs unaccounted for in the catalog and were excluded.
  550 total haplotypes examined from matching loci, 550 verified.
Searching for gapped alignments...
Out of 1015 query loci, 473 gapped alignments attempted.
  449 loci matched one catalog locus; 483 total haplotypes examined, 459 verified.
  24 loci matched no catalog locus;
    20 loci matched more than one catalog locus and were excluded.
    0 loci contained SNPs unaccounted for in the catalog and were excluded.
    0 loci had no verified haplotypes.
    0 loci had inconsistent alignments to a catalog locus and were excluded.
Outputing to file ./stacks/GTTTCG_GGCGCATACATGCAGG.matches.tsv

Processing sample './stacks/GTTTCG_GGCGCTGATCTGCAGG' [159 of 181]
  Parsing ./stacks/GTTTCG_GGCGCTGATCTGCAGG.tags.tsv
  Parsing ./stacks/GTTTCG_GGCGCTGATCTGCAGG.snps.tsv
  Parsing ./stacks/GTTTCG_GGCGCTGATCTGCAGG.alleles.tsv
Searching for sequence matches...
1735 sample loci compared against the catalog containing 95118 loci.
  1500 matching loci, 0 contained no verified haplotypes.
  0 loci matched more than one catalog locus and were excluded.
  0 loci contained SNPs unaccounted for in the catalog and were excluded.
  1530 total haplotypes examined from matching loci, 1530 verified.
Searching for gapped alignments...
Out of 1735 query loci, 235 gapped alignments attempted.
  221 loci matched one catalog locus; 240 total haplotypes examined, 226 verified.
  14 loci matched no catalog locus;
    13 loci matched more than one catalog locus and were excluded.
    0 loci contained SNPs unaccounted for in the catalog and were excluded.
    0 loci had no verified haplotypes.
    0 loci had inconsistent alignments to a catalog locus and were excluded.
Outputing to file ./stacks/GTTTCG_GGCGCTGATCTGCAGG.matches.tsv

Processing sample './stacks/GTTTCG_GGCTCAATGATGCAGG' [160 of 181]
  Parsing ./stacks/GTTTCG_GGCTCAATGATGCAGG.tags.tsv
  Parsing ./stacks/GTTTCG_GGCTCAATGATGCAGG.snps.tsv
  Parsing ./stacks/GTTTCG_GGCTCAATGATGCAGG.alleles.tsv
Searching for sequence matches...
1229 sample loci compared against the catalog containing 95118 loci.
  678 matching loci, 0 contained no verified haplotypes.
  0 loci matched more than one catalog locus and were excluded.
  0 loci contained SNPs unaccounted for in the catalog and were excluded.
  691 total haplotypes examined from matching loci, 691 verified.
Searching for gapped alignments...
Out of 1229 query loci, 551 gapped alignments attempted.
  520 loci matched one catalog locus; 566 total haplotypes examined, 535 verified.
  31 loci matched no catalog locus;
    30 loci matched more than one catalog locus and were excluded.
    0 loci contained SNPs unaccounted for in the catalog and were excluded.
    0 loci had no verified haplotypes.
    0 loci had inconsistent alignments to a catalog locus and were excluded.
Outputing to file ./stacks/GTTTCG_GGCTCAATGATGCAGG.matches.tsv

Processing sample './stacks/GTTTCG_GGCTGAGCCATGCAGG' [161 of 181]
  Parsing ./stacks/GTTTCG_GGCTGAGCCATGCAGG.tags.tsv
  Parsing ./stacks/GTTTCG_GGCTGAGCCATGCAGG.snps.tsv
  Parsing ./stacks/GTTTCG_GGCTGAGCCATGCAGG.alleles.tsv
Searching for sequence matches...
1252 sample loci compared against the catalog containing 95118 loci.
  773 matching loci, 0 contained no verified haplotypes.
  0 loci matched more than one catalog locus and were excluded.
  0 loci contained SNPs unaccounted for in the catalog and were excluded.
  788 total haplotypes examined from matching loci, 788 verified.
Searching for gapped alignments...
Out of 1252 query loci, 479 gapped alignments attempted.
  455 loci matched one catalog locus; 488 total haplotypes examined, 464 verified.
  24 loci matched no catalog locus;
    22 loci matched more than one catalog locus and were excluded.
    0 loci contained SNPs unaccounted for in the catalog and were excluded.
    0 loci had no verified haplotypes.
    0 loci had inconsistent alignments to a catalog locus and were excluded.
Outputing to file ./stacks/GTTTCG_GGCTGAGCCATGCAGG.matches.tsv

Processing sample './stacks/GTTTCG_GGCTGGCATATGCAGG' [162 of 181]
  Parsing ./stacks/GTTTCG_GGCTGGCATATGCAGG.tags.tsv
  Parsing ./stacks/GTTTCG_GGCTGGCATATGCAGG.snps.tsv
  Parsing ./stacks/GTTTCG_GGCTGGCATATGCAGG.alleles.tsv
Searching for sequence matches...
1369 sample loci compared against the catalog containing 95118 loci.
  795 matching loci, 0 contained no verified haplotypes.
  0 loci matched more than one catalog locus and were excluded.
  0 loci contained SNPs unaccounted for in the catalog and were excluded.
  811 total haplotypes examined from matching loci, 811 verified.
Searching for gapped alignments...
Out of 1369 query loci, 574 gapped alignments attempted.
  519 loci matched one catalog locus; 584 total haplotypes examined, 529 verified.
  55 loci matched no catalog locus;
    52 loci matched more than one catalog locus and were excluded.
    0 loci contained SNPs unaccounted for in the catalog and were excluded.
    0 loci had no verified haplotypes.
    0 loci had inconsistent alignments to a catalog locus and were excluded.
Outputing to file ./stacks/GTTTCG_GGCTGGCATATGCAGG.matches.tsv

Processing sample './stacks/GTTTCG_GGGAATCTGATGCAGG' [163 of 181]
  Parsing ./stacks/GTTTCG_GGGAATCTGATGCAGG.tags.tsv
  Parsing ./stacks/GTTTCG_GGGAATCTGATGCAGG.snps.tsv
  Parsing ./stacks/GTTTCG_GGGAATCTGATGCAGG.alleles.tsv
Searching for sequence matches...
1557 sample loci compared against the catalog containing 95118 loci.
  1118 matching loci, 0 contained no verified haplotypes.
  0 loci matched more than one catalog locus and were excluded.
  0 loci contained SNPs unaccounted for in the catalog and were excluded.
  1135 total haplotypes examined from matching loci, 1135 verified.
Searching for gapped alignments...
Out of 1557 query loci, 439 gapped alignments attempted.
  423 loci matched one catalog locus; 447 total haplotypes examined, 430 verified.
  16 loci matched no catalog locus;
    15 loci matched more than one catalog locus and were excluded.
    0 loci contained SNPs unaccounted for in the catalog and were excluded.
    0 loci had no verified haplotypes.
    0 loci had inconsistent alignments to a catalog locus and were excluded.
Outputing to file ./stacks/GTTTCG_GGGAATCTGATGCAGG.matches.tsv

Processing sample './stacks/GTTTCG_GGGAGCTGAATGCAGG' [164 of 181]
  Parsing ./stacks/GTTTCG_GGGAGCTGAATGCAGG.tags.tsv
  Parsing ./stacks/GTTTCG_GGGAGCTGAATGCAGG.snps.tsv
  Parsing ./stacks/GTTTCG_GGGAGCTGAATGCAGG.alleles.tsv
Searching for sequence matches...
1399 sample loci compared against the catalog containing 95118 loci.
  821 matching loci, 0 contained no verified haplotypes.
  0 loci matched more than one catalog locus and were excluded.
  0 loci contained SNPs unaccounted for in the catalog and were excluded.
  834 total haplotypes examined from matching loci, 834 verified.
Searching for gapped alignments...
Out of 1399 query loci, 578 gapped alignments attempted.
  553 loci matched one catalog locus; 591 total haplotypes examined, 565 verified.
  25 loci matched no catalog locus;
    23 loci matched more than one catalog locus and were excluded.
    0 loci contained SNPs unaccounted for in the catalog and were excluded.
    0 loci had no verified haplotypes.
    0 loci had inconsistent alignments to a catalog locus and were excluded.
Outputing to file ./stacks/GTTTCG_GGGAGCTGAATGCAGG.matches.tsv

Processing sample './stacks/GTTTCG_GGGATAGACATGCAGG' [165 of 181]
  Parsing ./stacks/GTTTCG_GGGATAGACATGCAGG.tags.tsv
  Parsing ./stacks/GTTTCG_GGGATAGACATGCAGG.snps.tsv
  Parsing ./stacks/GTTTCG_GGGATAGACATGCAGG.alleles.tsv
Searching for sequence matches...
1372 sample loci compared against the catalog containing 95118 loci.
  759 matching loci, 0 contained no verified haplotypes.
  0 loci matched more than one catalog locus and were excluded.
  0 loci contained SNPs unaccounted for in the catalog and were excluded.
  775 total haplotypes examined from matching loci, 775 verified.
Searching for gapped alignments...
Out of 1372 query loci, 613 gapped alignments attempted.
  581 loci matched one catalog locus; 621 total haplotypes examined, 589 verified.
  32 loci matched no catalog locus;
    29 loci matched more than one catalog locus and were excluded.
    0 loci contained SNPs unaccounted for in the catalog and were excluded.
    0 loci had no verified haplotypes.
    0 loci had inconsistent alignments to a catalog locus and were excluded.
Outputing to file ./stacks/GTTTCG_GGGATAGACATGCAGG.matches.tsv

Processing sample './stacks/GTTTCG_GGGCCACATATGCAGG' [166 of 181]
  Parsing ./stacks/GTTTCG_GGGCCACATATGCAGG.tags.tsv
  Parsing ./stacks/GTTTCG_GGGCCACATATGCAGG.snps.tsv
  Parsing ./stacks/GTTTCG_GGGCCACATATGCAGG.alleles.tsv
Searching for sequence matches...
1431 sample loci compared against the catalog containing 95118 loci.
  780 matching loci, 0 contained no verified haplotypes.
  0 loci matched more than one catalog locus and were excluded.
  0 loci contained SNPs unaccounted for in the catalog and were excluded.
  786 total haplotypes examined from matching loci, 786 verified.
Searching for gapped alignments...
Out of 1431 query loci, 651 gapped alignments attempted.
  623 loci matched one catalog locus; 658 total haplotypes examined, 630 verified.
  28 loci matched no catalog locus;
    25 loci matched more than one catalog locus and were excluded.
    0 loci contained SNPs unaccounted for in the catalog and were excluded.
    0 loci had no verified haplotypes.
    0 loci had inconsistent alignments to a catalog locus and were excluded.
Outputing to file ./stacks/GTTTCG_GGGCCACATATGCAGG.matches.tsv

Processing sample './stacks/GTTTCG_GGGCGAGTAATGCAGG' [167 of 181]
  Parsing ./stacks/GTTTCG_GGGCGAGTAATGCAGG.tags.tsv
  Parsing ./stacks/GTTTCG_GGGCGAGTAATGCAGG.snps.tsv
  Parsing ./stacks/GTTTCG_GGGCGAGTAATGCAGG.alleles.tsv
Searching for sequence matches...
1560 sample loci compared against the catalog containing 95118 loci.
  959 matching loci, 0 contained no verified haplotypes.
  0 loci matched more than one catalog locus and were excluded.
  0 loci contained SNPs unaccounted for in the catalog and were excluded.
  970 total haplotypes examined from matching loci, 970 verified.
Searching for gapped alignments...
Out of 1560 query loci, 601 gapped alignments attempted.
  575 loci matched one catalog locus; 610 total haplotypes examined, 584 verified.
  26 loci matched no catalog locus;
    24 loci matched more than one catalog locus and were excluded.
    0 loci contained SNPs unaccounted for in the catalog and were excluded.
    0 loci had no verified haplotypes.
    0 loci had inconsistent alignments to a catalog locus and were excluded.
Outputing to file ./stacks/GTTTCG_GGGCGAGTAATGCAGG.matches.tsv

Processing sample './stacks/GTTTCG_GGGCTAACGATGCAGG' [168 of 181]
  Parsing ./stacks/GTTTCG_GGGCTAACGATGCAGG.tags.tsv
  Parsing ./stacks/GTTTCG_GGGCTAACGATGCAGG.snps.tsv
  Parsing ./stacks/GTTTCG_GGGCTAACGATGCAGG.alleles.tsv
Searching for sequence matches...
1547 sample loci compared against the catalog containing 95118 loci.
  963 matching loci, 0 contained no verified haplotypes.
  0 loci matched more than one catalog locus and were excluded.
  0 loci contained SNPs unaccounted for in the catalog and were excluded.
  976 total haplotypes examined from matching loci, 976 verified.
Searching for gapped alignments...
Out of 1547 query loci, 584 gapped alignments attempted.
  554 loci matched one catalog locus; 588 total haplotypes examined, 558 verified.
  30 loci matched no catalog locus;
    27 loci matched more than one catalog locus and were excluded.
    0 loci contained SNPs unaccounted for in the catalog and were excluded.
    0 loci had no verified haplotypes.
    0 loci had inconsistent alignments to a catalog locus and were excluded.
Outputing to file ./stacks/GTTTCG_GGGCTAACGATGCAGG.matches.tsv

Processing sample './stacks/GTTTCG_GGGGAGAACATGCAGG' [169 of 181]
  Parsing ./stacks/GTTTCG_GGGGAGAACATGCAGG.tags.tsv
  Parsing ./stacks/GTTTCG_GGGGAGAACATGCAGG.snps.tsv
  Parsing ./stacks/GTTTCG_GGGGAGAACATGCAGG.alleles.tsv
Searching for sequence matches...
1521 sample loci compared against the catalog containing 95118 loci.
  1167 matching loci, 0 contained no verified haplotypes.
  0 loci matched more than one catalog locus and were excluded.
  0 loci contained SNPs unaccounted for in the catalog and were excluded.
  1188 total haplotypes examined from matching loci, 1188 verified.
Searching for gapped alignments...
Out of 1521 query loci, 354 gapped alignments attempted.
  334 loci matched one catalog locus; 360 total haplotypes examined, 339 verified.
  20 loci matched no catalog locus;
    18 loci matched more than one catalog locus and were excluded.
    1 loci contained SNPs unaccounted for in the catalog and were excluded.
    0 loci had no verified haplotypes.
    0 loci had inconsistent alignments to a catalog locus and were excluded.
Outputing to file ./stacks/GTTTCG_GGGGAGAACATGCAGG.matches.tsv

Processing sample './stacks/GTTTCG_GGGTCGTAGATGCAGG' [170 of 181]
  Parsing ./stacks/GTTTCG_GGGTCGTAGATGCAGG.tags.tsv
  Parsing ./stacks/GTTTCG_GGGTCGTAGATGCAGG.snps.tsv
  Parsing ./stacks/GTTTCG_GGGTCGTAGATGCAGG.alleles.tsv
Searching for sequence matches...
1590 sample loci compared against the catalog containing 95118 loci.
  1228 matching loci, 0 contained no verified haplotypes.
  0 loci matched more than one catalog locus and were excluded.
  0 loci contained SNPs unaccounted for in the catalog and were excluded.
  1250 total haplotypes examined from matching loci, 1250 verified.
Searching for gapped alignments...
Out of 1590 query loci, 362 gapped alignments attempted.
  344 loci matched one catalog locus; 365 total haplotypes examined, 347 verified.
  18 loci matched no catalog locus;
    18 loci matched more than one catalog locus and were excluded.
    0 loci contained SNPs unaccounted for in the catalog and were excluded.
    0 loci had no verified haplotypes.
    0 loci had inconsistent alignments to a catalog locus and were excluded.
Outputing to file ./stacks/GTTTCG_GGGTCGTAGATGCAGG.matches.tsv

Processing sample './stacks/GTTTCG_GGGTCTGTCATGCAGG' [171 of 181]
  Parsing ./stacks/GTTTCG_GGGTCTGTCATGCAGG.tags.tsv
  Parsing ./stacks/GTTTCG_GGGTCTGTCATGCAGG.snps.tsv
  Parsing ./stacks/GTTTCG_GGGTCTGTCATGCAGG.alleles.tsv
Searching for sequence matches...
1202 sample loci compared against the catalog containing 95118 loci.
  904 matching loci, 0 contained no verified haplotypes.
  0 loci matched more than one catalog locus and were excluded.
  0 loci contained SNPs unaccounted for in the catalog and were excluded.
  914 total haplotypes examined from matching loci, 914 verified.
Searching for gapped alignments...
Out of 1202 query loci, 298 gapped alignments attempted.
  289 loci matched one catalog locus; 303 total haplotypes examined, 294 verified.
  9 loci matched no catalog locus;
    9 loci matched more than one catalog locus and were excluded.
    0 loci contained SNPs unaccounted for in the catalog and were excluded.
    0 loci had no verified haplotypes.
    0 loci had inconsistent alignments to a catalog locus and were excluded.
Outputing to file ./stacks/GTTTCG_GGGTCTGTCATGCAGG.matches.tsv

Processing sample './stacks/GTTTCG_GGGTGTTCTATGCAGG' [172 of 181]
  Parsing ./stacks/GTTTCG_GGGTGTTCTATGCAGG.tags.tsv
  Parsing ./stacks/GTTTCG_GGGTGTTCTATGCAGG.snps.tsv
  Parsing ./stacks/GTTTCG_GGGTGTTCTATGCAGG.alleles.tsv
Searching for sequence matches...
1831 sample loci compared against the catalog containing 95118 loci.
  1581 matching loci, 0 contained no verified haplotypes.
  0 loci matched more than one catalog locus and were excluded.
  0 loci contained SNPs unaccounted for in the catalog and were excluded.
  1607 total haplotypes examined from matching loci, 1607 verified.
Searching for gapped alignments...
Out of 1831 query loci, 250 gapped alignments attempted.
  235 loci matched one catalog locus; 254 total haplotypes examined, 239 verified.
  15 loci matched no catalog locus;
    15 loci matched more than one catalog locus and were excluded.
    0 loci contained SNPs unaccounted for in the catalog and were excluded.
    0 loci had no verified haplotypes.
    0 loci had inconsistent alignments to a catalog locus and were excluded.
Outputing to file ./stacks/GTTTCG_GGGTGTTCTATGCAGG.matches.tsv

Processing sample './stacks/GTTTCG_GGTAGGATGATGCAGG' [173 of 181]
  Parsing ./stacks/GTTTCG_GGTAGGATGATGCAGG.tags.tsv
  Parsing ./stacks/GTTTCG_GGTAGGATGATGCAGG.snps.tsv
  Parsing ./stacks/GTTTCG_GGTAGGATGATGCAGG.alleles.tsv
Searching for sequence matches...
1446 sample loci compared against the catalog containing 95118 loci.
  838 matching loci, 0 contained no verified haplotypes.
  0 loci matched more than one catalog locus and were excluded.
  0 loci contained SNPs unaccounted for in the catalog and were excluded.
  864 total haplotypes examined from matching loci, 864 verified.
Searching for gapped alignments...
Out of 1446 query loci, 608 gapped alignments attempted.
  588 loci matched one catalog locus; 616 total haplotypes examined, 596 verified.
  20 loci matched no catalog locus;
    19 loci matched more than one catalog locus and were excluded.
    0 loci contained SNPs unaccounted for in the catalog and were excluded.
    0 loci had no verified haplotypes.
    0 loci had inconsistent alignments to a catalog locus and were excluded.
Outputing to file ./stacks/GTTTCG_GGTAGGATGATGCAGG.matches.tsv

Processing sample './stacks/GTTTCG_GGACACGAGATGCAGG' [174 of 181]
  Parsing ./stacks/GTTTCG_GGACACGAGATGCAGG.tags.tsv
  Parsing ./stacks/GTTTCG_GGACACGAGATGCAGG.snps.tsv
  Parsing ./stacks/GTTTCG_GGACACGAGATGCAGG.alleles.tsv
Searching for sequence matches...
1809 sample loci compared against the catalog containing 95118 loci.
  1612 matching loci, 0 contained no verified haplotypes.
  0 loci matched more than one catalog locus and were excluded.
  0 loci contained SNPs unaccounted for in the catalog and were excluded.
  1634 total haplotypes examined from matching loci, 1634 verified.
Searching for gapped alignments...
Out of 1809 query loci, 197 gapped alignments attempted.
  187 loci matched one catalog locus; 201 total haplotypes examined, 190 verified.
  10 loci matched no catalog locus;
    9 loci matched more than one catalog locus and were excluded.
    1 loci contained SNPs unaccounted for in the catalog and were excluded.
    0 loci had no verified haplotypes.
    0 loci had inconsistent alignments to a catalog locus and were excluded.
Outputing to file ./stacks/GTTTCG_GGACACGAGATGCAGG.matches.tsv

Processing sample './stacks/GTTTCG_GGTATCAGCATGCAGG' [175 of 181]
  Parsing ./stacks/GTTTCG_GGTATCAGCATGCAGG.tags.tsv
  Parsing ./stacks/GTTTCG_GGTATCAGCATGCAGG.snps.tsv
  Parsing ./stacks/GTTTCG_GGTATCAGCATGCAGG.alleles.tsv
Searching for sequence matches...
1503 sample loci compared against the catalog containing 95118 loci.
  1383 matching loci, 0 contained no verified haplotypes.
  0 loci matched more than one catalog locus and were excluded.
  0 loci contained SNPs unaccounted for in the catalog and were excluded.
  1435 total haplotypes examined from matching loci, 1435 verified.
Searching for gapped alignments...
Out of 1503 query loci, 120 gapped alignments attempted.
  115 loci matched one catalog locus; 123 total haplotypes examined, 118 verified.
  5 loci matched no catalog locus;
    5 loci matched more than one catalog locus and were excluded.
    0 loci contained SNPs unaccounted for in the catalog and were excluded.
    0 loci had no verified haplotypes.
    0 loci had inconsistent alignments to a catalog locus and were excluded.
Outputing to file ./stacks/GTTTCG_GGTATCAGCATGCAGG.matches.tsv

Processing sample './stacks/GTTTCG_GGTCCGTCTATGCAGG' [176 of 181]
  Parsing ./stacks/GTTTCG_GGTCCGTCTATGCAGG.tags.tsv
  Parsing ./stacks/GTTTCG_GGTCCGTCTATGCAGG.snps.tsv
  Parsing ./stacks/GTTTCG_GGTCCGTCTATGCAGG.alleles.tsv
Searching for sequence matches...
1868 sample loci compared against the catalog containing 95118 loci.
  1732 matching loci, 0 contained no verified haplotypes.
  0 loci matched more than one catalog locus and were excluded.
  0 loci contained SNPs unaccounted for in the catalog and were excluded.
  1755 total haplotypes examined from matching loci, 1755 verified.
Searching for gapped alignments...
Out of 1868 query loci, 136 gapped alignments attempted.
  133 loci matched one catalog locus; 136 total haplotypes examined, 133 verified.
  3 loci matched no catalog locus;
    3 loci matched more than one catalog locus and were excluded.
    0 loci contained SNPs unaccounted for in the catalog and were excluded.
    0 loci had no verified haplotypes.
    0 loci had inconsistent alignments to a catalog locus and were excluded.
Outputing to file ./stacks/GTTTCG_GGTCCGTCTATGCAGG.matches.tsv

Processing sample './stacks/GTTTCG_GGTCTTCACATGCAGG' [177 of 181]
  Parsing ./stacks/GTTTCG_GGTCTTCACATGCAGG.tags.tsv
  Parsing ./stacks/GTTTCG_GGTCTTCACATGCAGG.snps.tsv
  Parsing ./stacks/GTTTCG_GGTCTTCACATGCAGG.alleles.tsv
Searching for sequence matches...
1703 sample loci compared against the catalog containing 95118 loci.
  1589 matching loci, 0 contained no verified haplotypes.
  0 loci matched more than one catalog locus and were excluded.
  0 loci contained SNPs unaccounted for in the catalog and were excluded.
  1605 total haplotypes examined from matching loci, 1605 verified.
Searching for gapped alignments...
Out of 1703 query loci, 114 gapped alignments attempted.
  110 loci matched one catalog locus; 114 total haplotypes examined, 110 verified.
  4 loci matched no catalog locus;
    4 loci matched more than one catalog locus and were excluded.
    0 loci contained SNPs unaccounted for in the catalog and were excluded.
    0 loci had no verified haplotypes.
    0 loci had inconsistent alignments to a catalog locus and were excluded.
Outputing to file ./stacks/GTTTCG_GGTCTTCACATGCAGG.matches.tsv

Processing sample './stacks/GTTTCG_GGTGAAGAGATGCAGG' [178 of 181]
  Parsing ./stacks/GTTTCG_GGTGAAGAGATGCAGG.tags.tsv
  Parsing ./stacks/GTTTCG_GGTGAAGAGATGCAGG.snps.tsv
  Parsing ./stacks/GTTTCG_GGTGAAGAGATGCAGG.alleles.tsv
Searching for sequence matches...
1820 sample loci compared against the catalog containing 95118 loci.
  1653 matching loci, 0 contained no verified haplotypes.
  0 loci matched more than one catalog locus and were excluded.
  0 loci contained SNPs unaccounted for in the catalog and were excluded.
  1699 total haplotypes examined from matching loci, 1699 verified.
Searching for gapped alignments...
Out of 1820 query loci, 167 gapped alignments attempted.
  162 loci matched one catalog locus; 168 total haplotypes examined, 163 verified.
  5 loci matched no catalog locus;
    5 loci matched more than one catalog locus and were excluded.
    0 loci contained SNPs unaccounted for in the catalog and were excluded.
    0 loci had no verified haplotypes.
    0 loci had inconsistent alignments to a catalog locus and were excluded.
Outputing to file ./stacks/GTTTCG_GGTGAAGAGATGCAGG.matches.tsv

Processing sample './stacks/GTTTCG_GGTGGCTTCATGCAGG' [179 of 181]
  Parsing ./stacks/GTTTCG_GGTGGCTTCATGCAGG.tags.tsv
  Parsing ./stacks/GTTTCG_GGTGGCTTCATGCAGG.snps.tsv
  Parsing ./stacks/GTTTCG_GGTGGCTTCATGCAGG.alleles.tsv
Searching for sequence matches...
1732 sample loci compared against the catalog containing 95118 loci.
  1643 matching loci, 0 contained no verified haplotypes.
  0 loci matched more than one catalog locus and were excluded.
  0 loci contained SNPs unaccounted for in the catalog and were excluded.
  1651 total haplotypes examined from matching loci, 1651 verified.
Searching for gapped alignments...
Out of 1732 query loci, 89 gapped alignments attempted.
  88 loci matched one catalog locus; 90 total haplotypes examined, 89 verified.
  1 loci matched no catalog locus;
    1 loci matched more than one catalog locus and were excluded.
    0 loci contained SNPs unaccounted for in the catalog and were excluded.
    0 loci had no verified haplotypes.
    0 loci had inconsistent alignments to a catalog locus and were excluded.
Outputing to file ./stacks/GTTTCG_GGTGGCTTCATGCAGG.matches.tsv

Processing sample './stacks/GTTTCG_GGTGGTGGTATGCAGG' [180 of 181]
  Parsing ./stacks/GTTTCG_GGTGGTGGTATGCAGG.tags.tsv
  Parsing ./stacks/GTTTCG_GGTGGTGGTATGCAGG.snps.tsv
  Parsing ./stacks/GTTTCG_GGTGGTGGTATGCAGG.alleles.tsv
Searching for sequence matches...
1417 sample loci compared against the catalog containing 95118 loci.
  1249 matching loci, 0 contained no verified haplotypes.
  0 loci matched more than one catalog locus and were excluded.
  0 loci contained SNPs unaccounted for in the catalog and were excluded.
  1278 total haplotypes examined from matching loci, 1278 verified.
Searching for gapped alignments...
Out of 1417 query loci, 168 gapped alignments attempted.
  160 loci matched one catalog locus; 169 total haplotypes examined, 161 verified.
  8 loci matched no catalog locus;
    7 loci matched more than one catalog locus and were excluded.
    0 loci contained SNPs unaccounted for in the catalog and were excluded.
    0 loci had no verified haplotypes.
    0 loci had inconsistent alignments to a catalog locus and were excluded.
Outputing to file ./stacks/GTTTCG_GGTGGTGGTATGCAGG.matches.tsv

Processing sample './stacks/GTTTCG_GGTTCACGCATGCAGG' [181 of 181]
  Parsing ./stacks/GTTTCG_GGTTCACGCATGCAGG.tags.tsv
  Parsing ./stacks/GTTTCG_GGTTCACGCATGCAGG.snps.tsv
  Parsing ./stacks/GTTTCG_GGTTCACGCATGCAGG.alleles.tsv
Searching for sequence matches...
1864 sample loci compared against the catalog containing 95118 loci.
  1790 matching loci, 0 contained no verified haplotypes.
  0 loci matched more than one catalog locus and were excluded.
  0 loci contained SNPs unaccounted for in the catalog and were excluded.
  1820 total haplotypes examined from matching loci, 1820 verified.
Searching for gapped alignments...
Out of 1864 query loci, 74 gapped alignments attempted.
  73 loci matched one catalog locus; 74 total haplotypes examined, 73 verified.
  1 loci matched no catalog locus;
    1 loci matched more than one catalog locus and were excluded.
    0 loci contained SNPs unaccounted for in the catalog and were excluded.
    0 loci had no verified haplotypes.
    0 loci had inconsistent alignments to a catalog locus and were excluded.
Outputing to file ./stacks/GTTTCG_GGTTCACGCATGCAGG.matches.tsv

sstacks is done.

tsv2bam
==========
tsv2bam -P ./stacks  --threads 4 -M popmap.txt

Logging to './stacks/tsv2bam.log'.
Configuration for this run:
  Stacks directory: './stacks/'
  Population map: 'popmap.txt'
  Num. samples: 181
  Multithreaded.

Loading the catalog...
Processing sample 'CGTACG_GGAACAACCATGCAGG'...
Processing sample 'CGTACG_GGAAACATCGTGCAGG'...
Processing sample 'CGTACG_GGAACGCTTATGCAGG'...
Processing sample 'CGTACG_GGAACCGAGATGCAGG'...
Processing sample 'CGTACG_GGAAGACGGATGCAGG'...
Processing sample 'CGTACG_GGAAGGTACATGCAGG'...
Processing sample 'CGTACG_GGACAAGCTATGCAGG'...
Processing sample 'CGTACG_GGACACAGAATGCAGG'...
Processing sample 'CGTACG_GGACAGCAGATGCAGG'...
Processing sample 'CGTACG_GGACATTGGCTGCAGG'...
Processing sample 'CGTACG_GGACCACTGTTGCAGG'...
Processing sample 'CGTACG_GGACCTCCAATGCAGG'...
Processing sample 'CGTACG_GGACGCTCGATGCAGG'...
Processing sample 'CGTACG_GGACGTATCATGCAGG'...
Processing sample 'CGTACG_GGACTATGCATGCAGG'...
Processing sample 'CGTACG_GGAGAGTCAATGCAGG'...
Processing sample 'CGTACG_GGAGATCGCATGCAGG'...
Processing sample 'CGTACG_GGAGCAGGAATGCAGG'...
Processing sample 'CGTACG_GGAGTACAAGTGCAGG'...
Processing sample 'CGTACG_GGAGTCACTATGCAGG'...
Processing sample 'CGTACG_GGAGTGGTCATGCAGG'...
Processing sample 'CGTACG_GGATGCCTAATGCAGG'...
Processing sample 'CGTACG_GGATTGAGGATGCAGG'...
Processing sample 'CGTACG_GGCAACCACATGCAGG'...
Processing sample 'CGTACG_GGCAATGGAATGCAGG'...
Processing sample 'CGTACG_GGCAGATCTGTGCAGG'...
Processing sample 'CGTACG_GGCAGCGTTATGCAGG'...
Processing sample 'CGTACG_GGCATACCAATGCAGG'...
Processing sample 'CGTACG_GGCATCAAGTTGCAGG'...
Processing sample 'CGTACG_GGCCAGTTCATGCAGG'...
Processing sample 'CGTACG_GGCCGAAGTATGCAGG'...
Processing sample 'CGTACG_GGCCGTGAGATGCAGG'...
Processing sample 'CGTACG_GGCCTCCTGATGCAGG'...
Processing sample 'CGTACG_GGCGAACTTATGCAGG'...
Processing sample 'CGTACG_GGCGCATACATGCAGG'...
Processing sample 'CGTACG_GGCTCAATGATGCAGG'...
Processing sample 'CGTACG_GGCTGAGCCATGCAGG'...
Processing sample 'GAGTGG_GGAATCCGTCTGCAGG'...
Processing sample 'GAGTGG_GGAATGTTGCTGCAGG'...
Processing sample 'GAGTGG_GGACACGAGATGCAGG'...
Processing sample 'GAGTGG_GGACAGATTCTGCAGG'...
Processing sample 'GAGTGG_GGAGCACCTCTGCAGG'...
Processing sample 'GAGTGG_GGATTGGCTCTGCAGG'...
Processing sample 'GAGTGG_GGCAAGGAGCTGCAGG'...
Processing sample 'GAGTGG_GGCGACTGGATGCAGG'...
Processing sample 'GAGTGG_GGCGCATACATGCAGG'...
Processing sample 'GAGTGG_GGCGGATTGCTGCAGG'...
Processing sample 'GAGTGG_GGCTAAGGTCTGCAGG'...
Processing sample 'GAGTGG_GGCTCAATGATGCAGG'...
Processing sample 'GAGTGG_GGCTGAGCCATGCAGG'...
Processing sample 'GAGTGG_GGCTGGCATATGCAGG'...
Processing sample 'GAGTGG_GGGAACAGGCTGCAGG'...
Processing sample 'GAGTGG_GGGAATCTGATGCAGG'...
Processing sample 'GAGTGG_GGGAGCTGAATGCAGG'...
Processing sample 'GAGTGG_GGGATAGACATGCAGG'...
Processing sample 'GAGTGG_GGGCCACATATGCAGG'...
Processing sample 'GAGTGG_GGGCGAGTAATGCAGG'...
Processing sample 'GAGTGG_GGGCTAACGATGCAGG'...
Processing sample 'GAGTGG_GGGCTCGGTATGCAGG'...
Processing sample 'GAGTGG_GGGGAGAACATGCAGG'...
Processing sample 'GAGTGG_GGGGTGCGAATGCAGG'...
Processing sample 'GAGTGG_GGGTACGCAATGCAGG'...
Processing sample 'GAGTGG_GGGTCGTAGATGCAGG'...
Processing sample 'GAGTGG_GGGTGTTCTATGCAGG'...
Processing sample 'GAGTGG_GGTAGGATGATGCAGG'...
Processing sample 'GAGTGG_GGTATCAGCATGCAGG'...
Processing sample 'GAGTGG_GGTCCGTCTATGCAGG'...
Processing sample 'GAGTGG_GGTCTTCACATGCAGG'...
Processing sample 'GAGTGG_GGTGAAGAGATGCAGG'...
Processing sample 'GAGTGG_GGTGGAACAATGCAGG'...
Processing sample 'GAGTGG_GGTGGCTTCATGCAGG'...
Processing sample 'GAGTGG_GGTGGTGGTATGCAGG'...
Processing sample 'GAGTGG_GGTTCACGCATGCAGG'...
Processing sample 'CGTACG_GGAATGTTGCTGCAGG'...
Processing sample 'CGTACG_GGACACGAGATGCAGG'...
Processing sample 'CGTACG_GGACAGATTCTGCAGG'...
Processing sample 'CGTACG_GGAGTCAAGCTGCAGG'...
Processing sample 'CGTACG_GGATAGCGACTGCAGG'...
Processing sample 'CGTACG_GGCTGGCATATGCAGG'...
Processing sample 'CGTACG_GGGAACAGGCTGCAGG'...
Processing sample 'CGTACG_GGGAATCTGATGCAGG'...
Processing sample 'CGTACG_GGGAGCTGAATGCAGG'...
Processing sample 'CGTACG_GGGCCAAGACTGCAGG'...
Processing sample 'CGTACG_GGGCCACATATGCAGG'...
Processing sample 'CGTACG_GGGCGAGTAATGCAGG'...
Processing sample 'CGTACG_GGGGTGCGAATGCAGG'...
Processing sample 'CGTACG_GGTATCAGCATGCAGG'...
Processing sample 'CGTACG_GGTCCGTCTATGCAGG'...
Processing sample 'CGTACG_GGTCTTCACATGCAGG'...
Processing sample 'CGTACG_GGTGGAACAATGCAGG'...
Processing sample 'CGTACG_GGTGGCTTCATGCAGG'...
Processing sample 'CGTACG_GGTGGTGGTATGCAGG'...
Processing sample 'CGTACG_GGTTCACGCATGCAGG'...
Processing sample 'GAGTGG_GGAAACATCGTGCAGG'...
Processing sample 'GAGTGG_GGAACAACCATGCAGG'...
Processing sample 'GAGTGG_GGAACCGAGATGCAGG'...
Processing sample 'GAGTGG_GGAACGAACGTGCAGG'...
Processing sample 'GAGTGG_GGAACGCTTATGCAGG'...
Processing sample 'GAGTGG_GGAACGTGATTGCAGG'...
Processing sample 'GAGTGG_GGAAGACGGATGCAGG'...
Processing sample 'GAGTGG_GGACAAGCTATGCAGG'...
Processing sample 'GAGTGG_GGACACAGAATGCAGG'...
Processing sample 'GAGTGG_GGACAGCAGATGCAGG'...
Processing sample 'GAGTGG_GGACATTGGCTGCAGG'...
Processing sample 'GAGTGG_GGACCACTGTTGCAGG'...
Processing sample 'GAGTGG_GGACCTCCAATGCAGG'...
Processing sample 'GAGTGG_GGACGCTCGATGCAGG'...
Processing sample 'GAGTGG_GGACGTATCATGCAGG'...
Processing sample 'GAGTGG_GGACTATGCATGCAGG'...
Processing sample 'GAGTGG_GGAGAGTCAATGCAGG'...
Processing sample 'GAGTGG_GGAGATCGCATGCAGG'...
Processing sample 'GAGTGG_GGAGCAGGAATGCAGG'...
Processing sample 'GAGTGG_GGAGTACAAGTGCAGG'...
Processing sample 'GAGTGG_GGAGTCACTATGCAGG'...
Processing sample 'GAGTGG_GGAGTGGTCATGCAGG'...
Processing sample 'GAGTGG_GGATCCTGTATGCAGG'...
Processing sample 'GAGTGG_GGATGCCTAATGCAGG'...
Processing sample 'GAGTGG_GGATTGAGGATGCAGG'...
Processing sample 'GAGTGG_GGCAACCACATGCAGG'...
Processing sample 'GAGTGG_GGCAATGGAATGCAGG'...
Processing sample 'GAGTGG_GGCACTTCGATGCAGG'...
Processing sample 'GAGTGG_GGCAGATCTGTGCAGG'...
Processing sample 'GAGTGG_GGCAGCGTTATGCAGG'...
Processing sample 'GAGTGG_GGCATACCAATGCAGG'...
Processing sample 'GAGTGG_GGCATCAAGTTGCAGG'...
Processing sample 'GAGTGG_GGCCAGTTCATGCAGG'...
Processing sample 'GAGTGG_GGCCGAAGTATGCAGG'...
Processing sample 'GAGTGG_GGCCGTGAGATGCAGG'...
Processing sample 'GAGTGG_GGCCTCCTGATGCAGG'...
Processing sample 'GAGTGG_GGCGAACTTATGCAGG'...
Processing sample 'GTTTCG_GGAAACATCGTGCAGG'...
Processing sample 'GTTTCG_GGAACAACCATGCAGG'...
Processing sample 'GTTTCG_GGAACGAACGTGCAGG'...
Processing sample 'GTTTCG_GGAACGCTTATGCAGG'...
Processing sample 'GTTTCG_GGAACGTGATTGCAGG'...
Processing sample 'GTTTCG_GGAAGACGGATGCAGG'...
Processing sample 'GTTTCG_GGAAGGTACATGCAGG'...
Processing sample 'GTTTCG_GGACAAGCTATGCAGG'...
Processing sample 'GTTTCG_GGACATTGGCTGCAGG'...
Processing sample 'GTTTCG_GGACCACTGTTGCAGG'...
Processing sample 'GTTTCG_GGACCTCCAATGCAGG'...
Processing sample 'GTTTCG_GGAGAGTCAATGCAGG'...
Processing sample 'GTTTCG_GGAGATCGCATGCAGG'...
Processing sample 'GTTTCG_GGAGCAGGAATGCAGG'...
Processing sample 'GTTTCG_GGAGTACAAGTGCAGG'...
Processing sample 'GTTTCG_GGAGTCACTATGCAGG'...
Processing sample 'GTTTCG_GGAGTGGTCATGCAGG'...
Processing sample 'GTTTCG_GGATCCTGTATGCAGG'...
Processing sample 'GTTTCG_GGATGCCTAATGCAGG'...
Processing sample 'GTTTCG_GGATTGAGGATGCAGG'...
Processing sample 'GTTTCG_GGCAACCACATGCAGG'...
Processing sample 'GTTTCG_GGCAGATCTGTGCAGG'...
Processing sample 'GTTTCG_GGCATCAAGTTGCAGG'...
Processing sample 'GTTTCG_GGCCAGTTCATGCAGG'...
Processing sample 'GTTTCG_GGCCGTGAGATGCAGG'...
Processing sample 'GTTTCG_GGCGAACTTATGCAGG'...
Processing sample 'GTTTCG_GGCGACTGGATGCAGG'...
Processing sample 'GTTTCG_GGCGCATACATGCAGG'...
Processing sample 'GTTTCG_GGCGCTGATCTGCAGG'...
Processing sample 'GTTTCG_GGCTCAATGATGCAGG'...
Processing sample 'GTTTCG_GGCTGAGCCATGCAGG'...
Processing sample 'GTTTCG_GGCTGGCATATGCAGG'...
Processing sample 'GTTTCG_GGGAATCTGATGCAGG'...
Processing sample 'GTTTCG_GGGAGCTGAATGCAGG'...
Processing sample 'GTTTCG_GGGATAGACATGCAGG'...
Processing sample 'GTTTCG_GGGCCACATATGCAGG'...
Processing sample 'GTTTCG_GGGCGAGTAATGCAGG'...
Processing sample 'GTTTCG_GGGCTAACGATGCAGG'...
Processing sample 'GTTTCG_GGGGAGAACATGCAGG'...
Processing sample 'GTTTCG_GGGTCGTAGATGCAGG'...
Processing sample 'GTTTCG_GGGTCTGTCATGCAGG'...
Processing sample 'GTTTCG_GGGTGTTCTATGCAGG'...
Processing sample 'GTTTCG_GGTAGGATGATGCAGG'...
Processing sample 'GTTTCG_GGACACGAGATGCAGG'...
Processing sample 'GTTTCG_GGTATCAGCATGCAGG'...
Processing sample 'GTTTCG_GGTCCGTCTATGCAGG'...
Processing sample 'GTTTCG_GGTCTTCACATGCAGG'...
Processing sample 'GTTTCG_GGTGAAGAGATGCAGG'...
Processing sample 'GTTTCG_GGTGGCTTCATGCAGG'...
Processing sample 'GTTTCG_GGTGGTGGTATGCAGG'...
Processing sample 'GTTTCG_GGTTCACGCATGCAGG'...

Sample 'CGTACG_GGAAACATCGTGCAGG': matched 1213 sample loci to 1209 catalog loci; wrote 12516 records.
Sample 'CGTACG_GGAACAACCATGCAGG': matched 1296 sample loci to 1280 catalog loci; wrote 13138 records.
Sample 'CGTACG_GGAACCGAGATGCAGG': matched 1386 sample loci to 1378 catalog loci; wrote 10932 records.
Sample 'CGTACG_GGAACGCTTATGCAGG': matched 1336 sample loci to 1318 catalog loci; wrote 12079 records.
Sample 'CGTACG_GGAAGACGGATGCAGG': matched 1440 sample loci to 1429 catalog loci; wrote 12108 records.
Sample 'CGTACG_GGAAGGTACATGCAGG': matched 1247 sample loci to 1233 catalog loci; wrote 13188 records.
Sample 'CGTACG_GGACAAGCTATGCAGG': matched 1667 sample loci to 1666 catalog loci; wrote 14105 records.
Sample 'CGTACG_GGACACAGAATGCAGG': matched 1373 sample loci to 1353 catalog loci; wrote 12032 records.
Sample 'CGTACG_GGACAGCAGATGCAGG': matched 1299 sample loci to 1289 catalog loci; wrote 11807 records.
Sample 'CGTACG_GGACATTGGCTGCAGG': matched 1066 sample loci to 1053 catalog loci; wrote 13413 records.
Sample 'CGTACG_GGACCACTGTTGCAGG': matched 1249 sample loci to 1243 catalog loci; wrote 15024 records.
Sample 'CGTACG_GGACCTCCAATGCAGG': matched 1410 sample loci to 1393 catalog loci; wrote 11973 records.
Sample 'CGTACG_GGACGCTCGATGCAGG': matched 1337 sample loci to 1316 catalog loci; wrote 10070 records.
Sample 'CGTACG_GGACGTATCATGCAGG': matched 1305 sample loci to 1291 catalog loci; wrote 10981 records.
Sample 'CGTACG_GGACTATGCATGCAGG': matched 1508 sample loci to 1501 catalog loci; wrote 11182 records.
Sample 'CGTACG_GGAGAGTCAATGCAGG': matched 1457 sample loci to 1448 catalog loci; wrote 11596 records.
Sample 'CGTACG_GGAGATCGCATGCAGG': matched 1560 sample loci to 1556 catalog loci; wrote 14472 records.
Sample 'CGTACG_GGAGCAGGAATGCAGG': matched 935 sample loci to 931 catalog loci; wrote 14262 records.
Sample 'CGTACG_GGAGTACAAGTGCAGG': matched 1340 sample loci to 1334 catalog loci; wrote 14131 records.
Sample 'CGTACG_GGAGTCACTATGCAGG': matched 1463 sample loci to 1453 catalog loci; wrote 13192 records.
Sample 'CGTACG_GGAGTGGTCATGCAGG': matched 1282 sample loci to 1267 catalog loci; wrote 11393 records.
Sample 'CGTACG_GGATGCCTAATGCAGG': matched 1140 sample loci to 1133 catalog loci; wrote 13617 records.
Sample 'CGTACG_GGATTGAGGATGCAGG': matched 1547 sample loci to 1537 catalog loci; wrote 14384 records.
Sample 'CGTACG_GGCAACCACATGCAGG': matched 1258 sample loci to 1251 catalog loci; wrote 15155 records.
Sample 'CGTACG_GGCAATGGAATGCAGG': matched 1629 sample loci to 1621 catalog loci; wrote 13664 records.
Sample 'CGTACG_GGCAGATCTGTGCAGG': matched 1299 sample loci to 1292 catalog loci; wrote 15258 records.
Sample 'CGTACG_GGCAGCGTTATGCAGG': matched 951 sample loci to 945 catalog loci; wrote 14752 records.
Sample 'CGTACG_GGCATACCAATGCAGG': matched 1145 sample loci to 1135 catalog loci; wrote 13982 records.
Sample 'CGTACG_GGCATCAAGTTGCAGG': matched 1375 sample loci to 1364 catalog loci; wrote 9953 records.
Sample 'CGTACG_GGCCAGTTCATGCAGG': matched 1411 sample loci to 1401 catalog loci; wrote 14078 records.
Sample 'CGTACG_GGCCGAAGTATGCAGG': matched 1401 sample loci to 1400 catalog loci; wrote 9788 records.
Sample 'CGTACG_GGCCGTGAGATGCAGG': matched 1550 sample loci to 1544 catalog loci; wrote 13716 records.
Sample 'CGTACG_GGCCTCCTGATGCAGG': matched 945 sample loci to 944 catalog loci; wrote 13489 records.
Sample 'CGTACG_GGCGAACTTATGCAGG': matched 1297 sample loci to 1290 catalog loci; wrote 13697 records.
Sample 'CGTACG_GGCGCATACATGCAGG': matched 1672 sample loci to 1663 catalog loci; wrote 14496 records.
Sample 'CGTACG_GGCTCAATGATGCAGG': matched 1367 sample loci to 1362 catalog loci; wrote 11788 records.
Sample 'CGTACG_GGCTGAGCCATGCAGG': matched 1253 sample loci to 1248 catalog loci; wrote 14700 records.
Sample 'GAGTGG_GGAATCCGTCTGCAGG': matched 1422 sample loci to 1406 catalog loci; wrote 12572 records.
Sample 'GAGTGG_GGAATGTTGCTGCAGG': matched 1196 sample loci to 1191 catalog loci; wrote 14597 records.
Sample 'GAGTGG_GGACACGAGATGCAGG': matched 1646 sample loci to 1644 catalog loci; wrote 13570 records.
Sample 'GAGTGG_GGACAGATTCTGCAGG': matched 1443 sample loci to 1433 catalog loci; wrote 12964 records.
Sample 'GAGTGG_GGAGCACCTCTGCAGG': matched 1284 sample loci to 1271 catalog loci; wrote 11947 records.
Sample 'GAGTGG_GGATTGGCTCTGCAGG': matched 1250 sample loci to 1236 catalog loci; wrote 13098 records.
Sample 'GAGTGG_GGCAAGGAGCTGCAGG': matched 1232 sample loci to 1218 catalog loci; wrote 13985 records.
Sample 'GAGTGG_GGCGACTGGATGCAGG': matched 1456 sample loci to 1443 catalog loci; wrote 13789 records.
Sample 'GAGTGG_GGCGCATACATGCAGG': matched 1298 sample loci to 1291 catalog loci; wrote 14337 records.
Sample 'GAGTGG_GGCGGATTGCTGCAGG': matched 1298 sample loci to 1289 catalog loci; wrote 12886 records.
Sample 'GAGTGG_GGCTAAGGTCTGCAGG': matched 1367 sample loci to 1355 catalog loci; wrote 12451 records.
Sample 'GAGTGG_GGCTCAATGATGCAGG': matched 1391 sample loci to 1381 catalog loci; wrote 13324 records.
Sample 'GAGTGG_GGCTGAGCCATGCAGG': matched 1450 sample loci to 1439 catalog loci; wrote 11457 records.
Sample 'GAGTGG_GGCTGGCATATGCAGG': matched 1387 sample loci to 1374 catalog loci; wrote 11496 records.
Sample 'GAGTGG_GGGAACAGGCTGCAGG': matched 1546 sample loci to 1531 catalog loci; wrote 13443 records.
Sample 'GAGTGG_GGGAATCTGATGCAGG': matched 1543 sample loci to 1531 catalog loci; wrote 13066 records.
Sample 'GAGTGG_GGGAGCTGAATGCAGG': matched 1592 sample loci to 1582 catalog loci; wrote 11907 records.
Sample 'GAGTGG_GGGATAGACATGCAGG': matched 1323 sample loci to 1319 catalog loci; wrote 9597 records.
Sample 'GAGTGG_GGGCCACATATGCAGG': matched 1501 sample loci to 1489 catalog loci; wrote 11933 records.
Sample 'GAGTGG_GGGCGAGTAATGCAGG': matched 1526 sample loci to 1513 catalog loci; wrote 13019 records.
Sample 'GAGTGG_GGGCTAACGATGCAGG': matched 1461 sample loci to 1451 catalog loci; wrote 12719 records.
Sample 'GAGTGG_GGGCTCGGTATGCAGG': matched 1537 sample loci to 1529 catalog loci; wrote 14000 records.
Sample 'GAGTGG_GGGGAGAACATGCAGG': matched 1495 sample loci to 1481 catalog loci; wrote 12795 records.
Sample 'GAGTGG_GGGGTGCGAATGCAGG': matched 1640 sample loci to 1638 catalog loci; wrote 11925 records.
Sample 'GAGTGG_GGGTACGCAATGCAGG': matched 1483 sample loci to 1471 catalog loci; wrote 13966 records.
Sample 'GAGTGG_GGGTCGTAGATGCAGG': matched 1486 sample loci to 1473 catalog loci; wrote 13831 records.
Sample 'GAGTGG_GGGTGTTCTATGCAGG': matched 1679 sample loci to 1670 catalog loci; wrote 13837 records.
Sample 'GAGTGG_GGTAGGATGATGCAGG': matched 1565 sample loci to 1556 catalog loci; wrote 14048 records.
Sample 'GAGTGG_GGTATCAGCATGCAGG': matched 1341 sample loci to 1333 catalog loci; wrote 10969 records.
Sample 'GAGTGG_GGTCCGTCTATGCAGG': matched 1508 sample loci to 1497 catalog loci; wrote 13015 records.
Sample 'GAGTGG_GGTCTTCACATGCAGG': matched 1455 sample loci to 1446 catalog loci; wrote 14114 records.
Sample 'GAGTGG_GGTGAAGAGATGCAGG': matched 1519 sample loci to 1508 catalog loci; wrote 12392 records.
Sample 'GAGTGG_GGTGGAACAATGCAGG': matched 1527 sample loci to 1521 catalog loci; wrote 12092 records.
Sample 'GAGTGG_GGTGGCTTCATGCAGG': matched 1542 sample loci to 1533 catalog loci; wrote 12956 records.
Sample 'GAGTGG_GGTGGTGGTATGCAGG': matched 1219 sample loci to 1209 catalog loci; wrote 14830 records.
Sample 'GAGTGG_GGTTCACGCATGCAGG': matched 1494 sample loci to 1480 catalog loci; wrote 12445 records.
Sample 'CGTACG_GGAATGTTGCTGCAGG': matched 1340 sample loci to 1333 catalog loci; wrote 15991 records.
Sample 'CGTACG_GGACACGAGATGCAGG': matched 1559 sample loci to 1548 catalog loci; wrote 11876 records.
Sample 'CGTACG_GGACAGATTCTGCAGG': matched 1706 sample loci to 1702 catalog loci; wrote 13853 records.
Sample 'CGTACG_GGAGTCAAGCTGCAGG': matched 1255 sample loci to 1245 catalog loci; wrote 16001 records.
Sample 'CGTACG_GGATAGCGACTGCAGG': matched 1089 sample loci to 1074 catalog loci; wrote 16676 records.
Sample 'CGTACG_GGCTGGCATATGCAGG': matched 1318 sample loci to 1314 catalog loci; wrote 13405 records.
Sample 'CGTACG_GGGAACAGGCTGCAGG': matched 1782 sample loci to 1779 catalog loci; wrote 14599 records.
Sample 'CGTACG_GGGAATCTGATGCAGG': matched 1138 sample loci to 1132 catalog loci; wrote 14092 records.
Sample 'CGTACG_GGGAGCTGAATGCAGG': matched 1035 sample loci to 1030 catalog loci; wrote 13196 records.
Sample 'CGTACG_GGGCCAAGACTGCAGG': matched 1486 sample loci to 1481 catalog loci; wrote 15742 records.
Sample 'CGTACG_GGGCCACATATGCAGG': matched 1176 sample loci to 1169 catalog loci; wrote 14513 records.
Sample 'CGTACG_GGGCGAGTAATGCAGG': matched 1333 sample loci to 1328 catalog loci; wrote 14149 records.
Sample 'CGTACG_GGGGTGCGAATGCAGG': matched 992 sample loci to 988 catalog loci; wrote 16512 records.
Sample 'CGTACG_GGTATCAGCATGCAGG': matched 1202 sample loci to 1193 catalog loci; wrote 14623 records.
Sample 'CGTACG_GGTCCGTCTATGCAGG': matched 1076 sample loci to 1075 catalog loci; wrote 16301 records.
Sample 'CGTACG_GGTCTTCACATGCAGG': matched 917 sample loci to 915 catalog loci; wrote 15177 records.
Sample 'CGTACG_GGTGGAACAATGCAGG': matched 1524 sample loci to 1512 catalog loci; wrote 15356 records.
Sample 'CGTACG_GGTGGCTTCATGCAGG': matched 1373 sample loci to 1363 catalog loci; wrote 14168 records.
Sample 'CGTACG_GGTGGTGGTATGCAGG': matched 1638 sample loci to 1636 catalog loci; wrote 14115 records.
Sample 'CGTACG_GGTTCACGCATGCAGG': matched 1637 sample loci to 1634 catalog loci; wrote 15663 records.
Sample 'GAGTGG_GGAAACATCGTGCAGG': matched 1369 sample loci to 1358 catalog loci; wrote 11572 records.
Sample 'GAGTGG_GGAACAACCATGCAGG': matched 1248 sample loci to 1229 catalog loci; wrote 10864 records.
Sample 'GAGTGG_GGAACCGAGATGCAGG': matched 1160 sample loci to 1155 catalog loci; wrote 12787 records.
Sample 'GAGTGG_GGAACGAACGTGCAGG': matched 1422 sample loci to 1412 catalog loci; wrote 11185 records.
Sample 'GAGTGG_GGAACGCTTATGCAGG': matched 1347 sample loci to 1330 catalog loci; wrote 12382 records.
Sample 'GAGTGG_GGAACGTGATTGCAGG': matched 1312 sample loci to 1303 catalog loci; wrote 11807 records.
Sample 'GAGTGG_GGAAGACGGATGCAGG': matched 1214 sample loci to 1203 catalog loci; wrote 13462 records.
Sample 'GAGTGG_GGACAAGCTATGCAGG': matched 1341 sample loci to 1329 catalog loci; wrote 11634 records.
Sample 'GAGTGG_GGACACAGAATGCAGG': matched 1318 sample loci to 1310 catalog loci; wrote 13670 records.
Sample 'GAGTGG_GGACAGCAGATGCAGG': matched 1347 sample loci to 1330 catalog loci; wrote 11672 records.
Sample 'GAGTGG_GGACATTGGCTGCAGG': matched 1331 sample loci to 1315 catalog loci; wrote 11574 records.
Sample 'GAGTGG_GGACCACTGTTGCAGG': matched 1367 sample loci to 1356 catalog loci; wrote 11251 records.
Sample 'GAGTGG_GGACCTCCAATGCAGG': matched 1327 sample loci to 1316 catalog loci; wrote 12614 records.
Sample 'GAGTGG_GGACGCTCGATGCAGG': matched 1123 sample loci to 1116 catalog loci; wrote 13205 records.
Sample 'GAGTGG_GGACGTATCATGCAGG': matched 1153 sample loci to 1141 catalog loci; wrote 9598 records.
Sample 'GAGTGG_GGACTATGCATGCAGG': matched 1138 sample loci to 1129 catalog loci; wrote 12441 records.
Sample 'GAGTGG_GGAGAGTCAATGCAGG': matched 1156 sample loci to 1144 catalog loci; wrote 9443 records.
Sample 'GAGTGG_GGAGATCGCATGCAGG': matched 1168 sample loci to 1156 catalog loci; wrote 9542 records.
Sample 'GAGTGG_GGAGCAGGAATGCAGG': matched 1215 sample loci to 1194 catalog loci; wrote 10239 records.
Sample 'GAGTGG_GGAGTACAAGTGCAGG': matched 1225 sample loci to 1213 catalog loci; wrote 10811 records.
Sample 'GAGTGG_GGAGTCACTATGCAGG': matched 1103 sample loci to 1097 catalog loci; wrote 12673 records.
Sample 'GAGTGG_GGAGTGGTCATGCAGG': matched 1284 sample loci to 1276 catalog loci; wrote 11460 records.
Sample 'GAGTGG_GGATCCTGTATGCAGG': matched 1171 sample loci to 1155 catalog loci; wrote 9983 records.
Sample 'GAGTGG_GGATGCCTAATGCAGG': matched 1359 sample loci to 1342 catalog loci; wrote 11552 records.
Sample 'GAGTGG_GGATTGAGGATGCAGG': matched 1274 sample loci to 1263 catalog loci; wrote 10808 records.
Sample 'GAGTGG_GGCAACCACATGCAGG': matched 1208 sample loci to 1197 catalog loci; wrote 10406 records.
Sample 'GAGTGG_GGCAATGGAATGCAGG': matched 1309 sample loci to 1292 catalog loci; wrote 11244 records.
Sample 'GAGTGG_GGCACTTCGATGCAGG': matched 950 sample loci to 936 catalog loci; wrote 11171 records.
Sample 'GAGTGG_GGCAGATCTGTGCAGG': matched 1575 sample loci to 1571 catalog loci; wrote 13789 records.
Sample 'GAGTGG_GGCAGCGTTATGCAGG': matched 1396 sample loci to 1373 catalog loci; wrote 12737 records.
Sample 'GAGTGG_GGCATACCAATGCAGG': matched 1297 sample loci to 1287 catalog loci; wrote 12801 records.
Sample 'GAGTGG_GGCATCAAGTTGCAGG': matched 1281 sample loci to 1271 catalog loci; wrote 11567 records.
Sample 'GAGTGG_GGCCAGTTCATGCAGG': matched 1145 sample loci to 1130 catalog loci; wrote 9670 records.
Sample 'GAGTGG_GGCCGAAGTATGCAGG': matched 1117 sample loci to 1109 catalog loci; wrote 13395 records.
Sample 'GAGTGG_GGCCGTGAGATGCAGG': matched 1063 sample loci to 1032 catalog loci; wrote 9142 records.
Sample 'GAGTGG_GGCCTCCTGATGCAGG': matched 1228 sample loci to 1211 catalog loci; wrote 10799 records.
Sample 'GAGTGG_GGCGAACTTATGCAGG': matched 1009 sample loci to 996 catalog loci; wrote 8836 records.
Sample 'GTTTCG_GGAAACATCGTGCAGG': matched 1661 sample loci to 1654 catalog loci; wrote 14896 records.
Sample 'GTTTCG_GGAACAACCATGCAGG': matched 1580 sample loci to 1577 catalog loci; wrote 11077 records.
Sample 'GTTTCG_GGAACGAACGTGCAGG': matched 1554 sample loci to 1553 catalog loci; wrote 10707 records.
Sample 'GTTTCG_GGAACGCTTATGCAGG': matched 1732 sample loci to 1724 catalog loci; wrote 14337 records.
Sample 'GTTTCG_GGAACGTGATTGCAGG': matched 1548 sample loci to 1539 catalog loci; wrote 14070 records.
Sample 'GTTTCG_GGAAGACGGATGCAGG': matched 1177 sample loci to 1175 catalog loci; wrote 15905 records.
Sample 'GTTTCG_GGAAGGTACATGCAGG': matched 1551 sample loci to 1548 catalog loci; wrote 10947 records.
Sample 'GTTTCG_GGACAAGCTATGCAGG': matched 1183 sample loci to 1180 catalog loci; wrote 14924 records.
Sample 'GTTTCG_GGACATTGGCTGCAGG': matched 1501 sample loci to 1493 catalog loci; wrote 15820 records.
Sample 'GTTTCG_GGACCACTGTTGCAGG': matched 1442 sample loci to 1437 catalog loci; wrote 10144 records.
Sample 'GTTTCG_GGACCTCCAATGCAGG': matched 1259 sample loci to 1259 catalog loci; wrote 17184 records.
Sample 'GTTTCG_GGAGAGTCAATGCAGG': matched 1050 sample loci to 1047 catalog loci; wrote 15486 records.
Sample 'GTTTCG_GGAGATCGCATGCAGG': matched 947 sample loci to 943 catalog loci; wrote 14665 records.
Sample 'GTTTCG_GGAGCAGGAATGCAGG': matched 1142 sample loci to 1134 catalog loci; wrote 14211 records.
Sample 'GTTTCG_GGAGTACAAGTGCAGG': matched 1628 sample loci to 1619 catalog loci; wrote 11970 records.
Sample 'GTTTCG_GGAGTCACTATGCAGG': matched 893 sample loci to 888 catalog loci; wrote 14721 records.
Sample 'GTTTCG_GGAGTGGTCATGCAGG': matched 1748 sample loci to 1739 catalog loci; wrote 13518 records.
Sample 'GTTTCG_GGATCCTGTATGCAGG': matched 993 sample loci to 984 catalog loci; wrote 14146 records.
Sample 'GTTTCG_GGATGCCTAATGCAGG': matched 1063 sample loci to 1059 catalog loci; wrote 16614 records.
Sample 'GTTTCG_GGATTGAGGATGCAGG': matched 1474 sample loci to 1472 catalog loci; wrote 15935 records.
Sample 'GTTTCG_GGCAACCACATGCAGG': matched 1101 sample loci to 1095 catalog loci; wrote 15604 records.
Sample 'GTTTCG_GGCAGATCTGTGCAGG': matched 1406 sample loci to 1402 catalog loci; wrote 16629 records.
Sample 'GTTTCG_GGCATCAAGTTGCAGG': matched 1572 sample loci to 1557 catalog loci; wrote 12963 records.
Sample 'GTTTCG_GGCCAGTTCATGCAGG': matched 1121 sample loci to 1116 catalog loci; wrote 15450 records.
Sample 'GTTTCG_GGCCGTGAGATGCAGG': matched 1384 sample loci to 1374 catalog loci; wrote 15048 records.
Sample 'GTTTCG_GGCGAACTTATGCAGG': matched 1415 sample loci to 1403 catalog loci; wrote 15037 records.
Sample 'GTTTCG_GGCGACTGGATGCAGG': matched 1014 sample loci to 1011 catalog loci; wrote 16748 records.
Sample 'GTTTCG_GGCGCATACATGCAGG': matched 991 sample loci to 983 catalog loci; wrote 14986 records.
Sample 'GTTTCG_GGCGCTGATCTGCAGG': matched 1717 sample loci to 1712 catalog loci; wrote 14241 records.
Sample 'GTTTCG_GGCTCAATGATGCAGG': matched 1198 sample loci to 1193 catalog loci; wrote 15474 records.
Sample 'GTTTCG_GGCTGAGCCATGCAGG': matched 1221 sample loci to 1214 catalog loci; wrote 14977 records.
Sample 'GTTTCG_GGCTGGCATATGCAGG': matched 1314 sample loci to 1305 catalog loci; wrote 13331 records.
Sample 'GTTTCG_GGGAATCTGATGCAGG': matched 1540 sample loci to 1538 catalog loci; wrote 11671 records.
Sample 'GTTTCG_GGGAGCTGAATGCAGG': matched 1369 sample loci to 1358 catalog loci; wrote 14473 records.
Sample 'GTTTCG_GGGATAGACATGCAGG': matched 1339 sample loci to 1333 catalog loci; wrote 14119 records.
Sample 'GTTTCG_GGGCCACATATGCAGG': matched 1401 sample loci to 1393 catalog loci; wrote 15225 records.
Sample 'GTTTCG_GGGCGAGTAATGCAGG': matched 1533 sample loci to 1523 catalog loci; wrote 15242 records.
Sample 'GTTTCG_GGGCTAACGATGCAGG': matched 1516 sample loci to 1501 catalog loci; wrote 15027 records.
Sample 'GTTTCG_GGGGAGAACATGCAGG': matched 1501 sample loci to 1497 catalog loci; wrote 17099 records.
Sample 'GTTTCG_GGGTCGTAGATGCAGG': matched 1571 sample loci to 1565 catalog loci; wrote 16464 records.
Sample 'GTTTCG_GGGTCTGTCATGCAGG': matched 1191 sample loci to 1191 catalog loci; wrote 16942 records.
Sample 'GTTTCG_GGGTGTTCTATGCAGG': matched 1816 sample loci to 1809 catalog loci; wrote 14746 records.
Sample 'GTTTCG_GGTAGGATGATGCAGG': matched 1425 sample loci to 1413 catalog loci; wrote 15461 records.
Sample 'GTTTCG_GGACACGAGATGCAGG': matched 1796 sample loci to 1793 catalog loci; wrote 15835 records.
Sample 'GTTTCG_GGTATCAGCATGCAGG': matched 1497 sample loci to 1496 catalog loci; wrote 10270 records.
Sample 'GTTTCG_GGTCCGTCTATGCAGG': matched 1865 sample loci to 1864 catalog loci; wrote 12974 records.
Sample 'GTTTCG_GGTCTTCACATGCAGG': matched 1698 sample loci to 1694 catalog loci; wrote 11781 records.
Sample 'GTTTCG_GGTGAAGAGATGCAGG': matched 1812 sample loci to 1809 catalog loci; wrote 13686 records.
Sample 'GTTTCG_GGTGGCTTCATGCAGG': matched 1730 sample loci to 1730 catalog loci; wrote 13933 records.
Sample 'GTTTCG_GGTGGTGGTATGCAGG': matched 1407 sample loci to 1406 catalog loci; wrote 17321 records.
Sample 'GTTTCG_GGTTCACGCATGCAGG': matched 1862 sample loci to 1862 catalog loci; wrote 12882 records.

tsv2bam is done.

gstacks
==========
gstacks -P ./stacks --threads 4  --write-alignments -M popmap.txt

Logging to './stacks/gstacks.log'.
Locus/sample distributions will be written to './stacks/gstacks.log.distribs'.

Configuration for this run:
  Input mode: denovo
  Population map: 'popmap.txt'
  Input files: 181, e.g. './stacks/CGTACG_GGAAACATCGTGCAGG.matches.bam'
  Output to: './stacks/'
  Model: marukilow (var_alpha: 0.01, gt_alpha: 0.05)

Reading BAM headers...
Processing all loci...
1%...
2%...
5%...
10%...
20%...
50%...
100%
Input appears to be single-end (no paired-end reads were seen).

Genotyped 94968 loci:
  effective per-sample coverage: mean=11.4x, stdev=2.5x, min=6.7x, max=18.4x
  mean number of sites per locus: 111.2
  a consistent phasing was found for 1955 of out 2361 (82.8%) diploid loci needing phasing

gstacks is done.

populations
==========
populations -P ./stacks --min-samples-per-pop 0.5 --threads 4  --vcf -M popmap.txt

Logging to './stacks/populations.log'.
Locus/sample distributions will be written to './stacks/populations.log.distribs'.
populations parameters selected:
  Percent samples limit per population: 0.5
  Locus Population limit: 1
  Percent samples overall: 0
  Minor allele frequency cutoff: 0
  Maximum observed heterozygosity cutoff: 1
  Applying Fst correction: none.
  Pi/Fis kernel smoothing: off
  F-stats kernel smoothing: off
  Bootstrap resampling: off

Parsing population map...
The population map contained 181 samples, 4 population(s), 1 group(s).
Working on 181 samples.
Working on 4 population(s):
    Six_Rivers_NF: CGTACG_GGAAACATCGTGCAGG, CGTACG_GGAACAACCATGCAGG, CGTACG_GGAACCGAGATGCAGG, CGTACG_GGAACGCTTATGCAGG, CGTACG_GGAAGACGGATGCAGG, 
                   CGTACG_GGAAGGTACATGCAGG, CGTACG_GGACAAGCTATGCAGG, CGTACG_GGACACAGAATGCAGG, CGTACG_GGACAGCAGATGCAGG, CGTACG_GGACATTGGCTGCAGG, 
                   CGTACG_GGACCACTGTTGCAGG, CGTACG_GGACCTCCAATGCAGG, CGTACG_GGACGCTCGATGCAGG, CGTACG_GGACGTATCATGCAGG, CGTACG_GGACTATGCATGCAGG, 
                   CGTACG_GGAGAGTCAATGCAGG, CGTACG_GGAGATCGCATGCAGG, CGTACG_GGAGCAGGAATGCAGG, CGTACG_GGAGTACAAGTGCAGG, CGTACG_GGAGTCACTATGCAGG, 
                   CGTACG_GGAGTGGTCATGCAGG, CGTACG_GGATGCCTAATGCAGG, CGTACG_GGATTGAGGATGCAGG, CGTACG_GGCAACCACATGCAGG, CGTACG_GGCAATGGAATGCAGG, 
                   CGTACG_GGCAGATCTGTGCAGG, CGTACG_GGCAGCGTTATGCAGG, CGTACG_GGCATACCAATGCAGG, CGTACG_GGCATCAAGTTGCAGG, CGTACG_GGCCAGTTCATGCAGG, 
                   CGTACG_GGCCGAAGTATGCAGG, CGTACG_GGCCGTGAGATGCAGG, CGTACG_GGCCTCCTGATGCAGG, CGTACG_GGCGAACTTATGCAGG, CGTACG_GGCGCATACATGCAGG, 
                   CGTACG_GGCTCAATGATGCAGG, CGTACG_GGCTGAGCCATGCAGG, GAGTGG_GGAATCCGTCTGCAGG, GAGTGG_GGAATGTTGCTGCAGG, GAGTGG_GGACACGAGATGCAGG, 
                   GAGTGG_GGACAGATTCTGCAGG, GAGTGG_GGAGCACCTCTGCAGG, GAGTGG_GGATTGGCTCTGCAGG, GAGTGG_GGCAAGGAGCTGCAGG, GAGTGG_GGCGACTGGATGCAGG, 
                   GAGTGG_GGCGCATACATGCAGG, GAGTGG_GGCGGATTGCTGCAGG, GAGTGG_GGCTAAGGTCTGCAGG, GAGTGG_GGCTCAATGATGCAGG, GAGTGG_GGCTGAGCCATGCAGG, 
                   GAGTGG_GGCTGGCATATGCAGG, GAGTGG_GGGAACAGGCTGCAGG, GAGTGG_GGGAATCTGATGCAGG, GAGTGG_GGGAGCTGAATGCAGG, GAGTGG_GGGATAGACATGCAGG, 
                   GAGTGG_GGGCCACATATGCAGG, GAGTGG_GGGCGAGTAATGCAGG, GAGTGG_GGGCTAACGATGCAGG, GAGTGG_GGGCTCGGTATGCAGG, GAGTGG_GGGGAGAACATGCAGG, 
                   GAGTGG_GGGGTGCGAATGCAGG, GAGTGG_GGGTACGCAATGCAGG, GAGTGG_GGGTCGTAGATGCAGG, GAGTGG_GGGTGTTCTATGCAGG, GAGTGG_GGTAGGATGATGCAGG, 
                   GAGTGG_GGTATCAGCATGCAGG, GAGTGG_GGTCCGTCTATGCAGG, GAGTGG_GGTCTTCACATGCAGG, GAGTGG_GGTGAAGAGATGCAGG, GAGTGG_GGTGGAACAATGCAGG, 
                   GAGTGG_GGTGGCTTCATGCAGG, GAGTGG_GGTGGTGGTATGCAGG, GAGTGG_GGTTCACGCATGCAGG
    Plumas_NF: CGTACG_GGAATGTTGCTGCAGG, CGTACG_GGACACGAGATGCAGG, CGTACG_GGACAGATTCTGCAGG, CGTACG_GGAGTCAAGCTGCAGG, CGTACG_GGATAGCGACTGCAGG, 
               CGTACG_GGCTGGCATATGCAGG, CGTACG_GGGAACAGGCTGCAGG, CGTACG_GGGAATCTGATGCAGG, CGTACG_GGGAGCTGAATGCAGG, CGTACG_GGGCCAAGACTGCAGG, 
               CGTACG_GGGCCACATATGCAGG, CGTACG_GGGCGAGTAATGCAGG, CGTACG_GGGGTGCGAATGCAGG, CGTACG_GGTATCAGCATGCAGG, CGTACG_GGTCCGTCTATGCAGG, 
               CGTACG_GGTCTTCACATGCAGG, CGTACG_GGTGGAACAATGCAGG, CGTACG_GGTGGCTTCATGCAGG, CGTACG_GGTGGTGGTATGCAGG, CGTACG_GGTTCACGCATGCAGG
    Shasta_Trinity_NF: GAGTGG_GGAAACATCGTGCAGG, GAGTGG_GGAACAACCATGCAGG, GAGTGG_GGAACCGAGATGCAGG, GAGTGG_GGAACGAACGTGCAGG, GAGTGG_GGAACGCTTATGCAGG, 
                       GAGTGG_GGAACGTGATTGCAGG, GAGTGG_GGAAGACGGATGCAGG, GAGTGG_GGACAAGCTATGCAGG, GAGTGG_GGACACAGAATGCAGG, GAGTGG_GGACAGCAGATGCAGG, 
                       GAGTGG_GGACATTGGCTGCAGG, GAGTGG_GGACCACTGTTGCAGG, GAGTGG_GGACCTCCAATGCAGG, GAGTGG_GGACGCTCGATGCAGG, GAGTGG_GGACGTATCATGCAGG, 
                       GAGTGG_GGACTATGCATGCAGG, GAGTGG_GGAGAGTCAATGCAGG, GAGTGG_GGAGATCGCATGCAGG, GAGTGG_GGAGCAGGAATGCAGG, GAGTGG_GGAGTACAAGTGCAGG, 
                       GAGTGG_GGAGTCACTATGCAGG, GAGTGG_GGAGTGGTCATGCAGG, GAGTGG_GGATCCTGTATGCAGG, GAGTGG_GGATGCCTAATGCAGG, GAGTGG_GGATTGAGGATGCAGG, 
                       GAGTGG_GGCAACCACATGCAGG, GAGTGG_GGCAATGGAATGCAGG, GAGTGG_GGCACTTCGATGCAGG, GAGTGG_GGCAGATCTGTGCAGG, GAGTGG_GGCAGCGTTATGCAGG, 
                       GAGTGG_GGCATACCAATGCAGG, GAGTGG_GGCATCAAGTTGCAGG, GAGTGG_GGCCAGTTCATGCAGG, GAGTGG_GGCCGAAGTATGCAGG, GAGTGG_GGCCGTGAGATGCAGG, 
                       GAGTGG_GGCCTCCTGATGCAGG, GAGTGG_GGCGAACTTATGCAGG, GTTTCG_GGAAACATCGTGCAGG, GTTTCG_GGAACAACCATGCAGG, GTTTCG_GGAACGAACGTGCAGG, 
                       GTTTCG_GGAACGCTTATGCAGG, GTTTCG_GGAACGTGATTGCAGG, GTTTCG_GGAAGACGGATGCAGG, GTTTCG_GGAAGGTACATGCAGG, GTTTCG_GGACAAGCTATGCAGG, 
                       GTTTCG_GGACATTGGCTGCAGG, GTTTCG_GGACCACTGTTGCAGG, GTTTCG_GGACCTCCAATGCAGG, GTTTCG_GGAGAGTCAATGCAGG, GTTTCG_GGAGATCGCATGCAGG, 
                       GTTTCG_GGAGCAGGAATGCAGG, GTTTCG_GGAGTACAAGTGCAGG, GTTTCG_GGAGTCACTATGCAGG, GTTTCG_GGAGTGGTCATGCAGG, GTTTCG_GGATCCTGTATGCAGG, 
                       GTTTCG_GGATGCCTAATGCAGG, GTTTCG_GGATTGAGGATGCAGG, GTTTCG_GGCAACCACATGCAGG, GTTTCG_GGCAGATCTGTGCAGG, GTTTCG_GGCATCAAGTTGCAGG, 
                       GTTTCG_GGCCAGTTCATGCAGG, GTTTCG_GGCCGTGAGATGCAGG, GTTTCG_GGCGAACTTATGCAGG, GTTTCG_GGCGACTGGATGCAGG, GTTTCG_GGCGCATACATGCAGG, 
                       GTTTCG_GGCGCTGATCTGCAGG, GTTTCG_GGCTCAATGATGCAGG, GTTTCG_GGCTGAGCCATGCAGG, GTTTCG_GGCTGGCATATGCAGG, GTTTCG_GGGAATCTGATGCAGG, 
                       GTTTCG_GGGAGCTGAATGCAGG, GTTTCG_GGGATAGACATGCAGG, GTTTCG_GGGCCACATATGCAGG, GTTTCG_GGGCGAGTAATGCAGG, GTTTCG_GGGCTAACGATGCAGG, 
                       GTTTCG_GGGGAGAACATGCAGG, GTTTCG_GGGTCGTAGATGCAGG, GTTTCG_GGGTCTGTCATGCAGG, GTTTCG_GGGTGTTCTATGCAGG, GTTTCG_GGTAGGATGATGCAGG
    Mendocino_County: GTTTCG_GGACACGAGATGCAGG, GTTTCG_GGTATCAGCATGCAGG, GTTTCG_GGTCCGTCTATGCAGG, GTTTCG_GGTCTTCACATGCAGG, GTTTCG_GGTGAAGAGATGCAGG, 
                      GTTTCG_GGTGGCTTCATGCAGG, GTTTCG_GGTGGTGGTATGCAGG, GTTTCG_GGTTCACGCATGCAGG
Working on 1 group(s) of populations:
    defaultgrp: Six_Rivers_NF, Plumas_NF, Shasta_Trinity_NF, Mendocino_County

SNPs and calls will be written in VCF format to './stacks/populations.snps.vcf'
Haplotypes will be written in VCF format to './stacks/populations.haps.vcf'
Raw haplotypes will be written to './stacks/populations.haplotypes.tsv'
Population-level summary statistics will be written to './stacks/populations.sumstats.tsv'
Population-level haplotype summary statistics will be written to './stacks/populations.hapstats.tsv'

Processing data in batches:
  * load a batch of catalog loci and apply filters
  * compute SNP- and haplotype-wise per-population statistics
  * write the above statistics in the output files
  * export the genotypes/haplotypes in specified format(s)
More details in './stacks/populations.log.distribs'.

Now processing...
Batch 1 

Removed 94849 loci that did not pass sample/population constraints from 94968 loci.
Kept 119 loci, composed of 13615 sites; 605 of those sites were filtered, 301 variant sites remained.
Mean genotyped sites per locus: 109.50bp (stderr 0.25).

Population summary statistics (more detail in populations.sumstats_summary.tsv):
  Six_Rivers_NF: 44.436 samples per locus; pi: 0.17373; all/variant/polymorphic sites: 7649/250/197; private alleles: 56
  Plumas_NF: 12.31 samples per locus; pi: 0.20284; all/variant/polymorphic sites: 3725/126/72; private alleles: 8
  Shasta_Trinity_NF: 47.402 samples per locus; pi: 0.14968; all/variant/polymorphic sites: 5262/184/128; private alleles: 41
  Mendocino_County: 4.1579 samples per locus; pi: 0.28759; all/variant/polymorphic sites: 3189/19/14; private alleles: 0
Populations is done.
denovo_map.pl is done.

denovo_map.pl completed at 2026-03-06 12:17:01
