# Catalog Locus ID	Cnt	CGTACG_GGAAACATCGTGCAGG	CGTACG_GGAACAACCATGCAGG	CGTACG_GGAACCGAGATGCAGG	CGTACG_GGAACGCTTATGCAGG	CGTACG_GGAAGACGGATGCAGG	CGTACG_GGAAGGTACATGCAGG	CGTACG_GGAATGTTGCTGCAGG	CGTACG_GGACAAGCTATGCAGG	CGTACG_GGACACAGAATGCAGG	CGTACG_GGACACGAGATGCAGG	CGTACG_GGACAGATTCTGCAGG	CGTACG_GGACAGCAGATGCAGG	CGTACG_GGACATTGGCTGCAGG	CGTACG_GGACCACTGTTGCAGG	CGTACG_GGACCTCCAATGCAGG	CGTACG_GGACGCTCGATGCAGG	CGTACG_GGACGTATCATGCAGG	CGTACG_GGACTATGCATGCAGG	CGTACG_GGAGAGTCAATGCAGG	CGTACG_GGAGATCGCATGCAGG	CGTACG_GGAGCAGGAATGCAGG	CGTACG_GGAGTACAAGTGCAGG	CGTACG_GGAGTCAAGCTGCAGG	CGTACG_GGAGTCACTATGCAGG	CGTACG_GGAGTGGTCATGCAGG	CGTACG_GGATAGCGACTGCAGG	CGTACG_GGATGCCTAATGCAGG	CGTACG_GGATTGAGGATGCAGG	CGTACG_GGCAACCACATGCAGG	CGTACG_GGCAATGGAATGCAGG	CGTACG_GGCAGATCTGTGCAGG	CGTACG_GGCAGCGTTATGCAGG	CGTACG_GGCATACCAATGCAGG	CGTACG_GGCATCAAGTTGCAGG	CGTACG_GGCCAGTTCATGCAGG	CGTACG_GGCCGAAGTATGCAGG	CGTACG_GGCCGTGAGATGCAGG	CGTACG_GGCCTCCTGATGCAGG	CGTACG_GGCGAACTTATGCAGG	CGTACG_GGCGCATACATGCAGG	CGTACG_GGCTCAATGATGCAGG	CGTACG_GGCTGAGCCATGCAGG	CGTACG_GGCTGGCATATGCAGG	CGTACG_GGGAACAGGCTGCAGG	CGTACG_GGGAATCTGATGCAGG	CGTACG_GGGAGCTGAATGCAGG	CGTACG_GGGCCAAGACTGCAGG	CGTACG_GGGCCACATATGCAGG	CGTACG_GGGCGAGTAATGCAGG	CGTACG_GGGGTGCGAATGCAGG	CGTACG_GGTATCAGCATGCAGG	CGTACG_GGTCCGTCTATGCAGG	CGTACG_GGTCTTCACATGCAGG	CGTACG_GGTGGAACAATGCAGG	CGTACG_GGTGGCTTCATGCAGG	CGTACG_GGTGGTGGTATGCAGG	CGTACG_GGTTCACGCATGCAGG	GAGTGG_GGAAACATCGTGCAGG	GAGTGG_GGAACAACCATGCAGG	GAGTGG_GGAACCGAGATGCAGG	GAGTGG_GGAACGAACGTGCAGG	GAGTGG_GGAACGCTTATGCAGG	GAGTGG_GGAACGTGATTGCAGG	GAGTGG_GGAAGACGGATGCAGG	GAGTGG_GGAATCCGTCTGCAGG	GAGTGG_GGAATGTTGCTGCAGG	GAGTGG_GGACAAGCTATGCAGG	GAGTGG_GGACACAGAATGCAGG	GAGTGG_GGACACGAGATGCAGG	GAGTGG_GGACAGATTCTGCAGG	GAGTGG_GGACAGCAGATGCAGG	GAGTGG_GGACATTGGCTGCAGG	GAGTGG_GGACCACTGTTGCAGG	GAGTGG_GGACCTCCAATGCAGG	GAGTGG_GGACGCTCGATGCAGG	GAGTGG_GGACGTATCATGCAGG	GAGTGG_GGACTATGCATGCAGG	GAGTGG_GGAGAGTCAATGCAGG	GAGTGG_GGAGATCGCATGCAGG	GAGTGG_GGAGCACCTCTGCAGG	GAGTGG_GGAGCAGGAATGCAGG	GAGTGG_GGAGTACAAGTGCAGG	GAGTGG_GGAGTCACTATGCAGG	GAGTGG_GGAGTGGTCATGCAGG	GAGTGG_GGATCCTGTATGCAGG	GAGTGG_GGATGCCTAATGCAGG	GAGTGG_GGATTGAGGATGCAGG	GAGTGG_GGATTGGCTCTGCAGG	GAGTGG_GGCAACCACATGCAGG	GAGTGG_GGCAAGGAGCTGCAGG	GAGTGG_GGCAATGGAATGCAGG	GAGTGG_GGCACTTCGATGCAGG	GAGTGG_GGCAGATCTGTGCAGG	GAGTGG_GGCAGCGTTATGCAGG	GAGTGG_GGCATACCAATGCAGG	GAGTGG_GGCATCAAGTTGCAGG	GAGTGG_GGCCAGTTCATGCAGG	GAGTGG_GGCCGAAGTATGCAGG	GAGTGG_GGCCGTGAGATGCAGG	GAGTGG_GGCCTCCTGATGCAGG	GAGTGG_GGCGAACTTATGCAGG	GAGTGG_GGCGACTGGATGCAGG	GAGTGG_GGCGCATACATGCAGG	GAGTGG_GGCGGATTGCTGCAGG	GAGTGG_GGCTAAGGTCTGCAGG	GAGTGG_GGCTCAATGATGCAGG	GAGTGG_GGCTGAGCCATGCAGG	GAGTGG_GGCTGGCATATGCAGG	GAGTGG_GGGAACAGGCTGCAGG	GAGTGG_GGGAATCTGATGCAGG	GAGTGG_GGGAGCTGAATGCAGG	GAGTGG_GGGATAGACATGCAGG	GAGTGG_GGGCCACATATGCAGG	GAGTGG_GGGCGAGTAATGCAGG	GAGTGG_GGGCTAACGATGCAGG	GAGTGG_GGGCTCGGTATGCAGG	GAGTGG_GGGGAGAACATGCAGG	GAGTGG_GGGGTGCGAATGCAGG	GAGTGG_GGGTACGCAATGCAGG	GAGTGG_GGGTCGTAGATGCAGG	GAGTGG_GGGTGTTCTATGCAGG	GAGTGG_GGTAGGATGATGCAGG	GAGTGG_GGTATCAGCATGCAGG	GAGTGG_GGTCCGTCTATGCAGG	GAGTGG_GGTCTTCACATGCAGG	GAGTGG_GGTGAAGAGATGCAGG	GAGTGG_GGTGGAACAATGCAGG	GAGTGG_GGTGGCTTCATGCAGG	GAGTGG_GGTGGTGGTATGCAGG	GAGTGG_GGTTCACGCATGCAGG	GTTTCG_GGAAACATCGTGCAGG	GTTTCG_GGAACAACCATGCAGG	GTTTCG_GGAACGAACGTGCAGG	GTTTCG_GGAACGCTTATGCAGG	GTTTCG_GGAACGTGATTGCAGG	GTTTCG_GGAAGACGGATGCAGG	GTTTCG_GGAAGGTACATGCAGG	GTTTCG_GGACAAGCTATGCAGG	GTTTCG_GGACACGAGATGCAGG	GTTTCG_GGACATTGGCTGCAGG	GTTTCG_GGACCACTGTTGCAGG	GTTTCG_GGACCTCCAATGCAGG	GTTTCG_GGAGAGTCAATGCAGG	GTTTCG_GGAGATCGCATGCAGG	GTTTCG_GGAGCAGGAATGCAGG	GTTTCG_GGAGTACAAGTGCAGG	GTTTCG_GGAGTCACTATGCAGG	GTTTCG_GGAGTGGTCATGCAGG	GTTTCG_GGATCCTGTATGCAGG	GTTTCG_GGATGCCTAATGCAGG	GTTTCG_GGATTGAGGATGCAGG	GTTTCG_GGCAACCACATGCAGG	GTTTCG_GGCAGATCTGTGCAGG	GTTTCG_GGCATCAAGTTGCAGG	GTTTCG_GGCCAGTTCATGCAGG	GTTTCG_GGCCGTGAGATGCAGG	GTTTCG_GGCGAACTTATGCAGG	GTTTCG_GGCGACTGGATGCAGG	GTTTCG_GGCGCATACATGCAGG	GTTTCG_GGCGCTGATCTGCAGG	GTTTCG_GGCTCAATGATGCAGG	GTTTCG_GGCTGAGCCATGCAGG	GTTTCG_GGCTGGCATATGCAGG	GTTTCG_GGGAATCTGATGCAGG	GTTTCG_GGGAGCTGAATGCAGG	GTTTCG_GGGATAGACATGCAGG	GTTTCG_GGGCCACATATGCAGG	GTTTCG_GGGCGAGTAATGCAGG	GTTTCG_GGGCTAACGATGCAGG	GTTTCG_GGGGAGAACATGCAGG	GTTTCG_GGGTCGTAGATGCAGG	GTTTCG_GGGTCTGTCATGCAGG	GTTTCG_GGGTGTTCTATGCAGG	GTTTCG_GGTAGGATGATGCAGG	GTTTCG_GGTATCAGCATGCAGG	GTTTCG_GGTCCGTCTATGCAGG	GTTTCG_GGTCTTCACATGCAGG	GTTTCG_GGTGAAGAGATGCAGG	GTTTCG_GGTGGCTTCATGCAGG	GTTTCG_GGTGGTGGTATGCAGG	GTTTCG_GGTTCACGCATGCAGG
15	87	TT/TT	-	TT/TT	TT/TT	TT/TT	TT/TT	-	TT/TT	-	-	-	TT/TT	-	-	-	TT/TT	TT/TT	TT/TT	TT/TT	TT/TT	TT/TT	TT/TT	-	-	CT/TT	-	-	-	TT/TT	-	-	TT/TT	TT/TT	TT/TT	-	-	TT/TT	-	TT/TT	TT/TT	TT/TT	-	-	-	-	-	-	-	-	-	-	-	-	-	-	-	-	-	TT/TT	TT/TT	TT/TT	TT/TT	-	-	TT/TT	TT/TT	-	TT/TT	-	TT/TT	TT/TT	TT/TT	TT/TT	TT/TT	TT/TT	TT/TT	-	TT/TT	-	-	TT/TT	TT/TT	TT/TT	-	TT/TT	TT/TT	-	-	TT/TT	TT/TT	TT/TT	TT/TT	TT/TT	-	TT/TT	-	TT/TT	TT/TT	TT/TT	TT/TT	-	TT/TT	TT/TT	TT/TT	TT/TT	TT/TT	-	TT/TT	-	-	-	TC/TT	TT/TT	TT/TT	-	TT/TT	TT/TT	TT/TT	-	TT/TT	TT/TT	-	TT/TT	TT/TT	TT/TT	-	TT/TT	-	TT/TT	TT/TT	-	-	-	-	-	TT/TT	-	-	-	TT/TT	-	-	-	TT/TT	-	-	TT/TT	-	-	-	TT/TT	-	-	-	-	TT/TT	TT/TT	-	TT/TT	-	TT/TT	TT/TT	-	-	-	TT/TT	TT/TT	-	-	-	-	TT/TT	-	TT/TT	-	-	-	-	-	-	-
17	80	CA/CA	-	CA/CA	CA/CA	CA/CA	-	-	-	CA/CA	-	-	CA/CA	-	CA/CA	CA/CA	-	-	-	CA/CA	CA/CA	-	CA/CA	-	CA/CA	CA/CA	-	-	-	CA/CA	CA/CA	-	-	-	CA/CA	CA/CA	CA/CA	CA/CA	CA/CA	CA/CA	-	CA/CA	CA/CA	-	-	-	-	-	-	-	-	-	-	-	-	-	-	-	CA/CA	CA/CA	CA/CA	-	CA/CA	CA/CA	CA/CA	CA/CA	-	-	-	-	-	CA/CA	-	CA/CA	-	CA/CA	CA/CA	CA/CA	CA/CA	CA/CA	CA/CA	CA/CA	CA/CA	CA/CA	CA/CA	CA/CA	-	CA/CA	CA/CA	CA/CA	CA/CA	CA/CA	-	CA/CA	-	-	CA/CA	CA/CA	-	CA/CA	CA/CA	CA/CA	CA/CA	-	CA/CA	-	CA/CA	-	-	CA/CA	CA/CA	CA/CA	CA/CA	-	-	-	-	-	-	-	-	-	-	CA/CA	-	-	CA/CA	-	CA/CA	-	-	-	-	-	-	AA/CA	CA/CA	-	-	-	-	CA/CA	-	-	-	CA/CA	-	-	-	-	-	-	-	-	CA/CA	-	CA/CA	CA/CA	-	-	CA/CA	-	CA/CA	-	CA/CA	CA/CA	CA/CA	-	CA/CA	CA/CA	-	-	CA/CG	-	CA/CA	-	-	-	-	-	-	-
21	42	-	-	-	-	-	-	-	-	-	-	-	-	-	-	-	-	-	-	-	-	-	-	-	-	-	-	-	-	-	-	-	-	-	-	-	-	-	-	-	-	-	-	-	-	-	-	-	-	-	-	-	-	-	-	-	-	-	AGC/AGC	AGC/AGC	-	AGC/AGC	AGC/AGC	AGC/AGC	-	-	-	AGC/AGC	-	-	-	AGC/AGC	AGC/AGC	AGC/AGC	-	AGC/AGC	AGC/AGC	-	-	AGC/AGC	-	AGC/AGC	-	AGC/AGC	AGC/AGC	-	AGC/AGC	-	-	AGC/AGC	-	AGC/AGC	-	-	AGC/AGC	AGC/AGC	AGC/AGC	AGC/ATC	AGC/AGC	AGC/AGC	AGA/AGC	AGC/AGC	-	-	-	-	-	-	-	-	-	-	-	-	-	-	-	-	-	-	-	-	-	-	-	-	-	-	-	-	-	AGC/GGC	AGC/AGC	-	-	-	-	-	-	-	-	-	-	-	-	AGC/AGC	-	-	-	AGC/AGC	-	AGC/AGC	AGC/AGC	-	-	-	AGC/AGC	AGC/AGC	-	-	AGC/AGC	-	AGC/AGC	-	AGC/AGC	AGC/AGC	-	AGC/AGC	AGC/AGC	AGC/AGC	-	-	-	-	AGC/AGC	-	-	-	-	-	-	-
23	97	TTA/TTA	TTA/TTA	TTA/TTA	TTA/TTA	TTA/TTA	TTA/TTA	-	TTA/TTA	TTA/TTA	-	-	TTA/TTA	-	-	-	TTA/TTA	TTA/TTA	TTA/TTA	TTA/TTA	TTA/TTA	-	TTA/TTG	-	-	TTA/TTA	-	-	TTA/TTA	-	TTA/TTA	-	-	-	-	TTA/TTA	-	TTA/TTA	-	-	-	TTA/TTA	-	-	-	-	-	-	-	-	-	-	-	-	-	-	-	-	TTA/TTA	TTA/TTA	-	-	TTA/TTA	TTA/TTA	TTA/TTA	-	-	TTA/TTA	TTA/TTA	-	TTA/TTA	TTA/TTA	TTA/TTA	TTA/TTA	TTA/TTA	TTA/TTA	TTA/TTA	TTA/TTA	TTA/TTA	TTA/TTA	TTA/TTA	TTA/TTA	TTA/TTA	-	TTA/TTA	TTA/TTA	TTA/TTA	TTA/TTA	TTA/TTA	TTA/TTA	-	TTA/TTA	TTA/TTA	TTA/TTA	TTA/TTA	TTA/TTA	TTA/TTA	TTA/TTA	-	TTA/TTA	TTA/TTA	TTA/TTA	TTA/TTA	-	TTA/TTA	TTA/TTA	TTA/TTA	TTA/TTA	TTA/TTA	TTA/TTA	-	-	TTA/TTA	TTA/TTA	TTA/TTA	-	TTA/TTA	-	CTA/TTA	TTA/TTA	TTA/TTA	TTA/TTA	-	TTA/TTA	TTA/TTA	TTA/TTA	TTA/TTA	-	-	TTA/TTA	TTA/TTA	-	TTA/TTA	TTA/TTA	-	TTA/TTA	TTA/TTA	-	-	-	TTA/TTA	TTA/TTA	-	TTA/TTA	-	-	-	-	-	TTA/TTA	-	-	-	-	-	TTA/TTA	-	TTA/TTA	-	-	TTA/TTA	-	TAA/TTA	TTA/TTA	TTA/TTA	TTA/TTA	-	-	TTA/TTA	TTA/TTA	-	TTA/TTA	-	-	TTA/TTA	-	-	-	-	-	-	-
31	114	CNNNAN/CNNNAN	CNNAAA/CNNAAA	-	CNNAAA/CNNAAA	CNNAAA/CNNAAA	CNNAAA/CNNAAA	-	CNNGAT/CNNGAT	CNNANA/CNNANA	CGNANA/CGNGNT	CGTGAT/CGTGAT	CNNAAA/CNNAAA	CNNAGA/CNNAGA	CNNAAA/CNNAGA	CNNANA/CNNANA	-	-	-	CNNAGA/CNNAAA	CNNAAA/CNNGAT	-	-	CGTAAN/CGTAAN	CNNAAA/CNNAAA	CNNAAA/CNNAGA	-	CNNAAA/CNNGAT	-	CNNAAA/CNNAAA	-	-	CNNAAA/CNNAAA	CNNAAA/CNNAAA	CNNAAA/CNNAAA	CNNAAA/CNNAAA	CNNNAN/CNNNAN	CNNAAA/CNNAAA	CNNAAA/CNNAAA	CNNGAT/CNNGAT	CNNANA/CNNANA	CNNAAA/CNNAGA	CNNAGA/CNNAGA	CGNNNN/CGNNNN	-	CGTAAA/CGTGAT	CGTGAT/CGTGAT	-	CGTAAA/CGTAAA	-	CGCAGA/CGTGAT	CGTAAA/CGTGAT	CACAAA/CGTAAA	AGTGAT/CGTGAT	CNNNAN/CNNNAN	CGTGAT/CGTGAT	CGTGAT/CGTGAT	CGTGAT/CGTGAT	CNNAAA/CNNAAA	-	CANAAA/CGNAAA	CANAAA/CGNAAA	-	CGNAGA/CGNAAA	CGNAAA/CGNAAA	-	-	CANAAA/CGNAAA	-	CNNAAA/CNNAAA	-	CGNAGA/CGNAAA	-	CGNANA/CGNANA	CGNAGA/CGNAGA	-	CANAAA/CGNAAA	-	CNNAGA/CNNAAA	CANAAA/CGNAAA	-	CANAAA/CGNAAA	CNNANA/CNNANA	-	CANAAA/CGNAGA	CNNANA/CNNANA	CGNAAA/CGNAAA	CNNANA/CNNANA	-	CGNANA/CGNANA	-	CANAAA/CGNAGA	CGNAGA/CGNAAA	CGNAGA/CGNAAA	CANAAA/CGNAAA	CANAAA/CGNAAA	-	CGNAAA/CGNAAA	CANAAA/CGNAAA	CANAAA/CGNAAA	CANAAA/CGNAAA	-	CNNAAA/CNNGAT	-	-	CNNAAA/CNNAAA	CNNAGA/CNNAAA	CNNAAA/CNNAAA	CNNAAA/CNNAAA	CNNAAA/CNNAAA	CNNANA/CNNANA	-	CNNAAA/CNNAAA	CNNAAA/CNNGAT	CNNAGA/CNNAAA	CNNANA/CNNANA	CNNANA/CNNANA	-	CNNANA/CNNGNT	CNNAGA/CNNAAA	CNNAGA/CNNAAA	CNNAAA/CNNAAA	CNNNNN/CNNNNN	-	-	-	CNNAAA/CNNAAA	CNNAAA/CNNAAA	CNNAAA/CNNAAA	-	CNNAAA/CNNAAA	-	-	CANAAA/CGNAGA	-	-	-	-	CGNAAA/CGNAAA	-	CGNAAA/CGNAAA	-	-	-	CGNAAA/CGNAAA	CANAAA/CGNAAA	CANAAA/CGNAAA	CGNAAA/CGNAAA	-	-	-	CGNAGA/CGNAGA	CGNAAA/CGNAAA	-	CGNAAA/CGNAAA	-	-	CGNAAA/CGNAAA	-	CGNAGA/CGNAGA	-	-	CGNAGA/CGNAGA	CNNANA/CNNANA	CGNAAA/CGNAAA	CNNANA/CNNANA	CANANA/CGNANA	CGNAAA/CGNAAA	CGNANA/CGNANA	CNNAAA/CNNAAA	-	-	-	-	CNNAAA/CNNAAA	-	-	-	-	-	-	-
39	88	-	-	ACA/ACA	ACA/ACA	ACA/ACA	ACA/ACA	-	-	ACA/ACA	-	-	ACA/ACA	-	-	-	ACA/ACA	ACA/ACA	ACA/ACA	-	NCA/NCA	-	-	-	-	NCA/NCA	-	ACA/ACA	-	-	ACA/ACA	-	ACA/ACA	ACA/ACA	-	ACA/ACA	-	-	ACA/ACA	ACA/ACA	-	NCA/NCA	ACA/ACA	-	-	-	-	-	-	-	-	-	-	-	-	-	-	-	NCA/NCA	ACA/ACA	-	ACA/ACA	ACA/ACA	ACA/ATA	ACA/ACA	ACA/ACA	-	ACA/ACA	NCA/NCA	-	ACA/ACA	ACA/ACA	ACA/ACA	-	ACA/ACA	-	ACA/ACA	NCA/NCG	-	ACA/ACA	ACA/ACA	ACA/ACA	ACA/ACA	NCA/NCA	-	-	-	ACA/ACA	ACA/ACA	ACA/ACA	ACA/ACA	-	ACA/ACA	ACA/ACA	-	-	-	ACA/ACA	ACA/ACA	ACA/ACA	ACA/ACA	ACA/ACA	ACA/ACA	-	-	ACA/ACA	-	-	ACA/ACA	ACA/ACA	ACA/ACA	ACA/ACA	ACA/ACA	-	ACA/ACA	ACA/ACA	ACA/ACA	ACA/ACA	-	ACA/ACA	-	-	ACA/ACA	ACA/ACA	-	ACA/ACA	ACA/ACA	ACA/ACA	-	ACA/ACA	ACA/ACA	ACA/ACA	ACA/ACA	-	NCA/NCA	ACA/ACA	-	-	-	-	-	ACA/ACA	-	-	-	ACA/ACA	ACA/ACA	-	-	-	NCA/NCA	ACA/ACA	-	-	-	-	ACA/ACA	ACA/ACA	-	ACA/ACA	-	ACA/ACA	-	ACA/ACA	-	ACA/ACA	ACA/ACA	NCA/NCA	-	-	-	NCA/NCA	-	-	-	-	-	-	-	-	-	-
50	106	GTT/GTT	-	GTT/GTT	GTT/GTT	GTT/GTT	-	-	GTT/GTT	GTT/GTT	-	-	GTT/GTT	GTT/GTT	-	GTT/GTT	GTT/GTT	GTT/GTT	GTT/GTT	GTT/GTT	GTT/GTT	-	-	-	GTT/GTT	GTT/GTT	-	NTT/NTT	GTT/GTT	GTT/GTT	-	GTT/GTT	GTT/GTT	-	GTT/GTT	GTT/GTT	GTT/GTT	GTT/GTT	-	GTT/GTT	-	GTT/GTT	GTT/GTT	-	-	-	-	-	-	-	-	-	-	-	-	-	-	-	GTT/GTT	GCT/GTT	NTT/NTT	GTT/GTT	GTT/GTT	GTT/GTT	GTT/GTT	GTT/GTT	GTT/GTT	GTT/GTT	NTT/NTT	GTT/GTT	GTT/GTT	GTT/GTT	GTT/GTT	GTT/GTT	GTT/GTT	-	GTT/GTT	-	GTT/GTT	GTT/GTT	GTT/GTT	GTT/GTT	GTT/GTT	-	GTT/GTT	GTT/GTT	GTT/GTT	GTT/GTT	-	GTT/GTT	-	GTT/GTT	GTT/GTT	GTT/GTT	GTT/GTT	GTT/GTT	GTT/GTT	GTT/GTT	GTT/GTT	GTT/GTT	GTT/GTT	GTT/GTT	-	-	GTT/GTT	GTT/GTT	GTT/GTT	GTT/GTT	GTT/GTT	GTC/GTT	-	-	-	GTT/GTT	GTT/GTT	CTT/GTT	GTT/GTT	GTT/GTT	GTT/GTT	-	GTT/GTT	-	GTT/GTT	GTT/GTT	GTT/GTT	-	-	GTT/GTT	-	-	GTT/GTT	GTT/GTT	-	-	GTT/GTT	GTT/GTT	-	GTT/GTT	GTT/GTT	-	-	GTT/GTT	-	-	-	-	GTT/GTT	-	-	GTT/GTT	-	-	GTT/GTT	-	GTT/GTT	-	-	GTT/GTT	-	GTT/GTT	GTT/GTT	GTT/GTT	-	GTT/GTT	GTT/GTT	GTT/GTT	-	GTT/GTT	GTT/GTT	-	-	GTT/GTT	GTT/GTT	-	-	-	-	-	-	-	-	-
59	90	TGT/TGT	-	TGT/TGT	TGT/TGT	TGT/TGT	TGT/TGT	-	TGT/TGT	TGT/TGT	-	-	TGT/TGT	-	TGT/TGT	TGT/TGT	TGT/TGT	TGT/TGT	TGT/TGT	TGT/TTT	-	TGT/TGT	-	-	TGT/TGT	TGT/TGT	-	TGT/TGT	-	-	-	-	-	-	TGT/TGT	TGT/TGT	CGT/TGT	-	-	TGT/TGT	-	TGT/TGT	TGT/TGT	-	-	-	-	-	-	-	-	-	-	-	-	-	-	-	TGT/TGT	TGN/TGN	TGN/TGN	TGT/TGT	TGT/TGT	TGT/TGT	TGT/TGT	-	-	TGT/TGT	TGN/TGN	-	TGT/TGT	-	-	TGT/TGT	TGT/TGT	-	TGT/TGT	-	TGN/TGN	TGT/TGT	-	TGT/TGT	-	TGN/TGN	TGT/TGT	-	TGT/TGT	-	-	TGT/TGT	-	TGT/TGT	TGG/TGT	TGT/TGT	TGT/TGT	TGT/TGT	TGT/TGT	TGT/TGT	TGT/TGT	-	TGT/TGT	-	TGT/TGT	-	-	-	-	-	-	-	TGT/TGT	-	TGT/TGT	TGT/TGT	-	TGT/TGT	TGT/TGT	TGN/TGN	TGT/TGT	TGT/TGT	TGT/TGT	-	-	TGT/TGT	TGT/TGT	-	TGT/TGT	TGT/TGT	TGT/TGT	TGN/TGN	TGT/TGT	-	-	-	TGT/TGT	TGT/TGT	-	-	-	-	-	TGT/TGT	-	TGT/TGT	TGT/TGT	-	TGT/TGT	-	-	TGN/TGN	TGT/TGT	TGT/TGT	-	-	-	TGT/TGT	TGT/TGT	TGT/TGT	-	-	-	TGT/TGT	-	TGT/TGT	TGT/TGT	-	TGN/TGN	TGT/TGT	TGT/TGT	TGT/TGT	-	-	-	-	TGT/TGT	-	-	-	-	-	-	-
106	137	TTGTATANGTGAT/TTGTTTANGTGGC	TGGTATANGTGAC/TTGTTTANGTGGC	TNGNNTANGTNNN/TNGNNTANGTNNN	TTGTATANGTGAC/TTGTATCNGCGAC	ATGTTTANGTGGC/TTGTTTANGTGGC	TNGTNTANGTGNC/TNGTNTANGTGNC	-	TTGCATANGTCAC/TTGCATANGTCAC	-	TTGCATACGTNAC/TTGTTTACGTNGC	-	TTGCATANGTCAC/TTGTTTANGTGGC	TTGCAAANGTCAC/TTGCATANGTCAC	TGGTATANGTGAC/TTGTTTANGTGGC	TGGTNTANGTGNC/TTGTNTANGTGNC	TGGTATANGTGAC/TGGTATANGTGAC	TNGTNTANGTGNN/TNGTNTANGTGNN	TGGTATANGTGAC/TTGTATANGTGAC	TGGTATANGTGAC/TTGTATANGTGAT	-	-	TTGTATANGTGAC/TTGTATANGTGAC	-	TGGTATANGTNAC/TTGCATANGTNAC	TGGTATANGTGAC/TTGTATANGTGAC	TTGNATANNTNAC/TTGNATANNTNAC	-	TNGTNTANGTGNN/TNGTNTANGTGNN	TNGTNTANGTGNN/TNGTNTANGTGNN	TTGTATANGTGAT/TTGTTTANGTGGC	TGGTATANGTGAC/TGGTATANGTGAC	-	TTGTATANGTGAC/TTGTTTANGTGGC	TTGTTTANGTNGC/TTGTTTANGTNGC	TTGTATANGTGAT/TTGTATANGTGAT	TTGTNTANGTNNC/TTGTNTANGTNNC	-	-	TTGTATANGTGAT/TTGTTTANGTGGC	-	TNGTNTNNGTGNC/TNGTNTNNGTGNC	TNGTNTANGTGNN/TNGTNTANGTGNN	TNGTATATNTNAC/TNGTATATNTNAC	-	TGGTATATGTNAC/TGGTATATGTNAC	TTGTATATATNAC/TTGTATATATNAC	-	TTGCATACGTNAC/TTGTATATATNAC	-	TTGTTTACGTNGC/TTGTTTACGTNGC	TTGNNTANGTNNC/TTGNNTANGTNNC	TTGCATACGTNAC/TTGCATACGTNAC	TTGTATATATNAC/TTGTATATATNAC	TTGTATATGTNAC/TTGTATATGTNAC	TNGCATACGTNAC/TNGTATATGTNAC	-	-	TTGTATANGTGAC/TTGTTTANGTGGC	TNGTATANNTGAN/TNGTATANNTGAN	-	TTGNNTANNTNNC/TTGNNTANNTNNC	TNGNNTNNGTGNC/TNGNNTNNGTGNC	TGGTATANGTGAC/TTGTATANGTGAC	TGGTATANGTCAC/TTGCATANGTCAC	TTGCATANGTCAC/TTGTATANGTGAC	TTGNNTANGTNNC/TTGNNTANGTNNC	-	-	TNGNATANGTGAN/TNGNATANGTGAN	TTGCATANGTNAC/TTGTTTANGTNGC	TGGTNTANGTGNC/TTGTNTANGTGNC	TNGNNTANGTNNC/TNGNNTANGTNNC	TNGNNTANNTGNC/TNGNNTANNTGNC	TGGTATANGTGAC/TTGTATANATGAC	TTGTTTANGTNGC/TTGTTTANGTNGC	TNGCATANGTNAC/TNGTATANATNAC	TNGTNTANNTGNC/TNGTNTANNTGNC	TNGTATANNTGAN/TNGTATANNTGAN	TTGNATNNNTGAC/TTGNATNNNTGAC	TNGNNTANGTNNN/TNGNNTANGTNNN	TNGNATANGTNAC/TNGNATANGTNAC	TTGNATANNTGAC/TTGNATANNTGAC	TGGTATANGTGAC/TTGTTTANGTGGC	TNGNATANGTNAC/TNGNATANGTNAC	TTGNNTANGTNNN/TTGNNTANGTNNN	TTGNNTANNTGNC/TTGNNTANNTGNC	-	TTGCAAANGTCAC/TTGTATANGTGAT	TNGTATNNNTGAN/TNGTATNNNTGAN	-	TTGTNTNNGTGNC/TTGTNTNNGTGNC	TNGTATANGTGAC/TNGTATCNGTGAC	TGGTATNNNTGAC/TTGTATNNNTGAC	TNGNNTANNTNNC/TNGNNTANNTNNC	TNGNATNNGTNAN/TNGNATNNGTNAN	TNGTNTANNTGNC/TNGTNTANNTGNC	TTGNATNNGTGAC/TTGNATNNGTGAC	TTGCATANGTNAC/TTGTATCNGTNAC	TNGNNTNNGTNNC/TNGNNTNNGTNNC	TNGNNTANNTNNC/TNGNNTANNTNNC	TGGTATANGTGAC/TTGTATANGTGAC	TTGTATANGTGAC/TTGTATANGTGAC	TNGTNTNNGTGNC/TNGTNTNNGTGNC	TGGTATANGTGAC/TTGTATANGTGAT	TGGTATANGTGAC/TTGTATANGTGAT	TNGTNTANGTGNC/TNGTNTANGTGNC	TNGTNTANGTGNN/TNGTNTANGTGNN	TNGTNTANGTGNN/TNGTNTANGTGNN	TNGNANANGTNAN/TNGNANANGTNAN	TNGTNTANGTGNC/TNGTNTANGTGNC	TGCTATANGTGAC/TTGTATANGTGAC	TGGTATANGTNAC/TTGCAAANGTNAC	TNGTNTANGTGNC/TNGTNTANGTGNC	TGGTATANGTGAC/TTGTATANGTGAC	TNGTNTANGTGNC/TNGTNTANGTGNC	-	TNGNANANGTNAN/TNGNANANGTNAN	TNGTNTANGTGNN/TNGTNTANGTGNN	TGGTATANGTGAC/TTGTATANGTGAC	-	-	TTGNAAANGTCAC/TTGNAAANGTCAC	TGGTATANGTGAC/TTGTATANGTGAT	TTGCATANGTNAC/TTGTTTANGTNGC	-	TGGTATANGTGAC/TTGCATANGTCAC	TNGNATANGTNAN/TNGNATANGTNAN	TNGNATANGTNAC/TNGNATANGTNAC	TTGCATANGTCAC/TTGTATANGTGAT	TTGCATANGTNAC/TTGTTTANGTNGC	TTGTATANATGAC/TTGTTTANGTGGC	-	-	-	TTGCATANGTCAC/TTGCATANGTCAC	TTGTTTANGTNAC/TTGTTTANGTNGC	-	TNGTNTANGTGNC/TNGTNTANGTGNC	-	-	TNGNATNNGTGAC/TNGNATNNGTGAC	TGGTATANGTGAC/TGGTATANGTGAC	-	TTGTATANGTGAC/TTGTATCNGTGAC	-	TTGCATANGTCNC/TTGTATANATGNC	TTGTATANGTGAC/TTGTATANGTGAC	TNGTNTANGTGNN/TNGTNTANGTGNN	TTGTATANGTGAC/TTGTATANGTGAC	TTGTATANATGAC/TTGTATANATGAC	TTGTTTANGTNGC/TTGTTTANGTNGC	TTGTTTANGTNGC/TTGTTTANGTNGC	TTGCATANGTCAC/TTGCATANGTCAC	TTGTATANNTGAC/TTGTATANNTGAC	TGGTATANGTGAC/TGGTATANGTGAC	TGGTATANGTGAC/TTGTTTANGTGGC	TTGTNTANGTGNN/TTGTNTANGTGNN	TGGTATANGTGAC/TGGTATANGTGAC	TTGCATANGTCAC/TTGTTTANGTCGC	-	TTGTTTANGTNGC/TTGTTTANGTNGC	TTGCATANGTNAC/TTGTATANGTNAC	TGGTATANGTGAC/TTGTTTANGTGGC	TTGNATANNTNAC/TTGNATANNTNAC	TNGTNTANGTGNC/TNGTNTANGTGNC	TTGCATANGTNAC/TTGTTTANGTNGC	TGGTATANGTGAC/TGGTATANGTGAC	TNGNATANNTNAC/TNGNATANNTNAC	TTGNATANGTCAC/TTGNATANGTCAC	-	TGGTATANGTGAC/TGGTATANGTGAC	-	TTGCATANGTCAC/TTGTTTANGTCGC	-	-	-	-	-	-	-	-
173	22	-	-	-	-	-	-	T/T	-	-	T/T	T/T	-	-	-	-	-	-	-	-	-	-	-	C/T	-	-	T/T	-	-	-	-	-	-	-	-	-	-	-	-	-	-	-	-	-	T/T	T/T	T/T	T/T	T/T	-	T/T	T/T	T/T	-	-	T/T	T/T	-	-	-	-	-	-	-	-	-	-	-	-	-	-	-	-	-	-	-	-	-	-	-	-	-	-	-	-	-	-	-	-	-	-	-	-	-	-	-	-	-	-	-	-	-	-	-	-	-	-	-	-	-	-	-	-	-	-	-	-	-	-	-	-	-	-	-	-	-	-	-	-	-	-	-	-	-	-	-	-	-	-	-	-	-	-	-	-	-	-	-	-	-	-	-	-	-	-	-	-	-	-	-	-	-	-	-	-	-	-	-	-	-	-	-	-	-	-	T/T	T/T	T/T	T/T	T/T	T/T	T/T
205	13	-	-	-	-	-	-	consensus	-	-	consensus	consensus	-	-	-	-	-	-	-	-	-	-	-	-	-	-	consensus	-	-	-	-	-	-	-	-	-	-	-	-	-	-	-	-	consensus	-	consensus	-	consensus	consensus	consensus	-	consensus	-	consensus	-	consensus	consensus	-	-	-	-	-	-	-	-	-	-	-	-	-	-	-	-	-	-	-	-	-	-	-	-	-	-	-	-	-	-	-	-	-	-	-	-	-	-	-	-	-	-	-	-	-	-	-	-	-	-	-	-	-	-	-	-	-	-	-	-	-	-	-	-	-	-	-	-	-	-	-	-	-	-	-	-	-	-	-	-	-	-	-	-	-	-	-	-	-	-	-	-	-	-	-	-	-	-	-	-	-	-	-	-	-	-	-	-	-	-	-	-	-	-	-	-	-	-	-	-	-	-	-	-	-
259	42	-	-	-	-	-	-	-	-	-	-	-	-	-	-	-	-	-	-	-	-	-	-	-	-	-	-	-	-	-	-	-	-	-	-	-	-	-	-	-	-	-	-	-	-	-	-	-	-	-	-	-	-	-	-	-	-	-	-	-	AAT/GAT	-	AAT/AAT	-	-	-	-	-	-	-	-	AAT/AAT	AAT/AAT	-	-	AAT/AAT	AAT/ACT	-	AAT/AAT	AAT/AAT	-	ACT/ACT	AAT/AAT	AAT/AAT	-	AAT/AAT	-	-	-	AAT/AAT	-	AAT/AAT	AAT/AAT	-	AAT/AAT	-	AAT/AAT	AAT/AAT	AAT/AAT	-	AAT/AAT	AAT/AAT	-	-	-	-	-	-	-	-	-	-	-	-	-	-	-	-	-	-	-	-	-	-	-	-	-	-	-	-	-	-	AAT/AAT	-	-	-	-	-	AAT/AAT	-	AAT/AAT	-	-	-	-	-	AAT/AAT	-	-	AAT/AAT	AAT/AAT	AAT/AAT	-	AAT/AAT	-	AAT/AAT	AAT/AAT	AAT/AAT	-	-	AAT/AAT	AAT/AAT	-	AAT/AAT	-	AAT/AAT	-	AAT/AAT	-	AAT/AAT	AAT/AAT	AAT/AAT	AAT/AAT	AAT/AAT	-	-	-	-	-	-	-	-
271	37	GTGTA/GTGTA	-	-	-	-	GTGTA/GTGTA	-	-	-	-	-	GTGTA/GTGTA	-	-	-	GTGTA/GTGTA	GTGTA/GTGTA	GTGTA/GTGTA	-	-	GTGTA/GTGTA	-	-	-	GTGTA/GTGTA	-	GTGTA/GTGTA	GTGTA/GTGTA	GTGTA/GTGTA	-	-	GTGTA/GTGTA	ATGTA/GTGTA	GTGTA/GTGTA	GTGTA/GTGTG	-	-	-	-	-	GTGTA/GTGTA	GTGTA/GTGTA	-	-	-	-	-	-	-	-	-	-	-	-	-	-	-	-	-	-	-	-	-	-	GTGTA/GTGTA	-	-	-	GTGTA/GTGTA	GTGTA/GTGTA	-	-	-	-	-	-	-	-	-	GTGTA/GTGTA	-	-	-	-	-	-	-	GTGTA/GTGTA	-	-	-	-	-	-	-	-	-	-	-	-	-	GTGTA/GTGTA	GTGTA/GTGTA	-	GTGTA/GTGTA	-	-	GTGTA/GTGTA	GTGTA/GTGTA	GTGTA/GTGTA	-	-	-	-	GTGTA/GTGTA	-	GTGTA/GTGTA	-	-	GCGCA/GTGTA	-	GTGTA/GTGTA	-	-	GTGTA/GTGTA	GTGTA/GTGTA	GTGTA/GTGTA	GTGTA/GTGTA	-	GTGTA/GTGTA	-	-	-	-	-	-	-	-	-	-	-	-	-	-	-	-	-	-	-	-	-	-	-	-	-	-	-	-	-	-	-	-	-	-	-	-	-	-	-	-	-	-	-	-	-	-	-	-	-	-	-
284	107	GACG/GGCG	GACG/GGCG	GACG/GGCG	GACG/GGCG	GACG/GGCG	-	-	-	-	GNNG/GNNG	-	GNCN/GNCN	GGCG/GGCG	-	NNCG/NNCG	GACG/GGCG	GACG/GGCG	GNCG/GNCG	GACG/GGCG	GACG/GGCG	-	-	-	GACG/GACG	GACG/GGCG	GNNG/GNNG	GGCG/GGCG	-	GACG/GACG	GACG/GGCG	GACA/GACA	-	-	GACG/GGCG	GNCN/GNCN	GGCG/GGCG	GGCN/GGCN	GACG/GGCG	-	-	GACG/GGCG	-	GNNG/GNNG	-	-	-	-	GNNG/GNNG	-	GNNG/GNNG	GNNG/GNNG	-	GNNG/GNNG	GNNG/GNNG	GNNG/GNNG	GNNG/GNNG	-	-	GNCA/GNCG	ANCG/ANCG	-	-	GNCG/GNCG	GNCG/GNCG	GACG/GGCG	GACG/GGCG	-	-	GACG/GGCG	GACA/GACG	GNCA/GNCG	GNCG/GNCG	GNCA/GNCA	GNCA/GNCA	GNCG/GNCG	GNCA/GNCG	GNCG/GNCG	GNCG/GNCG	GNCN/GNCN	GACG/GGCG	-	GNCA/GNCG	-	ANCG/GNCG	GNCG/GNCG	GNCG/GNCG	GNCN/GNCN	GGCG/GGCG	GNCG/GNCG	GACG/GGCG	GNCN/GNCN	-	GNCG/GNCG	ANCG/GNCA	GNCA/GNCG	GNCA/GNCG	GNCA/GNCG	-	GNCG/GNCG	ANCG/ANCG	-	-	GACG/GGCG	GACG/GGCG	GACG/GGCG	-	GACG/GGCG	GACG/GGCG	-	GACA/GACG	-	GACG/GGCG	GACG/GGCG	-	GACA/GGCG	GGCG/GGCG	GACG/GGCG	GACG/GGCG	-	NNCG/NNCG	GACG/GACG	GACG/GGCG	-	GGCG/GGCG	GACG/GGCG	GACG/GACG	NACG/NGCG	GACG/GGCG	GACG/GGCG	GACG/GGCG	GNCA/GNCG	-	-	GNCA/GNCG	GNCG/GNCG	-	-	GNCG/GNCG	-	-	-	-	GNCG/GNCG	-	-	-	GNCA/GNCA	-	GNCA/GNCG	-	GNCA/GNCG	GNCG/GNCG	-	-	GNCG/GNCG	GNCA/GNCG	GNCG/GNCG	-	GNCA/GNCA	-	-	-	-	GNCA/GNCA	-	-	-	-	-	GNCG/GNCG	-	-	GNCA/GNCG	-	-	-	-	-	-	-	-
299	43	NGCCCCA/NGCCTCA	AGCCCCA/AGCCCCA	-	-	GGACCCA/GGACCCA	-	-	-	-	-	-	AGCCCCA/AGCCCCA	NGCCNCA/NGCCNCA	-	NGCCNCA/NGCCNCA	AGCCCCA/AGCCCCA	AGCCCCA/GGCCCCA	-	-	-	-	-	-	-	AGCCCCA/GGCCCCA	-	-	GGCCCCA/GGCCCCA	-	-	GGACCCA/GGACCCA	-	GGACCCA/GGCCCCA	GGCCCCA/GGCCCCA	GGACCCA/GGACCCA	-	-	AGCCCCA/AGCCCCA	-	-	GGCCCCA/GGCCCCA	-	-	-	-	-	-	-	-	-	-	-	-	-	-	-	-	-	-	-	-	-	-	-	AGCCCCA/AGCCCCA	-	-	-	-	AGCCCCA/AGCCCCA	-	-	-	-	-	-	-	-	-	AGCCCCA/AGCCCCA	-	-	-	-	-	-	-	GACCTAT/GGCCCCA	-	GACCTAT/GGCCCCA	-	-	-	-	-	-	-	-	-	-	-	GACCTAT/GACCTAT	GGCTTCA/GGCTTCA	GACCTAT/GGCCTCA	GACCTAT/GGCCCCA	AGCCCCA/GGCTTCA	NNCCNNN/NNCCNNN	NNCCNNN/NNCCNNN	AGCCCCA/AGCCCCA	GGCCCCA/GGCTTCA	-	-	-	GGCCCCA/GGCCCCA	GGCCCCA/GGCCCCA	GNCCNNN/GNCCNNN	GACCTAT/GGCCCCA	GGCCCCA/GGCCCCA	GACCTAT/GGCCCCA	GGCCCCA/GGCTTCA	-	GGCCCCA/GGCCCCA	-	AGCCCCA/GGCCCCA	-	AGCCCCA/AGCCCCA	-	AGCCCCA/AGCCCCA	AGCCCCA/AGCCCCA	AGCCCCA/AGCCCCA	-	-	-	-	-	-	-	-	-	-	-	-	-	-	-	-	-	-	-	-	-	-	-	-	-	-	-	-	-	-	-	-	-	-	-	-	-	-	-	-	-	-	-	-	-	-	-	-	-	-	-
322	44	-	-	-	-	-	-	-	-	-	-	-	-	-	-	-	-	-	-	-	-	-	-	-	-	-	-	-	-	-	-	-	-	-	-	-	-	-	-	-	-	-	-	-	-	-	-	-	-	-	-	-	-	-	-	-	-	-	ATT/ATT	ATN/ATN	ATN/ATN	ATT/ATT	-	-	ATN/ATN	-	-	ATT/ATT	ATN/ATN	-	-	-	-	ATN/ATN	ATN/ATN	-	ATT/ATT	-	ATN/ATN	ATN/ATN	-	ATN/ATN	-	ATN/ATN	ATT/ATT	ATN/ATN	ATN/ATN	ATN/ATN	-	-	-	ATN/ATN	ATN/ATN	ACT/ATT	ATT/ATT	ATT/ATT	-	ATN/ATN	ATN/ATN	-	-	ATN/ATN	-	-	-	-	-	-	-	-	-	-	-	-	-	-	-	-	-	-	-	-	-	-	-	-	-	-	-	-	-	-	-	-	-	ATN/ATN	-	-	-	-	-	ATN/ATN	-	-	-	ATN/ATN	ATN/ATN	ATN/ATN	-	ATN/ATN	ATN/ATN	-	-	-	-	-	ATN/ATN	-	ATN/ATN	-	ATN/ATN	ATN/ATN	-	ATN/ATN	ATN/ATN	ATN/ATN	ATN/ATN	-	-	-	-	-	ATN/ATN	ATT/ATT	ATN/ATN	-	-	-	-	-	-	-
345	39	consensus	-	consensus	consensus	-	consensus	-	-	-	-	-	consensus	-	-	consensus	consensus	consensus	-	consensus	-	-	consensus	-	-	consensus	-	-	consensus	-	-	-	consensus	-	consensus	-	consensus	-	-	consensus	-	consensus	-	-	-	-	-	-	-	-	-	-	-	-	-	-	-	-	-	-	-	-	-	-	-	consensus	consensus	-	-	-	consensus	-	-	-	-	-	-	-	-	-	consensus	-	-	-	-	-	-	-	-	-	consensus	-	-	-	-	-	-	-	-	-	-	-	consensus	consensus	consensus	consensus	consensus	-	-	-	-	-	consensus	consensus	-	consensus	consensus	consensus	-	consensus	consensus	consensus	consensus	consensus	consensus	-	-	-	consensus	-	-	-	-	-	-	-	-	-	-	-	-	-	-	-	-	-	-	-	-	-	-	-	-	-	-	-	-	-	-	-	-	-	-	-	-	-	-	-	-	-	-	-	-	-	-	-	-	-	-	-	-	-
361	54	TC/TC	TC/TC	-	TC/TC	TC/TC	TC/TC	-	TC/TC	TC/TC	-	-	TC/TC	-	TC/TC	-	TC/TC	TC/TC	TC/TC	TC/TC	-	TC/TC	TC/TC	TC/TC	TC/TC	TC/TC	-	TC/TC	-	-	-	TC/TC	-	-	TC/TC	TC/TC	-	-	-	-	-	-	-	TC/TC	TC/TC	-	TC/TC	-	TC/TC	TC/TC	TC/TC	TC/TC	-	TC/TC	TC/TC	TC/TC	TC/TC	-	-	-	-	-	-	-	-	-	-	-	-	-	-	-	-	-	-	-	-	-	-	-	-	-	-	-	-	-	-	-	TC/TC	-	TC/TC	-	-	-	-	-	-	-	-	-	-	-	TC/TC	TC/TC	TC/TC	TC/TC	TC/TC	TA/TC	AC/TC	TC/TC	TC/TC	-	TC/TC	TC/TC	TC/TC	TC/TC	TC/TC	TC/TC	TC/TC	TC/TC	TC/TC	-	TC/TC	-	-	-	-	-	-	-	-	-	-	-	-	-	-	-	-	-	-	-	-	-	-	-	-	-	-	-	-	-	-	-	-	-	-	-	-	-	-	-	-	-	-	-	-	-	-	-	-	-	-	-	-	-	-	-	-	-	-	-
423	37	GGGTC/GGGTC	TAACC/TAACC	TAACC/TAACC	-	-	GGGTC/GGGTC	-	-	-	-	-	GGGTC/GGGTC	-	-	GGGTC/TAACC	-	TAACC/TAACC	-	-	-	GGGTC/GGGTC	TAACC/TAACC	-	-	GGGTC/TAACC	-	-	-	GGGTC/GGGTC	TAACC/TAACC	TAACC/TAACC	-	GGGTC/TAACC	-	GGGTC/GGGTC	-	-	-	-	-	GGGTA/GGGTA	-	-	-	-	-	-	-	-	-	-	-	-	-	-	-	-	-	-	-	-	-	-	-	GGGTC/TAACC	GGGTA/GGGTA	-	-	-	GGGTC/TAACC	-	-	-	-	-	-	-	-	-	TAACC/TAACC	-	-	-	-	-	-	-	GGGTC/GGGTC	-	TAACC/TAACC	-	-	-	-	-	-	-	-	-	-	-	GGGTC/GGGTC	-	-	GGGTC/GGGTC	-	-	TAACC/TAACC	TAACC/TAACC	TAACC/TAACC	-	GGGTA/TAACC	GGGTC/GGGTC	GGGTC/GGGTC	-	-	TAACC/TAACC	-	-	-	GGGTC/TAACC	TAACC/TAACC	GGGTC/GGGTC	TAACC/TAACC	-	TAACC/TAACC	TAACC/TAACC	-	-	-	-	-	-	-	-	-	-	-	-	-	-	-	-	-	-	-	-	-	-	-	-	-	-	-	-	-	-	-	-	-	-	-	-	-	-	-	-	-	-	-	-	-	-	-	-	-	-	-	-	-	-
443	40	-	-	-	-	-	-	-	-	-	-	-	-	-	-	-	-	-	-	-	-	-	-	-	-	-	-	-	-	-	-	-	-	-	-	-	-	-	-	-	-	-	-	-	-	-	-	-	-	-	-	-	-	-	-	-	-	-	TC/TC	TC/TC	-	-	-	TC/TC	TC/TC	-	-	-	TC/TC	-	-	TC/TC	TC/TC	-	-	TC/TC	TC/TC	TC/TC	TC/TC	TC/TC	-	TC/TC	TC/TC	TC/TC	TC/TC	TC/TC	TC/TC	TC/TC	-	-	-	TC/TC	TC/TC	TC/TC	TC/TC	TC/TC	TC/TC	TC/TC	TC/TC	TC/TC	TC/TC	-	-	-	-	-	-	-	-	-	-	-	-	-	-	-	-	-	-	-	-	-	-	-	-	-	-	-	-	-	-	-	-	-	-	-	-	-	CC/TC	-	-	TC/TC	-	-	-	TC/TC	-	-	-	-	TC/TC	-	TC/TC	-	-	-	-	TC/TC	-	-	-	-	-	-	TC/TC	-	TA/TC	-	-	TC/TC	-	-	TC/TC	-	TC/TC	-	-	-	-	-	-	-
447	39	CGT/CGT	-	CGT/CGT	CGT/CGT	AGT/CGT	CGT/CGT	-	-	-	-	-	-	-	-	-	-	CGT/CGT	-	-	-	CGT/CGT	-	-	CGT/CGT	-	-	-	-	CGT/CGT	CGT/CGT	CGT/CGT	-	CGT/CGT	CGT/CGT	-	-	CGT/CGT	-	-	CGT/CGT	-	-	-	-	-	-	-	-	-	-	-	-	-	-	-	-	-	-	-	-	-	-	-	-	CGT/CGT	CGG/CGT	-	-	-	-	-	-	-	-	-	-	-	-	-	CGT/CGT	-	-	-	-	-	-	-	CGT/CGT	-	CGT/CGT	-	-	-	-	-	-	-	-	-	-	-	CGT/CGT	-	-	CGT/CGT	-	CGT/CGT	CGT/CGT	CGT/CGT	CGT/CGT	-	CGT/CGT	CGT/CGT	CGT/CGT	CGT/CGT	CGT/CGT	CGT/CGT	-	CGT/CGT	-	NGT/NGT	CGT/CGT	-	CGT/CGT	CGT/CGT	-	CGT/CGT	-	CGT/CGT	-	-	-	-	-	-	-	-	-	-	-	-	-	-	-	-	-	-	-	-	-	-	-	-	-	-	-	-	-	-	-	-	-	-	-	-	-	-	-	-	-	-	-	-	-	-	-	-	-	-	-	-
470	106	TTACA/TTACA	TTACA/TTACA	-	TTACA/TTACA	-	TTACA/TTACA	-	TTACA/TTACA	TTACA/TTACA	TTACA/TTACA	TTACA/TTACA	TTACA/TTACA	-	TTACA/TTACA	TTACA/TTACA	TTACA/TTACA	TTACA/TTACA	-	TTACA/TTACA	-	-	-	TTACA/TTACA	TTACA/TTACA	TTACA/TTACA	-	TTACA/TTACA	-	TTACA/TTACA	TTACA/TTACA	TTACA/TTACA	TTACA/TTACA	TTACA/TTACA	TTACA/TTACA	TTACA/TTACA	TTACA/TTACG	TTACA/TTACA	-	-	-	TTACA/TTACA	-	TTACA/TTACA	TTACA/TTACA	TTACA/TTACA	TTACA/TTACA	TTACA/TTACA	TTACA/TTACA	TTACA/TTACA	TTACA/TTACA	-	-	-	-	TTACA/TTACA	-	TTACA/TTACA	TTACA/TTACA	TTACA/TTACA	TTACA/TTACA	TTACA/TTACA	-	TTACA/TTACA	CTACA/TTACA	TTACA/TTACA	TTACA/TTACA	-	TTACA/TTACA	-	TTACA/TTACA	TTACA/TTACA	TTACA/TTACA	TTACA/TTACA	TCACA/TTACA	TTACA/TTACA	TTACA/TTACA	-	TTACA/TTACA	TTACA/TTACA	TTACA/TTACA	TTACA/TTACA	-	-	TTACA/TTACA	TTACA/TTACA	TTACA/TTACA	TTACA/TTACA	TTACA/TTACA	TTACA/TTACA	TTACA/TTAGA	TTACA/TTACA	TTACA/TTACA	TTACA/TTACA	TTACA/TTACA	TTACA/TTACA	-	TTACA/TTACA	-	TTACA/TTACA	TTACA/TTACA	TTACA/TTACA	TTACA/TTACA	TTACA/TTACA	-	-	TTACA/TTACA	TTACA/TTACA	-	TTACA/TTACA	-	-	-	TTACA/TTACA	TTACA/TTACA	-	-	TTACA/TTACA	-	TTACA/TTACA	TTACA/TTACA	-	-	TTACA/TTACA	TTACA/TTACA	-	-	TTACA/TTACA	TTACA/TTACA	TTACA/TTACA	TTACA/TTACA	TTACA/TTACA	TTACA/TTACA	-	-	-	-	-	-	-	-	-	TTACA/TTACA	TTACA/TTACA	-	-	TTACA/TTACA	TTACA/TTACA	-	-	TTACA/TTGCA	TTACA/TTACA	TTACA/TTACA	-	-	-	-	TTACA/TTACA	-	-	TTACA/TTACA	TTACA/TTACA	-	TTACA/TTACA	TTACA/TTACA	-	TTACA/TTACA	-	TTACA/TTACA	-	-	-	-	-	-	-	-	-	-	-	-	-
497	42	C/C	C/C	-	C/C	-	-	-	-	C/C	-	-	C/C	C/C	-	-	-	-	-	C/C	C/C	C/C	-	-	-	C/C	-	C/C	C/C	-	-	-	C/C	-	C/C	-	-	C/C	-	-	-	-	-	-	-	-	-	-	-	-	-	-	-	-	-	-	-	-	-	-	-	-	-	-	-	C/C	-	-	-	C/C	C/C	-	-	-	-	-	-	-	-	-	C/C	-	-	-	-	-	-	-	C/C	-	C/C	-	-	-	-	-	-	-	-	-	-	-	C/C	-	C/C	C/C	C/T	C/C	C/C	C/C	-	C/C	C/C	C/C	-	C/C	C/C	C/C	-	-	C/C	C/C	C/C	C/C	C/C	C/C	C/C	-	C/C	-	-	-	-	-	-	-	-	-	-	-	-	-	-	-	-	-	-	-	-	-	-	-	-	-	-	-	-	-	-	-	-	-	-	-	-	-	-	-	-	-	-	-	-	-	-	-	-	-	-	-	-	-
519	95	A/G	G/G	A/G	-	-	-	-	A/A	A/G	-	-	A/A	-	A/A	-	A/A	-	-	-	A/G	G/G	A/G	-	A/A	A/G	-	-	G/G	A/G	-	-	A/A	G/G	-	-	G/G	A/G	-	A/G	-	-	-	-	-	-	-	-	-	-	-	-	-	-	-	-	-	-	-	G/G	A/G	N/N	-	A/G	A/G	A/A	G/G	-	-	A/G	A/A	G/G	-	A/G	G/G	-	-	A/G	A/G	-	-	A/G	A/G	-	A/G	A/G	A/G	A/G	-	A/G	G/G	A/G	G/G	G/G	A/G	A/G	-	A/G	G/G	-	A/G	A/G	A/G	-	A/G	A/A	-	-	A/G	-	A/G	-	A/G	G/G	A/G	G/G	A/G	A/A	A/A	A/G	G/G	G/G	G/G	A/G	A/G	A/A	A/G	A/A	A/G	A/A	A/G	A/A	-	-	-	G/G	G/G	A/A	-	-	-	A/G	-	A/A	-	-	G/G	-	G/G	G/G	-	-	-	-	-	A/G	G/G	-	-	-	-	-	A/A	G/G	G/G	A/A	G/G	A/A	-	A/G	-	G/G	G/G	-	-	-	-	-	-	-	-	-
556	89	GTAT/GTAT	-	GCAT/GCAT	GCAT/GCAT	GTAT/GTAT	GCAT/GCAT	-	GCAT/GTAT	GCAT/GTAT	-	-	GCAA/GCAT	GCAT/GCAT	-	-	-	GNAT/GNAT	-	-	GCAT/GCAT	-	-	-	-	-	-	-	-	GTAT/GTAT	-	GCAT/GCAT	-	-	GCAT/GTAT	-	-	GCAT/GCAT	-	GCAT/GCAT	GTAT/GTAT	GCAT/GCAT	GTAT/GTAT	-	-	-	-	-	-	-	-	-	-	-	-	-	-	-	GNAT/GNAT	GNAT/GNAT	-	-	GNAT/GNAT	GNAT/GNAT	GNAT/GNAT	GCAT/GTAT	-	GNAT/GNAT	GNAT/GNAT	GCAT/GTAT	GCAT/GTAT	GNAT/GNAT	GNAT/GNAT	GNAT/GNAT	GNAT/GNAT	GNAT/GNAT	GNAT/GNAT	-	GNAT/GNAT	GNAT/GNAT	GNAT/GNAT	ANAT/GNAT	GNAT/GNAT	GNAT/GNAT	-	-	GNAT/GNAT	-	GCAT/GTAT	GNAT/GNAT	GCAT/GTAT	-	GNAT/GNAT	GNAT/GNAT	GNAT/GNAT	GNAT/GNAT	ANAT/GNAT	-	GNAT/GNAT	-	GNAT/GNAT	-	GCAT/GTAT	GCAT/GCAT	GCAT/GTAT	GCAT/GTAT	GTAT/GTAT	GCAT/GTAT	GCAT/GTAT	GCAT/GTAT	GCAT/GCAT	-	GCAT/GTAT	-	GTAT/GTAT	GCAT/GCAT	-	GCAT/GTAT	GNAT/GNAT	GCAT/GTAT	GCAT/GTAT	-	GTAT/GTAT	GCAT/GCAT	GCAT/GCAT	GCAT/GCAT	GCAT/GCAT	-	GCAT/GCAT	GCAT/GCAT	GCAT/GCAT	GNAT/GNAT	-	-	-	-	-	-	-	-	-	-	-	-	-	-	-	GNAT/GNAT	-	GNAT/GNAT	GNAT/GNAT	-	-	-	-	GNNT/GNNT	GNAT/GNAT	GNAT/GNAT	-	GNAT/GNAT	-	ANAT/GNAT	GNAT/GNAT	-	GNAT/GNAT	-	GNAT/GNAT	-	-	-	-	-	-	-	GNAT/GNAT	-	-	-	-	-	-	-
620	10	-	-	-	-	-	-	ATCGG/ATCGG	-	-	ATCGG/ATCGG	ATCGG/ATCGG	-	-	-	-	-	-	-	-	-	-	-	ATCGG/ATCGG	-	-	-	-	-	-	-	-	-	-	-	-	-	-	-	-	-	-	-	-	ATCGG/ATCGG	-	-	-	-	-	ATCGG/ATCGG	ATCGG/ATCGG	-	-	-	ATCGG/ATCGG	ATCGG/ATCGG	ATCGG/ATCGG	-	-	-	-	-	-	-	-	-	-	-	-	-	-	-	-	-	-	-	-	-	-	-	-	-	-	-	-	-	-	-	-	-	-	-	-	-	-	-	-	-	-	-	-	-	-	-	-	-	-	-	-	-	-	-	-	-	-	-	-	-	-	-	-	-	-	-	-	-	-	-	-	-	-	-	-	-	-	-	-	-	-	-	-	-	-	-	-	-	-	-	-	-	-	-	-	-	-	-	-	-	-	-	-	-	-	-	-	-	-	-	-	-	-	-	-	-	-	-	-	-	-	-	-
629	84	CT/CT	CT/CT	CT/CT	-	-	-	-	-	-	-	-	-	-	CT/CT	CT/CT	CT/CT	CT/CT	CT/CT	CT/CT	-	CT/CT	CT/CT	-	-	CT/CT	-	-	CT/CT	-	CT/CT	-	-	CT/CT	-	-	-	-	-	-	-	-	-	-	-	-	-	-	-	-	-	-	-	-	-	-	-	-	CT/CT	-	-	CT/CT	CT/CT	CT/CT	CT/CT	CT/CT	CT/CT	-	-	CT/CT	-	CT/CT	CT/CT	-	CT/CT	CT/CT	-	-	CT/CT	CT/CT	-	CT/CT	CT/CT	CT/CT	CT/CT	-	CT/CT	-	-	CT/CT	CT/CT	CT/CT	CT/CT	-	CT/CT	CT/CT	CT/CT	-	CT/CT	CT/CT	CT/CT	-	CT/CT	-	-	CT/CT	CT/CT	CT/CT	CT/CT	CT/CT	CT/CT	-	-	CT/CT	-	CT/CT	CT/CT	-	CT/CT	-	-	CT/CT	-	CT/CT	CT/CT	CT/CT	-	CT/CT	CT/CT	CT/TT	CT/CT	CT/CT	-	-	-	CT/CT	CT/CT	-	-	-	-	-	CT/CT	-	-	-	CT/CT	-	CT/CT	CT/CT	CT/CT	-	CG/CT	-	-	CT/CT	CT/CT	CT/CT	-	-	CT/CT	-	CT/CT	CT/CT	CT/CT	CT/CT	CT/CT	CT/CT	CT/CT	-	-	-	CT/CT	-	-	-	-	-	-	-	-	-
636	119	CAGTCATGACTA/CAGTCATGACTA	CAGTCATGACTA/CAGTCATGACTA	CAAACATGGNTA/CAGTCATGANTA	CAAACATGGNTA/CAGTCATGANTA	CAAACATGGNTA/CAGTCATGANTA	CAGTCATGACTA/CAGTCATGACTA	-	-	CANNCATGACTA/CANNCATGGCTA	-	-	CAAACATGGCTA/CAGTCATGACTA	CAAACATGGGTA/CAGTCATGACTA	-	NANNCATGNNTA/NANNCATGNNTA	CAAACATGGNTA/CAGTCATGANTA	CAGTCATGACTA/CAGTCATGACTA	-	-	-	CAGTCATGACTA/CAGTCATGACTA	CAAACATGGGTA/CAGTCATGACTA	-	-	CAAACATGGNTA/CAGTCATGANTA	-	CAGTCATGACTA/CAGTCATGACTA	CGNNCACGGCCA/CGNNCACGGCCA	CAAACATGGGTA/CAAACATGGGTA	CAGTCATGACTA/CAGTCATGACTA	CAGTCATGACTA/CAGTCATGACTA	CAGTCATGACTA/CAGTCATGACTA	CAGTCATAACTA/CAGTCATGACTA	CAANCATGGCTA/CAGNCATGACTA	CAAACATGGGTA/CAGTCATGACTA	CAGTCATGACTA/CAGTCATGACTA	CAGTCATGACTA/CAGTCATGACTA	CAGTCATGANTA/CAGTCATGANTA	-	-	TAGTCATGACTA/TAGTCATGACTA	CAAACATGGGTA/CAGTCATGAGTA	-	-	-	-	-	-	-	-	-	-	-	-	-	-	-	CAAACATGGCTA/CAGTCATGACTA	CAAACATGGGTA/CAGTCATGACTA	CGNNCACGGCCA/CGNNCACGGCCA	CAAACATGGGTA/CAGTCATGACTA	CAAACATGGNTA/CAGTCATGANTA	CAAACATGGGTA/CAGTCATGACTA	CAGTCATGACTA/CAGTCATGACTA	CAAACATGGNTA/CAGTCATGANTA	CGNNCACGGCCA/CGNNCACGGCCA	CAGTCATAACTA/CAGTCATGACTA	CAAACATGGGTA/CAAACATGGGTA	CGNNCACGGCCA/CGNNCACGGCCA	CAGTCATGACTA/CAGTCATGACTA	-	CNGTCANNNCNA/CNGTCANNNCNA	CAAACATGGGTA/CAGTCATGACTA	CAGTCATGACTA/CAGTCATGACTA	CGNNCACGGCCA/CGNNCACGGCCA	CANNCATNNNTA/CANNCATNNNTA	-	CAGTCATGACTA/CAGTCATGACTA	CANNCATNNCTA/CANNCATNNCTA	-	CANNCNTGNNTA/CANNCNTGNNTA	CAAACATGGCTA/CAGTCATGACTA	-	CAGTCATGACTA/CAGTCATGACTA	CANNCATNNNTA/CANNCATNNNTA	CAAACATGGNTA/CAGTCATGANTA	CAAACATGGGTA/CAGTCATGAGTA	CAGTCATGACTA/CAGTCATGACTA	CAGTCATGACTA/CAGTCGTGACTA	CAAACATGGGTA/CAGTCATGACTA	CAGTCATGANTA/CAGTCATGANTA	-	CAAACATGGGTA/CAAACATGGGTA	CANNCATGNNTA/CANNCATGNNTA	CAAACATGGGTA/CAGTCATAACTA	-	CAGTCNTNACTA/CAGTCNTNACTA	-	CANNCATNNCTA/CANNCATNNCTA	CNGTCANNNCNA/CNGTCANNNCNA	CNNNCATNNNTA/CNNNCATNNNTA	CAGTCATGACTA/CAGTCATGACTA	CNNNCANGNNNA/CNNNCANGNNNA	CAAACATGGGTA/CAGTTATGAGTA	CANNNATGNCTA/CANNNATGNCTA	CANNCATGACTA/CANNCATGGCTA	CAAACATGGNTA/CAGTCATGANTA	CAAACATGGGTA/CAGTCATGACTA	CANNNATGNNTA/CANNNATGNNTA	CAAACATGGNTA/CAGTCATGANTA	CANNCATGANTA/CANNCATGGNTA	-	CAAACATGGGTA/CAGTCATGACTA	-	CAAACATGGCTA/CAGTCATGACTA	CAAACATGGGTA/CAGTCATGACTA	CAGTCATGANTA/CAGTCATGANTA	CAAACATGGNTA/CAGTCATGANTA	CGNNCACGGCCA/CGNNCACGGCCA	CAAACATGGGTA/CAGTCATGAGTA	CAAACATGGNTA/CAGTCATGANTA	CAGTCATGACTA/CAGTCATGACTA	CAAACATGGCTA/CAGTCATGACTA	CGNNCACGGCCA/CGNNCACGGCCA	-	-	CAAACATGGGTA/CAGTCATGACTA	-	CAAACATGGGTA/CAGTCATGACTA	CAAACATGGCTA/CAGTCATGACTA	-	CAGTCATGANTA/CAGTCATGANTA	CAGTCATGACTA/CAGTCATGACTA	-	CAAACATGGNTA/CAGTCATAANTA	CAGTCATGANTA/CAGTCATGANTA	-	CAGTCATGACTA/CAGTCATGACTA	-	-	-	CAGTCATAACTA/CAGTCATAACTA	CAAACATGGNTA/CAGTCATGANTA	CAGTCATGACTA/CAGTCATGACTA	CAGTCATGACTA/CAGTCATGACTA	CAAACATGGGTA/CAAACATGGGTA	CAAACATGGNTA/CAGTCATGANTA	CAAACATGGNTA/CAGTCATGANTA	CAGTCATGACTA/CAGTCATGACTA	CAGTCATGACTA/CGGTCACGGCCA	CAAACATGGNTA/CAGTCATGANTA	-	CGNNCACGGCCA/CGNNCACGGCCA	-	CNNNCANGNNNA/CNNNCANGNNNA	-	CAGTCATGACTA/CAGTCATGACTA	CAGTCATGANTA/CAGTCATGANTA	CAAACATGGGTA/CAGTCATGACTA	-	CAAACATGGNTA/CAGTCATGANTA	CAGTCATGANTA/CAGTCATGANTA	CAAACATGGGTA/CAAACATGGGTA	CAANCATGGCTA/CAGNCATGACTA	CANNCATGGGTA/CANNCATGGGTA	CAAACATGGGTA/CAGTCATGACTA	-	CAAACATGGNTA/CAGTCATGANTA	CAGTCATGACTA/CAGTCATGACTA	-	CAGTCATGACTA/CAGTCATGACTA	-	-	-	-	-	-	-	-	-	-
639	11	-	-	-	-	-	-	T/T	-	-	T/T	-	-	-	-	-	-	-	-	-	-	-	-	T/T	-	-	T/T	-	-	-	-	-	-	-	-	-	-	-	-	-	-	-	-	-	-	T/T	-	-	-	-	-	T/T	T/T	T/T	T/T	T/T	-	T/T	-	-	-	-	-	-	-	-	-	-	-	-	-	-	-	-	-	-	-	-	-	-	-	-	-	-	-	-	-	-	-	-	-	-	-	-	-	-	-	-	-	-	-	-	-	-	-	-	-	-	-	-	-	-	-	-	-	-	-	-	-	-	-	-	-	-	-	-	-	-	-	-	-	-	-	-	-	-	-	-	-	-	-	-	-	-	-	-	-	-	-	-	-	-	-	-	-	-	-	-	-	-	-	-	-	-	-	-	-	-	-	-	-	-	-	-	-	-	-	-	-	-	-	-
657	109	CNAGGGCC/CNAGGGCC	CNAGTGCC/CNAGGGCC	-	CNAGTGCC/CNAGTGCC	-	CNAGGGCC/CNAGGGCC	-	CNAGTGCC/CNAGTGCC	CNAGGGCC/CNAGGGCC	CCAATCCC/CCAGGGCC	CCAATCCC/CCAATCCC	CNAGNGCC/CNAGNGCC	-	-	CNAGGGAC/CNAGGGAT	CNAGGGCC/CNAGTGCC	-	CNAGGGCC/CNAGTGCC	CNAGGGCC/CNAGGGCC	CNAGGGCC/CNAGGGCC	CNAGGGCC/CNAGGGCC	CNAGNGNC/CNAGNGNC	CTAGGGCC/CTAGGGCC	-	CNAGGGCC/CNAGGGCC	-	-	-	CNAGNGCC/CNAGNGCC	-	CNAGTGCC/CNAGTGCC	-	CNAGGGCC/CNAGGGCC	CNAGTGCC/CNAGGGCC	CNAGTCCC/CNAGTCCC	-	CNAGGGCC/CNAGGGCC	-	CNAGTGCC/CNAGTGCC	-	CNAGGGCC/CNAGGGCC	-	CCAGTCCC/CCAGTGCC	-	CCAGTGCC/CTAGGGCC	-	-	-	CCAGTGCC/CCAGTGCC	-	CCAATCCC/CCAGTGCC	CCAATNCC/CCAATNCC	-	-	CCAGGGCC/CCAGTGCC	CCAGGGCC/CCAGTGCC	CCAGGGCC/CCAGGGCC	CCAGNGCC/GCTGNCCC	NNNGNNCC/NNNGNNCC	CCAGNGCC/GCTGNCCC	CNAGNGCC/CNAGNGCC	CCAGNGCC/GCTGNCCC	CCAGNGCC/GCTGNCCC	-	NNAGTCCC/NNAGTCCC	-	CCAGNGCC/CCAGNGCC	-	CNAGGGNC/CNAGGGNC	-	CCAGNGCC/CTAGNGCC	NCAGNNCC/NCAGNNCC	CCAGNGCC/CCAGNGCC	CCAGNGCC/CTAGNGCC	CTAGNGCC/CTAGNGCC	-	CCAGNGCC/GCTGNCCC	-	CCAGNGCC/CCAGNGCC	-	CCAGNGCC/CCAGNGCC	-	CCAGNGCC/CCAGNGCC	-	CNAGNGCC/GNAGNCCC	NCNGNNCC/NCNGNNCC	NNAGNNCC/NNAGNNCC	-	NNNGNNCC/NNNGNNCC	CNAGGGCC/CNAGGGCC	NNNGNNCC/NNNGNNCC	CCNGNGCC/CCNGNGCC	-	-	-	CCAGNGCC/CTAGNGCC	CTAGNGCC/CTAGNGCC	-	-	NNNGNNCC/NNNGNNCC	-	CNAGGGCC/CNAGGGCC	-	-	-	-	CNAGNNCC/CNAGNNCC	CNAGGGAC/CNAGGGCC	-	CNAGTGCC/CNAGGGCC	CNAGNGCC/CNAGNGCC	CNAGGGCC/CNAGTGCC	CNAGGGCC/CNAGTGCC	CNAGNGCC/CNAGNGCC	CNAGGGCC/CNAGGGCC	CNAGTCCC/CNAGTGCC	CNAGNNCC/CNAGNNCC	CNAGGGCC/CNAGGGCC	CNAGGGCC/CNAGGGCC	CNAGGGCC/CNAGGGCC	CNAGTCCC/CNAGTCCC	CNAGGGCC/CNAGGGCC	CNAGTGCC/CNAGGGCC	-	CNAGNGNC/CNAGNGNC	-	CNAGNGNC/CNAGNGNC	NNAGGNCC/NNAGTNCC	CNAGGGCC/CNAGGGCC	NNANTNCC/NNANTNCC	CCAGNGCC/GCTGNCCC	-	-	-	CCAGNGCC/CTAGNGCC	CCAANCCC/CCAANCCC	-	CTAGNGCC/GCTGNCCC	-	-	CCAGNGCC/CTAGNGCC	-	CCAANCCC/CCAANCCC	-	CCAGNGCC/CCAGNGCC	-	-	-	CCAGNGCC/CCAGNGCC	CCAANCCC/GCTGNCCC	-	-	-	CTAGNGCC/CTAGNGCC	CCAGNCCC/CTAGNGCC	CNAGNGCC/GNTGNCCC	CCAANCCC/CCAANCCC	-	-	-	-	CNAGNGCC/CNAGNGCC	CCAGNGCC/GCTGNCCC	CCAGNGCC/CTAGNGCC	CCAGNGCC/CTAGNGCC	CCAGNGCC/GCTGNCCC	GCTGNCCC/GCTGNCCC	NNNGNNCC/NNNGNNCC	-	CCAGNGCC/CCAGNGCC	CCAGNGCC/CTAGNGCC	GCTGNCCC/GCTGNCCC	CCNGNGCC/GCNGNCCC	CCAGNGCC/CCAGNCCC	-	-	-	-	-	-	-
677	105	GTA/GTA	-	-	GTA/GTA	GTA/GTA	GTA/GTA	-	-	GTA/GTA	GTA/GTA	GTA/GTA	GTA/GTA	-	GTA/GTA	GTA/GTA	-	-	GTA/GTA	GTA/GTT	GTA/GTA	-	-	-	GTA/GTA	-	-	GTA/GTA	GTA/GTA	-	GTA/GTA	-	GTA/GTA	GTA/GTA	-	-	-	-	-	-	-	GTA/GTA	GTA/GTA	GTA/GTA	-	GTA/GTA	GTA/GTA	-	GTA/GTA	GTA/GTA	-	GTA/GTA	-	-	GTA/GTA	GTA/GTA	-	-	GTA/GTA	GTA/GTA	GTA/GTA	GTA/GTA	GTA/GTA	GTA/GTA	GTA/GTA	-	-	GTA/GTA	-	GTA/GTA	GTA/GTA	GTA/GTA	-	GTA/GTA	GTA/GTA	GGA/GTA	GTA/GTA	GTA/GTA	GTA/GTA	GTA/GTA	-	GTA/GTA	GTA/GTA	-	GTA/GTA	GTA/GTA	GTA/GTA	GTA/GTA	-	GTA/GTA	-	GTA/GTA	-	GTA/GTA	GTA/GTA	GTA/GTA	GTA/GTA	GTA/GTA	GTA/GTA	-	-	GTA/GTA	GTA/GTA	GTA/GTA	-	-	GTA/GTA	GTA/GTA	GTA/GTA	-	GTA/GTA	-	-	GTA/GTA	GTA/GTA	GTA/GTA	GTA/GTA	GTA/GTA	GTA/GTA	GTA/GTA	GTA/GTA	GTA/GTA	GTA/GTA	GTA/GTA	GTA/GTA	GTA/GTA	GTA/GTA	GTA/GTA	GTA/GTA	-	GTA/GTA	-	-	GTA/GTA	-	-	-	-	-	-	-	-	-	-	GTA/GTA	-	-	GTA/GTA	-	GTA/GTA	GTA/GTA	-	GTA/GTA	GTA/GTA	-	CTA/GTA	GTA/GTA	GTA/GTA	GTA/GTA	GTA/GTA	-	-	GTA/GTA	-	-	GTA/GTA	GTA/GTA	GTA/GTA	GTA/GTA	GTA/GTA	-	-	GTA/GTA	-	GTA/GTA	-	-	-	-	-	-	-
679	129	TNGNNNNGNT/TNGNNNNGNT	TNGNGNNGNT/TNGNGNNGNT	TNGNGNNGNT/TNGNGNNGNT	TNGNNNNGNT/TNGNNNNGNT	-	TNGNGNNGNT/TNGNGNNGNT	GCACGGAGGT/TCGTGAGGAT	-	TNGNGNNGNT/TNGNGNNGNT	NNNNGNNGNT/NNNNGNNGNT	GCACGGAGGT/GCACGGAGGT	-	TNGNGNNGNT/TNGNGNNGNT	TNGNGNNGNT/TNGNGNNGNT	TNGNGNNGNT/TNGNGNNGNT	TNGNGNNGNT/TNGNGNNGNT	TNGNGNNGNT/TNGNGNNGNT	-	TNGNGNNGNT/TNGNGNNGNT	TNGNGNNGNT/TNGNGNNGNT	TNGNGNNGNT/TNGNGNNGNT	TNGNGNNGNT/TNGNANNGNT	TAGTGGGGAT/TCGTGGAGGT	TNGNGNNGNT/TNGNGNNGNT	TNGNGNNGNT/TNGNGNNGNT	NCNCNGAGGT/NCNCNGAGGT	-	NNNNNNNGNT/NNNNNNNGNT	TNGNGNNGNT/TNGNGNNGNT	NNNNGNNGNT/NNNNGNNGNT	TNGNANNGNT/TNGNANNGNT	-	-	TNGNNNNGNT/TNGNNNNGNT	NNGNNNNGNT/NNGNNNNGNT	-	-	TNGNGNNGNT/TNGNGNNGNT	-	-	-	TNGNGNNGNT/TNGNGNNGNT	GCACGGAGGT/TCGCGGAGGT	NCNNGGAGGT/NCNNGGAGGT	NCNCNGAGNT/NCNCNGAGNT	GCACGGAGGT/TAGTGGGGAT	GCACGGAGGT/TCGCGGAGGT	TAGTGGGGAT/TCGTGGAGGT	TAGTGGGGAT/TAGTGGGGAT	TCGTGAGGAT/TCGTGAGGAT	GCACGGAGGT/GCACGGAGGT	GCACGGAGGT/TCGCGGAGGT	GCACGGAGGT/GCACGGAGGT	NNNNGNNGNT/NNNNGNNGNT	GCACGGAGGT/TAGTGGGGAT	NCNNGGAGGT/NCNNGGAGGT	TCGCGGAGGT/TCGCGGAGGT	TNGNNNNGNT/TNGNNNNGNT	TCGCGNNGNT/TCGTGNNGNT	-	TCGTGGNGNT/TCGTGGNGNT	TNGNGGNGNT/TNGNGGNGNT	TCGTGNNGNT/TCGTGNNGNT	TCGTGANGNT/TCGTGANGNT	TNGNGNNGNT/TNGNGNNGNT	-	TNGNGGNGNT/TNGNGGNGNT	TCGTGANGNT/TCGTGGNGNT	-	TNGNANNGNT/TNGNANNGNT	TCGCAGNGNT/TCGCAGNGNT	TNGNNNNGNT/TNGNNNNGNT	TNGTGNNGNT/TNGTGNNGNT	TCGTGANGNT/TCGTGGNGNT	TCGTGGNGNT/TCGTGGNGNT	-	TCGTGANGNT/TCGTGGNGNT	TNGNNNNGNT/TNGNNNNGNT	-	TNGNANNGNT/TNGNGNNGNT	-	TCGNNNNGNT/TCGNNNNGNT	-	TCGTNANGNT/TCGTNGNGNT	TCGTGANGNT/TCGTGGNGNT	TNGNNGNGNT/TNGNNGNGNT	TNGTGNNGNT/TNGTGNNGNT	NNNNNNNGNT/NNNNNNNGNT	TCGCAGNGNT/TCGTGGNGNT	TNGNGNNGNT/TNGNGNNGNT	TCGCAGNGNT/TCGTGANGNT	TCGTGANGNT/TCGTGGNGNT	-	TNGNGGNGNT/TNGNGGNGNT	TCGTGANGNT/TCGTGANGNT	TCGTGGNGNT/TCGTGGNGNT	-	-	TCGCGANGNT/TCGTGGNGNT	-	TCGTGNNGNT/TCGTGNNGNT	NNNNGNNGNN/NNNNGNNGNN	TNGNGNNGNT/TNGNGNNGNT	TNGNGNNGNT/TNGNGNNGNT	NNGNGNNGNT/NNGNGNNGNT	TNGNGNNGNG/TNGNGNNGNT	TNGNNNNGNT/TNGNNNNGNT	TNGNGNNGNT/TNGNGNNGNT	-	-	GNNNGNNGNT/TNNNGNNGNT	TNGNGNNGNT/TNGNGNNGNT	TNGNGNNGNT/TNGNGNNGNT	TNGNGNNGNT/TNGNGNNGNT	TNGNANNGNT/TNGNGNNGNT	TNGNGNNGNT/TNGNGNNGNT	NNNNGNNGNT/NNNNGNNGNT	-	TNGNGNNGNT/TNGNGNNGNT	GNANGNNGNT/TNGNGNNGNT	-	TNGNNNNGNT/TNGNNNNGNT	TNGNGNNGNT/TNGNGNNGNT	TNGNANNGNT/TNGNGNNGNT	TNGNGNNGNT/TNGNGNNGNT	TNGNNNNGNT/TNGNNNNGNT	-	TNGNNNNGNT/TNGNNNNGNT	TNGNGNNGNT/TNGNGNNGNT	-	TCGCGGNGNT/TCGCGGNGNT	-	-	-	TNGNGNNGNT/TNGNGNNGNT	TAGTGGNANT/TAGTGGNGNT	-	TNGTGGNGNT/TNGTGGNGNT	-	-	TCGTGANGNT/TCGTGANGNT	-	TAGTGGNGNT/TCGTGGNGNT	TCGCAGNGNT/TCGTGGNGNT	TNGNGGNGNT/TNGNGGNGNT	TCGNGGNGNT/TCGNGGNGNT	-	TAGTGGNGNT/TCGCGGNGNT	TCGTGGNGNT/TCGTGGNGNT	TCGTGGNGNT/TCGTGGNGNT	-	TCGTGANGNT/TCGTGGNGNT	-	TCGCGGNGNT/TCGCGGNGNT	TCGCAGNGNT/TCGTGGNGNT	TAGTGGNGNT/TCGCAGNGNT	-	TCGTGANGNT/TCGTGANGNT	TCGTGGNGNT/TCGTGGNGNT	-	TCGCAGNGNT/TCGCAGNGNT	TCGTGGNGNT/TCGTGGNGNT	TAGTGGNGNT/TCGTGGNGNT	TAGTGGNGNT/TAGTGGNGNT	TCGNNNNGNT/TCGNNNNGNT	-	TAGTGGNGNT/TAGTGGNGNT	TNGNNNNGNT/TNGNNNNGNT	NNNNNGNGNT/NNNNNGNGNT	TAGTGGNGNT/TCGTGANGNT	-	TAGTGGNGNT/TAGTGGNGNT	-	-	-	-	-	-	-	-	-
686	96	TGC/TGC	TGC/TGC	-	TGC/TGC	-	TGC/TGC	TGC/TGC	-	TGC/TGC	-	-	TGC/TGC	TGC/TGC	-	-	TGC/TGC	TGC/TGC	TGC/TGC	-	TGC/TGC	-	-	TGC/TGC	-	TGC/TGC	-	TGC/TGC	TGC/TGC	TGC/TGC	-	TGC/TGC	-	-	TGC/TGC	-	-	TGC/TGC	TGC/TGC	TGC/TGC	-	-	TGC/TGC	TGC/TGC	TGC/TGC	AGC/AGC	-	TGC/TGC	-	TGC/TGC	-	TGC/TGC	TGC/TGC	-	-	TGC/TGC	-	-	TGC/TGC	TGC/TGC	TGC/TGC	TGC/TGC	-	-	TGC/TGC	TGC/TGC	TGC/TGC	TGC/TGC	-	-	TGC/TGC	-	-	TGC/TGC	TGC/TGC	TGC/TGC	TGC/TGC	-	-	TGC/TGC	TGC/TGC	TGC/TGC	TGC/TGC	TGA/TGC	TGC/TGC	-	TGC/TGC	TGC/TGC	TGC/TGC	-	-	-	TGC/TGC	-	-	TGC/TGC	TGC/TGC	TGC/TGC	TGC/TGC	TGC/TGC	-	TGC/TGC	TGC/TGC	TGC/TGC	TGC/TGC	-	TGC/TGC	TGC/TGC	TGC/TGC	-	TGC/TGC	TGC/TGC	TGC/TGC	-	TGC/TGC	TGC/TGC	TGC/TGC	TGC/TGC	-	-	TGC/TGC	-	TGC/TGC	TGC/TGC	TGC/TGC	-	-	TGC/TGC	-	TGC/TGC	-	TGC/TGC	-	-	-	TGC/TGC	TGC/TGC	-	-	-	TGC/TGC	-	-	TGC/TGC	-	TGC/TGC	TGC/TGC	TGC/TGC	-	-	-	-	-	TGC/TGC	-	TGC/TGC	TGC/TGC	-	-	-	-	-	TGC/TGC	TGC/TGC	-	-	TGC/TGC	-	TGC/TGC	-	TGC/TGC	TGC/TGC	-	-	-	-	-	-	-	-	-	-
690	60	CTTTATCTA/CTTTATCTA	CCCAATCTG/TCCAATCTA	CTTTATCTA/CTTTATCTA	CCCAATCTG/TCCAATCTA	CCCAATCTG/CTTTATCTA	CCCAATCTG/CCCAATCTG	CNNTATCTN/CNNTATCTN	CTTTATCTA/CTTTATCTA	CCCAACTTG/CCCAATCTG	-	CCCAATCTG/CCCAATCTG	CCCTATCTG/CTTTATCTA	CTTTATCTA/CTTTATCTA	CTTTATCTA/CTTTATCTA	CTTTATCTA/TCCTATCTG	-	CTTTATCTA/CTTTATCTA	-	-	-	CCCAACTTG/CCCAACTTG	CCCATTCTG/CCCATTCTG	CCCAATCTG/CCCAATCTG	CCCAACTTG/CCCAACTTG	NNNTATCTA/NNNTATCTA	-	CTTTATCTA/CTTTATCTA	-	-	-	CCCAACTTG/CCCAATCTG	CTTTATCTA/TCCTATCTA	TCCNATCTA/TCCNATCTA	-	-	-	CTTTATCTA/CTTTATCTA	CTTTATCTA/CTTTATCTA	-	-	-	-	CTTTATCTA/CTTTATCTA	CCCAATCTG/CCCAATCTG	-	CCCAATCTG/CCCAATCTG	-	CCCAATCTG/CCCAATCTG	-	CCCAATCTG/CTTTATCTA	CTTTATCTA/CTTTATCTA	CCCAATCTG/CCCAATCTG	-	CCCAATCTG/CTTTATCTA	CTTTATCTA/CTTTATCTA	CTTTATCTA/CTTTATCTA	-	-	-	-	-	-	-	-	-	CCCAATCTG/CCCAATCTG	-	-	-	CCCAATCTG/CTTTATCTA	-	-	-	-	-	-	-	-	-	CCCAATCTG/CTTTATCTA	-	-	-	-	-	-	-	CCNAATCTG/CTNAATCTA	-	CCNAATCTG/CTNAATCTA	-	-	-	-	-	-	-	-	-	-	-	-	-	CCCAATCTG/CTTAATCTA	CCCAATCTG/CCCAATCTG	-	CCCAATCTG/CCCAATCTG	CCCNATCTG/CTTNATCTA	CCCNATCTG/CTTNATCTA	CTTTATCTA/CTTTATCTA	CCCAATCTG/CCCAATCTG	-	CCCAATCTG/CCCAATCTG	CTTTATCTA/CTTTATCTA	CCCAATCTG/CTTTATCTA	-	-	CTTTATCTA/CTTTATCTA	-	CCCAATCTG/CTTTATCTA	-	NNNNNTCTN/NNNNNTCTN	CCCAATCTG/CTTTATCTA	CCCNATCTG/CTTNATCTA	CTTTATCTA/CTTTATCTA	CCCTATCTG/CTTTATCTA	CNTTATCTN/CNTTATCTN	CCCAATCTG/CTTTATCTA	-	-	-	-	-	-	-	-	-	-	-	-	-	-	-	-	-	-	-	-	-	-	-	-	-	-	-	-	-	-	-	-	-	-	-	-	-	-	-	-	-	-	-	-	-	-	-	-	-	-	-	-	-
716	40	CGA/CGA	CGA/CGA	CGA/CGA	CGA/CGA	-	CGA/CGA	-	-	-	-	-	CGA/CGA	-	CGA/CGA	CGA/CGA	CGA/CGA	CGA/CGA	CGA/CGA	-	CGA/CGA	-	-	-	-	CGA/CGA	-	CGA/CGA	-	CGA/CGA	-	CGA/CGA	-	-	-	-	CGA/CGA	-	-	-	-	CGA/CGA	-	-	-	-	-	-	-	-	-	-	-	-	-	-	-	-	-	-	-	-	-	-	-	-	-	-	-	CGA/CGA	CGA/CGA	-	-	-	-	-	-	-	-	-	CGA/CGA	-	-	-	-	-	-	-	CGA/CGA	-	CGA/CGA	-	-	-	-	-	-	-	-	-	-	-	CGA/CGA	CGA/CGA	CGA/CGA	CGA/CGA	CGA/CGA	-	-	CGA/CGA	CGA/CGA	-	-	-	CGA/CGA	CGA/CGA	-	-	-	-	CGA/CGA	CGA/CGA	CGA/CGA	CGA/CGA	CGA/CGA	CGA/CGA	CGA/CGA	-	-	CGA/CGA	-	-	-	-	-	-	-	-	-	-	-	-	-	-	-	-	-	-	-	-	-	-	-	-	-	-	-	-	-	-	-	-	-	-	-	-	-	-	-	-	-	-	-	-	-	-	-	-	-	-	-	-
749	57	consensus	consensus	consensus	consensus	consensus	consensus	consensus	consensus	consensus	consensus	consensus	consensus	-	consensus	consensus	consensus	consensus	consensus	consensus	-	consensus	consensus	consensus	consensus	consensus	consensus	consensus	-	-	-	consensus	-	-	consensus	consensus	-	-	-	-	-	-	-	consensus	-	consensus	consensus	consensus	consensus	consensus	-	consensus	consensus	-	consensus	consensus	consensus	consensus	-	-	-	-	-	-	-	-	-	-	-	-	-	-	-	-	-	-	-	-	-	-	-	-	-	-	-	-	-	-	consensus	-	consensus	-	-	-	-	-	-	-	-	-	-	-	consensus	consensus	consensus	consensus	consensus	consensus	consensus	consensus	-	-	-	-	consensus	consensus	consensus	-	consensus	consensus	consensus	consensus	-	-	-	-	-	-	-	-	-	-	-	-	-	-	-	-	-	-	-	-	-	-	-	-	-	-	-	-	-	-	-	-	-	-	-	-	-	-	-	-	-	-	-	-	-	-	-	-	-	-	-	-	-	-	-	-	-	-	-	-
794	38	TC/TC	TC/TC	TC/TC	TC/TC	TC/TC	-	-	-	-	-	-	TC/TC	-	-	-	-	-	TC/TC	TC/TC	-	TC/TC	-	-	TC/TC	TC/TC	-	TC/TC	-	-	-	-	-	-	-	TC/TC	-	-	-	-	-	TC/TC	TC/TC	-	-	-	-	-	-	-	-	-	-	-	-	-	-	-	-	-	-	-	-	-	-	TC/TC	TC/TC	-	-	TC/TC	TC/TC	-	-	-	-	-	-	-	-	-	-	-	-	-	-	-	-	-	TC/TC	-	TC/TC	-	-	-	-	-	-	-	-	-	-	-	TC/TC	TC/TC	TC/TC	TC/TC	-	TC/TC	-	TC/TC	TC/TC	-	-	TC/TC	-	-	TC/TC	TC/TC	-	TC/TC	TC/TC	TC/TC	-	-	TC/TC	CC/TC	TC/TC	TC/TC	-	-	-	-	-	-	-	-	-	-	-	-	-	-	-	-	-	-	-	-	-	-	-	-	-	-	-	-	-	-	-	-	-	-	-	-	-	-	-	-	-	-	-	-	-	-	-	-	-	-	-	-	-	-
812	40	-	-	-	-	-	-	-	-	-	-	-	-	-	-	-	-	-	-	-	-	-	-	-	-	-	-	-	-	-	-	-	-	-	-	-	-	-	-	-	-	-	-	-	-	-	-	-	-	-	-	-	-	-	-	-	-	-	-	AA/AA	AA/AA	-	AA/AA	-	-	-	-	AA/AA	-	-	-	AA/AA	-	-	-	AA/AA	AA/AA	-	-	AA/AA	-	AA/AA	AA/AA	AA/AA	-	AA/AA	-	-	-	-	-	-	AA/AA	-	AA/AA	AA/AA	AA/AA	AA/AA	AA/AA	AA/AA	AA/AA	AA/AA	-	-	-	-	-	-	-	-	-	-	-	-	-	-	-	-	-	-	-	-	-	-	-	-	-	-	-	-	-	-	-	-	-	AA/AA	AA/AA	-	AA/AA	-	AA/AA	-	-	-	-	AA/AA	-	-	-	AA/AA	-	-	AA/AA	-	-	AA/AA	-	-	-	AA/GA	-	-	-	AA/AA	AA/AA	AA/AA	-	AA/AA	AA/AA	AA/AA	AA/AA	AA/AA	-	AA/AA	AA/AA	-	-	-	-	-	-	-
818	98	GGCAAATGGAC/TGCGATTGGAC	GGCAAATGGAC/GGCAAATGGAC	TCTGATTAGGC/TCTGATTAGGC	GGCAAATGGAC/TCTGATTATGC	GGCAAATGGAC/GGCAAATGGAC	GGCAAATGGAC/TCTGATTATGC	-	-	GGCAAATGGAC/TCTGATTATGC	GGCAAANGGAC/TCTGATNAGGT	-	TCTGATTAGGC/TCTGATTAGGC	-	GGCAAATGGAC/GGCAAATGGAC	GGCAAATGGAC/TGCGATTGGAC	TCTGATTATGC/TCTGATTATGC	TCTGATTAGGC/TCTGATTATGC	-	-	TGCGATTGNAC/TGCGATTGNAC	GGCAAATGGAC/GGCAAATGGAC	-	-	-	-	-	-	-	TCTGATTATGC/TCTGATTATGC	-	GGCAAATGGAC/TCTGATTATGC	-	GGCAAATGGAC/TCTGATTATGC	TCTGAATATGC/TCTGATTATGC	GGCAAATGGAC/GGCAAATGGAC	-	-	-	TCTGATTAGGC/TCTGATTAGGC	-	TCTGATTAGGC/TCTGATTAGGC	TCTGATTATGC/TCTGATTATGC	-	-	GGCAGANGGAC/TCTGATNAGGT	GGCAAANGGAC/GGCAGANGGAC	GGCAAANGGAC/GGCAAANGGAC	TCTGATNAGGT/TCTGATNAGGT	-	-	-	TCTGAANAGGT/TCTGATNAGGT	-	GGCAAANGGAC/TCTGATNAGGT	TGCGATNGGAC/TGCGATNGGAC	GGCAAANGGAC/GGCAAANGGAC	GGCAGANGGAC/TCTGATNAGGT	-	GGCAANTGGAC/TCTGANTATGC	-	-	-	-	-	NNNNANTNNNC/NNNNANTNNNC	TCTGATTAGGT/TCTGATTAGGT	-	TCTGANTATGC/TCTGANTATGC	-	-	NNNNNNTNNNC/NNNNNNTNNNC	GGCAANTGGAC/TCTGANTATGC	-	GGCAANTGGAC/GGCAANTGGAC	GGCAANTGGAC/TCTGANTATGC	GGCAANTGGAC/GGCAANTGGAC	GGCAANTGGAC/GGCAGNTGGAC	-	-	NNNNANTNNNC/NNNNANTNNNC	NNNNNNTNNNC/NNNNNNTNNNC	-	TCTGANTAGGT/TCTGANTAGGT	-	GGCAGNTGGAC/GGCAGNTGGAC	-	-	TCTGATTAGGC/TGCGATTGGAC	GGCAANTGGAC/GGCAGNTGGAC	-	GGCAANTGGAC/GGCAGNTGGAC	-	TCTGANTATGC/TCTGANTATGC	NNNNNNTNNNC/NNNNNNTNNNC	GGCAGNTGGAC/GGCAGNTGGAC	GGCAANTGGAC/GGCAANTGGAC	TNTGANTATGC/TNTGANTATGC	GGCAANTGGAC/GGCAANTGGAC	GGCAANTGGAC/GGCAGNTGGAC	TCTGANTATGC/TCTGANTATGC	GGCAANTGGAC/GGCAANTGGAC	GGCAAATGGAC/TCTGATTATGC	TCNGATTAGGC/TCNGATTAGGC	-	-	NNNNANTNNNC/NNNNANTNNNC	-	-	-	NNNNANTNNNC/NNNNANTNNNC	-	GGCAAATGGAC/GGCAAATGGAC	GGCAAATGGAC/GGCAAATGGAC	TCTGATTATGC/TCTGATTATGC	-	-	GGCAAATGGAC/GGCAAATGGAC	GGCAAATGGAC/GGCAAATGGAC	-	GGCAAATGGAC/GGCAAATGGAC	-	GGCAAATGGAC/TCTGATTATGC	TCTGATTATGC/TCTGATTATGC	GGCAAATGGAC/GGCAAATGGAC	GGCAAATGGAC/TCTGATTAGGT	GGCAATTGGAC/GGCAATTGGAC	-	TCTGATTATGC/TCTGATTATGC	GGCAATTGGAC/TCTGATTATGC	GGCAAATGGAC/GGCAATTGGAC	TCTGANTATGC/TCTGANTATGC	-	-	-	TCTGANTATGC/TCTGANTATGC	GGCAANTGGAC/GGCAANTGGAC	TCTGANTATGC/TCTGANTATGC	-	-	GGCAANTGGAC/GGCAANTGGAC	-	-	-	-	GGCAANTGGAC/TCTGANTATGC	-	TCTNANTAGGT/TCTNANTAGGT	-	GGCANNTGGAC/TCTGNNTAGGT	TCTGANTATGC/TCTGANTATGC	GGCAANTGGAC/GGCAANTGGAC	-	-	-	TCTGANTAGGT/TCTGANTAGGT	GGCAGNTGGAC/TCTGANTATGC	GGCAANTGGAC/GGCAGNTGGAC	GGCAGNTGGAC/GGCAGNTGGAC	GGCAANTGGAC/GGCAANTGGAC	TCTGANTATGC/TCTGANTATGC	GGCAANTGGAC/TCTGANTATGC	TCTGANTATGC/TCTGANTATGC	GGCAANTGGAC/GGCAANTGGAC	-	-	-	GGCAANTGGAC/TCTGANTATGC	GGCAANTGGAC/GGCAANTGGAC	GGCAANTGGAC/GGCAANTGGAC	-	-	-	-	-	-	-	-	-	-	-	-
828	41	consensus	consensus	consensus	consensus	-	consensus	-	consensus	-	-	-	consensus	-	consensus	consensus	-	-	-	consensus	-	-	consensus	-	-	-	-	-	consensus	consensus	consensus	consensus	-	-	-	consensus	-	-	consensus	-	-	-	-	-	-	-	-	-	-	-	-	-	-	-	-	-	-	-	-	-	-	-	-	-	-	consensus	consensus	-	-	-	consensus	-	-	-	-	-	-	-	-	-	consensus	-	-	-	-	-	-	-	-	-	-	-	-	-	-	-	-	-	-	-	-	-	-	consensus	consensus	consensus	consensus	consensus	consensus	consensus	-	consensus	consensus	consensus	consensus	consensus	-	consensus	consensus	consensus	-	-	-	-	consensus	-	consensus	consensus	-	consensus	consensus	-	-	-	-	-	-	-	-	-	-	-	-	-	-	-	-	-	-	-	-	-	-	-	-	-	-	-	-	-	-	-	-	-	-	-	-	-	-	-	-	-	-	-	-	-	-	-	-	-	-	-
846	102	G/G	G/G	G/G	-	G/G	-	-	G/G	G/G	-	-	G/G	G/G	-	G/G	G/G	G/G	G/G	G/G	G/G	G/G	G/G	-	G/G	G/G	-	-	-	G/G	G/G	-	-	G/G	G/G	G/G	G/G	G/G	-	G/G	-	G/G	-	-	-	-	-	-	-	-	-	-	-	-	-	-	-	-	G/G	G/G	G/G	G/G	G/G	G/G	-	-	-	G/G	G/G	G/G	G/G	G/G	G/G	-	G/G	G/G	G/G	-	A/G	G/G	-	G/G	G/G	G/G	G/G	G/G	G/G	G/G	-	G/G	-	G/G	G/G	-	-	G/G	G/G	G/G	-	G/G	G/G	G/G	-	-	-	-	G/G	G/G	G/G	-	G/G	G/G	-	-	G/G	G/G	G/G	-	G/G	G/G	G/G	G/G	-	G/G	-	-	-	-	G/G	G/G	G/G	G/G	G/G	-	G/G	G/G	G/G	-	G/G	-	-	-	-	-	-	G/G	G/G	G/G	-	G/G	-	G/G	G/G	-	G/G	-	G/G	G/G	-	-	-	-	-	G/G	G/G	G/G	G/G	G/G	G/G	G/G	G/G	G/G	-	G/G	G/G	-	-	-	-	-	-	-
857	43	-	-	-	-	-	-	-	-	-	-	-	-	-	-	-	-	-	-	-	-	-	-	-	-	-	-	-	-	-	-	-	-	-	-	-	-	-	-	-	-	-	-	-	-	-	-	-	-	-	-	-	-	-	-	-	-	-	AA/AA	AA/AA	-	AA/AA	-	-	-	-	-	AA/AA	AA/AA	-	-	-	AA/AA	AA/AA	AA/AA	AA/GA	AA/AA	AA/AA	-	AA/AA	-	AA/AA	-	AA/AA	-	-	AA/AA	AA/AA	-	-	-	AA/AA	AA/AA	AA/AA	AA/AA	AA/AA	-	-	AA/AA	AA/AA	AA/AA	AA/AA	-	-	-	-	-	-	-	-	-	-	-	-	-	-	-	-	-	-	-	-	-	-	-	-	-	-	-	-	-	-	-	-	-	AA/AA	AA/AA	-	-	-	-	-	-	-	-	AA/AA	-	-	-	AA/AA	AA/AA	AA/AA	AA/AA	-	-	AA/AA	-	AA/AA	-	-	-	-	AA/AA	-	AA/AG	AA/AA	AA/AA	AA/AA	AA/AA	AA/AA	-	-	AA/AA	-	AA/AA	-	-	-	-	-	-	-
894	39	TGCG/TGCG	TGCG/TGCG	TGCN/TGCN	TGCA/TGCG	-	TGCA/TGCG	-	TGCA/TGCA	TGCG/TGCG	-	-	TGCA/TGCA	-	TGTG/TGTG	-	TGCA/TGCG	TGCG/TGCG	-	TGCG/TGCG	-	TGCG/TGCG	TGCG/TGCG	-	TGCN/TGCN	TGCA/TGCA	-	TGCG/TGCG	-	-	-	-	-	-	-	-	-	-	TGCA/TGCA	-	TGCG/TGCG	TGCG/TGCG	-	-	-	-	-	-	-	-	-	-	-	-	-	-	-	-	-	-	-	-	-	-	-	TGCA/TGCG	TGCG/TGCG	-	-	TGCA/TGCG	TGCG/TTCG	-	-	-	-	-	-	-	-	-	TGCG/TGCG	-	-	-	-	-	-	-	TGCG/TGCG	-	TGCA/TGCA	-	-	-	-	-	-	-	-	-	-	-	-	GGCG/TGCG	-	TGCA/TGCA	-	TNCG/TNCG	-	TGCA/TGTG	TGCG/TGCG	TGCG/TGCG	-	-	-	-	TGCG/TGCG	-	-	-	TGCG/TGCG	TGCA/TGCG	TGCG/TGCG	-	TGCA/TGCA	-	-	-	TGCA/TGCG	-	-	-	-	-	-	-	-	-	-	-	-	-	-	-	-	-	-	-	-	-	-	-	-	-	-	-	-	-	-	-	-	-	-	-	-	-	-	-	-	-	-	-	-	-	-	-	-	-	-	-	-	-
942	11	-	-	-	-	-	-	GATAC/GATAC	-	-	-	-	-	-	-	-	-	-	-	-	-	-	-	GATAC/GATAC	-	-	-	-	-	-	-	-	-	-	-	-	-	-	-	-	-	-	-	GATAC/GATAC	-	-	GATAC/GATAC	GATAC/GATAC	GATAC/GATAC	GATAC/GATAC	GATAC/GATAC	-	-	GATAC/GATAC	GATAC/GATAC	GATAC/GATAC	-	-	-	-	-	-	-	-	-	-	-	-	-	-	-	-	-	-	-	-	-	-	-	-	-	-	-	-	-	-	-	-	-	-	-	-	-	-	-	-	-	-	-	-	-	-	-	-	-	-	-	-	-	-	-	-	-	-	-	-	-	-	-	-	-	-	-	-	-	-	-	-	-	-	-	-	-	-	-	-	-	-	-	-	-	-	-	-	-	-	-	-	-	-	-	-	-	-	-	-	-	-	-	-	-	-	-	-	-	-	-	-	-	-	-	-	-	-	-	-	-	-	-	-	-	-
1000	38	TG/TG	-	TG/TG	-	TG/TG	-	-	-	TA/TG	-	-	-	TG/TG	TG/TG	-	-	-	-	-	-	TG/TG	TG/TG	-	-	TG/TG	-	TG/TG	-	-	-	-	-	-	TG/TG	TG/TG	-	-	-	-	-	-	TG/TG	-	-	-	-	-	-	-	-	-	-	-	-	-	-	-	-	-	-	-	-	-	-	TG/TG	TG/TG	-	-	-	TG/TG	-	-	-	-	-	-	-	-	-	TG/TG	-	-	-	-	-	-	-	TG/TG	-	AG/TG	-	-	-	-	-	-	-	-	-	-	-	-	-	TG/TG	TG/TG	-	TG/TG	TG/TG	-	TG/TG	-	-	TG/TG	TG/TG	TG/TG	TG/TG	TG/TG	TG/TG	TG/TG	TG/TG	-	TG/TG	TG/TG	-	-	TG/TG	TG/TG	TG/TG	-	TG/TG	-	-	-	-	-	-	-	-	-	-	-	-	-	-	-	-	-	-	-	-	-	-	-	-	-	-	-	-	-	-	-	-	-	-	-	-	-	-	-	-	-	-	-	-	-	-	-	-	-	-	-
1092	45	-	-	-	-	-	-	-	-	-	-	-	-	-	-	-	-	-	-	-	-	-	-	-	-	-	-	-	-	-	-	-	-	-	-	-	-	-	-	-	-	-	-	-	-	-	-	-	-	-	-	-	-	-	-	-	-	-	-	-	-	consensus	consensus	consensus	consensus	-	-	consensus	consensus	-	-	-	consensus	consensus	consensus	-	consensus	-	-	consensus	-	consensus	-	consensus	-	consensus	consensus	-	-	consensus	-	consensus	consensus	-	consensus	consensus	-	consensus	consensus	consensus	consensus	consensus	-	-	-	-	-	-	-	-	-	-	-	-	-	-	-	-	-	-	-	-	-	-	-	-	-	-	-	-	-	-	-	-	-	consensus	-	consensus	-	-	-	-	-	consensus	consensus	consensus	consensus	-	-	-	consensus	consensus	consensus	consensus	-	-	consensus	consensus	-	consensus	-	consensus	consensus	-	consensus	-	consensus	-	consensus	consensus	-	-	-	-	consensus	-	-	-	-	-	-	-
1132	87	G/G	G/G	-	-	G/G	G/G	-	G/G	G/G	-	-	G/G	G/G	G/G	G/G	G/G	G/G	G/G	G/G	-	G/G	G/G	-	G/G	G/G	-	G/G	G/G	-	G/G	G/G	-	-	G/G	-	-	-	-	-	-	G/G	-	-	-	-	-	-	-	-	-	-	-	-	-	-	-	-	-	G/G	G/G	-	G/G	G/G	G/G	G/G	-	-	G/G	G/G	G/G	-	G/G	G/G	G/G	-	G/G	G/G	G/G	-	-	G/G	G/G	-	G/G	G/G	G/G	G/G	G/G	G/G	G/G	-	A/G	-	-	-	-	-	-	G/G	G/G	G/G	G/G	G/G	G/G	G/G	-	G/G	-	-	G/G	G/G	-	-	-	G/G	-	G/G	-	G/G	-	G/G	-	G/G	G/G	-	-	G/G	G/G	-	G/G	-	G/G	-	G/G	-	-	-	-	-	-	-	-	-	G/G	-	-	-	G/G	G/G	-	-	-	G/G	G/G	G/G	G/G	G/G	-	-	-	G/G	G/G	-	G/G	G/G	-	G/G	-	G/G	-	G/G	-	G/G	G/G	-	-	-	-	-	-	-
1187	45	-	-	-	-	-	-	-	-	-	-	-	-	-	-	-	-	-	-	-	-	-	-	-	-	-	-	-	-	-	-	-	-	-	-	-	-	-	-	-	-	-	-	-	-	-	-	-	-	-	-	-	-	-	-	-	-	-	AAACCG/AAACCG	AAACCG/AAACCG	-	AAACCG/AAACCG	AAACCG/AAACCG	AAACCG/AAACCG	-	-	-	AAACCG/AAACCG	-	-	-	AAACCG/AAACCG	AAACCG/AAACCG	AAACCG/AAACCG	AAACCG/AAACCG	-	AAACCG/AAACCG	AAACCG/AAACCG	AAACCG/AAACCG	AAACCG/AAACCG	-	-	AAACCG/AAACCG	AAACCG/AAACCG	AAACCG/AAACCG	AAACCG/AAACCG	-	AAACCG/AAACCG	-	-	-	AAACCG/AAACCG	-	AAACCG/AAACCG	AAACCG/AAACCG	-	AAACCG/AAACCG	AAACCG/AAACCG	AAACCG/AAACCG	-	AAACCG/AAACCG	-	-	-	-	-	-	-	-	-	-	-	-	-	-	-	-	-	-	-	-	-	-	-	-	-	-	-	-	-	-	AAACCG/AAACCG	-	-	-	-	-	-	-	-	-	AAACCG/AAACCG	-	-	AAACCG/AAACCG	AAACCG/AAACCG	-	AAACCG/AAACCG	AAACCG/AAACCG	AAACCG/AAACCG	-	-	-	-	-	AAACCG/AAACCG	AAACCG/AAACCG	AAACCG/AAACCG	-	-	AAACCG/AAACCT	AAACCG/AAACCG	AAACCG/AAACCG	-	-	AAACCG/AAACCG	-	AAACCG/AAACCG	AAACCG/AAACCG	AAACCG/AAACCG	AAACCG/AAACCG	-	-	-	AAACCG/AAACCG	-	-	-	-	-	-	-
1203	108	GGGGC/GGGGC	-	AGAGC/GGGGC	AGAGC/GGGGC	AAAGC/GGGGC	GGGGC/GGGGC	-	-	AAAGC/AAAGC	AGAGC/GGGGC	AGAGC/GGGGC	AGAGC/GGGGC	-	-	GGGGC/GGGGC	GGGGC/GGGGC	AGAGC/GGGGC	-	AGAGC/GGGGC	-	GGGGC/GGGGC	-	-	AAAGC/AGAGC	AGAGC/GGGGC	-	AGAGC/GGGGC	-	GGGGC/GGGGC	GGGGC/GGGGC	-	-	GGGGC/GGGGC	-	GGGGC/GGGGC	-	AGAGC/GGGGC	GGGGC/GGGGC	AGAGC/AGAGC	-	AGAGC/GGGGC	-	AGAGC/GGGGC	GGGGC/GGGGC	AGAGC/GGGGC	-	-	-	AGAGC/GGGGC	AGAGC/AGAGC	-	-	AGAGC/AGAGC	AGAGC/AGAGC	-	-	GGGGC/GGGGC	-	NNNGN/NNNGN	AAAGC/AAAGC	-	GGGGC/GGGGC	AAAGC/GGGGC	-	AAAGC/GGGGC	-	NNNNN/NNNNN	-	AGAGC/GGGGC	AGAGC/GGGGC	-	AAAGN/AAAGN	NNNGN/NNNGN	-	-	AAAGC/GGGGC	AAAGC/AAATC	AAAGC/GGGGC	-	-	AAAGC/GGGGC	-	AAAGC/AAAGC	AAAGC/GGGGC	NNNGN/NNNGN	AAAGG/AAAGG	NNNGC/NNNGC	-	AAAGC/AAAGG	GGGGC/GGGGC	GGGGC/GGGGC	AAAGC/GGGGC	AAAGC/AAAGC	GGGGC/GGGGC	GGGGC/GGGGC	AAAGG/GGGGC	AAAGC/GGGGC	-	AAAGC/AAAGC	AAAGC/GGGGC	-	AGAGC/GGGGC	AGAGC/GGGGC	AGAGC/GGGGC	AGAGC/AGAGC	GGGGC/GGGGC	-	-	AGAGC/GGGGC	GGGGC/GGGGC	AGAGC/GGGGC	AGAGC/GGGGC	AGAGC/GGGGC	GGGGC/GGGGC	-	GGGGC/GGGGC	AGAGC/GGGGC	AGAGC/GGGGC	AGAGC/GGGGC	AGAGC/GGGGC	-	AGAGC/GGGGC	AAAGC/AAAGC	AAAGC/GGGGC	GGGGC/GGGGC	AAAGC/AGAGC	AGAGC/GGGGC	-	AAAGC/AGAGC	AAAGC/GGGGC	AAAGC/AAAGC	-	-	-	-	AAAGC/AAAGC	-	AANGC/AANGC	-	-	-	AAAGC/AAAGC	-	AAAGC/AAAGC	-	AAAGC/AAAGC	AAAGC/AAAGC	GGGGC/GGGGC	-	AAAGC/AAAGC	-	-	AAAGC/AAAGC	-	GGGGC/GGGGC	GGGGC/GGGGC	-	-	GGGGC/GGGGC	-	AAAGC/GGGGC	-	AAAGC/AAAGC	-	AAAGC/GGGGC	AAAGC/GGGGC	AAAGG/GGGGC	AAAGC/AAAGC	GGGGC/GGGGC	-	-	-	-	AAAGC/GGGGC	-	-	-	-	-	-	-
1311	11	-	-	-	-	-	-	-	-	-	-	-	-	-	-	-	-	-	-	-	-	-	-	ATA/ATA	-	-	ATA/ATA	-	-	-	-	-	-	-	-	-	-	-	-	-	-	-	-	ATA/ATA	ATA/ATA	-	-	ATA/ATA	-	ATA/ATA	ATA/ATA	-	ATA/GTA	ATA/ATA	-	-	ATA/ATA	ATA/ATA	-	-	-	-	-	-	-	-	-	-	-	-	-	-	-	-	-	-	-	-	-	-	-	-	-	-	-	-	-	-	-	-	-	-	-	-	-	-	-	-	-	-	-	-	-	-	-	-	-	-	-	-	-	-	-	-	-	-	-	-	-	-	-	-	-	-	-	-	-	-	-	-	-	-	-	-	-	-	-	-	-	-	-	-	-	-	-	-	-	-	-	-	-	-	-	-	-	-	-	-	-	-	-	-	-	-	-	-	-	-	-	-	-	-	-	-	-	-	-	-	-	-	-	-
1396	124	GTTAGCGGCC/GTTAGCGGCC	GATAATAGCA/GTTAGCGGCC	GTGAGCGGCC/GTTAGCGGCC	GTTAGCGGCC/GTTAGCGGCC	GTTAGCGGCC/GTTAGCGGCC	GATAATAGCA/GATAATAGCA	-	-	GTTAGCGGCC/GTTAGCGGCC	GTTAGCGGCC/GTTAGCGGCC	GTTAGCGGCC/GTTAGCGGCC	-	GATAATAGCA/GTTAGCGGCC	GTGAGCGGCC/GTGAGCGGCC	GTGAGCGGCC/GTTAGCGGCC	GTTAGCGGCC/GTTAGCGGCC	GTTAGCGGCC/GTTAGCGGCC	GATAATAGCA/GTTAGCGGCC	GTTAGCGGCC/GTTAGCGGCC	GATAATAGCA/GATAATAGCA	-	GTTAGCGGCC/GTTAGCGGCC	GTTAGCGGCC/GTTGGCGGCC	-	-	GATAATAGCA/GTTAGCGGCC	GTTAGCGGCC/GTTAGCGGCC	-	GNNANNNGCN/GNNANNNGCN	GTGANCNGCC/GTTANCNGCC	-	GTTAGCGGCC/GTTAGCGGCC	GATAACAACC/GATAATAGCA	-	GTTAGCGGCC/GTTAGCGGCC	-	GATAATAGCA/GTTAGCGGCC	-	GTGAGCGGCC/GTTAGCGGCC	-	-	-	GTTAGCGGCC/GTTAGCGGCC	-	CATAACAACC/GTTAGCGGCC	-	-	GTTAGCGGCC/GTTAGCGGCC	CATAACAACC/GATAATAGCA	-	CATAACAACC/GATAATAGCA	-	CATAACAACC/CATAACAACC	CATAACAACC/GATAATAGCA	GTTAGCGGCC/GTTAGCGGCC	GTTAGCGGCC/GTTAGCGGCC	GATAATAGCA/GATAATAGCA	GATAATAGCA/GTTAGCGGCC	NNTANNNNCN/NNTANNNNCN	GATAATAGCA/GATAATAGCA	GTTAGCGGCC/GTTAGCGGCC	GATAATAGCA/GTTAGCGGCC	GTTAGCGGCC/GTTAGCGGCC	GTTNGCGGCC/GTTNGCGGCC	GATAATAGCA/GTTAGCGGCC	-	GTTAGCGGCC/GTTAGCGGCC	GTTAGCGGCC/GTTAGCGGCC	GTGAGCGGCC/GTTAGCGGCC	GTGAGCGGCC/GTTAGCGGCC	GTTAGCGGCC/GTTAGCGGCC	CATAACAACC/GTTAGCGGCC	GTTAGCGGCC/GTTAGCGGCC	GTTAGCGGCN/GTTAGCGGCN	CATAACAACC/GTTAGCGGCC	CATAACAACC/GTTAGCGGCC	CATAACAACC/GATAATAGCA	GATAATAGCA/GTTAGCGGCC	GTTAGCGGCC/GTTAGCGGCC	GTTAGCGGCC/GTTAGCGGCC	GATAATAGCA/GTTAGCGGCC	GTTAGCGGCC/GTTAGCGGCC	GTTAGCGGAC/GTTAGCGGCC	GTTAGCGGCC/GTTAGCGGCC	NNTANNNNCN/NNTANNNNCN	-	GTTAGCGGCC/GTTAGCGGCC	GTGAGCGGCC/GTTAGCGGCC	-	GTTAGCGGCC/GTTAGCGGCC	GATAATAGCA/GTTAGCGGCC	-	GTTAGCGGCC/GTTAGCGGCC	GATAATAGCA/GTTAGCGGCC	GATAATAGCA/GATAATAGCA	CATAACAACC/GTTAGCGGCC	GTTAGCGGCC/GTTAGCGGCC	GTTAGCGGCC/GTTAGCGGCC	GTTAGCGGCC/GTTAGCGGCC	-	GTTAGCGGCC/GTTAGCGGCC	GTTAGCGGCC/GTTAGCGGCC	GATAATAGCA/GATAATAGCA	GATAATAGCA/GTTAGCGGCC	GTTAGCGGCC/GTTAGCGGCC	GTTAGCGGCC/GTTAGCGGCC	-	GATAATAGCA/GTTAGCGGCC	GTGAGCGGCC/GTTAGCGGCC	GTTAGCGGCC/GTTAGCGGCC	GTTAGCGGCC/GTTAGCGGCC	-	-	GTTAGCGGCC/GTTAGCGGCC	GTTAGCGGCC/GTTAGCGGCC	GTTAGCGGCC/GTTAGCGGCC	GTTAGCGGCC/GTTAGCGGCC	-	GATAATAGCA/GTTAGCGGCC	GATAATAGCA/GTTAGCGGCC	GATAATAGCA/GTTAGCGGCC	GTTAGCGGCC/GTTAGCGGCC	GTTAGCGGCC/GTTAGCGGCC	GATAATAGCA/GTTAGCGGCC	-	GTTAGCGGCC/GTTAGCGGCC	GTTAGCGGCC/GTTAGCGGCC	GTTAGCGGCC/GTTAGCGGCC	GATAATAGCA/GATAATAGCA	GTTAGCGGCC/GTTAGCGGCC	CATAACAACC/CATAACAACC	-	-	-	GTTAGCGGCC/GTTAGCGGCC	GTTAGCGGCC/GTTAGCGGCC	-	-	-	-	-	-	-	NNTANNNNCN/NNTANNNNCN	-	-	-	-	GTTAGCGGCC/GTTAGCGGCC	GATAATAGCA/GTTAGCGGCC	GTTAGCGGCC/GTTAGCGGCC	-	GTTAGCGGCC/GTTAGCGGCC	-	CATAACAACC/CATAACAACC	CATAACAACC/GATAATAGCA	CATAACAACC/GATAATAGCA	GATAATAGCA/GTTAGCGGCC	-	GATAATAGCA/GATAATAGCA	GATAATAGCA/GTTAGCGGCC	GATANTAGCA/GATANTAGCA	GATAANAGCN/GATAANAGCN	-	GTTAGCGGCC/GTTAGCGGCC	GATAANAGCN/GATAANAGCN	GATAATAGCA/GTTAGCGGCC	CATAACAACC/GATAATAGCA	GTTAGCGGCC/GTTAGCGGCC	-	GATAATAGCA/GTTAGCGGCC	-	-	GTTAGCGGCC/GTTAGCGGCC	-	-	-	-	-	-	-
1431	104	-	TTAACG/TTAACG	-	-	-	-	-	-	TTAACG/TTAACG	TTAAAG/TTAACG	-	-	TTAACG/TTAACG	TTAACG/TTAACG	-	TTAACG/TTAACG	TTAACG/TTAACG	-	-	-	-	-	-	TTAACG/TTAACG	-	TTAACG/TTAACG	TTAACG/TTAACG	-	TTAACG/TTAACG	-	-	-	TTAACG/TTAACG	-	-	-	TTAACG/TTAACG	-	TTAACG/TTAACG	-	TTAACG/TTAACG	-	TTAACG/TTAACG	TTAACG/TTAACG	TTAACG/TTAACG	TTAACG/TTAACG	TTAACG/TTAACG	TTAACG/TTAACG	TTAACG/TTAACG	-	TTAACG/TTAACG	TTAACG/TTAACG	TTAACG/TTGACG	TTAACA/TTAACG	-	TTAACG/TTAACG	TTAACG/TTAACG	ATAACG/TTAACG	TTAACG/TTAACG	-	TTAACG/TTAACG	TTAACG/TTAACG	TTAACG/TTAACG	ATAACG/ATAACG	TCAACG/TTAACG	TTAACG/TTAACG	ATAACG/ATAACG	TTAACG/TTAACG	-	TTAACG/TTAACG	TTAACG/TTAACG	TTAACG/TTAACG	ATAACG/TTAACG	TTAACG/TTAACG	ATAACG/TTAACG	TTAACG/TTAACG	TTAACG/TTAACG	TTAACG/TTAACG	TTAACG/TTAACG	-	-	TTAACG/TTAACG	TTAACG/TTAACG	TTAACG/TTAACG	TTAACG/TTAACG	TTAACG/TTAACG	ATAACG/TTAACG	TTAACG/TTAACG	-	-	-	-	-	-	TTAACG/TTAACG	TTAACG/TTAACG	-	TTAACG/TTAACG	-	TTAACG/TTAACG	TTAACG/TTAACG	-	TTAACG/TTAACG	TTAACG/TTAACG	TTAACG/TTAACG	TTAACG/TTAACG	-	TTAACG/TTAACG	-	TTAACG/TTAACG	TTAACG/TTAACG	-	TTAACG/TTAACG	TTAACG/TTAACG	TTAACG/TTAACG	TTAACG/TTAACG	-	-	TTAACG/TTAACG	TTAACG/TTAACG	TTAACG/TTAACG	-	TTAACG/TTAACG	TTAACG/TTAACG	TTAACG/TTAACG	TTAACG/TTAACG	TTAACG/TTAACG	TTAACG/TTAACG	-	TTAACG/TTAACG	TTAACG/TTAACG	TTAACG/TTAACG	TTAACG/TTAACG	-	TTAACG/TTAACG	TTAACG/TTAACG	-	TTAACG/TTAACG	-	TTAACG/TTAACG	TTAACG/TTAACG	-	-	-	TTAACG/TTAACG	TTAACG/TTAACG	-	-	-	-	TTAACG/TTAACG	-	ATAACG/ATAGCG	-	TTAACG/TTAACG	TTAACG/TTAACG	-	-	TTAACG/TTAACG	TTAACG/TTAACG	TTAACG/TTAACG	-	-	ATAACG/TTAACG	-	TTAACG/TTAACG	-	ATAACG/ATAACG	ATAACG/ATAACG	ATAACG/ATAACG	-	-	-	TTAACG/TTAACG	-	-	-	-	-	-	-
1441	84	-	AAACGGGGC/AAACGGGGC	AAACGGGGC/AAACGGGGC	AAACGGGGC/GAGCGTGAC	AAATGGGGC/AAATGGGGC	-	-	-	AAATGGGGC/AAATGGGGC	-	-	-	GAGCGTGAC/GAGCGTGAC	-	-	GAGCGTGAC/GAGCGTGAC	-	-	-	AAATGGGGC/AAATGGGGC	GAGCGTGAC/GAGCGTGAC	AAACGGGGC/AAATGGGGC	-	AAATGGGGC/AAATGGGGC	-	-	-	AAATGGGGC/GAGCGTGAC	AAATGGGGC/GAGCGTGAC	GAGCGTGAC/GAGCGTGAC	-	-	-	GAGCGTGAC/GAGCGTGAC	GAGCGTGAC/GAGCGTGAC	AAATGGAGC/AAATGGGGC	GAGCGTGAC/GAGCGTGAC	-	-	-	-	GAGCGTGAC/GAGCGTGAC	-	-	-	-	-	-	-	-	-	-	-	-	-	-	-	GAGCGTGAC/GAGCGTGAC	AAACGGGGC/AAACGGGGC	-	AAACGGGGC/AAACGGGGC	AAACGGGGC/AAACGGGGC	-	-	-	-	-	GAGCTTGAC/GAGCTTGAC	-	AAACGGGGC/AAACGGGGC	AAACGGGGC/GAGCGTGAC	-	GAGCGTGAC/GAGCGTGAC	-	GAGCGTGAA/GAGCGTGAC	AAACGGGGC/AAACGGGGC	GAACGTGAC/GAGCGTGAC	AAACGGGGC/AAACGGGGC	-	-	-	GAGCGTGAC/GAGCGTGAC	-	GAGCGTGAC/GAGCGTGAC	AAACGGGGC/AAACGGGGC	GAGCGTGAC/GCGCGTGAC	-	AAATGGGGC/GAGCGTGAC	AAACGGGGC/GAGCGTGAC	AAACGGGGC/AAACGGGGC	GAGCGTGAC/GAGCGTGAC	AAATGGGGC/GAGCGTGAC	-	AAATGGGGC/GAGCGTGAC	AAACGGGGC/GAGCGTGAC	GAGCGTGAC/GAGCGTGAC	-	-	GAGCGTGAC/GAGCGTGAC	AAACGGGGC/AAACGGGGC	AAACGGGGC/AAACGGGGC	AAACGGGGC/AAACGGGGC	AAACGGGGC/AAACGGGGC	AAACGGGGC/GAGCGTGAC	GAGCGTGAC/GAGCGTGAC	-	AAATGGGGC/AAATGGGGC	AAATGGGGC/GAGCGTGAC	GAGCGTGAC/GAGCGTGAC	-	GAGCGTGAC/GAGCGTGAC	-	GAGCGTGAC/GAGCGTGAC	AAACGGGGC/AAATGGGGC	GAGCGTGAC/GAGCGTGAC	-	GAGCGTGAC/GAGCGTGAC	-	AAACGGGGC/GAGCGTGAC	-	GAGCGTGAC/GAGCGTGAC	AAACGGGGC/GAGCGTGAC	-	-	GAGCGTGAC/GAGCGTGAC	AAACGGGGC/GAGCGTGAC	-	-	GAGCGTGAC/GAGCGTGAC	AAACGGGGC/GAGCGTGAC	GAGCGTGAC/GAGCGTGAC	GAGCGTGAC/GAGCGTGAC	-	GAGCGTGAC/GAGCGTGAC	AAACGGGGC/AAACGGGGC	-	GAGCGTGAC/GAGCGTGAC	-	-	-	-	-	-	GAGCGTGAC/GAGCGTGAC	AAACGGGGC/AAACGGGGC	-	-	AAACGGGGC/AAACGGGGC	-	-	-	-	-	-	-	-	-	GAGCGTGAC/GAGCGTGAC	-	-	GCGCGTGAC/GCGCGTGAC	GCGCGTGAC/GCGCGTGAC	-	-	GCGNGTGAC/GCGNGTGAC	AAACGGGGC/AAACGGGGC	GCGCGTGAC/GCGCGTGAC	-	AAACGGGGC/AAACGGGGC	GCGCGTGAC/GCGCGTGAC	-	GCGCGTGAC/GCGCGTGAC	GCGCGTGAC/GCGCGTGAC	AAACGGGGC/AAACGGGGC	-	-	-	-	-	-	-
1476	101	-	GATA/GATA	-	GATA/GTAA	GATA/GATA	-	-	GATG/GATG	GATA/TATG	GATA/GATA	GATA/GATG	-	GATA/GATA	GATG/GATG	GATG/GTAA	-	GATA/GATG	-	-	-	GATA/GATA	GATA/GATA	GATA/GATA	GATA/GATG	GATA/GTAA	GATA/GATG	-	GATA/GATA	-	-	GATG/TATG	-	-	-	GATA/GATA	-	GATA/GATG	GATG/GATG	-	-	-	GATA/GATG	GATG/GATG	GATG/GATG	GATA/GATA	-	-	GATA/GATA	-	GATA/GATA	-	GATA/GATA	-	-	-	GATG/GATG	-	-	GATA/GATG	GATG/GATG	GATG/GATG	GATA/GATA	GATA/GATG	-	GATA/GATA	-	GATA/GATG	GATA/GATA	GATA/GATA	GATA/GATG	GATG/GATG	GATA/GATA	GATN/GATN	GATA/GATG	GATA/GATG	-	-	-	-	GATA/GATA	GATN/GATN	-	GATG/GATG	GATA/GATG	GATA/GATG	GATG/GATG	GATA/GATG	GATN/GATN	GATG/GATG	GATA/GATA	GATN/GATN	GATG/GATG	GATG/GATG	GATG/GATG	GATG/GATG	GATA/GATG	GATN/GATN	GATG/GATG	-	GNTN/GNTN	GATA/GATG	GATA/GATA	GATA/GATA	-	-	-	GATA/GATG	-	GATA/GATG	GATA/GATA	GATA/GATA	-	GATG/GATG	GATA/GATG	GATA/GATA	GATG/GATG	GATA/GATG	GATA/GATA	GATA/GATA	-	GATA/GATG	GATA/GATG	-	GATN/GATN	GATG/GATG	-	-	-	GATA/GATA	-	GATA/GATG	-	-	-	GATA/GATG	-	-	-	-	GATG/GATG	-	GATG/GATG	GATG/GATG	-	-	-	GATA/GATA	-	-	-	-	-	-	-	GATG/GATG	GATA/GATG	GATA/GATA	-	-	-	GATA/GATG	-	-	GATG/GATG	GATG/GATG	GATG/GATG	-	GATA/GATA	GATN/GATN	GATN/GATN	GATA/GATG	-	-	GATA/GATG	-	-	-	-	-	-	-
1533	43	-	GT/GT	GT/GT	GT/GT	GT/GT	-	-	GT/GT	GT/GT	-	-	GT/GT	GT/GT	-	GT/GT	-	-	-	GT/GT	GT/GT	-	-	-	-	-	-	-	GT/GT	-	-	GT/GT	GT/GT	-	-	GT/GT	-	-	-	-	-	-	GT/GT	-	-	-	-	-	-	-	-	-	-	-	-	-	-	-	-	-	-	-	-	-	-	-	-	-	-	-	GT/GT	-	-	-	-	-	-	-	-	-	GT/GT	-	-	-	-	-	-	-	-	-	GT/GT	-	-	-	-	-	-	-	-	-	-	-	GT/GT	AT/GT	GT/GT	GT/GT	AT/AT	GT/GT	GT/GT	GT/GT	AT/GT	-	-	-	AT/GT	AT/GT	AT/GT	AT/GT	GT/GT	GT/GT	GT/GT	AT/AT	AT/AT	GT/GT	GT/GT	GT/GT	-	GT/GT	GT/GT	-	GT/GT	-	-	-	-	-	-	-	-	-	-	-	-	-	-	-	-	-	-	-	-	-	-	-	-	-	-	-	-	-	-	-	-	-	-	-	-	-	-	-	-	-	-	-	-	-	-	-	-	-	-	-
1636	58	-	CCTCGAAAG/TCCTGTGGG	TCCTGTGGG/TCCTGTGGG	NNNNGTNNG/NNNNGTNNG	CCTCGAAAG/TCCTGTGGG	TCCTGTGGG/TCCTGTGGG	TCCTGTGGG/TCCTGTGGG	-	TCCTGTGGG/TCCTGTGGG	CTCCGTAGG/TCCTGTGGG	TCCTGTGGG/TCCTGTGGG	CTCCGTAGG/CTCCGTAGG	-	CTCCGTAGG/TCCTGTGGG	CTCCGTAGG/TCCTGTGGG	TCCTGTGGG/TCCTGTGGG	-	TCCTGTGGA/TCCTGTGGG	-	-	CCTCGTAAG/TCCTGTGGG	CCTCGTAAG/CCTCGTAAG	TCCTGTGGG/TCCTGTGGG	CCTCGTAAG/CCTCGTAAG	-	-	-	TCCTGTGGG/TCCTGTGGG	TCCTGTGGG/TCCTGTGGG	CCTCGTAAG/CCTCGTAAG	TCCTGTGGG/TCCTGTGGG	-	CCTCGTAAG/CCTCGTAAG	-	-	-	-	-	TCCTGTGGG/TCCTGTGGG	-	-	-	CCTCGTAAG/TCCTGTGGG	-	TCCTGTGGG/TCCTGTGGG	-	TCCTGTGGG/TCCTGTGGG	-	-	CCTCGTAAG/CCTCGTAAG	CCTCGTAAG/CCTCGTAAG	-	-	-	CCTCGTAAG/CCTCGTAAG	-	-	-	-	-	-	-	-	-	CCTCGTAAG/CCTCGTAAG	CTCCGTAGG/TCCTGTGGG	-	-	-	TCCTGTGGG/TCCTGTGGG	-	-	-	-	-	-	-	-	-	CCTCGTAAG/CCTCGTAAG	-	-	-	-	-	-	-	-	-	-	-	-	-	-	-	-	-	-	-	-	-	CCTCGTAAG/CCTCGTAAG	TCCTGTGGG/TCCTGTGGG	-	-	CCTCGTAAG/TCCTGTGGG	NNNNGTNNG/NNNNGTNNG	NNNNGTNNG/NNNNGTNNG	CCTCGTAAG/TCCTGTGGG	TCCTGTGGG/TCCTGTGGG	-	CCTCGTAAG/CCTCGTAAG	-	CTCCGTAGG/TCCTGTGGG	CCTCGTAAG/CCTCGTAAG	CCTCGTAAG/CCTCGTAAG	CCTCGTAAG/CCTCGTAAG	TCCTGTGGG/TCCTGTGGG	TCCTGTGGG/TCCTGTGGG	CCTCGTAAG/TCCTGTGGG	TCCTGTGGG/TCCTGTGGG	-	CCTCGTAAG/CCTCGTAAG	NNNNGTNNG/NNNNGTNNG	CTCCGTAGG/TCCTGTGGG	CCTCGTAAG/TCCTGTGGG	NNNNGTNNG/NNNNGTNNG	CCTCGTAAG/CCTCGTAAG	CCTCGTAAG/CCTCGTAAG	TCCTGTGGG/TCCTGTGGG	-	-	-	-	-	-	-	-	-	-	-	-	-	-	-	-	-	-	-	-	-	-	-	-	-	-	-	-	-	-	-	-	-	-	-	-	-	-	-	-	-	-	-	-	-	-	-	-	-	-	-
1686	10	-	-	-	-	-	-	G/G	-	-	-	G/G	-	-	-	-	-	-	-	-	-	-	-	-	-	-	-	-	-	-	-	-	-	-	-	-	-	-	-	-	-	-	-	G/G	-	-	G/G	-	G/G	-	G/G	G/G	-	-	G/G	G/G	G/G	-	-	-	-	-	-	-	-	-	-	-	-	-	-	-	-	-	-	-	-	-	-	-	-	-	-	-	-	-	-	-	-	-	-	-	-	-	-	-	-	-	-	-	-	-	-	-	-	-	-	-	-	-	-	-	-	-	-	-	-	-	-	-	-	-	-	-	-	-	-	-	-	-	-	-	-	-	-	-	-	-	-	-	-	-	-	-	-	-	-	-	-	-	-	-	-	-	-	-	-	-	-	-	-	-	-	-	-	-	-	-	-	-	-	-	-	-	-	-	-	-	-	-	-	-
1736	93	-	GGGGGTAGCTACA/GGGGGTAGCTACA	GGAGGTGCCTACA/GGGGGTAGCTACA	NGNGGTNNNTACA/NGNGGTNNNTACA	GGGGGTAGCTACA/GGGGGTAGCTACA	-	-	GGAGGTGCCTAAA/GGAGGTGCCTACA	GGAGGTGCCTACA/GGGGGTAGCTACA	-	-	-	-	GGAGGTGCCTACA/GGAGGTGCCTACA	GGGGGTAGCTACA/GGGGGTAGCTACA	-	GGAGGTGCCTACA/GGGGGTAGCTACA	GGNGGCGCCTACA/GGNGGTAGCTACA	-	-	GGGGGTAGCTACA/GGGGGTAGCTACA	-	-	-	GGGGGTAGCTACA/GGGGGTAGCTACA	-	AGGGGTGGTTACA/AGGGGTGGTTACA	AGGGATGGTTACA/GGAGGTGCCTACA	ATGGGTGGTTACA/GGAGGTGCCTACA	-	-	-	-	-	GGGGGTAGCTACA/GGGGGTAGCTACG	NGNGGTNNNTACA/NGNGGTNNNTACA	-	-	GGGGGTAGCTACA/GGGGGTAGCTACA	-	-	-	-	-	-	-	-	-	-	-	-	-	-	-	-	-	-	GGAGGTGCCTACA/GGAGGTGCCTACA	-	GGGGGTAGCTACA/GGGGGTAGCTACA	GGAGGTGCCTACA/GGGGGTAGCTACA	-	-	-	GGAGGTGCCTACA/GGAGGTGCCTACA	-	GGGGGTAGCTACA/GGGGGTAGCTACA	GGGGGTAGCTACA/GGGGGTAGCTACA	AGGGGTGGTTACA/GGAGGTGCCTACA	GGAGGTGCCTACA/GGGGGTAGCTACA	AGGGGTGGTTACA/GGGGGTAGCTACA	-	GGGGGTAGCTACA/GGGGGTAGCTACA	GGGGGTAGCTACA/GGGGGTAGCTACA	-	GGGGGTNGCTACA/GGGGGTNGCTACA	AGGGGTGGTTACA/AGGGGTGGTTACA	AGGGGTGGTTACA/GGGGGTAGCTACA	AGGGGTGGTTACA/GGGGGTAGCTACA	-	AGGGGTGGTTACA/GGGGGTAGCTACA	GGNGGTAGCTACA/GGNGGTGCCTACA	-	-	NGNGGTNNNTACA/NGNGGTNNNTACA	GGAGGTGCCTACA/GGGGGTAGCTACA	GGGGGTAGCTACA/GGGGGTAGCTACA	AGGGGTGGTTACA/AGGGGTGGTTACA	AGGGGTGGTTACA/AGGGGTGGTTACA	-	NGGGGTGGNTACA/NGGGGTGGNTACA	GGAGGTGCCTACA/GGGGGTAGCTACA	AGGGGTGGTTACA/GGAGGTGCCTACA	AGGGGTGGTTACA/GGGGGTAGCTACA	GGGAGTAGCTACA/GGGGGTAGCTACA	-	GGGGGTAGCTACA/GGGGGTAGCTACA	AGGGGTGGTTACA/AGGGGTGGTTACA	-	GGAGGTGCCTACA/GGGGGTAGCTACA	-	GGAGGTGCCTACA/GGGGGTAGCTACA	NNNGGTNNNTACA/NNNGGTNNNTACA	GGGGGTAGCTACA/GGGGGTAGCTACA	GGAGGTGCCTACA/GGGGGTAGCTACA	GGAGGTGCCTACA/GGAGGTGCCTACA	NNNGGNNNNTACA/NNNGGNNNNTACA	GGNGGCGCCTACA/GGNGGTAGCTACA	-	GGAGGTGCCTACA/GGGGGTAGCTACA	ATGGGTGGTTACA/GGGGGTAGCTACA	GGAGGCGCCTACA/GGGGGTAGCTACA	NNAGGTGCNTACA/NNGGGTAGNTACA	GGGGGTAGCTACA/GGGGGTAGCTACA	-	GGAGGCGCCTACA/GGAGGCGCCTACA	-	GGGGGTAGCTACA/GGGGGTAGCTACA	NNNGGTNNNTACA/NNNGGTNNNTACA	ATGGGTGGTTACA/GGGGGTAGCTACA	GGGGGTNNCTACA/GGGGGTNNCTACA	GGNGGCGCCTACA/GGNGGTAGCTACA	ATGGGTGGTTACA/GGGGGTAGCTACA	AGGGGNGGTTACA/AGGGGNGGTTACA	NNNGGTNNNTACA/NNNGGTNNNTACA	GGAGGTGCCTACA/GGGGGTAGCTACA	GGAGGTGCCTACA/GGGGGTAGCTACA	GGAGGTGCCTACA/GGGGGTAGCTACA	GGAGGTGCCTACA/GGAGGTGCCTACA	NNNGGTNNNTACA/NNNGGTNNNTACA	-	GGGGGTAGCTACA/GGGGGTAGCTACA	-	-	-	-	-	-	-	GGGGGTAGCTACA/GGGGGTAGCTACA	GGGGGTAGCTACA/GGGGGTAGCTACA	GGGGGTAGCTACA/GGGGGTAGCTACA	-	-	-	GGGGGTAGCTACA/GGGGGTAGCTACA	GGGGGTAGCTACA/GGGGGTAGCTACA	-	GGGGGTAGCTACA/GGGGGTAGCTACA	-	-	GGAGGTGCCTACA/GGGGGTAGCTACA	-	-	GGAGGTGCCTACA/GGGGGTAGCTACA	GGAGGTGCCTACA/GGGGGTAGCTACA	-	GGNGGTGNCTACA/GGNGGTGNCTACA	-	-	GGGGGTAGCTACA/GGGGGTAGCTACA	-	GGGGGTAGCTACA/GGGGGTAGCTACA	GGGGGTAGCTACA/GGGGGTAGCTACA	GGAGGTGCCTACA/GGGGGTAGCTACA	GGAGGTGCCTACA/GGGGGTAGCTACA	GGAGGTGCCTACA/GGGGGTAGCTACA	GGGGGTAGCTACA/GGGGGTAGCTACA	-	-	-	-	-	GGGGGTAGCTACA/GGGGGTAGCTACA	-	-	-	-	-	-	-
1759	98	-	NNNCNN/NNNCNN	NNNCNN/NNNCNN	NNNCNN/NNNCNN	NNNCNN/NNNCNN	-	-	-	NNNCNN/NNNCNN	-	-	-	NNNCNN/NNNCNN	NNNCNN/NNNCNN	NNNCNN/NNNCNN	-	NNNCNN/NNNCNN	NNNCNN/NNNCNN	NNNCNN/NNNCNN	NNNCNN/NNNCNN	NNNCNN/NNNCNN	-	-	-	NNNCNN/NNNCNN	-	NNNCNN/NNNCNN	NNNTNN/NNNCNN	NNNCNN/NNNCNN	NNNCNN/NNNCNN	NNNCNN/NNNCNN	NNNCNN/NNNCNN	-	-	-	-	-	-	NNNCNN/NNNCNN	-	-	NNNNNN/NNNNNN	-	-	-	-	-	-	-	-	-	-	-	-	-	-	-	-	-	CCCCGG/TTTCAG	CCCCGG/TTTCAG	-	TTTCAG/TTTCGG	TTTCGG/TTTCGG	NNNCNN/NNNCNN	NNNCNN/NNNCNN	TTTCAG/TTTCGA	TTTCAG/TTTCGG	-	-	TTTCAN/TTTCGN	NNNCNN/NNNCNN	TTTCAG/TTTCGG	CCCCGG/CCCCGG	TTTCAG/TTTCGG	TTTCNN/TTTCNN	TTTCAG/TTTCAG	NNNCNN/NNNCNN	CCCCGG/CCCCGG	-	NNNCNG/NNNCNG	TTTCGA/TTTCGA	TTTCAG/TTTCGA	-	NNNCNN/NNNCNN	TTTCNN/TTTCNN	-	-	-	NNNCNN/NNNCNN	NNNCNN/NNNCNN	-	CCCCGG/TTTCGA	CCCCGG/TTTCGA	TTTCAG/TTTCGA	TTTCAG/TTTCGG	TTTCGA/TTTCGA	TTTCAG/TTTCGG	-	-	NNNCNN/NNNCNN	NNNCNN/NNNCNN	-	NNNCNN/NNNCNN	NNNCNN/NNNCNN	NNNCNN/NNNCNN	NNNCNN/NNNCNN	NNNCNN/NNNCNN	NNNCNN/NNNCNN	NNNCNN/NNNCNN	NNNCNN/NNNCNN	NNNCNN/NNNCNN	NNNCNN/NNNCNN	NNNCNN/NNNCNN	NNNCNN/NNNCNN	NNNCNN/NNNCNN	NNNCNN/NNNCNN	-	NNNCNN/NNNCNN	NNNCNN/NNNCNN	NNNCNN/NNNCNN	NNNCNN/NNNCNN	NNNCNN/NNNCNN	NNNCNN/NNNCNN	-	NNNCNN/NNNCNN	-	-	NNNCNN/NNNCNN	NNNCNN/NNNCNN	-	TTTCGA/TTTCGA	-	-	CCCCGG/TTTCGG	CCCCGG/CCCCGG	-	CCCCGG/CCCCGG	-	CCCCGG/CCCCGG	-	-	-	-	-	-	TTTCGA/TTTCGA	CCCCGG/TTTCGG	-	CCCCGG/TTTCGG	TTTCAG/TTTCAG	-	-	-	TTTCGA/TTTCGG	CCCCGG/TTTCGG	CCCCGG/TTTCAG	CCCCGG/CCCCGG	-	TTTCAG/TTTCAG	CCCCGG/CCCCGG	-	-	NNNCGN/NNNCGN	CCCCGG/CCCCGG	-	-	TTTCAG/TTTCGA	TTTCAG/TTTCGA	CCCCGG/CCCCGG	-	TTTCGA/TTTCGA	-	-	-	-	-	-	-	-	-
1822	94	-	GTG/GTG	GCG/GCG	TTA/TTA	GCG/GTG	GCG/GCG	-	-	GTG/GTG	-	-	-	-	-	GCG/TTA	TTA/TTA	-	GTG/TTA	GCG/GCG	GCG/GCG	-	-	-	-	GCG/GCG	-	TTA/TTA	GCG/GCG	GCG/GCG	-	GCG/GCG	-	GCG/GCG	-	TTA/TTA	-	GTG/TTA	TTA/TTA	-	-	GTG/GTG	-	-	-	-	-	-	-	-	-	-	-	-	-	-	-	-	GNG/GNG	GNG/GNG	-	GNG/GNG	-	-	GNG/GNG	GTG/GTG	-	GNG/GNG	GNG/GNG	GCG/GCG	-	-	GNG/GNG	GNG/GNG	GNG/GNG	-	GNG/GNG	-	GNG/GNG	GNG/GNG	GCG/GCG	GNG/GNG	-	GNG/GNG	-	-	GNG/GNG	-	TTA/TTA	GNG/GNG	-	GNG/GNG	GNG/GNG	GNG/GNG	GNG/GNG	GNG/GNG	-	GNG/GNG	-	GNG/GNG	GNG/GNG	-	GTG/TTA	-	TTA/TTA	GCG/TTA	-	GCG/GCG	-	-	GCG/GCG	-	GTG/GTG	TTA/TTA	TTA/TTA	GCG/TTA	TTA/TTA	GCG/GTG	-	GCG/GCG	GCG/TTA	GCG/GCG	TTA/TTA	GCG/GTG	GTG/TTA	TTA/TTA	GCG/GTG	-	GCG/GTG	-	GCG/GTG	-	GNG/GNG	GNG/GNG	-	-	GNG/GNG	-	-	-	-	GNG/GNG	-	-	-	-	-	-	GNG/GNG	GNG/GNG	-	GNG/GNG	GNG/GNG	GNG/GNG	-	GNG/GNG	-	GNG/GNG	-	GNG/GNG	-	GNG/GNG	-	GNG/GNG	-	GNG/GNG	GNG/GNG	-	-	GNG/GNG	GNG/GNG	GNG/GNG	-	-	GNG/GNG	GTG/GTG	-	GCG/GCG	-	-	GTG/GTG	GTG/GTG
1881	49	-	NACGGCAC/NACTGCAC	AACTGCNC/TACGGCNC	-	-	TACGGCAC/TACTGCTC	-	TACGGCAC/TACGGTAC	TACGGTAC/TACTGCTC	-	-	AACTGCAC/AACTGCAC	TACGGTAC/TACGGTAC	TACGGCAC/TACGGCAC	TACGGTAC/TGCGGCAC	-	-	-	TACGGTAC/TACGGTAC	-	-	-	-	TACGGTAC/TACGGTAC	-	-	-	AACTGCAC/TACGGTAC	-	-	AACTGCAC/TACTGCTC	-	TACGGCAC/TACGGTAC	TACGGTAC/TACGGTAC	TACGGTAC/TACTGCTC	TACGGTAC/TACTGCTC	-	TACGGTAC/TACGGTAC	NACNGCAC/NACNGCAC	TACGGTAC/TACGGTAC	-	TACNGCAC/TACNGTAC	-	-	-	-	-	-	-	-	-	-	-	-	-	-	-	-	-	-	-	-	-	-	NACNGNNC/NACNGNNC	-	-	-	-	-	-	-	-	-	-	-	-	-	-	NACNGNNC/NACNGNNC	-	-	-	-	-	-	-	TACGGCAC/TACGGTAC	-	TACGGTAC/TACTGCTC	-	-	-	-	-	-	-	-	-	-	-	-	AACTGCAC/TACGGCAC	TACGTCAC/TACGTCAC	NACNGNNC/NACNGNNC	AACTGCAC/TAAGGCAC	AACTGCAC/TACGGTAC	TACNGNNC/TACNGNNC	TACGNNAC/TACGNNAC	-	NANNGCNC/NANNGCNC	-	TANNGCNC/TANNGCNC	AACTGTAC/TACGGCAC	TACNGNNC/TACNGNNC	-	TACGGTAC/TACTGCTC	-	AACTGCAC/TACTGCTC	TACGGCAC/TACGGTAC	TACTGCTC/TACTGCTC	NACNGCNC/NACNGCNC	AACTGCAC/TACGGTAC	TACGGCAC/TACTTCAC	TACGGTAC/TACGTCAC	AACNGCAC/TACNGCTC	TACGGCAC/TACGTCAC	NACGGTAC/NACTGCAC	AACTGCAC/AACTGCAC	TACNGCAC/TACNGCTC	-	-	-	-	-	-	-	-	-	-	-	-	-	-	-	-	-	-	-	-	-	-	-	-	-	-	-	-	-	-	-	-	-	-	-	-	-	-	-	-	-	-	-	-	-	-	-	-	-	-	-
1901	37	-	consensus	consensus	consensus	consensus	consensus	-	consensus	consensus	-	-	-	-	-	-	consensus	consensus	-	-	-	-	consensus	-	consensus	-	-	-	consensus	-	consensus	-	-	consensus	consensus	consensus	-	-	consensus	-	-	-	consensus	-	-	-	-	-	-	-	-	-	-	-	-	-	-	-	-	-	-	-	-	-	-	-	-	-	-	-	consensus	-	-	-	-	-	-	-	-	-	-	-	-	-	-	-	-	-	-	-	-	-	-	-	-	-	-	-	-	-	-	-	-	consensus	-	consensus	consensus	consensus	-	consensus	consensus	consensus	consensus	consensus	consensus	-	-	consensus	consensus	-	-	-	consensus	-	consensus	-	consensus	consensus	consensus	-	consensus	-	-	-	-	-	-	-	-	-	-	-	-	-	-	-	-	-	-	-	-	-	-	-	-	-	-	-	-	-	-	-	-	-	-	-	-	-	-	-	-	-	-	-	-	-	-	-	-	-	-	-
2016	12	-	-	-	-	-	-	-	-	-	TC/TC	-	-	-	-	-	-	-	-	-	-	-	-	CC/TC	-	-	TC/TC	-	-	-	-	-	-	-	-	-	-	-	-	-	-	-	-	TC/TC	-	TC/TC	TC/TC	TC/TC	-	TC/TC	-	-	-	TC/TC	TC/TC	TC/TC	-	TC/TC	-	-	-	-	-	-	-	-	-	-	-	-	-	-	-	-	-	-	-	-	-	-	-	-	-	-	-	-	-	-	-	-	-	-	-	-	-	-	-	-	-	-	-	-	-	-	-	-	-	-	-	-	-	-	-	-	-	-	-	-	-	-	-	-	-	-	-	-	-	-	-	-	-	-	-	-	-	-	-	-	-	-	-	-	-	-	-	-	-	-	-	-	-	-	-	-	-	-	-	-	-	-	-	-	-	-	-	-	-	-	-	-	-	-	-	-	-	-	-	-	-	-	-	-
2201	40	-	TGGTAC/TGGTAC	-	-	TGGTAC/TGGTAC	-	-	TGGTAC/TGGTAC	GAGTAC/TGGTAC	-	-	TGGTAC/TGGTAC	-	TGGTAC/TGGTAC	GAGTAC/TGGTAC	-	-	-	-	-	-	TGGTAC/TGGTAC	-	GAGTAC/TGGTAC	-	-	GAGTAC/GAGTAC	TGGTAC/TGGTAC	GAGTAC/GAGTAC	GAGTAC/TGGTAC	GAGTAC/TGGTAC	-	NNGTAC/NNGTAC	GAGTAC/TGGTAC	-	-	-	GAGTAC/GAGTAC	-	-	-	GAGTAC/TGGTAC	-	-	-	-	-	-	-	-	-	-	-	-	-	-	-	-	-	-	-	-	-	-	-	-	-	-	GAGTAC/TGGTAC	TGGTAC/TGGTAC	-	-	-	-	-	-	-	-	-	-	-	-	-	-	-	-	-	-	-	-	-	-	-	-	-	-	-	-	-	-	-	-	GAGTAC/TGGTAC	-	TGGTAC/TGGTAC	TGGTAC/TGGTAC	GAGTAC/TGGTAC	-	TGGTAC/TGGTAC	GAGTAC/TGGTAC	-	GAGTAC/GAGTAC	-	GAGTAC/TGGTAC	TGGTAC/TGGTAC	GAGTAC/TGGTAC	GAGTAC/TGGTAC	TGGTAC/TGGTAC	GAGTAC/GAGTAC	-	GAGTAC/GAGTAC	-	-	GAGTAC/TGGTAC	TGGTAC/TGGTAC	TGGTAC/TGGTAC	GAGTAC/TGGTAC	-	TGGGGG/TGGGGG	GAGTAC/TGGTAC	-	-	-	-	-	-	-	-	-	-	-	-	-	-	-	-	-	-	-	-	-	-	-	-	-	-	-	-	-	-	-	-	-	-	-	-	-	-	-	-	-	-	-	-	-	-	-	-	-	-	-
2206	106	-	CGTTTCGC/TGACTCAC	CGTTTCGC/TGTCTCAC	NNNCTCNC/NNNCTCNC	CGTTTCGC/TGTCTCAC	CGTTTCGC/TGTCTCAC	-	-	-	-	-	CGTTTCGC/TGTCTCAC	NNTNTCNC/NNTNTCNC	CGTTTCGC/CGTTTCGC	NGNNTCNC/NGNNTCNC	CGTCTCAC/CGTTTCGC	CGTTTCGC/TGTCTCAC	CGTTTCGC/TGTCTCAC	CGTTTCGC/TGTCTCAC	CGTTTCGC/CGTTTCGC	-	NGTNTCNC/NGTNTCNC	-	CGTCTCAC/TGTCTCAC	CGTTTCGC/CGTTTCGC	-	-	CGTTTCGC/CGTTTCGC	CGTTTCGC/TGTCTCAC	-	-	-	CGTTTCGC/CGTTTCGC	CGTNTCNC/TGANTCNC	-	-	-	-	-	-	-	CGTTTCGC/TGTCTCAC	-	-	-	-	-	-	-	-	-	-	-	-	-	-	-	NGTNTCNC/NGTNTCNC	NGTNTCNC/NGTNTCNC	NGTNTCNC/NGTNTCNC	NGTNTCNC/NGTNTCNC	NGTNTCNC/NGTNTCNC	NGTNTCNC/NGTNTCNC	NGTNTCNC/NGANTCNC	NNTNTCNC/NNTNTCNC	CGTTTCGC/CGTTTCGC	-	NGTNTCNC/NGTNTCNC	CGNTTCGC/TGNCTCAC	CGTTTCGC/TGTCTCAC	NGTNTCNC/NGTNTCNC	NGTNTCNC/NGTNTCNC	NGTNTCNC/NGTNTCNC	NGTNTCNC/NGTNTCNC	NGTNTCNC/NGTNTCNC	NGNNTCNC/NGNNTCNC	NGNNTCNC/NGNNTCNC	NGTNTCNC/NGTNTCNC	NGTNTCNC/NGTNTCNC	-	-	NGTNTCNC/NGTNTCNC	-	-	NGNNTCNC/NGNNTCNC	NGTNTCNC/NGTNTCNC	NNNNTCNC/NNNNTCNC	CGTTTCGC/TGTCTCAC	NGNNTCNC/NGNNTCNC	-	NGTNTCNC/NGTNTCNC	-	NGTNTCNC/NGTNTCNC	NGTNTCNC/NGTNTCNC	NGNNTCNC/NGNNTCNC	NGTNTCNC/NGTNTCNC	NGNNTCNC/NGNNTCNC	NGTNTCNC/NGTNTCNC	NGTNTCNC/NGTNTCNC	-	-	CGTCTCAC/TGTCTCAC	CGTTTCGC/TGTCTCAC	CGTNTCNC/TGTNTCNC	CGTTTCGC/TGTCTCAC	CGTTTCGC/TGTCTCAC	NGTCTCAC/NGTTTCGC	CGTTTCGC/TGTCTCAC	CGTCTCAC/CGTTTCGC	-	CGTCTCAC/TGTCTCAC	-	CGTTTCGC/TGTCTCAC	CGTTTCGC/TGTCTCAC	NNTNTCNC/NNTNTCNC	CGTTTCGC/TGTCTCAC	NGTNCCNC/NGTNTCNC	CGTCTCAC/TGTCTCAC	-	CGTCTCAC/CGTTTCGC	CGTCTCAC/CGTTTCGC	TGTCTCAC/TGTCTCAC	CCTCTCGC/CGTTTCGC	NGNNTCNC/NGNNTCNC	NGNNTCNC/NGNNTCNC	NNTNTCNC/NNTNTCNC	NGTNTCNC/NGTNTCNC	NNTNTCNC/NNTNTCNC	CGTTTCGC/CGTTTCGC	CGTTTCGC/TGTCTCAC	NGTNTCNC/NGTNTCNC	-	NGTNTCNC/NGANTCNC	-	NGNNTCNC/NGNNTCNC	-	-	NCTNTCNC/NGTNTCNC	-	NGTNTCNC/NGTNTCNC	-	-	NGANTCNA/NGTNTCNC	-	NGTNTCNC/NGTNTCNC	-	NGTNTCNC/NGTNTCNC	-	NGTNTCNC/NGTNTCNC	NGTNTANC/NGTNTCNC	-	NGTNTCNC/NGTNTCNC	-	-	NGTNTCNC/NGTNTCNC	-	NGTNTCNC/NGTNTCNC	-	NGTNTCNC/NGTNTCNC	-	NGTNTCNC/NGTNTCNC	-	NGANTCNC/NGANTCNC	-	NGTNTCNC/NGANTCNC	NGTNTCNC/NGTNTCNC	NGTNTCNC/NGTNTCNC	NGTNTCNC/NGTNTCNC	NGTNTCNC/NGTNTCNC	NGTNTCNC/NGTNTCNC	-	-	-	NGTNTCNC/NGTNTCNC	-	-	-	-	-	-	-
2381	37	-	-	ACA/ACA	ACA/ACA	ACA/ACA	-	-	-	ACA/ACA	-	-	-	ACA/ACA	-	-	ACA/ACA	ACA/ACA	ACA/ACA	-	-	-	-	-	-	ACA/ACA	-	ACA/ACA	-	-	-	-	-	-	ACA/ACA	-	ACA/GCA	ACA/ACA	-	-	-	-	-	-	-	-	-	-	-	-	-	-	-	-	-	-	-	-	-	-	-	-	-	-	-	ACA/ACA	ACA/ACA	-	-	ACA/ACA	-	-	-	-	-	-	-	-	-	-	-	-	-	-	-	-	-	-	ACA/ACA	-	ACA/ACA	-	-	-	-	-	-	-	-	-	-	-	ACA/ACA	ACA/ACA	ACA/ACA	ACA/ACA	-	-	ACA/ACA	ACA/ACA	ACA/ACA	ACA/ACA	-	-	ACA/ACA	ACA/ACA	-	-	-	ACA/ACA	ACA/ACA	ACA/ACA	ACA/ACA	ACA/ACA	-	ACA/ACA	-	ACA/ACA	ACA/ACA	-	ACA/ACA	-	-	-	-	-	-	-	-	-	-	-	-	-	-	-	-	-	-	-	-	-	-	-	-	-	-	-	-	-	-	-	-	-	-	-	-	-	-	-	-	-	-	-	-	-	-	-	-	-	-	-
2546	40	-	-	CTGC/CTGC	CTGC/CTGC	-	CTGC/CTGC	-	-	CTGC/CTGC	-	-	CTGC/CTGC	CTGC/CTGC	-	-	CTGC/CTGC	CTGC/CTGC	CTGC/CTGC	-	CTGC/CTGC	CTGC/CTGC	-	-	-	-	-	CTGC/CTGC	CTGC/CTGC	-	CTGC/CTGC	CTGC/CTGC	-	CTGC/CTGC	CTGC/CTGC	CTGC/CTGC	-	-	-	CTGC/CTGC	-	-	CTGC/CTGC	-	-	-	-	-	-	-	-	-	-	-	-	-	-	-	-	-	-	-	-	-	-	CTGC/CTGC	-	-	-	CTGC/CTGC	CTGC/CTGC	-	-	-	-	-	-	-	-	-	CTGC/CTGC	-	-	-	-	-	-	-	CTGC/CTGC	-	CTCC/CTGC	-	-	-	-	-	-	-	-	-	-	-	CTGC/CTGC	CTGC/CTGC	-	CTGC/CTGC	-	-	CTGC/CTGC	-	-	-	-	CTGC/CTGC	CTGC/CTGC	CTGC/CTGC	-	-	-	CTGC/CTGC	-	CTGC/CTGC	-	CTGC/CTGC	CTGC/CTGC	-	-	-	CTGC/CTGC	CTGC/CTGC	CTGC/CTGC	-	-	-	-	-	-	-	-	-	-	-	-	-	-	-	-	-	-	-	-	-	-	-	-	-	-	-	-	-	-	-	-	-	-	-	-	-	-	-	-	-	-	-	-	-	-	-	-	-	-	-
2667	10	-	-	-	-	-	-	-	-	-	T/T	T/T	-	-	-	-	-	-	-	-	-	-	-	-	-	-	-	-	-	-	-	-	-	-	-	-	-	-	-	-	-	-	-	-	-	-	T/T	-	T/T	T/T	-	T/T	T/T	T/T	T/T	T/T	-	-	-	-	-	-	-	-	-	-	-	-	-	-	-	-	-	-	-	-	-	-	-	-	-	-	-	-	-	-	-	-	-	-	-	-	-	-	-	-	-	-	-	-	-	-	-	-	-	-	-	-	-	-	-	-	-	-	-	-	-	-	-	-	-	-	-	-	-	-	-	-	-	-	-	-	-	-	-	-	-	-	-	-	-	-	-	-	-	-	-	-	-	-	-	-	-	-	-	-	-	-	-	-	-	-	-	-	-	-	-	-	-	-	-	-	-	-	-	-	-	-	-	-	-	-
2792	10	-	-	-	-	-	-	GTAGG/GTAGG	-	-	-	-	-	-	-	-	-	-	-	-	-	-	-	-	-	-	GTAGG/GTAGG	-	-	-	-	-	-	-	-	-	-	-	-	-	-	-	-	GTAGG/GTAGG	-	-	-	-	GTAGG/GTAGG	GTAGG/GTAGG	GTAGG/GTAGG	-	GTAGG/GTAGG	GNAGG/GNAGG	GTAGT/GTAGT	GTAGG/GTAGG	-	-	-	-	-	-	-	-	-	-	-	-	-	-	-	-	-	-	-	-	-	-	-	-	-	-	-	-	-	-	-	-	-	-	-	-	-	-	-	-	-	-	-	-	-	-	-	-	-	-	-	-	-	-	-	-	-	-	-	-	-	-	-	-	-	-	-	-	-	-	-	-	-	-	-	-	-	-	-	-	-	-	-	-	-	-	-	-	-	-	-	-	-	-	-	-	-	-	-	-	-	-	-	-	-	-	-	-	-	-	-	-	-	-	-	-	-	-	-	-	-	-	-	-	-	-
2814	43	-	-	GTT/TTC	GTT/GTT	-	GTT/GTT	-	-	-	-	-	GTT/GTT	-	GTT/GTT	GTT/GTT	-	GTT/GTT	-	-	-	-	-	-	-	GTT/GTT	-	GTT/GTT	-	-	-	-	GTT/GTT	GTT/GTT	GTT/GTT	-	GTT/GTT	-	-	-	-	-	-	-	-	-	-	-	-	-	-	-	-	-	-	-	-	-	-	-	-	-	-	-	-	GTT/GTT	GTT/GTT	-	-	GTT/GTT	GTT/GTT	-	-	-	-	-	-	-	-	-	GTT/GTT	-	-	-	-	-	-	-	GTT/GTT	-	GTT/GTT	-	-	-	-	-	-	-	-	-	-	-	GTT/GTT	GTT/GTT	GTT/GTT	-	-	-	GTT/GTT	GTT/GTT	-	-	GTT/GTT	GTT/GTT	GTT/GTT	GTT/GTT	-	GTT/GTT	-	-	GTT/GTT	GTT/GTT	-	GTT/GTT	GTT/GTT	GTT/GTT	-	GTT/GTT	GTT/GTT	GTT/GTT	GTT/GTT	-	-	-	-	-	-	-	-	GTT/GTT	-	-	-	-	-	-	-	-	-	-	-	-	-	-	-	-	-	-	-	-	-	-	-	-	-	-	-	-	-	-	-	-	-	-	-	-	GTT/GTT	-	GTT/GTT	-	GTT/GTT	-
2875	37	-	-	C/C	C/C	-	A/A	-	-	C/C	-	-	C/C	-	-	C/C	-	C/C	C/C	-	-	-	-	-	C/C	C/C	-	-	-	C/C	-	C/C	-	-	-	C/C	-	-	C/C	C/C	C/C	-	-	-	-	-	-	-	-	-	-	-	-	-	-	-	-	-	-	-	-	-	-	-	-	C/C	-	-	-	C/C	C/C	-	-	-	-	-	-	-	-	-	C/C	-	-	-	-	-	-	-	-	-	-	-	-	-	-	-	-	-	-	-	-	-	-	C/C	C/C	-	C/C	C/C	C/C	-	C/C	C/C	C/C	-	-	C/C	C/C	C/C	-	-	C/C	-	-	C/C	C/C	-	-	C/C	-	C/C	C/C	-	-	-	-	-	-	-	-	-	-	-	-	-	-	-	-	-	-	-	-	-	-	-	-	-	-	-	-	-	-	-	-	-	-	-	-	-	-	-	-	-	-	-	-	-	-	-	-	-	-	-
3103	38	-	-	AGCT/CACT	-	-	-	-	-	AGCT/CACT	-	-	-	-	AGCT/CACT	AGCT/AGCT	AGCT/AGCT	AGCT/AGCT	AGCT/CACT	-	-	AGCT/AGCT	-	-	-	-	-	CACT/CACT	AGCT/AGCT	CACT/CACT	CACT/CACT	-	AGTT/AGTT	-	-	-	CACT/CACT	-	-	AGCT/CACT	-	AGCT/AGCT	AGCT/CACT	-	-	-	-	-	-	-	-	-	-	-	-	-	-	-	-	-	-	-	-	-	-	-	AGCT/AGCT	-	-	AGCT/AGCT	AGCT/CACT	-	-	-	-	-	-	-	-	-	AGCT/AGCT	-	-	-	-	-	-	-	-	-	-	-	-	-	-	-	-	-	-	-	-	-	-	AGCT/CACT	-	-	CACT/CACT	AGCT/AGCT	AGCT/AGCT	NNCT/NNCT	-	AGCT/AGCT	-	-	-	AGCT/CACT	-	AGCT/AGCT	AGCT/CACT	CACT/CACT	-	AGCT/CACT	CACT/CACT	-	-	AGCT/AGCT	AGCT/AGCT	AGCT/AGCT	-	AGCT/AGCT	AGCT/AGCT	-	-	-	-	-	-	-	-	-	-	-	-	-	-	-	-	-	-	-	-	-	-	-	-	-	-	-	-	-	-	-	-	-	-	-	-	-	-	-	-	-	-	-	-	-	-	-	-	-	-	-
3181	47	-	-	-	-	-	-	-	-	-	-	-	-	-	-	-	-	-	-	-	-	-	-	-	-	-	-	-	-	-	-	-	-	-	-	-	-	-	-	-	-	-	-	-	-	-	-	-	-	-	-	-	-	-	-	-	-	-	CGAT/TAGT	TAGT/TAGT	-	CGAT/TAGT	CGAT/TAGT	CGAT/TAGT	-	-	-	-	-	-	-	CGAT/TAGT	-	CGAT/TAGT	-	TAGT/TAGT	CGAT/TAGT	CGAT/TAGT	CGNT/TANT	TAGT/TAGT	-	CGAT/TAGT	TAGT/TAGT	-	CGAT/CGAT	CGAT/TAGT	-	CGAT/TAGT	-	CGAT/TAGT	-	CGAA/CGAT	-	CGAT/TAGT	CGAA/CGAA	CGAT/CGAT	-	TAGT/TAGT	TAGT/TAGT	CGAT/TAGT	TAGT/TAGT	CGAT/CGAT	-	-	-	-	-	-	-	-	-	-	-	-	-	-	-	-	-	-	-	-	-	-	-	-	-	-	-	-	-	NNNT/NNNT	-	-	CGAT/CGAT	-	-	-	-	-	-	CGAT/CGAT	-	-	-	-	-	-	-	CGAT/TAGT	-	-	TAGT/TAGT	-	-	CGAT/CGAT	CGNT/TANT	CGAT/TAGT	CGAT/CGAT	CGAT/TAGT	-	CGAT/TAGT	-	-	CGAT/TAGT	CGAT/CGAT	TAGT/TAGT	CGAT/CGAT	TAGT/TAGT	CGAT/TAGT	TAGT/TAGT	-	TAGT/TAGT	-	CGAT/TAGT	-	-	-	-	-	-	-
3258	117	-	-	TAAT/TAAT	TAAT/TAAT	TAAT/TAAT	-	TAAT/TAAT	-	TAAT/TAAT	NAAT/NAAT	TAAT/TAAT	TAAT/TAAT	TAAT/TAAT	-	TAAT/TAAT	TAAT/TAAT	TAAT/TAAT	-	-	TAAT/TAAT	TAAT/TAAT	TAAT/TAAT	TAAT/TAAT	-	-	TAAT/TAAT	TAAT/TAAT	TAAT/TAAT	-	-	TAAT/TAAT	-	TAAT/TAAT	TAAT/TAAT	-	-	-	-	TAAT/TAAT	-	TAAT/TAAT	TAAT/TAAT	TAAT/TAAT	CAAT/TAAT	TAAT/TAAT	TAAT/TAAT	TAAT/TAAT	TAAT/TAAT	-	TAAT/TAAT	TAAT/TAAT	TAAT/TAAT	TAAT/TAAT	TAAT/TAAT	TAAT/TAAT	CAAT/TAAT	TAAT/TAAT	TAAT/TAAT	TAAT/TAAT	TAAT/TAAT	-	TAAT/TAAT	TAAT/TAAT	-	TAAT/TAAT	TAAT/TAAT	TAAT/TAAT	TAAT/TAAT	TAAT/TAAT	TAAT/TAAT	TAAT/TAAT	TAAT/TTAT	TAAT/TAAT	TAAT/TAAT	TAAT/TAAT	-	TAAT/TAAT	TAAT/TAAT	TAAT/TAAT	TAAT/TAAT	-	-	-	TAAT/TAAT	TAAT/TAAT	-	TAAT/TAAT	-	-	-	TAAT/TAAT	TAAT/TAAT	TAAT/TAAT	TAAT/TAAT	TAAT/TAAT	TAAT/TAAT	TAAT/TAAT	TAAT/TAAT	-	TAAT/TAAT	TAAT/TAAT	-	-	TAAT/TAAT	TAAT/TAAT	TAAT/TAAT	TAAT/TAAT	TAAT/TAAT	TAAT/TAAT	TAAT/TAAT	TAAT/TAAT	TAAT/TAAT	TAAT/TAAT	TAAT/TAAT	TAAT/TAAT	-	TAAT/TAAT	TAAT/TAAT	TAAT/TAAT	TAAT/TAAT	TAAT/TAGT	-	TAAT/TAAT	TAAT/TAAT	TAAT/TAAT	TAAT/TAAT	TAAT/TAAT	TAAT/TAAT	TAAT/TAAT	TAAT/TAAT	TAAT/TAAT	-	-	TAAT/TAAT	-	TAAT/TAAT	-	TAAT/TAAT	-	TAAT/TAAT	-	-	TAAT/TAAT	-	TAAC/TAAT	TAAT/TAAT	-	-	TAAT/TAAT	-	-	TAAT/TAAT	-	-	-	TAAT/TAAT	-	-	TAAT/TAAT	-	TAAT/TAAT	TAAT/TAAT	TAAT/TAAT	TAAT/TAAT	-	TAAT/TAAT	TAAT/TAAT	-	TAAT/TAAT	-	-	-	-	TAAT/TAAT	-	-	-	-	-	-	-
3484	37	-	-	-	CCCGT/CCCGT	-	-	-	-	CCCGT/CCCGT	-	-	CCCGT/CCCGT	-	-	-	-	CCCGT/CCCGT	-	CCCGT/CCCGT	CCCGT/CCCGT	-	CCCGT/CCCGT	-	-	-	-	CCCGT/CCCGT	CCCGT/CCCGT	ATCGT/ATCGT	-	-	-	CCCGC/CCCGC	CCCGT/CCCGT	-	-	-	CCCGT/CCCGT	-	-	-	CCCGT/CCCGT	-	-	-	-	-	-	-	-	-	-	-	-	-	-	-	-	-	-	-	-	-	-	-	CCCGT/CCCGT	-	-	-	-	-	-	-	-	-	-	-	-	-	CCCGT/CCCGT	-	-	-	-	-	-	-	-	-	-	-	-	-	-	-	-	-	-	-	-	-	CCCGT/CCCGT	CCCGT/CCCGT	CCCGT/CCCGT	CCCGT/CCCGT	CCCGT/CCCGT	CCCGT/CCCGT	CCCGT/CCCGT	CCCGT/CCCGT	CCCGT/CCCGT	CCCGT/CCCGT	CCCGT/CCCGT	CCCGT/CCCGT	-	CCCGT/CCCGT	CCCGT/CCCGT	CCCGT/CCCGT	-	-	-	-	CCCGT/CCCGT	CCCGT/CCCGT	CCCGT/CCCGT	CCCGT/CCCGT	-	CCCGT/CCCGT	CCCGT/CCCGT	-	-	-	-	-	-	-	-	-	-	-	-	-	-	-	-	-	-	-	-	-	-	-	-	-	-	-	-	-	-	-	-	-	-	-	-	-	-	-	-	-	-	-	-	-	-	-	-	-	-	-	-	-
3571	43	-	-	-	-	-	-	-	-	-	-	-	-	-	-	-	-	-	-	-	-	-	-	-	-	-	-	-	-	-	-	-	-	-	-	-	-	-	-	-	-	-	-	-	-	-	-	-	-	-	-	-	-	-	-	-	-	-	AT/TT	-	AT/AT	AT/TT	AT/AT	AT/AT	AT/AT	-	-	AT/TT	-	-	-	-	-	AT/AT	-	-	AT/AT	AT/AT	AT/AT	AT/AT	-	AT/AT	-	-	AT/AT	AT/AT	AT/AT	AT/AT	-	AT/AT	-	AT/AT	AT/AT	-	-	-	NT/NT	TT/TT	AT/AT	AT/AT	AT/AT	AT/AT	-	-	-	-	-	-	-	-	-	-	-	-	-	-	-	-	-	-	-	-	-	-	-	-	-	-	-	-	-	AT/AT	-	-	-	AT/AT	AT/AT	-	-	-	AT/AT	AT/AT	AT/AT	-	-	-	-	-	AT/AT	AT/AT	-	-	-	-	-	-	AT/AT	AT/TT	-	TT/TT	-	-	-	-	-	AT/AT	AT/AT	AT/AT	AT/AT	-	-	-	AT/AT	-	AT/AT	-	-	-	-	-	-	-
3784	39	-	-	-	T/T	-	T/T	-	-	T/T	-	-	T/T	T/T	T/T	T/T	-	T/T	-	T/T	-	-	-	-	-	-	-	-	T/T	T/T	T/T	-	T/T	-	T/T	-	-	-	T/T	-	-	T/T	T/T	-	-	-	-	-	-	-	-	-	-	-	-	-	-	-	-	-	-	-	-	-	-	-	-	-	-	C/T	T/T	-	-	-	-	-	-	-	-	-	T/T	-	-	-	-	-	-	-	-	-	T/T	-	-	-	-	-	-	-	-	-	-	-	T/T	T/T	T/T	T/T	-	-	T/T	T/T	-	T/T	-	T/T	-	-	-	-	T/T	T/T	-	T/T	T/T	T/T	-	T/T	-	T/T	T/T	T/T	T/T	-	-	-	-	-	-	-	-	-	-	-	-	-	-	-	-	-	-	-	-	-	-	-	-	-	-	-	-	-	-	-	-	-	-	-	-	-	-	-	-	-	-	-	-	-	-	-	-	-	-	-
3797	79	-	-	-	GAG/GAG	-	GAG/GAG	-	GAG/GAG	-	-	-	GAG/GAG	GAG/GAG	GAG/GAG	GAG/GAG	-	-	-	-	GAG/GAG	GAG/GAG	-	-	-	-	-	-	-	GAG/GAG	-	-	-	GAG/GAG	GAG/GAG	-	GAG/GAG	GAG/GAG	GAG/GAG	GAG/GAG	-	-	-	-	-	-	-	-	-	-	-	-	-	-	-	-	-	-	GAG/GAG	-	GAG/GAG	-	GAG/GAG	GAG/GAG	-	GAG/GAG	-	GAG/GAG	GAG/GAG	GAG/GAG	GAG/GAG	GAG/GAG	GAG/GAG	GAG/GAG	GAG/GAG	GAG/GAG	-	-	-	-	GAG/GAT	GAG/GAG	GAG/GAG	GAG/GAG	GAG/GAG	GAG/GAG	GAG/GAG	GAG/GAG	GAG/GAG	GAG/GAG	GAG/GAG	-	GAG/GAG	-	GAG/GAG	-	-	GAG/GAG	-	GAG/GAG	GAG/GAG	GAG/GAG	-	-	GAG/GAG	-	GAG/TAG	GAG/GAG	-	-	GAG/GAG	-	-	GAG/GAG	GAG/GAG	GAG/GAG	GAG/GAG	GAG/GAG	-	-	GAG/GAG	GAG/GAG	-	-	-	-	GAG/GAG	GAG/GAG	GAG/GAG	GAG/GAG	GAG/GAG	-	-	-	-	-	-	-	-	-	GAG/GAG	-	GAG/GAG	-	-	GNG/GNG	-	-	-	-	-	-	GAG/GAG	-	-	GAG/GAG	GAG/GAG	GAG/GAG	-	-	-	GAG/GAG	GAG/GAG	GAG/GAG	GAG/GAG	GAG/GAG	-	GAG/GAG	GAG/GAG	-	-	-	GAG/GAG	GAG/GAG	-	-	-	-	-	-	-	-
4030	38	-	-	-	AAGTTCTCAG/GAGTTCGCAG	AAGTTCTCAG/AATTTCTCAG	-	-	-	AAGTTCTCAG/AATTTCTCAG	-	-	-	AATTTCTCAG/AATTTCTCAG	AATTTCTCAG/AATTTCTCAG	-	-	AATTTCTCAG/AATTTCTCAG	AAGTTCTCAG/AATTTCTCAG	AATTTCTCAG/AATTTCTCAG	-	-	-	-	GAGTTTGCAG/GAGTTTGCAG	AATTTCTCAG/AATTTCTCAG	-	-	-	AAGTTCTCAG/AATTTCTCAG	-	ANNTTCTCAG/ANNTTCTCAG	AAGTTCTCGG/AAGTTCTCGG	AAGTTCTCGG/AATTTCTCAG	AATTTCTCAG/AATTTCTCAG	-	-	-	AATTTCTCAG/AATTTCTCAG	-	GAGTTTNCAG/GAGTTTNCAG	-	-	-	-	-	-	-	-	-	-	-	-	-	-	-	-	-	-	-	-	-	-	-	-	AATTTCTCAG/AATTTCTCAG	-	-	-	AATTTCTCAG/AATTTCTCAG	-	-	-	-	-	-	-	-	-	-	AATTTCTCAG/AATTTCTCAG	-	-	-	-	-	-	-	-	-	-	-	-	-	-	-	-	-	-	-	-	-	-	AATTTCTCAG/AATTTCTCAG	-	AATTTCTCAG/AATTTCTCAG	AATTTCTCAG/AATTTCTCAG	AAGTTCTCGG/GAGTTCTCAG	AAGTTCTCGG/GAGTTCTCAG	-	AATTTCTCAT/AATTTCTCAT	-	AAGTTCTCGG/GAGTTCTCAG	AATTTCTCAG/AATTTCTCAG	AATTTCTCAG/AATTTCTCAG	AAGTTCTCAG/AATTTCTCAG	AATTTCTCAG/AATTTCTCAG	AAGTTCTCGG/AATTTCTCAG	AAGTTCTCAG/AAGTTCTCGG	-	AAGTTCTCAG/AATTTCTCAG	AAGTTCTCGG/AAGTTCTCGG	-	-	AAGTTCTTAG/AATTTCTCAG	-	AATTTCTCAG/AATTTCTCAG	-	AATTTCTCAG/AATTTCTCAG	-	-	-	-	-	-	-	-	-	-	-	-	-	-	-	-	-	-	-	-	-	-	-	-	-	-	-	-	-	-	-	-	-	-	-	-	-	-	-	-	-	-	-	-	-	-	-	-	-	-	-	-	-
4071	99	-	-	-	TATTG/TATTG	TATTG/TATTG	-	-	-	TATTG/TATTG	-	-	TATTG/TATTG	-	TATTG/TATTG	TATTG/TATTG	-	TATTG/TATTG	TATTG/TATTG	-	-	TATTG/TATTG	TATTG/TATTG	-	-	-	-	TATCG/TATTG	-	-	TAATA/TAATA	TATTG/TATTG	-	-	TAATA/TATTG	TAATA/TATTG	-	TATTG/TATTG	TAATA/TATTG	TATTG/TATTG	-	TATTG/TATTG	TATTG/TATTG	-	-	-	-	-	-	-	-	-	-	-	-	-	-	-	CATTG/TATTG	-	-	-	TATTG/TATTG	TATTG/TATTG	CATTG/TATTG	NANTN/NANTN	-	CATTG/TATTG	TATTG/TATTG	-	CATTG/TATTG	TATTG/TATTG	TATTG/TATTG	TATTG/TATTG	CATTG/CGTTG	-	TATTG/TATTG	-	TATTG/TATTG	-	CATTG/CATTG	CATTG/TATTG	CATTG/TATTG	TATTG/TATTG	CATTG/TATTG	TATTG/TATTG	CATTG/TATTG	TATTG/TATTG	-	TATTG/TATTG	-	TATTG/TATTG	TATTG/TATTG	-	TATTG/TATTG	TATTG/TATTG	-	TATTG/TATTG	-	TATTG/TATTG	TATTG/TATTG	-	TATTG/TATTG	TATTG/TATTG	-	TATTG/TATTG	TATTG/TATTG	TATTG/TATTG	TATTG/TATTG	-	-	TAATA/TATTG	TATTG/TATTG	TATTG/TATTG	TATTG/TATTG	TATTG/TATTG	TATTG/TATTG	TATTG/TATTG	TATTG/TATTG	TATTG/TATTG	TATTG/TATTG	TATTG/TATTG	-	TAATA/TATTG	-	TATTG/TATTG	TATTG/TATTG	TATTG/TATTG	-	TATTG/TATTG	NANTN/NANTN	TATTG/TATTG	TATTG/TATTG	-	-	TATTG/TATTG	-	-	TATTG/TATTG	-	-	TATTG/TATTG	-	CATTG/TATTG	TATTG/TATTG	TATTG/TATTG	-	TATTG/TATTG	-	TATTG/TATTG	TATTG/TATTG	-	CATTG/TATTG	-	TATTG/TATTG	-	TATTG/TATTG	TATTG/TATTG	-	TATTG/TATTG	TATTG/TATTG	-	CATTG/TATTG	CATTG/CATTG	-	TATTG/TATTG	TATTG/TATTG	TATTG/TATTG	CATTG/CATTG	CATTG/CATTG	-	TATTG/TATTG	-	-	CATTG/TATTG	-	-	-	-	-	-	-
4187	38	-	-	-	G/G	-	G/G	-	-	A/G	-	-	G/G	-	G/G	-	G/G	-	G/G	-	-	-	-	-	G/G	G/G	-	-	-	-	-	G/G	G/G	-	G/G	-	-	G/G	-	-	-	G/G	-	-	-	-	-	-	-	-	-	-	-	-	-	-	-	-	-	-	-	-	-	-	-	G/G	-	-	-	G/G	G/G	-	-	-	-	-	-	-	-	-	G/G	-	-	-	-	-	-	-	-	-	-	-	-	-	-	-	-	-	-	-	-	-	G/G	-	G/G	G/G	-	G/G	G/G	G/G	G/G	G/G	G/G	-	-	G/G	-	-	G/G	-	G/G	G/G	G/G	G/G	-	G/G	G/G	G/G	-	G/G	G/G	-	-	-	-	-	-	-	-	-	-	-	-	-	-	-	-	-	-	-	-	-	-	-	-	-	-	-	-	-	-	-	-	-	-	-	-	-	-	-	-	-	-	-	-	-	-	-	-	-	-	-
4258	40	-	-	-	-	-	-	-	-	-	-	-	-	-	-	-	-	-	-	-	-	-	-	-	-	-	-	-	-	-	-	-	-	-	-	-	-	-	-	-	-	-	-	-	-	-	-	-	-	-	-	-	-	-	-	-	-	-	GTG/GTG	GTG/GTG	-	-	-	GTG/GTG	GTG/TTG	-	-	GTG/GTG	-	-	-	GTG/GTG	GTG/GTG	-	-	GTG/GTG	GTG/GTG	-	GTG/GTG	GTG/GTG	-	-	GTG/GTG	-	-	GTG/GTG	GTG/GTG	GTG/GTG	-	-	-	GTG/GTG	-	-	GTG/GTG	-	-	-	GTG/GTG	-	GTG/GTG	GTG/GTG	-	-	-	-	-	-	-	-	-	-	-	-	-	-	-	-	-	-	-	-	-	-	-	-	-	-	-	-	-	GTG/GTG	GTG/GTG	-	-	GTG/GTG	-	-	-	-	GTG/GTG	-	-	-	-	-	-	GTG/GTG	GTG/GTG	-	-	GTG/GTG	-	-	-	GTG/GTG	GTG/GTG	GTG/GTG	-	GTG/GTG	GTG/GTG	GTG/GTG	-	GTG/GTG	GTG/GTG	-	GTG/GTG	GTG/GTG	GTG/GTG	GTG/GTG	-	-	-	-	GTG/GTG	-	-	-	-	-	-	-
5734	45	-	-	-	-	-	-	-	GC/GC	-	-	-	-	-	GC/GC	GC/GC	-	-	GC/GC	-	-	-	GC/GC	-	GC/GC	-	-	GC/GC	-	GC/GC	-	GC/GC	-	GC/GC	GC/GC	AC/GC	GC/GC	-	-	GC/GC	-	GC/GC	-	-	-	-	-	-	-	-	-	-	-	-	-	-	-	-	-	-	-	-	-	-	-	GC/GC	-	-	-	GC/GC	GC/GC	-	-	-	-	-	-	-	-	-	GC/GC	-	-	-	-	-	-	-	-	-	GC/GC	-	-	-	-	-	-	-	-	-	-	-	GC/GC	GC/GC	GC/GC	GC/GC	GC/GC	GC/GC	-	GC/GC	GC/GC	-	GC/GC	GC/GC	GC/GC	GC/GC	GC/GC	GC/GC	-	GC/GC	GC/GC	GC/GC	GC/GC	GC/GC	GC/GC	GC/GC	GC/GC	GC/GC	GC/GC	-	GC/GC	-	-	-	-	-	-	-	-	-	-	-	-	-	-	-	-	-	-	-	-	-	-	-	-	-	-	-	-	-	-	-	-	-	-	-	-	-	-	-	-	-	-	-	-	-	-	-	-	-	-	-
5932	4	-	-	-	-	-	-	-	-	-	-	-	-	-	-	-	-	-	-	-	-	-	-	-	-	-	-	-	-	-	-	-	-	-	-	-	-	-	-	-	-	-	-	-	-	-	-	-	-	-	-	-	-	-	-	-	-	-	-	-	-	-	-	-	-	-	-	-	-	-	-	-	-	-	-	-	-	-	-	-	-	-	-	-	-	-	-	-	-	-	-	-	-	-	-	-	-	-	-	-	-	-	-	-	-	-	-	-	-	-	-	-	-	-	-	-	-	-	-	-	-	-	-	-	-	-	-	-	-	-	-	-	-	-	-	-	-	-	-	-	-	-	-	-	-	-	-	-	-	-	-	-	-	-	-	-	-	-	-	-	-	-	-	-	-	-	-	-	-	-	-	-	-	-	-	consensus	-	consensus	consensus	-	consensus	-
6111	4	-	-	-	-	-	-	-	-	-	-	-	-	-	-	-	-	-	-	-	-	-	-	-	-	-	-	-	-	-	-	-	-	-	-	-	-	-	-	-	-	-	-	-	-	-	-	-	-	-	-	-	-	-	-	-	-	-	-	-	-	-	-	-	-	-	-	-	-	-	-	-	-	-	-	-	-	-	-	-	-	-	-	-	-	-	-	-	-	-	-	-	-	-	-	-	-	-	-	-	-	-	-	-	-	-	-	-	-	-	-	-	-	-	-	-	-	-	-	-	-	-	-	-	-	-	-	-	-	-	-	-	-	-	-	-	-	-	-	-	-	-	-	-	-	-	-	-	-	-	-	-	-	-	-	-	-	-	-	-	-	-	-	-	-	-	-	-	-	-	-	-	-	-	-	CT/CT	CT/CT	-	CT/CT	-	CT/CT	-
6189	4	-	-	-	-	-	-	-	-	-	-	-	-	-	-	-	-	-	-	-	-	-	-	-	-	-	-	-	-	-	-	-	-	-	-	-	-	-	-	-	-	-	-	-	-	-	-	-	-	-	-	-	-	-	-	-	-	-	-	-	-	-	-	-	-	-	-	-	-	-	-	-	-	-	-	-	-	-	-	-	-	-	-	-	-	-	-	-	-	-	-	-	-	-	-	-	-	-	-	-	-	-	-	-	-	-	-	-	-	-	-	-	-	-	-	-	-	-	-	-	-	-	-	-	-	-	-	-	-	-	-	-	-	-	-	-	-	-	-	G/G	-	-	-	-	-	-	-	-	-	-	-	-	-	-	-	-	-	-	-	-	-	-	-	-	-	-	-	-	-	-	-	-	-	-	-	G/G	-	-	G/G	-	G/G	-
6468	4	-	-	-	-	-	-	-	-	-	-	-	-	-	-	-	-	-	-	-	-	-	-	-	-	-	-	-	-	-	-	-	-	-	-	-	-	-	-	-	-	-	-	-	-	-	-	-	-	-	-	-	-	-	-	-	-	-	-	-	-	-	-	-	-	-	-	-	-	-	-	-	-	-	-	-	-	-	-	-	-	-	-	-	-	-	-	-	-	-	-	-	-	-	-	-	-	-	-	-	-	-	-	-	-	-	-	-	-	-	-	-	-	-	-	-	-	-	-	-	-	-	-	-	-	-	-	-	-	-	-	-	-	-	-	-	-	-	-	-	-	-	-	-	-	-	-	-	-	-	-	-	-	-	-	-	-	-	-	-	-	-	-	-	-	-	-	-	-	-	-	-	-	-	-	-	CA/GT	-	CT/CT	-	CA/CA	GT/GT
7108	41	A/A	A/A	-	-	-	-	-	A/A	A/A	-	-	A/A	A/A	A/A	-	A/A	A/A	-	-	A/A	-	-	-	-	-	-	A/A	A/A	A/A	A/A	-	A/A	-	A/A	-	A/A	-	A/A	-	-	A/A	A/A	-	-	-	-	-	-	-	-	-	-	-	-	-	-	-	-	-	-	-	-	-	-	A/A	-	-	-	-	A/A	-	-	-	-	-	-	-	-	-	A/A	-	-	-	-	-	-	-	A/A	-	A/A	-	-	-	-	-	-	-	-	-	-	-	-	-	A/A	A/A	A/A	-	A/A	A/A	A/A	A/A	-	-	A/A	-	A/A	A/A	-	A/A	-	A/A	A/A	A/A	A/A	-	-	-	A/A	-	-	-	-	-	-	-	-	-	-	-	-	-	-	-	-	-	-	-	-	-	-	-	-	-	-	-	-	-	-	-	-	-	-	-	-	-	-	-	-	-	-	-	-	-	-	-	-	-	-	-	-	-
8291	6	-	-	-	-	-	-	-	-	-	-	-	-	-	-	-	-	-	-	-	-	-	-	-	-	-	-	-	-	-	-	-	-	-	-	-	-	-	-	-	-	-	-	-	-	-	-	-	-	-	-	-	-	-	-	-	-	-	-	-	-	-	-	-	-	-	-	-	-	-	-	-	-	-	-	-	-	-	-	-	-	-	-	-	-	-	-	-	-	-	-	-	-	-	-	-	-	-	-	-	-	-	-	-	-	-	-	-	-	-	-	-	-	-	-	-	-	-	-	-	-	-	-	-	-	-	-	-	-	-	-	-	-	-	-	-	-	-	-	-	-	-	-	-	-	-	-	-	-	-	-	-	-	-	-	-	-	-	-	-	-	-	-	-	-	-	-	-	-	-	-	-	-	-	-	C/C	C/C	-	C/C	C/C	C/C	C/C
9141	6	-	-	-	-	-	-	-	-	-	-	-	-	-	-	-	-	-	-	-	-	-	-	-	-	-	-	-	-	-	-	-	-	-	-	-	-	-	-	-	-	-	-	-	-	-	-	-	-	-	-	-	-	-	-	-	-	-	-	-	-	-	-	-	-	-	-	-	-	-	-	-	-	-	-	-	-	-	-	-	-	-	-	-	-	-	-	-	-	-	-	-	-	-	-	-	-	-	-	-	-	-	-	-	-	-	-	-	-	-	-	-	-	-	-	-	-	-	-	-	-	-	-	-	-	-	-	-	-	-	-	-	-	-	-	-	-	-	-	G/G	-	-	-	-	-	-	-	-	-	-	-	-	-	-	-	-	-	-	-	-	-	-	-	-	-	-	-	-	-	-	-	-	-	-	-	G/G	G/G	G/G	G/G	-	G/G	-
20666	12	-	-	-	-	-	-	-	-	-	C/C	-	-	-	-	-	-	-	-	-	-	-	-	C/C	-	-	-	-	-	-	-	-	-	-	-	-	-	-	-	-	-	-	-	C/C	-	C/C	C/C	C/C	-	-	C/C	-	C/C	C/C	C/C	C/C	-	C/C	-	-	-	-	-	-	-	-	-	-	-	-	-	-	-	-	-	-	-	-	-	-	-	-	-	-	-	-	-	-	-	-	-	-	-	-	-	-	-	-	-	-	-	-	-	-	-	-	-	-	-	-	-	-	-	-	-	-	-	-	-	-	-	-	-	-	-	-	-	-	-	-	-	-	-	-	-	-	-	-	-	-	-	-	-	-	-	-	-	-	-	-	-	-	-	-	-	-	-	-	-	-	-	-	-	-	-	-	-	-	-	-	-	-	-	-	-	-	-	-	-	-	-	-
20831	159	TGT/TGT	-	TGT/TGT	TGT/TGT	TGT/TGT	TGT/TGT	TGT/TGT	TGT/TGT	TGT/TGT	TGT/TGT	TGT/TGT	TGT/TGT	TGT/TGT	-	TGT/TGT	TGT/TGT	TGT/TGT	TGT/TGT	TGT/TGT	TGT/TGT	TGT/TGT	TGT/TGT	-	TGT/TGT	TGT/TGT	-	TGT/TGT	TGT/TGT	TGT/TGT	TGT/TGT	TGT/TGT	TGT/TGT	TGT/TGT	TGT/TGT	TGT/TGT	TGT/TGT	TGT/TGT	TGT/TGT	TGT/TGT	-	TGT/TGT	TGT/TGT	TGT/TGT	TGT/TGT	TGT/TGT	TGT/TGT	-	TGT/TGT	TGT/TGT	-	-	TGT/TGT	TGT/TGT	TGT/TGT	TGT/TGT	TGT/TGT	TGT/TGT	TGT/TGT	TGT/TGT	TGT/TGT	TGT/TGT	TGT/TGT	TGT/TGT	TGT/TGT	TGT/TGT	TGT/TGT	TGT/TGT	TGT/TGT	-	TGT/TGT	TGT/TGT	TGT/TGT	TGT/TGT	TGT/TGT	TAT/TGT	TGT/TGT	TGT/TGT	TGT/TGT	TGT/TGT	TGT/TGT	CGT/TGT	TGT/TGT	TGT/TGT	TGT/TGT	TGT/TGT	TGT/TGT	TGT/TGT	TGT/TGT	-	TGT/TGT	TGT/TGT	TGT/TGT	TGT/TGT	TGT/TGT	TGT/TGT	TGT/TGT	TGT/TGT	TGT/TGT	TGT/TGT	TGT/TGT	TGT/TGT	TGT/TGT	TGT/TGT	TGT/TGT	TGT/TGT	TGT/TGT	TGT/TGT	TGT/TGT	TGT/TGT	TGT/TGT	TGT/TGT	TGT/TGT	TGT/TGT	TGT/TGT	TGT/TGT	TGT/TGT	TGT/TGT	TGT/TGT	TGT/TGT	TGT/TGT	TGT/TGT	-	TGT/TGT	TGT/TGT	TGT/TGT	TGT/TGT	TGT/TGT	TGT/TGT	TGT/TGT	TGT/TGT	TGT/TGT	TGT/TGT	TGT/TGT	TGT/TGT	TGT/TGT	TGT/TGT	TGT/TGT	TGT/TGT	-	TGT/TGT	TGT/TGT	TGT/TGT	TGT/TGT	-	TGT/TGT	TGT/TGT	TGC/TGT	TGT/TGT	TGT/TGT	TGT/TGT	TGT/TGT	TGT/TGT	TGT/TGT	TGT/TGT	TGT/TGT	TGT/TGT	TGT/TGT	-	TGT/TGT	TGT/TGT	TGT/TGT	TGT/TGT	TGT/TGT	TGT/TGT	TGT/TGT	TGT/TGT	TGT/TGT	TGT/TGT	TGT/TGT	TGT/TGT	TGT/TGT	TGT/TGT	TGT/TGT	-	-	-	-	-	-	-	-
24207	7	-	-	-	-	-	-	-	-	-	-	-	-	-	-	-	-	-	-	-	-	-	-	-	-	-	-	-	-	-	-	-	-	-	-	-	-	-	-	-	-	-	-	-	-	-	-	-	-	-	-	-	-	-	-	-	-	-	-	-	-	-	-	-	-	-	-	-	-	-	-	-	-	-	-	-	-	-	-	-	-	-	-	-	-	-	-	-	-	-	-	-	-	-	-	-	-	-	-	-	-	-	-	-	-	-	-	-	-	-	-	-	-	-	-	-	-	-	-	-	-	-	-	-	-	-	-	-	-	-	-	-	-	-	-	-	-	-	-	consensus	-	-	-	-	-	-	-	-	-	-	-	-	-	-	-	-	-	-	-	-	-	-	-	-	-	-	-	-	-	-	-	-	-	-	-	consensus	consensus	consensus	consensus	consensus	consensus	-
24655	7	-	-	-	-	-	-	-	-	-	-	-	-	-	-	-	-	-	-	-	-	-	-	-	-	-	-	-	-	-	-	-	-	-	-	-	-	-	-	-	-	-	-	-	-	-	-	-	-	-	-	-	-	-	-	-	-	-	-	-	-	-	-	-	-	-	-	-	-	-	-	-	-	-	-	-	-	-	-	-	-	-	-	-	-	-	-	-	-	-	-	-	-	-	-	-	-	-	-	-	-	-	-	-	-	-	-	-	-	-	-	-	-	-	-	-	-	-	-	-	-	-	-	-	-	-	-	-	-	-	-	-	-	-	-	-	-	-	-	consensus	-	-	-	-	-	-	-	-	-	-	-	-	-	-	-	-	-	-	-	-	-	-	-	-	-	-	-	-	-	-	-	-	-	-	-	-	consensus	consensus	consensus	consensus	consensus	consensus
24731	5	-	-	-	-	-	-	-	-	-	-	-	-	-	-	-	-	-	-	-	-	-	-	-	-	-	-	-	-	-	-	-	-	-	-	-	-	-	-	-	-	-	-	-	-	-	-	-	-	-	-	-	-	-	-	-	-	-	-	-	-	-	-	-	-	-	-	-	-	-	-	-	-	-	-	-	-	-	-	-	-	-	-	-	-	-	-	-	-	-	-	-	-	-	-	-	-	-	-	-	-	-	-	-	-	-	-	-	-	-	-	-	-	-	-	-	-	-	-	-	-	-	-	-	-	-	-	-	-	-	-	-	-	-	-	-	-	-	-	consensus	-	-	-	-	-	-	-	-	-	-	-	-	-	-	-	-	-	-	-	-	-	-	-	-	-	-	-	-	-	-	-	-	-	-	-	consensus	-	consensus	consensus	consensus	-	-
29491	120	-	ANNC/ANNG	ANNG/ANNG	-	ANNC/ANNG	-	-	-	NNNN/NNNN	AAGN/AGAN	AGAN/GGAN	NNNN/NNNN	-	GNNC/GNNC	-	-	-	ANNG/GNNC	ANNG/ANNG	-	ANNG/ANNG	ANNC/ANNG	-	NNNC/NNNG	ANNC/GNNC	-	-	-	ANNG/GNNC	-	ANNG/ANNG	ANNC/ANNC	ANNC/ANNC	ANNC/ANNG	ANNN/ANNN	-	NNNC/NNNG	ANNG/ANNG	ANNC/ANNC	-	ANNN/ANNN	ANNG/ANNG	-	-	AGAN/AGAN	AGAN/AGAN	-	AGAN/AGAN	-	AGAN/AGAN	AGAN/AGAN	AGAN/AGAN	-	-	AGAN/GGAN	AAGN/AGAN	-	NAGC/NGAG	AAGC/AGAG	ANNN/ANNN	AAGC/AGAG	AAGC/AGAG	AAGC/AAGC	-	GNNC/GNNC	-	NNNN/NNNN	AGAG/GGAC	ANNN/ANNN	-	AGAG/AGAG	AGAG/GGAC	NNNN/NNNN	AAGC/GGAC	AGAG/GGAC	NAGC/NGAG	AAGC/GGAC	AGAG/GGAC	AGAG/AGAG	-	AGAN/AGAN	NNNN/NNNN	AGAN/AGAN	AAGC/AGAG	AGAG/GGAC	NNNN/NNNN	AGAG/AGAG	-	-	-	NNNN/NNNN	AGAG/AGAG	AGAG/GGAC	NNNN/NNNN	AAGC/AGAG	-	NAGC/NGAG	AAGC/AGAG	NNNN/NNNN	AGAG/GGAC	NNNN/NNNN	ANNG/GNNC	ANNC/ANNG	-	-	ANNC/ANNG	NNNN/NNNN	NNNN/NNNN	ANNC/ANNC	ANNG/GNNC	ANNC/ANNG	NNNN/NNNN	ANNG/GNNC	NNNN/NNNN	ANNG/GNNC	ANNG/GNNC	NNNN/NNNN	ANNG/GNNC	ANNG/GNNC	NNNN/NNNN	ANNG/ANNG	NNNN/NNNN	ANNC/ANNG	ANNC/ANNG	NNNN/NNNN	NNNN/NNNN	ANNC/ANNG	ANNC/ANNG	ANNG/GNNC	ANNC/ANNG	NGAN/NGAN	-	ANNC/ANNG	-	GGAC/GGAC	-	-	-	-	-	-	-	AGAG/AGAG	AAGC/AGAG	GGAC/GGAC	-	AAGC/AGAG	NGAN/NGAN	AAGC/AGAG	AGAG/AGAG	-	ANNC/ANNG	AGAG/AGAG	-	GGAC/GGAC	-	AAGC/GGAC	-	AGAG/AGAG	-	-	AAGC/AGAG	AGAG/AGAG	AGAG/AGAG	-	AGAN/AGAN	AGAG/AGAG	AGAG/GGAC	NNNC/NNNC	AGAG/AGAG	-	-	-	NNNN/NNNN	-	-	-	-	-	-	-
31049	5	-	-	-	-	-	-	-	-	-	-	-	-	-	-	-	-	-	-	-	-	-	-	-	-	-	-	-	-	-	-	-	-	-	-	-	-	-	-	-	-	-	-	-	-	-	-	-	-	-	-	-	-	-	-	-	-	-	-	-	-	-	-	-	-	-	-	-	-	-	-	-	-	-	-	-	-	-	-	-	-	-	-	-	-	-	-	-	-	-	-	-	-	-	-	-	-	-	-	-	-	-	-	-	-	-	-	-	-	-	-	-	-	-	-	-	-	-	-	-	-	-	-	-	-	-	-	-	-	-	-	-	-	-	-	-	-	-	-	-	-	-	-	-	-	-	-	-	-	-	-	-	-	-	-	-	-	-	-	-	-	-	-	-	-	-	-	-	-	-	-	-	-	-	-	consensus	-	-	consensus	consensus	consensus	consensus
41943	124	A/A	A/A	-	A/A	-	A/A	A/A	A/A	-	A/A	-	A/A	-	A/A	A/A	-	-	A/A	-	-	A/A	A/A	-	A/A	A/A	A/A	A/A	A/A	A/A	-	-	A/A	-	A/A	A/A	-	A/A	-	A/A	-	A/A	A/A	A/A	A/A	-	A/A	A/A	A/A	A/A	A/A	A/A	A/A	A/A	A/A	A/A	A/A	-	-	-	A/A	-	A/A	-	A/A	A/A	A/A	-	A/A	A/A	-	A/A	A/A	A/A	A/A	-	-	A/A	A/A	-	-	A/A	A/A	A/A	A/A	A/A	A/A	-	A/A	-	A/A	A/A	-	A/A	A/A	A/A	A/A	A/A	A/A	A/A	A/A	A/A	A/A	-	-	A/A	A/A	A/A	-	-	-	-	-	A/A	A/A	A/A	-	A/A	A/A	-	-	-	A/A	A/A	A/A	A/A	A/A	A/A	-	A/A	A/A	A/A	A/A	A/A	A/A	A/A	A/A	-	A/A	-	A/A	A/A	A/A	A/G	A/A	A/A	A/A	A/A	A/A	A/A	A/A	A/A	A/A	A/A	A/A	-	-	A/A	A/A	-	A/A	A/A	A/A	A/A	A/A	A/A	-	A/A	A/A	A/A	A/A	A/A	A/A	A/A	-	-	-	-	-	-	-	-
47970	66	-	NNNNNNN/NNNNNNN	ACGTAAC/ACGTAAC	NNNNNNN/NNNNNNN	ACGTAAC/ATACGGC	-	-	ACGTAAC/ACGTAAC	NNNNNNN/NNNNNNN	-	ACGTAAN/ACGTAAN	ACGTAAC/ACGTAAC	-	-	ACGTAGC/ATACGGC	-	ANACGGN/ANACGGN	ACGTAAC/ACGTAAC	ACGTAAC/ACGTAAC	ACGTAAC/ACGTAAC	TCACGGT/TCACGGT	TCACGGN/TCACGGN	-	ACGTAGC/TCACGGT	-	-	-	NNNNNNN/NNNNNNN	ANNNNGN/ANNNNGN	ANGTAAC/ANGTAAC	NNNNNNN/NNNNNNN	ATACGGC/ATACGGC	ATACGGC/TCACGGT	-	-	ANACGGC/ANACGGC	-	ATACGGC/ATACGGC	NNNNNNN/NNNNNNN	-	ACGTAGC/TCACGGT	TCACGGT/TCACGGT	ACGTAAN/ACGTAAN	-	TCACGGN/TCACGGN	-	-	NNNNNNN/NNNNNNN	ATACGGN/ATACGGN	TCACGGN/TCACGGN	NNNNNNN/NNNNNNN	-	ACGTAAN/ACGTAAN	ATACGGN/ATACGGN	ACGTAAN/ATACGGN	ACGTAAN/ACGTAAN	ATACGGN/ATACGGN	-	-	-	-	-	-	-	NNNNNGN/NNNNNGN	-	-	-	ACGTAAC/ACGTAAC	ATACGGC/TCACGGT	-	-	-	-	-	-	-	-	-	TCACGGT/TCACGGT	-	-	-	-	-	-	-	TCACGGN/TCACGGN	-	TCACGGT/TCACGGT	-	-	-	-	-	-	-	-	-	-	-	ATACGGC/ATACGGC	NNNNNGN/NNNNNGN	TCACGGT/TCACGGT	ACGTAAC/ACGTAAC	-	ACGTAGC/ATACGGC	-	NNNNNNN/NNNNNNN	-	ACGTAGC/ATACGGC	ACGTAGC/ATACGGC	-	NCACGGT/NTACGGC	-	-	ANGTAGC/TNACGGT	ATACGGC/TCACGGT	NNNNNGN/NNNNNGN	ACGTAGC/ATACGGC	ACGTAGC/ATACGGC	ACGTAGC/ATACGGC	ACGTAGC/ATACGGC	ANACGGC/ANACGGC	ACGTAAC/ACGTAAC	NNNNNGN/NNNNNGN	ACGTAAC/ATACGGC	-	TCACGGT/TCACGGT	ACGTAGC/ATACGGC	-	-	-	-	-	-	-	-	-	-	-	-	-	-	-	-	-	-	-	-	-	-	-	-	-	-	-	-	-	-	-	-	-	-	-	-	-	-	-	-	-	-	-	-	-	-	-	-	-	-	-
48969	4	-	-	-	-	-	-	-	-	-	-	-	-	-	-	-	-	-	-	-	-	-	-	-	-	-	-	-	-	-	-	-	-	-	-	-	-	-	-	-	-	-	-	-	-	-	-	-	-	-	-	-	-	-	-	-	-	-	-	-	-	-	-	-	-	-	-	-	-	-	-	-	-	-	-	-	-	-	-	-	-	-	-	-	-	-	-	-	-	-	-	-	-	-	-	-	-	-	-	-	-	-	-	-	-	-	-	-	-	-	-	-	-	-	-	-	-	-	-	-	-	-	-	-	-	-	-	-	-	-	-	-	-	-	-	-	-	-	-	AA/AA	-	-	-	-	-	-	-	-	-	-	-	-	-	-	-	-	-	-	-	-	-	-	-	-	-	-	-	-	-	-	-	-	-	-	-	AA/AA	AA/AA	-	AA/AA	-	-	-
49146	4	-	-	-	-	-	-	-	-	-	-	-	-	-	-	-	-	-	-	-	-	-	-	-	-	-	-	-	-	-	-	-	-	-	-	-	-	-	-	-	-	-	-	-	-	-	-	-	-	-	-	-	-	-	-	-	-	-	-	-	-	-	-	-	-	-	-	-	-	-	-	-	-	-	-	-	-	-	-	-	-	-	-	-	-	-	-	-	-	-	-	-	-	-	-	-	-	-	-	-	-	-	-	-	-	-	-	-	-	-	-	-	-	-	-	-	-	-	-	-	-	-	-	-	-	-	-	-	-	-	-	-	-	-	-	-	-	-	-	-	-	-	-	-	-	-	-	-	-	-	-	-	-	-	-	-	-	-	-	-	-	-	-	-	-	-	-	-	-	-	-	-	-	-	-	CCAC/CCAC	CCAC/CCAC	-	CCAC/CGAC	-	CCAC/CCAC	-
54397	43	CCG/CCG	-	-	CCG/CCG	CCG/CCG	CCG/CCG	-	-	CCG/CCG	-	-	CCG/CCG	-	CCG/CCG	CCG/CCG	CCG/CCG	CCG/CCG	-	CCG/CCG	CCG/CCG	-	CCG/CCG	-	CCG/CCG	-	-	CCG/CCG	CCG/CCG	CCG/CCG	-	CCG/CCG	-	CCG/CCG	CCG/CCG	CCG/CCG	-	CCG/CCG	CCG/CCG	-	-	-	-	-	-	-	-	-	-	-	-	-	-	-	-	-	-	-	-	-	-	-	-	-	-	CCG/CCG	-	-	-	-	CCG/CCG	-	-	-	-	-	-	-	-	-	-	-	-	-	-	-	-	-	-	-	-	-	-	-	-	-	-	-	-	-	-	-	-	CCG/CCG	CCG/CCG	CCG/CCG	CCG/CCG	CCG/CCG	-	-	-	-	CCG/CCG	-	-	CCG/CCG	CCG/CCG	CCG/CCG	CCG/CCG	-	-	CCG/CCG	CCG/CCG	CCG/CCG	-	-	CCG/CCG	CCG/CCG	CCG/CCG	CCG/CCG	CCG/CCG	-	-	-	-	-	-	-	-	-	-	-	-	-	-	-	-	-	-	-	-	-	-	-	-	-	-	-	-	-	-	-	-	-	-	-	-	-	-	-	-	-	-	-	-	-	-	-	-	-	-	-
56264	40	-	-	-	-	-	-	-	-	-	-	-	-	-	-	-	-	-	-	-	-	-	-	-	-	-	-	-	-	-	-	-	-	-	-	-	-	-	-	-	-	-	-	-	-	-	-	-	-	-	-	-	-	-	-	-	-	-	consensus	consensus	-	consensus	-	consensus	consensus	-	-	consensus	-	-	-	-	consensus	consensus	-	consensus	consensus	-	consensus	-	-	consensus	consensus	-	consensus	-	consensus	consensus	-	-	-	-	consensus	consensus	consensus	consensus	consensus	-	consensus	-	consensus	consensus	-	-	-	-	-	-	-	-	-	-	-	-	-	-	-	-	-	-	-	-	-	-	-	-	-	-	-	-	-	-	-	consensus	-	consensus	consensus	-	-	-	-	-	-	-	consensus	-	-	consensus	-	consensus	-	-	consensus	-	-	-	-	consensus	-	-	-	consensus	consensus	consensus	consensus	consensus	consensus	-	consensus	consensus	-	-	-	-	-	-	-	-	-	-	-	-
63228	4	-	-	-	-	-	-	-	-	-	-	-	-	-	-	-	-	-	-	-	-	-	-	-	-	-	-	-	-	-	-	-	-	-	-	-	-	-	-	-	-	-	-	-	-	-	-	-	-	-	-	-	-	-	-	-	-	-	-	-	-	-	-	-	-	-	-	-	-	-	-	-	-	-	-	-	-	-	-	-	-	-	-	-	-	-	-	-	-	-	-	-	-	-	-	-	-	-	-	-	-	-	-	-	-	-	-	-	-	-	-	-	-	-	-	-	-	-	-	-	-	-	-	-	-	-	-	-	-	-	-	-	-	-	-	-	-	-	-	-	-	-	-	-	-	-	-	-	-	-	-	-	-	-	-	-	-	-	-	-	-	-	-	-	-	-	-	-	-	-	-	-	-	-	-	CTG/CTG	CTG/CTG	CTG/CTG	CTG/CTG	-	-	-
64635	44	A/G	G/G	A/G	A/A	A/G	A/G	-	G/G	A/G	-	-	A/G	-	-	A/G	A/G	A/G	G/G	A/G	A/A	-	-	-	A/A	-	-	G/G	G/G	A/A	-	A/A	-	-	-	-	-	-	G/G	A/G	-	A/A	A/A	-	-	-	-	-	-	-	-	-	-	-	-	-	-	-	-	-	-	-	-	-	-	A/G	-	-	-	A/G	-	-	-	-	-	-	-	-	-	-	A/G	-	-	-	-	-	-	-	G/G	-	A/A	-	-	-	-	-	-	-	-	-	-	-	G/G	G/G	A/A	-	-	-	A/G	A/A	A/A	-	-	G/G	G/G	N/N	-	-	-	A/G	A/A	-	-	-	G/G	A/A	-	-	G/G	-	A/G	-	-	-	-	-	-	-	-	-	-	-	-	-	-	-	-	-	-	-	-	-	-	-	-	-	-	-	-	-	-	-	-	-	-	-	-	-	-	-	-	-	-	-	-	-	-	-	-	-	-	-
65459	4	-	-	-	-	-	-	-	-	-	-	-	-	-	-	-	-	-	-	-	-	-	-	-	-	-	-	-	-	-	-	-	-	-	-	-	-	-	-	-	-	-	-	-	-	-	-	-	-	-	-	-	-	-	-	-	-	-	-	-	-	-	-	-	-	-	-	-	-	-	-	-	-	-	-	-	-	-	-	-	-	-	-	-	-	-	-	-	-	-	-	-	-	-	-	-	-	-	-	-	-	-	-	-	-	-	-	-	-	-	-	-	-	-	-	-	-	-	-	-	-	-	-	-	-	-	-	-	-	-	-	-	-	-	-	-	-	-	-	C/T	-	-	-	-	-	-	-	-	-	-	-	-	-	-	-	-	-	-	-	-	-	-	-	-	-	-	-	-	-	-	-	-	-	-	-	T/T	-	-	C/T	-	C/C	-
70218	4	-	-	-	-	-	-	-	-	-	-	-	-	-	-	-	-	-	-	-	-	-	-	-	-	-	-	-	-	-	-	-	-	-	-	-	-	-	-	-	-	-	-	-	-	-	-	-	-	-	-	-	-	-	-	-	-	-	-	-	-	-	-	-	-	-	-	-	-	-	-	-	-	-	-	-	-	-	-	-	-	-	-	-	-	-	-	-	-	-	-	-	-	-	-	-	-	-	-	-	-	-	-	-	-	-	-	-	-	-	-	-	-	-	-	-	-	-	-	-	-	-	-	-	-	-	-	-	-	-	-	-	-	-	-	-	-	-	-	A/A	-	-	-	-	-	-	-	-	-	-	-	-	-	-	-	-	-	-	-	-	-	-	-	-	-	-	-	-	-	-	-	-	-	-	-	-	-	A/A	A/A	-	A/A	-
72862	106	-	CCTCC/CCTCC	CCGCC/CCTCC	-	-	CNNCN/CNNCN	-	-	NCNCC/NCNCC	NCTCC/NCTCC	NCTCC/NCTCC	CCGCC/CCTCC	CNNCN/CNNCN	CCGCC/TCTCC	CCGCC/CCTCC	-	NNTCN/NNTCN	CCTCC/TCTCC	-	NCNCC/NCNCC	-	-	NCTCC/NCTCC	CCGCC/CCGCC	-	-	TCTCC/TCTCC	TCTCC/TCTCC	CCGCC/CCGCC	TCTCC/TCTCC	CCTCC/CCTCC	-	CCGCC/CCTCC	CCTCC/CCTCC	CCGCC/CCGCC	-	TCTCC/TCTCC	-	CCGCC/CCGCC	-	CCTCC/CCTCC	-	NCTCC/NCTCC	NCTCC/NCTCG	NCTCC/NCTCC	-	-	-	-	-	-	NCTCC/NCTCC	-	NCTCC/NCTCC	NCTCC/NCTCC	NCTCC/NCTCC	-	-	-	NCNCC/NCNCC	NCNCC/NCNCC	NCNCC/NCNCC	NCNCC/NCNCC	NCNCC/NCNCC	CCGCC/CCTTC	TCTCC/TCTCC	NCNCC/NCNCC	NCNCC/NCNCC	-	NNNCN/NNNCN	-	-	-	-	-	NCNCC/NCNCC	NCNCC/NCNCC	-	NCNCC/NCNCC	-	-	NCNCC/NCNCC	NTNCG/NTNCG	-	-	-	NCNCC/NCNCC	CCTCC/TCTCC	-	NNNCN/NNNCN	-	NCNCC/NCNCC	NCNCC/NCNCC	NCNCC/NCNCC	NCNCC/NCNCC	-	NCNCC/NCNCC	-	-	NCNCC/NCNCC	-	CCTCC/CCTCC	CCGCC/TCTCC	CCGCC/TCTCC	NNTCN/NNTCN	NNNCN/NNNCN	-	CNNCN/CNNCN	NCNCC/NCNCC	CCGCC/CCTCC	CCGCC/CCGCC	CNNCN/CNNCN	NNNCN/NNNCN	NNNCN/NNNCN	CCGCC/CCTCC	CNGCN/CNTCN	NCGCC/NCTCC	-	CCNCC/CCNCC	NNNCN/NNNCN	NCNCC/NCNCC	CCGCC/CCTCC	CCGCC/TCTCC	NCNCC/NCNCC	CCGCC/CCTCC	CCGCC/CCGCC	NCNCC/NCNCC	CCGCC/CCGCC	TCTCC/TCTCC	-	-	-	-	-	NCNCC/NCNCC	-	-	-	-	-	NCNCC/NCNCC	-	NCNCC/NCNCC	NCNCC/NCNCC	-	-	NCNCC/NCNCC	NCNCC/NCNCC	NCNCC/NCNCC	NCNCC/NCNCC	-	NTNCG/NTNCG	-	NCNCC/NCNCC	NTNCG/NCNCC	-	-	NTNCG/NTNCG	NCNCC/NCNCC	-	NCNCC/NCNCC	-	NCNCC/NCNCC	NCNCC/NCNCC	-	-	-	NCNCC/NTNCG	NCNCC/NCNCC	NCNCC/NCNCC	NCNCC/NCNCC	NCNCC/NCNCC	NCNCC/NCNCC	NNNCN/NNNCN	-	-	-	-	-	-	-
73917	7	-	-	-	-	-	-	-	-	-	-	-	-	-	-	-	-	-	-	-	-	-	-	-	-	-	-	-	-	-	-	-	-	-	-	-	-	-	-	-	-	-	-	-	-	-	-	-	-	-	-	-	-	-	-	-	-	-	-	-	-	-	-	-	-	-	-	-	-	-	-	-	-	-	-	-	-	-	-	-	-	-	-	-	-	-	-	-	-	-	-	-	-	-	-	-	-	-	-	-	-	-	-	-	-	-	-	-	-	-	-	-	-	-	-	-	-	-	-	-	-	-	-	-	-	-	-	-	-	-	-	-	-	-	-	-	-	-	-	CC/CC	-	-	-	-	-	-	-	-	-	-	-	-	-	-	-	-	-	-	-	-	-	-	-	-	-	-	-	-	-	-	-	-	-	-	-	CC/CC	-	CC/CC	CC/CC	CC/CC	CC/CC	CC/CC
78183	4	-	-	-	-	-	-	-	-	-	-	-	-	-	-	-	-	-	-	-	-	-	-	-	-	-	-	-	-	-	-	-	-	-	-	-	-	-	-	-	-	-	-	-	-	-	-	-	-	-	-	-	-	-	-	-	-	-	-	-	-	-	-	-	-	-	-	-	-	-	-	-	-	-	-	-	-	-	-	-	-	-	-	-	-	-	-	-	-	-	-	-	-	-	-	-	-	-	-	-	-	-	-	-	-	-	-	-	-	-	-	-	-	-	-	-	-	-	-	-	-	-	-	-	-	-	-	-	-	-	-	-	-	-	-	-	-	-	-	C/C	-	-	-	-	-	-	-	-	-	-	-	-	-	-	-	-	-	-	-	-	-	-	-	-	-	-	-	-	-	-	-	-	-	-	-	C/C	-	C/C	C/C	-	-	-
81436	4	-	-	-	-	-	-	-	-	-	-	-	-	-	-	-	-	-	-	-	-	-	-	-	-	-	-	-	-	-	-	-	-	-	-	-	-	-	-	-	-	-	-	-	-	-	-	-	-	-	-	-	-	-	-	-	-	-	-	-	-	-	-	-	-	-	-	-	-	-	-	-	-	-	-	-	-	-	-	-	-	-	-	-	-	-	-	-	-	-	-	-	-	-	-	-	-	-	-	-	-	-	-	-	-	-	-	-	-	-	-	-	-	-	-	-	-	-	-	-	-	-	-	-	-	-	-	-	-	-	-	-	-	-	-	-	-	-	-	-	-	-	-	-	-	-	-	-	-	-	-	-	-	-	-	-	-	-	-	-	-	-	-	-	-	-	-	-	-	-	-	-	-	-	-	consensus	consensus	consensus	-	-	consensus	-
82515	4	-	-	-	-	-	-	-	-	-	-	-	-	-	-	-	-	-	-	-	-	-	-	-	-	-	-	-	-	-	-	-	-	-	-	-	-	-	-	-	-	-	-	-	-	-	-	-	-	-	-	-	-	-	-	-	-	-	-	-	-	-	-	-	-	-	-	-	-	-	-	-	-	-	-	-	-	-	-	-	-	-	-	-	-	-	-	-	-	-	-	-	-	-	-	-	-	-	-	-	-	-	-	-	-	-	-	-	-	-	-	-	-	-	-	-	-	-	-	-	-	-	-	-	-	-	-	-	-	-	-	-	-	-	-	-	-	-	-	AC/AC	-	-	-	-	-	-	-	-	-	-	-	-	-	-	-	-	-	-	-	-	-	-	-	-	-	-	-	-	-	-	-	-	-	-	-	AC/AC	-	AC/AC	-	-	-	TC/TC
85528	4	-	-	-	-	-	-	-	-	-	-	-	-	-	-	-	-	-	-	-	-	-	-	-	-	-	-	-	-	-	-	-	-	-	-	-	-	-	-	-	-	-	-	-	-	-	-	-	-	-	-	-	-	-	-	-	-	-	-	-	-	-	-	-	-	-	-	-	-	-	-	-	-	-	-	-	-	-	-	-	-	-	-	-	-	-	-	-	-	-	-	-	-	-	-	-	-	-	-	-	-	-	-	-	-	-	-	-	-	-	-	-	-	-	-	-	-	-	-	-	-	-	-	-	-	-	-	-	-	-	-	-	-	-	-	-	-	-	-	GA/GA	-	-	-	-	-	-	-	-	-	-	-	-	-	-	-	-	-	-	-	-	-	-	-	-	-	-	-	-	-	-	-	-	-	-	-	-	-	GA/TC	GA/GA	-	GA/TC	-
85784	4	-	-	-	-	-	-	-	-	-	-	-	-	-	-	-	-	-	-	-	-	-	-	-	-	-	-	-	-	-	-	-	-	-	-	-	-	-	-	-	-	-	-	-	-	-	-	-	-	-	-	-	-	-	-	-	-	-	-	-	-	-	-	-	-	-	-	-	-	-	-	-	-	-	-	-	-	-	-	-	-	-	-	-	-	-	-	-	-	-	-	-	-	-	-	-	-	-	-	-	-	-	-	-	-	-	-	-	-	-	-	-	-	-	-	-	-	-	-	-	-	-	-	-	-	-	-	-	-	-	-	-	-	-	-	-	-	-	-	consensus	-	-	-	-	-	-	-	-	-	-	-	-	-	-	-	-	-	-	-	-	-	-	-	-	-	-	-	-	-	-	-	-	-	-	-	consensus	-	consensus	-	-	consensus	-
85992	4	-	-	-	-	-	-	-	-	-	-	-	-	-	-	-	-	-	-	-	-	-	-	-	-	-	-	-	-	-	-	-	-	-	-	-	-	-	-	-	-	-	-	-	-	-	-	-	-	-	-	-	-	-	-	-	-	-	-	-	-	-	-	-	-	-	-	-	-	-	-	-	-	-	-	-	-	-	-	-	-	-	-	-	-	-	-	-	-	-	-	-	-	-	-	-	-	-	-	-	-	-	-	-	-	-	-	-	-	-	-	-	-	-	-	-	-	-	-	-	-	-	-	-	-	-	-	-	-	-	-	-	-	-	-	-	-	-	-	consensus	-	-	-	-	-	-	-	-	-	-	-	-	-	-	-	-	-	-	-	-	-	-	-	-	-	-	-	-	-	-	-	-	-	-	-	consensus	consensus	-	consensus	-	-	-
86220	4	-	-	-	-	-	-	-	-	-	-	-	-	-	-	-	-	-	-	-	-	-	-	-	-	-	-	-	-	-	-	-	-	-	-	-	-	-	-	-	-	-	-	-	-	-	-	-	-	-	-	-	-	-	-	-	-	-	-	-	-	-	-	-	-	-	-	-	-	-	-	-	-	-	-	-	-	-	-	-	-	-	-	-	-	-	-	-	-	-	-	-	-	-	-	-	-	-	-	-	-	-	-	-	-	-	-	-	-	-	-	-	-	-	-	-	-	-	-	-	-	-	-	-	-	-	-	-	-	-	-	-	-	-	-	-	-	-	-	consensus	-	-	-	-	-	-	-	-	-	-	-	-	-	-	-	-	-	-	-	-	-	-	-	-	-	-	-	-	-	-	-	-	-	-	-	consensus	-	-	consensus	-	-	consensus
86225	4	-	-	-	-	-	-	-	-	-	-	-	-	-	-	-	-	-	-	-	-	-	-	-	-	-	-	-	-	-	-	-	-	-	-	-	-	-	-	-	-	-	-	-	-	-	-	-	-	-	-	-	-	-	-	-	-	-	-	-	-	-	-	-	-	-	-	-	-	-	-	-	-	-	-	-	-	-	-	-	-	-	-	-	-	-	-	-	-	-	-	-	-	-	-	-	-	-	-	-	-	-	-	-	-	-	-	-	-	-	-	-	-	-	-	-	-	-	-	-	-	-	-	-	-	-	-	-	-	-	-	-	-	-	-	-	-	-	-	CG/CG	-	-	-	-	-	-	-	-	-	-	-	-	-	-	-	-	-	-	-	-	-	-	-	-	-	-	-	-	-	-	-	-	-	-	-	CG/CG	-	CG/CG	TC/TC	-	-	-
86592	4	-	-	-	-	-	-	-	-	-	-	-	-	-	-	-	-	-	-	-	-	-	-	-	-	-	-	-	-	-	-	-	-	-	-	-	-	-	-	-	-	-	-	-	-	-	-	-	-	-	-	-	-	-	-	-	-	-	-	-	-	-	-	-	-	-	-	-	-	-	-	-	-	-	-	-	-	-	-	-	-	-	-	-	-	-	-	-	-	-	-	-	-	-	-	-	-	-	-	-	-	-	-	-	-	-	-	-	-	-	-	-	-	-	-	-	-	-	-	-	-	-	-	-	-	-	-	-	-	-	-	-	-	-	-	-	-	-	-	-	-	-	-	-	-	-	-	-	-	-	-	-	-	-	-	-	-	-	-	-	-	-	-	-	-	-	-	-	-	-	-	-	-	-	-	GAGA/GAGA	-	GAGA/GATA	CGGC/GAGA	-	GAGA/GAGA	-
86690	4	-	-	-	-	-	-	-	-	-	-	-	-	-	-	-	-	-	-	-	-	-	-	-	-	-	-	-	-	-	-	-	-	-	-	-	-	-	-	-	-	-	-	-	-	-	-	-	-	-	-	-	-	-	-	-	-	-	-	-	-	-	-	-	-	-	-	-	-	-	-	-	-	-	-	-	-	-	-	-	-	-	-	-	-	-	-	-	-	-	-	-	-	-	-	-	-	-	-	-	-	-	-	-	-	-	-	-	-	-	-	-	-	-	-	-	-	-	-	-	-	-	-	-	-	-	-	-	-	-	-	-	-	-	-	-	-	-	-	-	-	-	-	-	-	-	-	-	-	-	-	-	-	-	-	-	-	-	-	-	-	-	-	-	-	-	-	-	-	-	-	-	-	-	-	/	/	/	/	-	-	-
