1:           6.169583e-01 1.000000e-09 3.830417e-01 1           
2:           1.000000e-09 4.362900e-04 9.995637e-01 1           
3:           1.000000e-09 9.435425e-02 9.056457e-01 1           
4:           1.000000e-09 5.632236e-02 9.436776e-01 1           
5:           1.606282e-01 2.323202e-02 8.161398e-01 1           
6:           6.164572e-03 1.000000e-09 9.938354e-01 1           
7:           6.882952e-04 2.328690e-01 7.664427e-01 1           
8:           5.912323e-01 4.087677e-01 1.000000e-09 1           
9:           1.275148e-03 6.934830e-02 9.293766e-01 1           
10:          5.315870e-01 4.684130e-01 1.000000e-09 1           
11:          1.000000e+00 1.000000e-09 1.000000e-09 1           
12:          1.000000e-09 8.923152e-02 9.107685e-01 1           
13:          1.000000e-09 3.521058e-01 6.478942e-01 1           
14:          1.000000e-09 1.000000e-09 1.000000e+00 1           
15:          1.412101e-01 1.000000e-09 8.587899e-01 1           
16:          4.768600e-01 1.000000e-09 5.231400e-01 1           
17:          1.000000e-09 1.000000e-09 1.000000e+00 1           
18:          1.000000e-09 9.546074e-02 9.045393e-01 1           
19:          2.508920e-01 1.000000e-09 7.491080e-01 1           
20:          2.606937e-01 1.021223e-03 7.382851e-01 1           
21:          1.955883e-01 2.370547e-02 7.807062e-01 1           
22:          1.000000e-09 5.419881e-01 4.580119e-01 1           
23:          9.998150e-01 1.000000e-09 1.850156e-04 1           
24:          3.170358e-01 1.000000e-09 6.829642e-01 1           
25:          1.084368e-01 1.000000e-09 8.915632e-01 1           
26:          1.795145e-01 8.204855e-01 1.000000e-09 1           
27:          5.643925e-01 1.000000e-09 4.356075e-01 1           
28:          5.164970e-01 1.550148e-01 3.284881e-01 1           
29:          5.184228e-01 1.000000e-09 4.815772e-01 1           
30:          4.508526e-01 1.000000e-09 5.491474e-01 1           
31:          3.483519e-01 1.000000e-09 6.516481e-01 1           
32:          1.000000e-09 2.975648e-01 7.024352e-01 1           
33:          6.063819e-02 3.465970e-01 5.927648e-01 1           
34:          6.378825e-02 1.868367e-01 7.493750e-01 1           
35:          1.000000e-09 1.225539e-02 9.877446e-01 1           
36:          1.000000e-09 1.000000e-09 1.000000e+00 1           
37:          1.000000e-09 1.000000e-09 1.000000e+00 1           
38:          2.512711e-02 2.471239e-01 7.277490e-01 1           
39:          5.913746e-01 1.000000e-09 4.086254e-01 1           
40:          1.000000e-09 1.000000e-09 1.000000e+00 1           
41:          1.000000e-09 1.000000e-09 1.000000e+00 1           
42:          1.000000e-09 3.583586e-01 6.416414e-01 1           
43:          1.000000e+00 1.000000e-09 1.000000e-09 1           
44:          1.000000e+00 1.000000e-09 1.000000e-09 1           
45:          1.000000e+00 1.000000e-09 1.000000e-09 1           
46:          1.000000e-09 1.000000e+00 1.000000e-09 1           
47:          8.939408e-01 1.000000e-09 1.060592e-01 1           
48:          1.000000e+00 1.000000e-09 1.000000e-09 1           
49:          9.560702e-01 4.392979e-02 1.000000e-09 1           
50:          1.000000e+00 1.000000e-09 1.000000e-09 1           
51:          5.916760e-01 4.083240e-01 1.000000e-09 1           
52:          1.713884e-01 8.286116e-01 1.000000e-09 1           
53:          1.000000e+00 1.000000e-09 1.000000e-09 1           
54:          1.000000e+00 1.000000e-09 1.000000e-09 1           
55:          1.000000e+00 1.000000e-09 1.000000e-09 1           
56:          1.000000e+00 1.000000e-09 1.000000e-09 1           
57:          5.196686e-01 4.803314e-01 2.571793e-08 1           
58:          1.000000e-09 1.000000e+00 1.000000e-09 1           
59:          3.262760e-01 6.737240e-01 1.000000e-09 1           
60:          1.000000e-09 1.000000e+00 1.000000e-09 1           
61:          1.000000e-09 1.000000e+00 1.000000e-09 1           
62:          4.248184e-01 5.751816e-01 1.000000e-09 1           
63:          3.465972e-01 6.534028e-01 1.000000e-09 1           
64:          4.290194e-01 5.709806e-01 1.000000e-09 1           
65:          1.000000e-09 4.004549e-01 5.995451e-01 1           
66:          4.178653e-01 1.000000e-09 5.821347e-01 1           
67:          3.343465e-01 4.851319e-01 1.805216e-01 1           
68:          6.664184e-01 3.335816e-01 1.000000e-09 1           
69:          1.000000e-09 5.638246e-02 9.436175e-01 1           
70:          1.000000e-09 1.535475e-01 8.464525e-01 1           
71:          7.795479e-01 2.204521e-01 1.000000e-09 1           
72:          7.112372e-01 2.887628e-01 1.000000e-09 1           
73:          4.243245e-01 5.756755e-01 1.000000e-09 1           
74:          1.000000e+00 1.000000e-09 1.000000e-09 1           
75:          3.884437e-01 6.115563e-01 1.000000e-09 1           
76:          6.792986e-01 3.207014e-01 1.000000e-09 1           
77:          1.000000e+00 1.000000e-09 1.000000e-09 1           
78:          8.567511e-01 1.432489e-01 1.000000e-09 1           
79:          1.000000e-09 1.000000e+00 1.000000e-09 1           
80:          1.000000e-09 4.691994e-01 5.308006e-01 1           
81:          4.357811e-01 5.642189e-01 1.000000e-09 1           
82:          1.000000e-09 1.000000e+00 1.000000e-09 1           
83:          1.000000e-09 1.000000e+00 1.000000e-09 1           
84:          2.461212e-01 7.538788e-01 1.000000e-09 1           
85:          6.594654e-01 3.405346e-01 1.000000e-09 1           
86:          1.000000e-09 1.000000e+00 1.000000e-09 1           
87:          4.400413e-01 5.217263e-01 3.823244e-02 1           
88:          2.251648e-01 4.096772e-02 7.338674e-01 1           
89:          1.000000e-09 1.000000e+00 1.000000e-09 1           
90:          1.000000e-09 3.205403e-01 6.794597e-01 1           
91:          1.000000e+00 1.000000e-09 1.000000e-09 1           
92:          7.020908e-01 2.979092e-01 1.000000e-09 1           
93:          6.182543e-01 3.817457e-01 1.000000e-09 1           
94:          5.133863e-01 4.866137e-01 1.000000e-09 1           
95:          1.000000e+00 1.000000e-09 1.000000e-09 1           
96:          5.642554e-01 4.357446e-01 1.000000e-09 1           
97:          8.659412e-01 1.340588e-01 1.000000e-09 1           
98:          1.000000e-09 1.000000e+00 1.000000e-09 1           
99:          4.289069e-01 5.710931e-01 1.000000e-09 1           
100:         3.241627e-01 6.758373e-01 1.000000e-09 1           
101:         7.961533e-01 2.038467e-01 1.000000e-09 1           
102:         1.000000e-09 1.042850e-01 8.957150e-01 1           
103:         1.000000e-09 6.076629e-01 3.923371e-01 1           
104:         1.000000e-09 1.000000e-09 1.000000e+00 1           
105:         1.000000e-09 1.000000e-09 1.000000e+00 1           
106:         2.217985e-01 1.000000e-09 7.782015e-01 1           
107:         1.000000e-09 7.746253e-02 9.225375e-01 1           
108:         1.000000e-09 1.000000e-09 1.000000e+00 1           
109:         1.000000e-09 1.000000e-09 1.000000e+00 1           
110:         1.181768e-01 1.000000e-09 8.818232e-01 1           
111:         5.257925e-09 1.000000e-09 1.000000e+00 1           
112:         1.000000e-09 9.695899e-02 9.030410e-01 1           
113:         1.000000e-09 1.000000e-09 1.000000e+00 1           
114:         2.455570e-01 1.000000e-09 7.544430e-01 1           
115:         1.000000e-09 1.000000e-09 1.000000e+00 1           
116:         1.000000e-09 1.000000e-09 1.000000e+00 1           
117:         1.000000e-09 9.177850e-02 9.082215e-01 1           
118:         5.238135e-01 1.000000e-09 4.761865e-01 1           
119:         1.371247e-01 1.000000e-09 8.628753e-01 1           
120:         5.198203e-02 1.000000e-09 9.480180e-01 1           
121:         3.557673e-01 1.000000e-09 6.442327e-01 1           
122:         1.000000e-09 2.032424e-01 7.967576e-01 1           
123:         1.000000e-09 4.492605e-01 5.507395e-01 1           
124:         1.000000e-09 2.248689e-01 7.751311e-01 1           
125:         1.000000e-09 1.288476e-01 8.711524e-01 1           
126:         1.000000e-09 1.839627e-01 8.160373e-01 1           
127:         1.000000e-09 1.000000e-09 1.000000e+00 1           
128:         1.000000e-09 4.580549e-02 9.541945e-01 1           
129:         1.000000e-09 9.486251e-06 9.999905e-01 1           
130:         1.000000e-09 2.045292e-01 7.954708e-01 1           
131:         6.161900e-01 3.838100e-01 1.000000e-09 1           
132:         1.000000e-09 1.000000e+00 1.000000e-09 1           
133:         1.000000e-09 1.000000e+00 1.000000e-09 1           
134:         1.000000e-09 1.000000e+00 1.000000e-09 1           
135:         2.535102e-01 7.464898e-01 1.000000e-09 1           
136:         1.000000e+00 1.000000e-09 1.000000e-09 1           
137:         1.000000e+00 1.000000e-09 1.000000e-09 1           
138:         9.667356e-01 3.326442e-02 1.000000e-09 1           
139:         1.000000e+00 1.000000e-09 1.000000e-09 1           
140:         3.194983e-01 6.804900e-01 1.168823e-05 1           
141:         5.983222e-01 4.016778e-01 1.000000e-09 1           
142:         7.891103e-01 1.000000e-09 2.108897e-01 1           
143:         6.514637e-01 3.485363e-01 1.000000e-09 1           
144:         1.000000e-09 1.000000e+00 1.000000e-09 1           
145:         5.383258e-01 4.616742e-01 1.000000e-09 1           
146:         3.480767e-01 6.519233e-01 1.000000e-09 1           
147:         1.000000e+00 1.000000e-09 1.000000e-09 1           
148:         1.000000e-09 1.000000e+00 1.000000e-09 1           
149:         3.797995e-01 6.202005e-01 1.000000e-09 1           
150:         2.578180e-04 6.309677e-01 3.687745e-01 1           
151:         1.703696e-01 5.038862e-01 3.257442e-01 1           
152:         1.000000e-09 1.000000e+00 1.000000e-09 1           
153:         1.000000e+00 1.000000e-09 1.000000e-09 1           
154:         1.000000e-09 1.000000e+00 1.000000e-09 1           
155:         1.000000e+00 1.000000e-09 1.000000e-09 1           
156:         8.767611e-01 1.000000e-09 1.232389e-01 1           
157:         9.296290e-01 7.037085e-02 1.020960e-07 1           
158:         1.751841e-01 8.248159e-01 7.347529e-09 1           
159:         1.000000e-09 6.801985e-01 3.198015e-01 1           
160:         1.000000e-09 1.000000e+00 1.000000e-09 1           
161:         1.000000e-09 1.000000e+00 1.000000e-09 1           
162:         1.000000e+00 1.000000e-09 1.000000e-09 1           
163:         4.783985e-01 5.207213e-01 8.801847e-04 1           
164:         2.164830e-01 7.835170e-01 1.000000e-09 1           
165:         3.022334e-01 4.851843e-01 2.125822e-01 1           
166:         3.306421e-01 6.693579e-01 1.000000e-09 1           
167:         4.885450e-01 5.114550e-01 1.000000e-09 1           
168:         6.278450e-01 3.721550e-01 1.000000e-09 1           
169:         1.925488e-02 9.807451e-01 1.000000e-09 1           
170:         2.445725e-01 7.554275e-01 1.000000e-09 1           
171:         1.000000e-09 1.000000e+00 1.000000e-09 1           
172:         1.000000e-09 1.000000e+00 1.000000e-09 1           
173:         7.385548e-01 2.614452e-01 1.000000e-09 1           
174:         4.862449e-01 5.137551e-01 1.000000e-09 1           
175:         1.000000e+00 1.000000e-09 1.000000e-09 1           
176:         1.000000e+00 1.000000e-09 1.000000e-09 1           
177:         1.000000e+00 1.000000e-09 1.000000e-09 1           
178:         1.000000e+00 1.000000e-09 1.000000e-09 1           
179:         1.000000e+00 1.000000e-09 1.000000e-09 1           
180:         1.000000e+00 1.000000e-09 1.000000e-09 1           
181:         1.000000e-09 3.503361e-01 6.496639e-01 1           
              
              
1:           4.796493e-01 2.730389e-01 2.473118e-01 1           
2:           1.000000e-09 1.000000e+00 1.000000e-09 1           
3:           1.000000e-09 9.671021e-01 3.289793e-02 1           
4:           1.000000e-09 1.000000e+00 1.000000e-09 1           
5:           1.122533e-02 8.211723e-01 1.676024e-01 1           
6:           1.000000e-09 1.000000e+00 1.000000e-09 1           
7:           1.000000e-09 7.483199e-01 2.516801e-01 1           
8:           6.715198e-01 1.000000e-09 3.284802e-01 1           
9:           6.477809e-02 9.352219e-01 1.000000e-09 1           
10:          5.116065e-01 1.000000e-09 4.883935e-01 1           
11:          1.000000e-09 1.000000e-09 1.000000e+00 1           
12:          1.001509e-09 1.000000e+00 1.000000e-09 1           
13:          1.553653e-01 8.446347e-01 1.000000e-09 1           
14:          1.000000e-09 7.555752e-01 2.444248e-01 1           
15:          8.063747e-02 9.193625e-01 1.000000e-09 1           
16:          1.000000e-09 5.175428e-01 4.824572e-01 1           
17:          1.000000e-09 9.997864e-01 2.136466e-04 1           
18:          5.649189e-02 9.435081e-01 1.000000e-09 1           
19:          1.156586e-01 8.843414e-01 1.000000e-09 1           
20:          1.000000e-09 6.746714e-01 3.253286e-01 1           
21:          1.000000e-09 6.579591e-01 3.420409e-01 1           
22:          3.711243e-01 6.288757e-01 1.000000e-09 1           
23:          5.126872e-02 1.323488e-01 8.163825e-01 1           
24:          1.000000e-09 5.842501e-01 4.157499e-01 1           
25:          1.000000e-09 9.939868e-01 6.013157e-03 1           
26:          1.000000e-09 1.000000e-09 1.000000e+00 1           
27:          1.000000e-09 1.000000e-09 1.000000e+00 1           
28:          3.360505e-01 2.929481e-01 3.710014e-01 1           
29:          4.433341e-02 5.180017e-01 4.376649e-01 1           
30:          1.864240e-01 6.431124e-01 1.704636e-01 1           
31:          1.000000e-09 5.546365e-01 4.453635e-01 1           
32:          1.000000e-09 1.000000e+00 1.000000e-09 1           
33:          1.000000e-09 5.113032e-01 4.886968e-01 1           
34:          2.097097e-01 7.902903e-01 1.000000e-09 1           
35:          1.000000e-09 1.000000e+00 1.000000e-09 1           
36:          1.000000e-09 1.000000e+00 1.000000e-09 1           
37:          1.000000e-09 1.000000e+00 1.000000e-09 1           
38:          1.232712e-01 6.883399e-01 1.883888e-01 1           
39:          1.000000e-09 4.460068e-01 5.539932e-01 1           
40:          1.000000e-09 1.000000e+00 1.000000e-09 1           
41:          1.000000e-09 1.000000e+00 1.000000e-09 1           
42:          2.800922e-01 7.199078e-01 1.000000e-09 1           
43:          1.000000e-09 1.000000e-09 1.000000e+00 1           
44:          1.000000e-09 1.000000e-09 1.000000e+00 1           
45:          4.420819e-01 1.000000e-09 5.579181e-01 1           
46:          7.221168e-01 1.000000e-09 2.778832e-01 1           
47:          1.000000e-09 1.000000e-09 1.000000e+00 1           
48:          1.000000e-09 1.000000e-09 1.000000e+00 1           
49:          6.204183e-01 1.000000e-09 3.795817e-01 1           
50:          1.927989e-04 3.158293e-01 6.839779e-01 1           
51:          3.592027e-01 1.000000e-09 6.407973e-01 1           
52:          1.000000e-09 1.000000e-09 1.000000e+00 1           
53:          1.000000e-09 1.000000e-09 1.000000e+00 1           
54:          1.000000e-09 1.000000e-09 1.000000e+00 1           
55:          1.000000e-09 1.000000e-09 1.000000e+00 1           
56:          6.558500e-01 1.000000e-09 3.441500e-01 1           
57:          1.000000e-09 6.411857e-01 3.588143e-01 1           
58:          1.000000e+00 1.000000e-09 1.000000e-09 1           
59:          5.610561e-01 1.000000e-09 4.389439e-01 1           
60:          1.000000e+00 1.000000e-09 1.000000e-09 1           
61:          1.000000e+00 1.000000e-09 1.000000e-09 1           
62:          1.000000e+00 1.000000e-09 1.000000e-09 1           
63:          8.935825e-01 1.000000e-09 1.064175e-01 1           
64:          1.000000e+00 1.000000e-09 1.000000e-09 1           
65:          2.823939e-01 7.176061e-01 1.000000e-09 1           
66:          1.000000e-09 7.931463e-01 2.068537e-01 1           
67:          7.685742e-01 2.314258e-01 1.000000e-09 1           
68:          1.000000e+00 1.000000e-09 1.000000e-09 1           
69:          1.000000e-09 1.000000e+00 1.000000e-09 1           
70:          1.150565e-01 8.849435e-01 1.000000e-09 1           
71:          7.637156e-01 1.000000e-09 2.362844e-01 1           
72:          5.382835e-01 1.000000e-09 4.617165e-01 1           
73:          8.413036e-01 1.000000e-09 1.586964e-01 1           
74:          6.250947e-01 1.000000e-09 3.749053e-01 1           
75:          7.375088e-01 1.000000e-09 2.624912e-01 1           
76:          9.997697e-01 1.000000e-09 2.302601e-04 1           
77:          1.000000e+00 1.000000e-09 1.000000e-09 1           
78:          5.235616e-01 1.000000e-09 4.764384e-01 1           
79:          1.000000e+00 1.000000e-09 1.000000e-09 1           
80:          1.130242e-01 5.664905e-01 3.204853e-01 1           
81:          6.084205e-01 1.000000e-09 3.915795e-01 1           
82:          1.000000e+00 1.000000e-09 1.000000e-09 1           
83:          1.000000e+00 1.000000e-09 1.000000e-09 1           
84:          1.000000e+00 1.000000e-09 1.000000e-09 1           
85:          6.493600e-01 1.000000e-09 3.506400e-01 1           
86:          9.999998e-01 1.000000e-09 2.265151e-07 1           
87:          1.000000e+00 1.000000e-09 1.000000e-09 1           
88:          2.407015e-01 7.590107e-01 2.878474e-04 1           
89:          1.000000e+00 1.000000e-09 1.000000e-09 1           
90:          3.356364e-01 6.643636e-01 1.000000e-09 1           
91:          8.116860e-01 2.623255e-08 1.883140e-01 1           
92:          6.311363e-01 1.000000e-09 3.688637e-01 1           
93:          8.376088e-01 1.000000e-09 1.623912e-01 1           
94:          8.691106e-01 1.000000e-09 1.308894e-01 1           
95:          7.932184e-01 1.000000e-09 2.067816e-01 1           
96:          6.362790e-01 1.000000e-09 3.637210e-01 1           
97:          6.871022e-01 1.000000e-09 3.128978e-01 1           
98:          1.000000e+00 1.000000e-09 1.000000e-09 1           
99:          1.000000e+00 1.000000e-09 1.217513e-09 1           
100:         1.000000e+00 1.000000e-09 2.799990e-09 1           
101:         4.386669e-01 1.000000e-09 5.613331e-01 1           
102:         8.426409e-03 9.915736e-01 1.000000e-09 1           
103:         1.080604e-06 5.822728e-01 4.177261e-01 1           
104:         1.000000e-09 1.000000e+00 1.000000e-09 1           
105:         1.000000e-09 1.000000e+00 1.000000e-09 1           
106:         1.000000e-09 7.926527e-01 2.073473e-01 1           
107:         1.000000e-09 9.660567e-01 3.394327e-02 1           
108:         1.000000e-09 1.000000e+00 1.000000e-09 1           
109:         1.000000e-09 1.000000e+00 1.000000e-09 1           
110:         1.491388e-01 8.508612e-01 1.000000e-09 1           
111:         1.000000e-09 9.421291e-01 5.787092e-02 1           
112:         1.065451e-01 8.934549e-01 1.000000e-09 1           
113:         1.000000e-09 1.000000e+00 1.000000e-09 1           
114:         1.000000e-09 9.149701e-01 8.502985e-02 1           
115:         1.000000e-09 1.000000e+00 1.000000e-09 1           
116:         1.000000e-09 1.000000e+00 1.000000e-09 1           
117:         1.000000e-09 1.000000e+00 1.000000e-09 1           
118:         2.163861e-01 5.265138e-01 2.571000e-01 1           
119:         8.804997e-02 9.119500e-01 1.000000e-09 1           
120:         1.000000e-09 7.609060e-01 2.390940e-01 1           
121:         1.931882e-01 6.943959e-01 1.124159e-01 1           
122:         1.340577e-01 8.656454e-01 2.968860e-04 1           
123:         3.553265e-01 6.446735e-01 1.000000e-09 1           
124:         2.628027e-01 7.371973e-01 1.000000e-09 1           
125:         1.000000e-09 8.645556e-01 1.354444e-01 1           
126:         1.000000e-09 9.864488e-01 1.355124e-02 1           
127:         1.000000e-09 1.000000e+00 1.000000e-09 1           
128:         1.000000e-09 7.717586e-01 2.282414e-01 1           
129:         1.000000e-09 1.000000e+00 1.000000e-09 1           
130:         1.000000e-09 1.000000e+00 1.000000e-09 1           
131:         9.999994e-01 1.000000e-09 5.713907e-07 1           
132:         1.000000e+00 1.000000e-09 1.000000e-09 1           
133:         1.000000e+00 1.000000e-09 1.000000e-09 1           
134:         1.000000e+00 1.000000e-09 1.000000e-09 1           
135:         1.000000e+00 1.000000e-09 1.000000e-09 1           
136:         1.000000e+00 1.000000e-09 1.000000e-09 1           
137:         7.727526e-01 1.000000e-09 2.272474e-01 1           
138:         7.798089e-01 1.000000e-09 2.201911e-01 1           
139:         1.000000e-09 1.000000e-09 1.000000e+00 1           
140:         8.328589e-01 1.000000e-09 1.671411e-01 1           
141:         6.943702e-01 1.000000e-09 3.056298e-01 1           
142:         6.412392e-01 3.587608e-01 1.000000e-09 1           
143:         7.128638e-01 2.871362e-01 1.000000e-09 1           
144:         1.000000e+00 1.000000e-09 1.000000e-09 1           
145:         1.000000e+00 1.000000e-09 1.000000e-09 1           
146:         3.984451e-01 1.000000e-09 6.015549e-01 1           
147:         6.013590e-01 1.000000e-09 3.986410e-01 1           
148:         7.331643e-01 2.668357e-01 1.000000e-09 1           
149:         8.873837e-01 1.000000e-09 1.126163e-01 1           
150:         5.476262e-01 3.534477e-01 9.892603e-02 1           
151:         5.017249e-01 3.600912e-01 1.381839e-01 1           
152:         8.051694e-01 1.000000e-09 1.948306e-01 1           
153:         8.317620e-01 1.000000e-09 1.682380e-01 1           
154:         1.000000e+00 1.000000e-09 1.000000e-09 1           
155:         7.653816e-01 1.000000e-09 2.346184e-01 1           
156:         5.668989e-01 1.505922e-01 2.825089e-01 1           
157:         7.908400e-01 8.150248e-02 1.276575e-01 1           
158:         1.000000e-09 1.000000e-09 1.000000e+00 1           
159:         6.271114e-01 3.728886e-01 1.000000e-09 1           
160:         9.999544e-01 1.000000e-09 4.560978e-05 1           
161:         1.000000e+00 1.000000e-09 1.000000e-09 1           
162:         5.713034e-01 1.000000e-09 4.286966e-01 1           
163:         7.971038e-01 8.898324e-03 1.939978e-01 1           
164:         1.000000e+00 1.000000e-09 1.000000e-09 1           
165:         8.345213e-01 1.654787e-01 1.000000e-09 1           
166:         1.000000e+00 1.000000e-09 1.000000e-09 1           
167:         7.934001e-01 1.000000e-09 2.065999e-01 1           
168:         1.000000e+00 1.000000e-09 1.000000e-09 1           
169:         1.000000e+00 1.000000e-09 1.000000e-09 1           
170:         1.000000e+00 1.000000e-09 1.000000e-09 1           
171:         1.000000e+00 1.000000e-09 1.000000e-09 1           
172:         1.000000e+00 1.000000e-09 1.000000e-09 1           
173:         4.179068e-01 1.000000e-09 5.820932e-01 1           
174:         1.000000e+00 1.000000e-09 1.000000e-09 1           
175:         9.093585e-04 1.000000e-09 9.990906e-01 1           
176:         2.304923e-01 1.000000e-09 7.695077e-01 1           
177:         1.000000e-09 1.000000e-09 1.000000e+00 1           
178:         1.000000e-09 1.000000e-09 1.000000e+00 1           
179:         1.000000e-09 1.000000e-09 1.000000e+00 1           
180:         1.000000e-09 1.000000e-09 1.000000e+00 1           
181:         1.000000e-09 1.000000e+00 1.000000e-09 1           
              
              
1:           6.169583e-01 1.000000e-09 3.830417e-01 1           
2:           1.000000e-09 4.362900e-04 9.995637e-01 1           
3:           1.000000e-09 9.435425e-02 9.056457e-01 1           
4:           1.000000e-09 5.632236e-02 9.436776e-01 1           
5:           1.606282e-01 2.323202e-02 8.161398e-01 1           
6:           6.164572e-03 1.000000e-09 9.938354e-01 1           
7:           6.882952e-04 2.328690e-01 7.664427e-01 1           
8:           5.912323e-01 4.087677e-01 1.000000e-09 1           
9:           1.275148e-03 6.934830e-02 9.293766e-01 1           
10:          5.315870e-01 4.684130e-01 1.000000e-09 1           
11:          1.000000e+00 1.000000e-09 1.000000e-09 1           
12:          1.000000e-09 8.923152e-02 9.107685e-01 1           
13:          1.000000e-09 3.521058e-01 6.478942e-01 1           
14:          1.000000e-09 1.000000e-09 1.000000e+00 1           
15:          1.412101e-01 1.000000e-09 8.587899e-01 1           
16:          4.768600e-01 1.000000e-09 5.231400e-01 1           
17:          1.000000e-09 1.000000e-09 1.000000e+00 1           
18:          1.000000e-09 9.546074e-02 9.045393e-01 1           
19:          2.508920e-01 1.000000e-09 7.491080e-01 1           
20:          2.606937e-01 1.021223e-03 7.382851e-01 1           
21:          1.955883e-01 2.370547e-02 7.807062e-01 1           
22:          1.000000e-09 5.419881e-01 4.580119e-01 1           
23:          9.998150e-01 1.000000e-09 1.850156e-04 1           
24:          3.170358e-01 1.000000e-09 6.829642e-01 1           
25:          1.084368e-01 1.000000e-09 8.915632e-01 1           
26:          1.795145e-01 8.204855e-01 1.000000e-09 1           
27:          5.643925e-01 1.000000e-09 4.356075e-01 1           
28:          5.164970e-01 1.550148e-01 3.284881e-01 1           
29:          5.184228e-01 1.000000e-09 4.815772e-01 1           
30:          4.508526e-01 1.000000e-09 5.491474e-01 1           
31:          3.483519e-01 1.000000e-09 6.516481e-01 1           
32:          1.000000e-09 2.975648e-01 7.024352e-01 1           
33:          6.063819e-02 3.465970e-01 5.927648e-01 1           
34:          6.378825e-02 1.868367e-01 7.493750e-01 1           
35:          1.000000e-09 1.225539e-02 9.877446e-01 1           
36:          1.000000e-09 1.000000e-09 1.000000e+00 1           
37:          1.000000e-09 1.000000e-09 1.000000e+00 1           
38:          2.512711e-02 2.471239e-01 7.277490e-01 1           
39:          5.913746e-01 1.000000e-09 4.086254e-01 1           
40:          1.000000e-09 1.000000e-09 1.000000e+00 1           
41:          1.000000e-09 1.000000e-09 1.000000e+00 1           
42:          1.000000e-09 3.583586e-01 6.416414e-01 1           
43:          1.000000e+00 1.000000e-09 1.000000e-09 1           
44:          1.000000e+00 1.000000e-09 1.000000e-09 1           
45:          1.000000e+00 1.000000e-09 1.000000e-09 1           
46:          1.000000e-09 1.000000e+00 1.000000e-09 1           
47:          8.939408e-01 1.000000e-09 1.060592e-01 1           
48:          1.000000e+00 1.000000e-09 1.000000e-09 1           
49:          9.560702e-01 4.392979e-02 1.000000e-09 1           
50:          1.000000e+00 1.000000e-09 1.000000e-09 1           
51:          5.916760e-01 4.083240e-01 1.000000e-09 1           
52:          1.713884e-01 8.286116e-01 1.000000e-09 1           
53:          1.000000e+00 1.000000e-09 1.000000e-09 1           
54:          1.000000e+00 1.000000e-09 1.000000e-09 1           
55:          1.000000e+00 1.000000e-09 1.000000e-09 1           
56:          1.000000e+00 1.000000e-09 1.000000e-09 1           
57:          5.196686e-01 4.803314e-01 2.571793e-08 1           
58:          1.000000e-09 1.000000e+00 1.000000e-09 1           
59:          3.262760e-01 6.737240e-01 1.000000e-09 1           
60:          1.000000e-09 1.000000e+00 1.000000e-09 1           
61:          1.000000e-09 1.000000e+00 1.000000e-09 1           
62:          4.248184e-01 5.751816e-01 1.000000e-09 1           
63:          3.465972e-01 6.534028e-01 1.000000e-09 1           
64:          4.290194e-01 5.709806e-01 1.000000e-09 1           
65:          1.000000e-09 4.004549e-01 5.995451e-01 1           
66:          4.178653e-01 1.000000e-09 5.821347e-01 1           
67:          3.343465e-01 4.851319e-01 1.805216e-01 1           
68:          6.664184e-01 3.335816e-01 1.000000e-09 1           
69:          1.000000e-09 5.638246e-02 9.436175e-01 1           
70:          1.000000e-09 1.535475e-01 8.464525e-01 1           
71:          7.795479e-01 2.204521e-01 1.000000e-09 1           
72:          7.112372e-01 2.887628e-01 1.000000e-09 1           
73:          4.243245e-01 5.756755e-01 1.000000e-09 1           
74:          1.000000e+00 1.000000e-09 1.000000e-09 1           
75:          3.884437e-01 6.115563e-01 1.000000e-09 1           
76:          6.792986e-01 3.207014e-01 1.000000e-09 1           
77:          1.000000e+00 1.000000e-09 1.000000e-09 1           
78:          8.567511e-01 1.432489e-01 1.000000e-09 1           
79:          1.000000e-09 1.000000e+00 1.000000e-09 1           
80:          1.000000e-09 4.691994e-01 5.308006e-01 1           
81:          4.357811e-01 5.642189e-01 1.000000e-09 1           
82:          1.000000e-09 1.000000e+00 1.000000e-09 1           
83:          1.000000e-09 1.000000e+00 1.000000e-09 1           
84:          2.461212e-01 7.538788e-01 1.000000e-09 1           
85:          6.594654e-01 3.405346e-01 1.000000e-09 1           
86:          1.000000e-09 1.000000e+00 1.000000e-09 1           
87:          4.400413e-01 5.217263e-01 3.823244e-02 1           
88:          2.251648e-01 4.096772e-02 7.338674e-01 1           
89:          1.000000e-09 1.000000e+00 1.000000e-09 1           
90:          1.000000e-09 3.205403e-01 6.794597e-01 1           
91:          1.000000e+00 1.000000e-09 1.000000e-09 1           
92:          7.020908e-01 2.979092e-01 1.000000e-09 1           
93:          6.182543e-01 3.817457e-01 1.000000e-09 1           
94:          5.133863e-01 4.866137e-01 1.000000e-09 1           
95:          1.000000e+00 1.000000e-09 1.000000e-09 1           
96:          5.642554e-01 4.357446e-01 1.000000e-09 1           
97:          8.659412e-01 1.340588e-01 1.000000e-09 1           
98:          1.000000e-09 1.000000e+00 1.000000e-09 1           
99:          4.289069e-01 5.710931e-01 1.000000e-09 1           
100:         3.241627e-01 6.758373e-01 1.000000e-09 1           
101:         7.961533e-01 2.038467e-01 1.000000e-09 1           
102:         1.000000e-09 1.042850e-01 8.957150e-01 1           
103:         1.000000e-09 6.076629e-01 3.923371e-01 1           
104:         1.000000e-09 1.000000e-09 1.000000e+00 1           
105:         1.000000e-09 1.000000e-09 1.000000e+00 1           
106:         2.217985e-01 1.000000e-09 7.782015e-01 1           
107:         1.000000e-09 7.746253e-02 9.225375e-01 1           
108:         1.000000e-09 1.000000e-09 1.000000e+00 1           
109:         1.000000e-09 1.000000e-09 1.000000e+00 1           
110:         1.181768e-01 1.000000e-09 8.818232e-01 1           
111:         5.257925e-09 1.000000e-09 1.000000e+00 1           
112:         1.000000e-09 9.695899e-02 9.030410e-01 1           
113:         1.000000e-09 1.000000e-09 1.000000e+00 1           
114:         2.455570e-01 1.000000e-09 7.544430e-01 1           
115:         1.000000e-09 1.000000e-09 1.000000e+00 1           
116:         1.000000e-09 1.000000e-09 1.000000e+00 1           
117:         1.000000e-09 9.177850e-02 9.082215e-01 1           
118:         5.238135e-01 1.000000e-09 4.761865e-01 1           
119:         1.371247e-01 1.000000e-09 8.628753e-01 1           
120:         5.198203e-02 1.000000e-09 9.480180e-01 1           
121:         3.557673e-01 1.000000e-09 6.442327e-01 1           
122:         1.000000e-09 2.032424e-01 7.967576e-01 1           
123:         1.000000e-09 4.492605e-01 5.507395e-01 1           
124:         1.000000e-09 2.248689e-01 7.751311e-01 1           
125:         1.000000e-09 1.288476e-01 8.711524e-01 1           
126:         1.000000e-09 1.839627e-01 8.160373e-01 1           
127:         1.000000e-09 1.000000e-09 1.000000e+00 1           
128:         1.000000e-09 4.580549e-02 9.541945e-01 1           
129:         1.000000e-09 9.486251e-06 9.999905e-01 1           
130:         1.000000e-09 2.045292e-01 7.954708e-01 1           
131:         6.161900e-01 3.838100e-01 1.000000e-09 1           
132:         1.000000e-09 1.000000e+00 1.000000e-09 1           
133:         1.000000e-09 1.000000e+00 1.000000e-09 1           
134:         1.000000e-09 1.000000e+00 1.000000e-09 1           
135:         2.535102e-01 7.464898e-01 1.000000e-09 1           
136:         1.000000e+00 1.000000e-09 1.000000e-09 1           
137:         1.000000e+00 1.000000e-09 1.000000e-09 1           
138:         9.667356e-01 3.326442e-02 1.000000e-09 1           
139:         1.000000e+00 1.000000e-09 1.000000e-09 1           
140:         3.194983e-01 6.804900e-01 1.168823e-05 1           
141:         5.983222e-01 4.016778e-01 1.000000e-09 1           
142:         7.891103e-01 1.000000e-09 2.108897e-01 1           
143:         6.514637e-01 3.485363e-01 1.000000e-09 1           
144:         1.000000e-09 1.000000e+00 1.000000e-09 1           
145:         5.383258e-01 4.616742e-01 1.000000e-09 1           
146:         3.480767e-01 6.519233e-01 1.000000e-09 1           
147:         1.000000e+00 1.000000e-09 1.000000e-09 1           
148:         1.000000e-09 1.000000e+00 1.000000e-09 1           
149:         3.797995e-01 6.202005e-01 1.000000e-09 1           
150:         2.578180e-04 6.309677e-01 3.687745e-01 1           
151:         1.703696e-01 5.038862e-01 3.257442e-01 1           
152:         1.000000e-09 1.000000e+00 1.000000e-09 1           
153:         1.000000e+00 1.000000e-09 1.000000e-09 1           
154:         1.000000e-09 1.000000e+00 1.000000e-09 1           
155:         1.000000e+00 1.000000e-09 1.000000e-09 1           
156:         8.767611e-01 1.000000e-09 1.232389e-01 1           
157:         9.296290e-01 7.037085e-02 1.020960e-07 1           
158:         1.751841e-01 8.248159e-01 7.347529e-09 1           
159:         1.000000e-09 6.801985e-01 3.198015e-01 1           
160:         1.000000e-09 1.000000e+00 1.000000e-09 1           
161:         1.000000e-09 1.000000e+00 1.000000e-09 1           
162:         1.000000e+00 1.000000e-09 1.000000e-09 1           
163:         4.783985e-01 5.207213e-01 8.801847e-04 1           
164:         2.164830e-01 7.835170e-01 1.000000e-09 1           
165:         3.022334e-01 4.851843e-01 2.125822e-01 1           
166:         3.306421e-01 6.693579e-01 1.000000e-09 1           
167:         4.885450e-01 5.114550e-01 1.000000e-09 1           
168:         6.278450e-01 3.721550e-01 1.000000e-09 1           
169:         1.925488e-02 9.807451e-01 1.000000e-09 1           
170:         2.445725e-01 7.554275e-01 1.000000e-09 1           
171:         1.000000e-09 1.000000e+00 1.000000e-09 1           
172:         1.000000e-09 1.000000e+00 1.000000e-09 1           
173:         7.385548e-01 2.614452e-01 1.000000e-09 1           
174:         4.862449e-01 5.137551e-01 1.000000e-09 1           
175:         1.000000e+00 1.000000e-09 1.000000e-09 1           
176:         1.000000e+00 1.000000e-09 1.000000e-09 1           
177:         1.000000e+00 1.000000e-09 1.000000e-09 1           
178:         1.000000e+00 1.000000e-09 1.000000e-09 1           
179:         1.000000e+00 1.000000e-09 1.000000e-09 1           
180:         1.000000e+00 1.000000e-09 1.000000e-09 1           
181:         1.000000e-09 3.503361e-01 6.496639e-01 1           
              
              
1:           6.169583e-01 1.000000e-09 3.830417e-01 1           
2:           1.000000e-09 4.362900e-04 9.995637e-01 1           
3:           1.000000e-09 9.435425e-02 9.056457e-01 1           
4:           1.000000e-09 5.632236e-02 9.436776e-01 1           
5:           1.606282e-01 2.323202e-02 8.161398e-01 1           
6:           6.164572e-03 1.000000e-09 9.938354e-01 1           
7:           6.882952e-04 2.328690e-01 7.664427e-01 1           
8:           5.912323e-01 4.087677e-01 1.000000e-09 1           
9:           1.275148e-03 6.934830e-02 9.293766e-01 1           
10:          5.315870e-01 4.684130e-01 1.000000e-09 1           
11:          1.000000e+00 1.000000e-09 1.000000e-09 1           
12:          1.000000e-09 8.923152e-02 9.107685e-01 1           
13:          1.000000e-09 3.521058e-01 6.478942e-01 1           
14:          1.000000e-09 1.000000e-09 1.000000e+00 1           
15:          1.412101e-01 1.000000e-09 8.587899e-01 1           
16:          4.768600e-01 1.000000e-09 5.231400e-01 1           
17:          1.000000e-09 1.000000e-09 1.000000e+00 1           
18:          1.000000e-09 9.546074e-02 9.045393e-01 1           
19:          2.508920e-01 1.000000e-09 7.491080e-01 1           
20:          2.606937e-01 1.021223e-03 7.382851e-01 1           
21:          1.955883e-01 2.370547e-02 7.807062e-01 1           
22:          1.000000e-09 5.419881e-01 4.580119e-01 1           
23:          9.998150e-01 1.000000e-09 1.850156e-04 1           
24:          3.170358e-01 1.000000e-09 6.829642e-01 1           
25:          1.084368e-01 1.000000e-09 8.915632e-01 1           
26:          1.795145e-01 8.204855e-01 1.000000e-09 1           
27:          5.643925e-01 1.000000e-09 4.356075e-01 1           
28:          5.164970e-01 1.550148e-01 3.284881e-01 1           
29:          5.184228e-01 1.000000e-09 4.815772e-01 1           
30:          4.508526e-01 1.000000e-09 5.491474e-01 1           
31:          3.483519e-01 1.000000e-09 6.516481e-01 1           
32:          1.000000e-09 2.975648e-01 7.024352e-01 1           
33:          6.063819e-02 3.465970e-01 5.927648e-01 1           
34:          6.378825e-02 1.868367e-01 7.493750e-01 1           
35:          1.000000e-09 1.225539e-02 9.877446e-01 1           
36:          1.000000e-09 1.000000e-09 1.000000e+00 1           
37:          1.000000e-09 1.000000e-09 1.000000e+00 1           
38:          2.512711e-02 2.471239e-01 7.277490e-01 1           
39:          5.913746e-01 1.000000e-09 4.086254e-01 1           
40:          1.000000e-09 1.000000e-09 1.000000e+00 1           
41:          1.000000e-09 1.000000e-09 1.000000e+00 1           
42:          1.000000e-09 3.583586e-01 6.416414e-01 1           
43:          1.000000e+00 1.000000e-09 1.000000e-09 1           
44:          1.000000e+00 1.000000e-09 1.000000e-09 1           
45:          1.000000e+00 1.000000e-09 1.000000e-09 1           
46:          1.000000e-09 1.000000e+00 1.000000e-09 1           
47:          8.939408e-01 1.000000e-09 1.060592e-01 1           
48:          1.000000e+00 1.000000e-09 1.000000e-09 1           
49:          9.560702e-01 4.392979e-02 1.000000e-09 1           
50:          1.000000e+00 1.000000e-09 1.000000e-09 1           
51:          5.916760e-01 4.083240e-01 1.000000e-09 1           
52:          1.713884e-01 8.286116e-01 1.000000e-09 1           
53:          1.000000e+00 1.000000e-09 1.000000e-09 1           
54:          1.000000e+00 1.000000e-09 1.000000e-09 1           
55:          1.000000e+00 1.000000e-09 1.000000e-09 1           
56:          1.000000e+00 1.000000e-09 1.000000e-09 1           
57:          5.196686e-01 4.803314e-01 2.571793e-08 1           
58:          1.000000e-09 1.000000e+00 1.000000e-09 1           
59:          3.262760e-01 6.737240e-01 1.000000e-09 1           
60:          1.000000e-09 1.000000e+00 1.000000e-09 1           
61:          1.000000e-09 1.000000e+00 1.000000e-09 1           
62:          4.248184e-01 5.751816e-01 1.000000e-09 1           
63:          3.465972e-01 6.534028e-01 1.000000e-09 1           
64:          4.290194e-01 5.709806e-01 1.000000e-09 1           
65:          1.000000e-09 4.004549e-01 5.995451e-01 1           
66:          4.178653e-01 1.000000e-09 5.821347e-01 1           
67:          3.343465e-01 4.851319e-01 1.805216e-01 1           
68:          6.664184e-01 3.335816e-01 1.000000e-09 1           
69:          1.000000e-09 5.638246e-02 9.436175e-01 1           
70:          1.000000e-09 1.535475e-01 8.464525e-01 1           
71:          7.795479e-01 2.204521e-01 1.000000e-09 1           
72:          7.112372e-01 2.887628e-01 1.000000e-09 1           
73:          4.243245e-01 5.756755e-01 1.000000e-09 1           
74:          1.000000e+00 1.000000e-09 1.000000e-09 1           
75:          3.884437e-01 6.115563e-01 1.000000e-09 1           
76:          6.792986e-01 3.207014e-01 1.000000e-09 1           
77:          1.000000e+00 1.000000e-09 1.000000e-09 1           
78:          8.567511e-01 1.432489e-01 1.000000e-09 1           
79:          1.000000e-09 1.000000e+00 1.000000e-09 1           
80:          1.000000e-09 4.691994e-01 5.308006e-01 1           
81:          4.357811e-01 5.642189e-01 1.000000e-09 1           
82:          1.000000e-09 1.000000e+00 1.000000e-09 1           
83:          1.000000e-09 1.000000e+00 1.000000e-09 1           
84:          2.461212e-01 7.538788e-01 1.000000e-09 1           
85:          6.594654e-01 3.405346e-01 1.000000e-09 1           
86:          1.000000e-09 1.000000e+00 1.000000e-09 1           
87:          4.400413e-01 5.217263e-01 3.823244e-02 1           
88:          2.251648e-01 4.096772e-02 7.338674e-01 1           
89:          1.000000e-09 1.000000e+00 1.000000e-09 1           
90:          1.000000e-09 3.205403e-01 6.794597e-01 1           
91:          1.000000e+00 1.000000e-09 1.000000e-09 1           
92:          7.020908e-01 2.979092e-01 1.000000e-09 1           
93:          6.182543e-01 3.817457e-01 1.000000e-09 1           
94:          5.133863e-01 4.866137e-01 1.000000e-09 1           
95:          1.000000e+00 1.000000e-09 1.000000e-09 1           
96:          5.642554e-01 4.357446e-01 1.000000e-09 1           
97:          8.659412e-01 1.340588e-01 1.000000e-09 1           
98:          1.000000e-09 1.000000e+00 1.000000e-09 1           
99:          4.289069e-01 5.710931e-01 1.000000e-09 1           
100:         3.241627e-01 6.758373e-01 1.000000e-09 1           
101:         7.961533e-01 2.038467e-01 1.000000e-09 1           
102:         1.000000e-09 1.042850e-01 8.957150e-01 1           
103:         1.000000e-09 6.076629e-01 3.923371e-01 1           
104:         1.000000e-09 1.000000e-09 1.000000e+00 1           
105:         1.000000e-09 1.000000e-09 1.000000e+00 1           
106:         2.217985e-01 1.000000e-09 7.782015e-01 1           
107:         1.000000e-09 7.746253e-02 9.225375e-01 1           
108:         1.000000e-09 1.000000e-09 1.000000e+00 1           
109:         1.000000e-09 1.000000e-09 1.000000e+00 1           
110:         1.181768e-01 1.000000e-09 8.818232e-01 1           
111:         5.257925e-09 1.000000e-09 1.000000e+00 1           
112:         1.000000e-09 9.695899e-02 9.030410e-01 1           
113:         1.000000e-09 1.000000e-09 1.000000e+00 1           
114:         2.455570e-01 1.000000e-09 7.544430e-01 1           
115:         1.000000e-09 1.000000e-09 1.000000e+00 1           
116:         1.000000e-09 1.000000e-09 1.000000e+00 1           
117:         1.000000e-09 9.177850e-02 9.082215e-01 1           
118:         5.238135e-01 1.000000e-09 4.761865e-01 1           
119:         1.371247e-01 1.000000e-09 8.628753e-01 1           
120:         5.198203e-02 1.000000e-09 9.480180e-01 1           
121:         3.557673e-01 1.000000e-09 6.442327e-01 1           
122:         1.000000e-09 2.032424e-01 7.967576e-01 1           
123:         1.000000e-09 4.492605e-01 5.507395e-01 1           
124:         1.000000e-09 2.248689e-01 7.751311e-01 1           
125:         1.000000e-09 1.288476e-01 8.711524e-01 1           
126:         1.000000e-09 1.839627e-01 8.160373e-01 1           
127:         1.000000e-09 1.000000e-09 1.000000e+00 1           
128:         1.000000e-09 4.580549e-02 9.541945e-01 1           
129:         1.000000e-09 9.486251e-06 9.999905e-01 1           
130:         1.000000e-09 2.045292e-01 7.954708e-01 1           
131:         6.161900e-01 3.838100e-01 1.000000e-09 1           
132:         1.000000e-09 1.000000e+00 1.000000e-09 1           
133:         1.000000e-09 1.000000e+00 1.000000e-09 1           
134:         1.000000e-09 1.000000e+00 1.000000e-09 1           
135:         2.535102e-01 7.464898e-01 1.000000e-09 1           
136:         1.000000e+00 1.000000e-09 1.000000e-09 1           
137:         1.000000e+00 1.000000e-09 1.000000e-09 1           
138:         9.667356e-01 3.326442e-02 1.000000e-09 1           
139:         1.000000e+00 1.000000e-09 1.000000e-09 1           
140:         3.194983e-01 6.804900e-01 1.168823e-05 1           
141:         5.983222e-01 4.016778e-01 1.000000e-09 1           
142:         7.891103e-01 1.000000e-09 2.108897e-01 1           
143:         6.514637e-01 3.485363e-01 1.000000e-09 1           
144:         1.000000e-09 1.000000e+00 1.000000e-09 1           
145:         5.383258e-01 4.616742e-01 1.000000e-09 1           
146:         3.480767e-01 6.519233e-01 1.000000e-09 1           
147:         1.000000e+00 1.000000e-09 1.000000e-09 1           
148:         1.000000e-09 1.000000e+00 1.000000e-09 1           
149:         3.797995e-01 6.202005e-01 1.000000e-09 1           
150:         2.578180e-04 6.309677e-01 3.687745e-01 1           
151:         1.703696e-01 5.038862e-01 3.257442e-01 1           
152:         1.000000e-09 1.000000e+00 1.000000e-09 1           
153:         1.000000e+00 1.000000e-09 1.000000e-09 1           
154:         1.000000e-09 1.000000e+00 1.000000e-09 1           
155:         1.000000e+00 1.000000e-09 1.000000e-09 1           
156:         8.767611e-01 1.000000e-09 1.232389e-01 1           
157:         9.296290e-01 7.037085e-02 1.020960e-07 1           
158:         1.751841e-01 8.248159e-01 7.347529e-09 1           
159:         1.000000e-09 6.801985e-01 3.198015e-01 1           
160:         1.000000e-09 1.000000e+00 1.000000e-09 1           
161:         1.000000e-09 1.000000e+00 1.000000e-09 1           
162:         1.000000e+00 1.000000e-09 1.000000e-09 1           
163:         4.783985e-01 5.207213e-01 8.801847e-04 1           
164:         2.164830e-01 7.835170e-01 1.000000e-09 1           
165:         3.022334e-01 4.851843e-01 2.125822e-01 1           
166:         3.306421e-01 6.693579e-01 1.000000e-09 1           
167:         4.885450e-01 5.114550e-01 1.000000e-09 1           
168:         6.278450e-01 3.721550e-01 1.000000e-09 1           
169:         1.925488e-02 9.807451e-01 1.000000e-09 1           
170:         2.445725e-01 7.554275e-01 1.000000e-09 1           
171:         1.000000e-09 1.000000e+00 1.000000e-09 1           
172:         1.000000e-09 1.000000e+00 1.000000e-09 1           
173:         7.385548e-01 2.614452e-01 1.000000e-09 1           
174:         4.862449e-01 5.137551e-01 1.000000e-09 1           
175:         1.000000e+00 1.000000e-09 1.000000e-09 1           
176:         1.000000e+00 1.000000e-09 1.000000e-09 1           
177:         1.000000e+00 1.000000e-09 1.000000e-09 1           
178:         1.000000e+00 1.000000e-09 1.000000e-09 1           
179:         1.000000e+00 1.000000e-09 1.000000e-09 1           
180:         1.000000e+00 1.000000e-09 1.000000e-09 1           
181:         1.000000e-09 3.503361e-01 6.496639e-01 1           
              
              
1:           6.169583e-01 1.000000e-09 3.830417e-01 1           
2:           1.000000e-09 4.362900e-04 9.995637e-01 1           
3:           1.000000e-09 9.435425e-02 9.056457e-01 1           
4:           1.000000e-09 5.632236e-02 9.436776e-01 1           
5:           1.606282e-01 2.323202e-02 8.161398e-01 1           
6:           6.164572e-03 1.000000e-09 9.938354e-01 1           
7:           6.882952e-04 2.328690e-01 7.664427e-01 1           
8:           5.912323e-01 4.087677e-01 1.000000e-09 1           
9:           1.275148e-03 6.934830e-02 9.293766e-01 1           
10:          5.315870e-01 4.684130e-01 1.000000e-09 1           
11:          1.000000e+00 1.000000e-09 1.000000e-09 1           
12:          1.000000e-09 8.923152e-02 9.107685e-01 1           
13:          1.000000e-09 3.521058e-01 6.478942e-01 1           
14:          1.000000e-09 1.000000e-09 1.000000e+00 1           
15:          1.412101e-01 1.000000e-09 8.587899e-01 1           
16:          4.768600e-01 1.000000e-09 5.231400e-01 1           
17:          1.000000e-09 1.000000e-09 1.000000e+00 1           
18:          1.000000e-09 9.546074e-02 9.045393e-01 1           
19:          2.508920e-01 1.000000e-09 7.491080e-01 1           
20:          2.606937e-01 1.021223e-03 7.382851e-01 1           
21:          1.955883e-01 2.370547e-02 7.807062e-01 1           
22:          1.000000e-09 5.419881e-01 4.580119e-01 1           
23:          9.998150e-01 1.000000e-09 1.850156e-04 1           
24:          3.170358e-01 1.000000e-09 6.829642e-01 1           
25:          1.084368e-01 1.000000e-09 8.915632e-01 1           
26:          1.795145e-01 8.204855e-01 1.000000e-09 1           
27:          5.643925e-01 1.000000e-09 4.356075e-01 1           
28:          5.164970e-01 1.550148e-01 3.284881e-01 1           
29:          5.184228e-01 1.000000e-09 4.815772e-01 1           
30:          4.508526e-01 1.000000e-09 5.491474e-01 1           
31:          3.483519e-01 1.000000e-09 6.516481e-01 1           
32:          1.000000e-09 2.975648e-01 7.024352e-01 1           
33:          6.063819e-02 3.465970e-01 5.927648e-01 1           
34:          6.378825e-02 1.868367e-01 7.493750e-01 1           
35:          1.000000e-09 1.225539e-02 9.877446e-01 1           
36:          1.000000e-09 1.000000e-09 1.000000e+00 1           
37:          1.000000e-09 1.000000e-09 1.000000e+00 1           
38:          2.512711e-02 2.471239e-01 7.277490e-01 1           
39:          5.913746e-01 1.000000e-09 4.086254e-01 1           
40:          1.000000e-09 1.000000e-09 1.000000e+00 1           
41:          1.000000e-09 1.000000e-09 1.000000e+00 1           
42:          1.000000e-09 3.583586e-01 6.416414e-01 1           
43:          1.000000e+00 1.000000e-09 1.000000e-09 1           
44:          1.000000e+00 1.000000e-09 1.000000e-09 1           
45:          1.000000e+00 1.000000e-09 1.000000e-09 1           
46:          1.000000e-09 1.000000e+00 1.000000e-09 1           
47:          8.939408e-01 1.000000e-09 1.060592e-01 1           
48:          1.000000e+00 1.000000e-09 1.000000e-09 1           
49:          9.560702e-01 4.392979e-02 1.000000e-09 1           
50:          1.000000e+00 1.000000e-09 1.000000e-09 1           
51:          5.916760e-01 4.083240e-01 1.000000e-09 1           
52:          1.713884e-01 8.286116e-01 1.000000e-09 1           
53:          1.000000e+00 1.000000e-09 1.000000e-09 1           
54:          1.000000e+00 1.000000e-09 1.000000e-09 1           
55:          1.000000e+00 1.000000e-09 1.000000e-09 1           
56:          1.000000e+00 1.000000e-09 1.000000e-09 1           
57:          5.196686e-01 4.803314e-01 2.571793e-08 1           
58:          1.000000e-09 1.000000e+00 1.000000e-09 1           
59:          3.262760e-01 6.737240e-01 1.000000e-09 1           
60:          1.000000e-09 1.000000e+00 1.000000e-09 1           
61:          1.000000e-09 1.000000e+00 1.000000e-09 1           
62:          4.248184e-01 5.751816e-01 1.000000e-09 1           
63:          3.465972e-01 6.534028e-01 1.000000e-09 1           
64:          4.290194e-01 5.709806e-01 1.000000e-09 1           
65:          1.000000e-09 4.004549e-01 5.995451e-01 1           
66:          4.178653e-01 1.000000e-09 5.821347e-01 1           
67:          3.343465e-01 4.851319e-01 1.805216e-01 1           
68:          6.664184e-01 3.335816e-01 1.000000e-09 1           
69:          1.000000e-09 5.638246e-02 9.436175e-01 1           
70:          1.000000e-09 1.535475e-01 8.464525e-01 1           
71:          7.795479e-01 2.204521e-01 1.000000e-09 1           
72:          7.112372e-01 2.887628e-01 1.000000e-09 1           
73:          4.243245e-01 5.756755e-01 1.000000e-09 1           
74:          1.000000e+00 1.000000e-09 1.000000e-09 1           
75:          3.884437e-01 6.115563e-01 1.000000e-09 1           
76:          6.792986e-01 3.207014e-01 1.000000e-09 1           
77:          1.000000e+00 1.000000e-09 1.000000e-09 1           
78:          8.567511e-01 1.432489e-01 1.000000e-09 1           
79:          1.000000e-09 1.000000e+00 1.000000e-09 1           
80:          1.000000e-09 4.691994e-01 5.308006e-01 1           
81:          4.357811e-01 5.642189e-01 1.000000e-09 1           
82:          1.000000e-09 1.000000e+00 1.000000e-09 1           
83:          1.000000e-09 1.000000e+00 1.000000e-09 1           
84:          2.461212e-01 7.538788e-01 1.000000e-09 1           
85:          6.594654e-01 3.405346e-01 1.000000e-09 1           
86:          1.000000e-09 1.000000e+00 1.000000e-09 1           
87:          4.400413e-01 5.217263e-01 3.823244e-02 1           
88:          2.251648e-01 4.096772e-02 7.338674e-01 1           
89:          1.000000e-09 1.000000e+00 1.000000e-09 1           
90:          1.000000e-09 3.205403e-01 6.794597e-01 1           
91:          1.000000e+00 1.000000e-09 1.000000e-09 1           
92:          7.020908e-01 2.979092e-01 1.000000e-09 1           
93:          6.182543e-01 3.817457e-01 1.000000e-09 1           
94:          5.133863e-01 4.866137e-01 1.000000e-09 1           
95:          1.000000e+00 1.000000e-09 1.000000e-09 1           
96:          5.642554e-01 4.357446e-01 1.000000e-09 1           
97:          8.659412e-01 1.340588e-01 1.000000e-09 1           
98:          1.000000e-09 1.000000e+00 1.000000e-09 1           
99:          4.289069e-01 5.710931e-01 1.000000e-09 1           
100:         3.241627e-01 6.758373e-01 1.000000e-09 1           
101:         7.961533e-01 2.038467e-01 1.000000e-09 1           
102:         1.000000e-09 1.042850e-01 8.957150e-01 1           
103:         1.000000e-09 6.076629e-01 3.923371e-01 1           
104:         1.000000e-09 1.000000e-09 1.000000e+00 1           
105:         1.000000e-09 1.000000e-09 1.000000e+00 1           
106:         2.217985e-01 1.000000e-09 7.782015e-01 1           
107:         1.000000e-09 7.746253e-02 9.225375e-01 1           
108:         1.000000e-09 1.000000e-09 1.000000e+00 1           
109:         1.000000e-09 1.000000e-09 1.000000e+00 1           
110:         1.181768e-01 1.000000e-09 8.818232e-01 1           
111:         5.257925e-09 1.000000e-09 1.000000e+00 1           
112:         1.000000e-09 9.695899e-02 9.030410e-01 1           
113:         1.000000e-09 1.000000e-09 1.000000e+00 1           
114:         2.455570e-01 1.000000e-09 7.544430e-01 1           
115:         1.000000e-09 1.000000e-09 1.000000e+00 1           
116:         1.000000e-09 1.000000e-09 1.000000e+00 1           
117:         1.000000e-09 9.177850e-02 9.082215e-01 1           
118:         5.238135e-01 1.000000e-09 4.761865e-01 1           
119:         1.371247e-01 1.000000e-09 8.628753e-01 1           
120:         5.198203e-02 1.000000e-09 9.480180e-01 1           
121:         3.557673e-01 1.000000e-09 6.442327e-01 1           
122:         1.000000e-09 2.032424e-01 7.967576e-01 1           
123:         1.000000e-09 4.492605e-01 5.507395e-01 1           
124:         1.000000e-09 2.248689e-01 7.751311e-01 1           
125:         1.000000e-09 1.288476e-01 8.711524e-01 1           
126:         1.000000e-09 1.839627e-01 8.160373e-01 1           
127:         1.000000e-09 1.000000e-09 1.000000e+00 1           
128:         1.000000e-09 4.580549e-02 9.541945e-01 1           
129:         1.000000e-09 9.486251e-06 9.999905e-01 1           
130:         1.000000e-09 2.045292e-01 7.954708e-01 1           
131:         6.161900e-01 3.838100e-01 1.000000e-09 1           
132:         1.000000e-09 1.000000e+00 1.000000e-09 1           
133:         1.000000e-09 1.000000e+00 1.000000e-09 1           
134:         1.000000e-09 1.000000e+00 1.000000e-09 1           
135:         2.535102e-01 7.464898e-01 1.000000e-09 1           
136:         1.000000e+00 1.000000e-09 1.000000e-09 1           
137:         1.000000e+00 1.000000e-09 1.000000e-09 1           
138:         9.667356e-01 3.326442e-02 1.000000e-09 1           
139:         1.000000e+00 1.000000e-09 1.000000e-09 1           
140:         3.194983e-01 6.804900e-01 1.168823e-05 1           
141:         5.983222e-01 4.016778e-01 1.000000e-09 1           
142:         7.891103e-01 1.000000e-09 2.108897e-01 1           
143:         6.514637e-01 3.485363e-01 1.000000e-09 1           
144:         1.000000e-09 1.000000e+00 1.000000e-09 1           
145:         5.383258e-01 4.616742e-01 1.000000e-09 1           
146:         3.480767e-01 6.519233e-01 1.000000e-09 1           
147:         1.000000e+00 1.000000e-09 1.000000e-09 1           
148:         1.000000e-09 1.000000e+00 1.000000e-09 1           
149:         3.797995e-01 6.202005e-01 1.000000e-09 1           
150:         2.578180e-04 6.309677e-01 3.687745e-01 1           
151:         1.703696e-01 5.038862e-01 3.257442e-01 1           
152:         1.000000e-09 1.000000e+00 1.000000e-09 1           
153:         1.000000e+00 1.000000e-09 1.000000e-09 1           
154:         1.000000e-09 1.000000e+00 1.000000e-09 1           
155:         1.000000e+00 1.000000e-09 1.000000e-09 1           
156:         8.767611e-01 1.000000e-09 1.232389e-01 1           
157:         9.296290e-01 7.037085e-02 1.020960e-07 1           
158:         1.751841e-01 8.248159e-01 7.347529e-09 1           
159:         1.000000e-09 6.801985e-01 3.198015e-01 1           
160:         1.000000e-09 1.000000e+00 1.000000e-09 1           
161:         1.000000e-09 1.000000e+00 1.000000e-09 1           
162:         1.000000e+00 1.000000e-09 1.000000e-09 1           
163:         4.783985e-01 5.207213e-01 8.801847e-04 1           
164:         2.164830e-01 7.835170e-01 1.000000e-09 1           
165:         3.022334e-01 4.851843e-01 2.125822e-01 1           
166:         3.306421e-01 6.693579e-01 1.000000e-09 1           
167:         4.885450e-01 5.114550e-01 1.000000e-09 1           
168:         6.278450e-01 3.721550e-01 1.000000e-09 1           
169:         1.925488e-02 9.807451e-01 1.000000e-09 1           
170:         2.445725e-01 7.554275e-01 1.000000e-09 1           
171:         1.000000e-09 1.000000e+00 1.000000e-09 1           
172:         1.000000e-09 1.000000e+00 1.000000e-09 1           
173:         7.385548e-01 2.614452e-01 1.000000e-09 1           
174:         4.862449e-01 5.137551e-01 1.000000e-09 1           
175:         1.000000e+00 1.000000e-09 1.000000e-09 1           
176:         1.000000e+00 1.000000e-09 1.000000e-09 1           
177:         1.000000e+00 1.000000e-09 1.000000e-09 1           
178:         1.000000e+00 1.000000e-09 1.000000e-09 1           
179:         1.000000e+00 1.000000e-09 1.000000e-09 1           
180:         1.000000e+00 1.000000e-09 1.000000e-09 1           
181:         1.000000e-09 3.503361e-01 6.496639e-01 1           
              
              
1:           6.169583e-01 1.000000e-09 3.830417e-01 1           
2:           1.000000e-09 4.362900e-04 9.995637e-01 1           
3:           1.000000e-09 9.435425e-02 9.056457e-01 1           
4:           1.000000e-09 5.632236e-02 9.436776e-01 1           
5:           1.606282e-01 2.323202e-02 8.161398e-01 1           
6:           6.164572e-03 1.000000e-09 9.938354e-01 1           
7:           6.882952e-04 2.328690e-01 7.664427e-01 1           
8:           5.912323e-01 4.087677e-01 1.000000e-09 1           
9:           1.275148e-03 6.934830e-02 9.293766e-01 1           
10:          5.315870e-01 4.684130e-01 1.000000e-09 1           
11:          1.000000e+00 1.000000e-09 1.000000e-09 1           
12:          1.000000e-09 8.923152e-02 9.107685e-01 1           
13:          1.000000e-09 3.521058e-01 6.478942e-01 1           
14:          1.000000e-09 1.000000e-09 1.000000e+00 1           
15:          1.412101e-01 1.000000e-09 8.587899e-01 1           
16:          4.768600e-01 1.000000e-09 5.231400e-01 1           
17:          1.000000e-09 1.000000e-09 1.000000e+00 1           
18:          1.000000e-09 9.546074e-02 9.045393e-01 1           
19:          2.508920e-01 1.000000e-09 7.491080e-01 1           
20:          2.606937e-01 1.021223e-03 7.382851e-01 1           
21:          1.955883e-01 2.370547e-02 7.807062e-01 1           
22:          1.000000e-09 5.419881e-01 4.580119e-01 1           
23:          9.998150e-01 1.000000e-09 1.850156e-04 1           
24:          3.170358e-01 1.000000e-09 6.829642e-01 1           
25:          1.084368e-01 1.000000e-09 8.915632e-01 1           
26:          1.795145e-01 8.204855e-01 1.000000e-09 1           
27:          5.643925e-01 1.000000e-09 4.356075e-01 1           
28:          5.164970e-01 1.550148e-01 3.284881e-01 1           
29:          5.184228e-01 1.000000e-09 4.815772e-01 1           
30:          4.508526e-01 1.000000e-09 5.491474e-01 1           
31:          3.483519e-01 1.000000e-09 6.516481e-01 1           
32:          1.000000e-09 2.975648e-01 7.024352e-01 1           
33:          6.063819e-02 3.465970e-01 5.927648e-01 1           
34:          6.378825e-02 1.868367e-01 7.493750e-01 1           
35:          1.000000e-09 1.225539e-02 9.877446e-01 1           
36:          1.000000e-09 1.000000e-09 1.000000e+00 1           
37:          1.000000e-09 1.000000e-09 1.000000e+00 1           
38:          2.512711e-02 2.471239e-01 7.277490e-01 1           
39:          5.913746e-01 1.000000e-09 4.086254e-01 1           
40:          1.000000e-09 1.000000e-09 1.000000e+00 1           
41:          1.000000e-09 1.000000e-09 1.000000e+00 1           
42:          1.000000e-09 3.583586e-01 6.416414e-01 1           
43:          1.000000e+00 1.000000e-09 1.000000e-09 1           
44:          1.000000e+00 1.000000e-09 1.000000e-09 1           
45:          1.000000e+00 1.000000e-09 1.000000e-09 1           
46:          1.000000e-09 1.000000e+00 1.000000e-09 1           
47:          8.939408e-01 1.000000e-09 1.060592e-01 1           
48:          1.000000e+00 1.000000e-09 1.000000e-09 1           
49:          9.560702e-01 4.392979e-02 1.000000e-09 1           
50:          1.000000e+00 1.000000e-09 1.000000e-09 1           
51:          5.916760e-01 4.083240e-01 1.000000e-09 1           
52:          1.713884e-01 8.286116e-01 1.000000e-09 1           
53:          1.000000e+00 1.000000e-09 1.000000e-09 1           
54:          1.000000e+00 1.000000e-09 1.000000e-09 1           
55:          1.000000e+00 1.000000e-09 1.000000e-09 1           
56:          1.000000e+00 1.000000e-09 1.000000e-09 1           
57:          5.196686e-01 4.803314e-01 2.571793e-08 1           
58:          1.000000e-09 1.000000e+00 1.000000e-09 1           
59:          3.262760e-01 6.737240e-01 1.000000e-09 1           
60:          1.000000e-09 1.000000e+00 1.000000e-09 1           
61:          1.000000e-09 1.000000e+00 1.000000e-09 1           
62:          4.248184e-01 5.751816e-01 1.000000e-09 1           
63:          3.465972e-01 6.534028e-01 1.000000e-09 1           
64:          4.290194e-01 5.709806e-01 1.000000e-09 1           
65:          1.000000e-09 4.004549e-01 5.995451e-01 1           
66:          4.178653e-01 1.000000e-09 5.821347e-01 1           
67:          3.343465e-01 4.851319e-01 1.805216e-01 1           
68:          6.664184e-01 3.335816e-01 1.000000e-09 1           
69:          1.000000e-09 5.638246e-02 9.436175e-01 1           
70:          1.000000e-09 1.535475e-01 8.464525e-01 1           
71:          7.795479e-01 2.204521e-01 1.000000e-09 1           
72:          7.112372e-01 2.887628e-01 1.000000e-09 1           
73:          4.243245e-01 5.756755e-01 1.000000e-09 1           
74:          1.000000e+00 1.000000e-09 1.000000e-09 1           
75:          3.884437e-01 6.115563e-01 1.000000e-09 1           
76:          6.792986e-01 3.207014e-01 1.000000e-09 1           
77:          1.000000e+00 1.000000e-09 1.000000e-09 1           
78:          8.567511e-01 1.432489e-01 1.000000e-09 1           
79:          1.000000e-09 1.000000e+00 1.000000e-09 1           
80:          1.000000e-09 4.691994e-01 5.308006e-01 1           
81:          4.357811e-01 5.642189e-01 1.000000e-09 1           
82:          1.000000e-09 1.000000e+00 1.000000e-09 1           
83:          1.000000e-09 1.000000e+00 1.000000e-09 1           
84:          2.461212e-01 7.538788e-01 1.000000e-09 1           
85:          6.594654e-01 3.405346e-01 1.000000e-09 1           
86:          1.000000e-09 1.000000e+00 1.000000e-09 1           
87:          4.400413e-01 5.217263e-01 3.823244e-02 1           
88:          2.251648e-01 4.096772e-02 7.338674e-01 1           
89:          1.000000e-09 1.000000e+00 1.000000e-09 1           
90:          1.000000e-09 3.205403e-01 6.794597e-01 1           
91:          1.000000e+00 1.000000e-09 1.000000e-09 1           
92:          7.020908e-01 2.979092e-01 1.000000e-09 1           
93:          6.182543e-01 3.817457e-01 1.000000e-09 1           
94:          5.133863e-01 4.866137e-01 1.000000e-09 1           
95:          1.000000e+00 1.000000e-09 1.000000e-09 1           
96:          5.642554e-01 4.357446e-01 1.000000e-09 1           
97:          8.659412e-01 1.340588e-01 1.000000e-09 1           
98:          1.000000e-09 1.000000e+00 1.000000e-09 1           
99:          4.289069e-01 5.710931e-01 1.000000e-09 1           
100:         3.241627e-01 6.758373e-01 1.000000e-09 1           
101:         7.961533e-01 2.038467e-01 1.000000e-09 1           
102:         1.000000e-09 1.042850e-01 8.957150e-01 1           
103:         1.000000e-09 6.076629e-01 3.923371e-01 1           
104:         1.000000e-09 1.000000e-09 1.000000e+00 1           
105:         1.000000e-09 1.000000e-09 1.000000e+00 1           
106:         2.217985e-01 1.000000e-09 7.782015e-01 1           
107:         1.000000e-09 7.746253e-02 9.225375e-01 1           
108:         1.000000e-09 1.000000e-09 1.000000e+00 1           
109:         1.000000e-09 1.000000e-09 1.000000e+00 1           
110:         1.181768e-01 1.000000e-09 8.818232e-01 1           
111:         5.257925e-09 1.000000e-09 1.000000e+00 1           
112:         1.000000e-09 9.695899e-02 9.030410e-01 1           
113:         1.000000e-09 1.000000e-09 1.000000e+00 1           
114:         2.455570e-01 1.000000e-09 7.544430e-01 1           
115:         1.000000e-09 1.000000e-09 1.000000e+00 1           
116:         1.000000e-09 1.000000e-09 1.000000e+00 1           
117:         1.000000e-09 9.177850e-02 9.082215e-01 1           
118:         5.238135e-01 1.000000e-09 4.761865e-01 1           
119:         1.371247e-01 1.000000e-09 8.628753e-01 1           
120:         5.198203e-02 1.000000e-09 9.480180e-01 1           
121:         3.557673e-01 1.000000e-09 6.442327e-01 1           
122:         1.000000e-09 2.032424e-01 7.967576e-01 1           
123:         1.000000e-09 4.492605e-01 5.507395e-01 1           
124:         1.000000e-09 2.248689e-01 7.751311e-01 1           
125:         1.000000e-09 1.288476e-01 8.711524e-01 1           
126:         1.000000e-09 1.839627e-01 8.160373e-01 1           
127:         1.000000e-09 1.000000e-09 1.000000e+00 1           
128:         1.000000e-09 4.580549e-02 9.541945e-01 1           
129:         1.000000e-09 9.486251e-06 9.999905e-01 1           
130:         1.000000e-09 2.045292e-01 7.954708e-01 1           
131:         6.161900e-01 3.838100e-01 1.000000e-09 1           
132:         1.000000e-09 1.000000e+00 1.000000e-09 1           
133:         1.000000e-09 1.000000e+00 1.000000e-09 1           
134:         1.000000e-09 1.000000e+00 1.000000e-09 1           
135:         2.535102e-01 7.464898e-01 1.000000e-09 1           
136:         1.000000e+00 1.000000e-09 1.000000e-09 1           
137:         1.000000e+00 1.000000e-09 1.000000e-09 1           
138:         9.667356e-01 3.326442e-02 1.000000e-09 1           
139:         1.000000e+00 1.000000e-09 1.000000e-09 1           
140:         3.194983e-01 6.804900e-01 1.168823e-05 1           
141:         5.983222e-01 4.016778e-01 1.000000e-09 1           
142:         7.891103e-01 1.000000e-09 2.108897e-01 1           
143:         6.514637e-01 3.485363e-01 1.000000e-09 1           
144:         1.000000e-09 1.000000e+00 1.000000e-09 1           
145:         5.383258e-01 4.616742e-01 1.000000e-09 1           
146:         3.480767e-01 6.519233e-01 1.000000e-09 1           
147:         1.000000e+00 1.000000e-09 1.000000e-09 1           
148:         1.000000e-09 1.000000e+00 1.000000e-09 1           
149:         3.797995e-01 6.202005e-01 1.000000e-09 1           
150:         2.578180e-04 6.309677e-01 3.687745e-01 1           
151:         1.703696e-01 5.038862e-01 3.257442e-01 1           
152:         1.000000e-09 1.000000e+00 1.000000e-09 1           
153:         1.000000e+00 1.000000e-09 1.000000e-09 1           
154:         1.000000e-09 1.000000e+00 1.000000e-09 1           
155:         1.000000e+00 1.000000e-09 1.000000e-09 1           
156:         8.767611e-01 1.000000e-09 1.232389e-01 1           
157:         9.296290e-01 7.037085e-02 1.020960e-07 1           
158:         1.751841e-01 8.248159e-01 7.347529e-09 1           
159:         1.000000e-09 6.801985e-01 3.198015e-01 1           
160:         1.000000e-09 1.000000e+00 1.000000e-09 1           
161:         1.000000e-09 1.000000e+00 1.000000e-09 1           
162:         1.000000e+00 1.000000e-09 1.000000e-09 1           
163:         4.783985e-01 5.207213e-01 8.801847e-04 1           
164:         2.164830e-01 7.835170e-01 1.000000e-09 1           
165:         3.022334e-01 4.851843e-01 2.125822e-01 1           
166:         3.306421e-01 6.693579e-01 1.000000e-09 1           
167:         4.885450e-01 5.114550e-01 1.000000e-09 1           
168:         6.278450e-01 3.721550e-01 1.000000e-09 1           
169:         1.925488e-02 9.807451e-01 1.000000e-09 1           
170:         2.445725e-01 7.554275e-01 1.000000e-09 1           
171:         1.000000e-09 1.000000e+00 1.000000e-09 1           
172:         1.000000e-09 1.000000e+00 1.000000e-09 1           
173:         7.385548e-01 2.614452e-01 1.000000e-09 1           
174:         4.862449e-01 5.137551e-01 1.000000e-09 1           
175:         1.000000e+00 1.000000e-09 1.000000e-09 1           
176:         1.000000e+00 1.000000e-09 1.000000e-09 1           
177:         1.000000e+00 1.000000e-09 1.000000e-09 1           
178:         1.000000e+00 1.000000e-09 1.000000e-09 1           
179:         1.000000e+00 1.000000e-09 1.000000e-09 1           
180:         1.000000e+00 1.000000e-09 1.000000e-09 1           
181:         1.000000e-09 3.503361e-01 6.496639e-01 1           
              
              
1:           6.169583e-01 1.000000e-09 3.830417e-01 1           
2:           1.000000e-09 4.362900e-04 9.995637e-01 1           
3:           1.000000e-09 9.435425e-02 9.056457e-01 1           
4:           1.000000e-09 5.632236e-02 9.436776e-01 1           
5:           1.606282e-01 2.323202e-02 8.161398e-01 1           
6:           6.164572e-03 1.000000e-09 9.938354e-01 1           
7:           6.882952e-04 2.328690e-01 7.664427e-01 1           
8:           5.912323e-01 4.087677e-01 1.000000e-09 1           
9:           1.275148e-03 6.934830e-02 9.293766e-01 1           
10:          5.315870e-01 4.684130e-01 1.000000e-09 1           
11:          1.000000e+00 1.000000e-09 1.000000e-09 1           
12:          1.000000e-09 8.923152e-02 9.107685e-01 1           
13:          1.000000e-09 3.521058e-01 6.478942e-01 1           
14:          1.000000e-09 1.000000e-09 1.000000e+00 1           
15:          1.412101e-01 1.000000e-09 8.587899e-01 1           
16:          4.768600e-01 1.000000e-09 5.231400e-01 1           
17:          1.000000e-09 1.000000e-09 1.000000e+00 1           
18:          1.000000e-09 9.546074e-02 9.045393e-01 1           
19:          2.508920e-01 1.000000e-09 7.491080e-01 1           
20:          2.606937e-01 1.021223e-03 7.382851e-01 1           
21:          1.955883e-01 2.370547e-02 7.807062e-01 1           
22:          1.000000e-09 5.419881e-01 4.580119e-01 1           
23:          9.998150e-01 1.000000e-09 1.850156e-04 1           
24:          3.170358e-01 1.000000e-09 6.829642e-01 1           
25:          1.084368e-01 1.000000e-09 8.915632e-01 1           
26:          1.795145e-01 8.204855e-01 1.000000e-09 1           
27:          5.643925e-01 1.000000e-09 4.356075e-01 1           
28:          5.164970e-01 1.550148e-01 3.284881e-01 1           
29:          5.184228e-01 1.000000e-09 4.815772e-01 1           
30:          4.508526e-01 1.000000e-09 5.491474e-01 1           
31:          3.483519e-01 1.000000e-09 6.516481e-01 1           
32:          1.000000e-09 2.975648e-01 7.024352e-01 1           
33:          6.063819e-02 3.465970e-01 5.927648e-01 1           
34:          6.378825e-02 1.868367e-01 7.493750e-01 1           
35:          1.000000e-09 1.225539e-02 9.877446e-01 1           
36:          1.000000e-09 1.000000e-09 1.000000e+00 1           
37:          1.000000e-09 1.000000e-09 1.000000e+00 1           
38:          2.512711e-02 2.471239e-01 7.277490e-01 1           
39:          5.913746e-01 1.000000e-09 4.086254e-01 1           
40:          1.000000e-09 1.000000e-09 1.000000e+00 1           
41:          1.000000e-09 1.000000e-09 1.000000e+00 1           
42:          1.000000e-09 3.583586e-01 6.416414e-01 1           
43:          1.000000e+00 1.000000e-09 1.000000e-09 1           
44:          1.000000e+00 1.000000e-09 1.000000e-09 1           
45:          1.000000e+00 1.000000e-09 1.000000e-09 1           
46:          1.000000e-09 1.000000e+00 1.000000e-09 1           
47:          8.939408e-01 1.000000e-09 1.060592e-01 1           
48:          1.000000e+00 1.000000e-09 1.000000e-09 1           
49:          9.560702e-01 4.392979e-02 1.000000e-09 1           
50:          1.000000e+00 1.000000e-09 1.000000e-09 1           
51:          5.916760e-01 4.083240e-01 1.000000e-09 1           
52:          1.713884e-01 8.286116e-01 1.000000e-09 1           
53:          1.000000e+00 1.000000e-09 1.000000e-09 1           
54:          1.000000e+00 1.000000e-09 1.000000e-09 1           
55:          1.000000e+00 1.000000e-09 1.000000e-09 1           
56:          1.000000e+00 1.000000e-09 1.000000e-09 1           
57:          5.196686e-01 4.803314e-01 2.571793e-08 1           
58:          1.000000e-09 1.000000e+00 1.000000e-09 1           
59:          3.262760e-01 6.737240e-01 1.000000e-09 1           
60:          1.000000e-09 1.000000e+00 1.000000e-09 1           
61:          1.000000e-09 1.000000e+00 1.000000e-09 1           
62:          4.248184e-01 5.751816e-01 1.000000e-09 1           
63:          3.465972e-01 6.534028e-01 1.000000e-09 1           
64:          4.290194e-01 5.709806e-01 1.000000e-09 1           
65:          1.000000e-09 4.004549e-01 5.995451e-01 1           
66:          4.178653e-01 1.000000e-09 5.821347e-01 1           
67:          3.343465e-01 4.851319e-01 1.805216e-01 1           
68:          6.664184e-01 3.335816e-01 1.000000e-09 1           
69:          1.000000e-09 5.638246e-02 9.436175e-01 1           
70:          1.000000e-09 1.535475e-01 8.464525e-01 1           
71:          7.795479e-01 2.204521e-01 1.000000e-09 1           
72:          7.112372e-01 2.887628e-01 1.000000e-09 1           
73:          4.243245e-01 5.756755e-01 1.000000e-09 1           
74:          1.000000e+00 1.000000e-09 1.000000e-09 1           
75:          3.884437e-01 6.115563e-01 1.000000e-09 1           
76:          6.792986e-01 3.207014e-01 1.000000e-09 1           
77:          1.000000e+00 1.000000e-09 1.000000e-09 1           
78:          8.567511e-01 1.432489e-01 1.000000e-09 1           
79:          1.000000e-09 1.000000e+00 1.000000e-09 1           
80:          1.000000e-09 4.691994e-01 5.308006e-01 1           
81:          4.357811e-01 5.642189e-01 1.000000e-09 1           
82:          1.000000e-09 1.000000e+00 1.000000e-09 1           
83:          1.000000e-09 1.000000e+00 1.000000e-09 1           
84:          2.461212e-01 7.538788e-01 1.000000e-09 1           
85:          6.594654e-01 3.405346e-01 1.000000e-09 1           
86:          1.000000e-09 1.000000e+00 1.000000e-09 1           
87:          4.400413e-01 5.217263e-01 3.823244e-02 1           
88:          2.251648e-01 4.096772e-02 7.338674e-01 1           
89:          1.000000e-09 1.000000e+00 1.000000e-09 1           
90:          1.000000e-09 3.205403e-01 6.794597e-01 1           
91:          1.000000e+00 1.000000e-09 1.000000e-09 1           
92:          7.020908e-01 2.979092e-01 1.000000e-09 1           
93:          6.182543e-01 3.817457e-01 1.000000e-09 1           
94:          5.133863e-01 4.866137e-01 1.000000e-09 1           
95:          1.000000e+00 1.000000e-09 1.000000e-09 1           
96:          5.642554e-01 4.357446e-01 1.000000e-09 1           
97:          8.659412e-01 1.340588e-01 1.000000e-09 1           
98:          1.000000e-09 1.000000e+00 1.000000e-09 1           
99:          4.289069e-01 5.710931e-01 1.000000e-09 1           
100:         3.241627e-01 6.758373e-01 1.000000e-09 1           
101:         7.961533e-01 2.038467e-01 1.000000e-09 1           
102:         1.000000e-09 1.042850e-01 8.957150e-01 1           
103:         1.000000e-09 6.076629e-01 3.923371e-01 1           
104:         1.000000e-09 1.000000e-09 1.000000e+00 1           
105:         1.000000e-09 1.000000e-09 1.000000e+00 1           
106:         2.217985e-01 1.000000e-09 7.782015e-01 1           
107:         1.000000e-09 7.746253e-02 9.225375e-01 1           
108:         1.000000e-09 1.000000e-09 1.000000e+00 1           
109:         1.000000e-09 1.000000e-09 1.000000e+00 1           
110:         1.181768e-01 1.000000e-09 8.818232e-01 1           
111:         5.257925e-09 1.000000e-09 1.000000e+00 1           
112:         1.000000e-09 9.695899e-02 9.030410e-01 1           
113:         1.000000e-09 1.000000e-09 1.000000e+00 1           
114:         2.455570e-01 1.000000e-09 7.544430e-01 1           
115:         1.000000e-09 1.000000e-09 1.000000e+00 1           
116:         1.000000e-09 1.000000e-09 1.000000e+00 1           
117:         1.000000e-09 9.177850e-02 9.082215e-01 1           
118:         5.238135e-01 1.000000e-09 4.761865e-01 1           
119:         1.371247e-01 1.000000e-09 8.628753e-01 1           
120:         5.198203e-02 1.000000e-09 9.480180e-01 1           
121:         3.557673e-01 1.000000e-09 6.442327e-01 1           
122:         1.000000e-09 2.032424e-01 7.967576e-01 1           
123:         1.000000e-09 4.492605e-01 5.507395e-01 1           
124:         1.000000e-09 2.248689e-01 7.751311e-01 1           
125:         1.000000e-09 1.288476e-01 8.711524e-01 1           
126:         1.000000e-09 1.839627e-01 8.160373e-01 1           
127:         1.000000e-09 1.000000e-09 1.000000e+00 1           
128:         1.000000e-09 4.580549e-02 9.541945e-01 1           
129:         1.000000e-09 9.486251e-06 9.999905e-01 1           
130:         1.000000e-09 2.045292e-01 7.954708e-01 1           
131:         6.161900e-01 3.838100e-01 1.000000e-09 1           
132:         1.000000e-09 1.000000e+00 1.000000e-09 1           
133:         1.000000e-09 1.000000e+00 1.000000e-09 1           
134:         1.000000e-09 1.000000e+00 1.000000e-09 1           
135:         2.535102e-01 7.464898e-01 1.000000e-09 1           
136:         1.000000e+00 1.000000e-09 1.000000e-09 1           
137:         1.000000e+00 1.000000e-09 1.000000e-09 1           
138:         9.667356e-01 3.326442e-02 1.000000e-09 1           
139:         1.000000e+00 1.000000e-09 1.000000e-09 1           
140:         3.194983e-01 6.804900e-01 1.168823e-05 1           
141:         5.983222e-01 4.016778e-01 1.000000e-09 1           
142:         7.891103e-01 1.000000e-09 2.108897e-01 1           
143:         6.514637e-01 3.485363e-01 1.000000e-09 1           
144:         1.000000e-09 1.000000e+00 1.000000e-09 1           
145:         5.383258e-01 4.616742e-01 1.000000e-09 1           
146:         3.480767e-01 6.519233e-01 1.000000e-09 1           
147:         1.000000e+00 1.000000e-09 1.000000e-09 1           
148:         1.000000e-09 1.000000e+00 1.000000e-09 1           
149:         3.797995e-01 6.202005e-01 1.000000e-09 1           
150:         2.578180e-04 6.309677e-01 3.687745e-01 1           
151:         1.703696e-01 5.038862e-01 3.257442e-01 1           
152:         1.000000e-09 1.000000e+00 1.000000e-09 1           
153:         1.000000e+00 1.000000e-09 1.000000e-09 1           
154:         1.000000e-09 1.000000e+00 1.000000e-09 1           
155:         1.000000e+00 1.000000e-09 1.000000e-09 1           
156:         8.767611e-01 1.000000e-09 1.232389e-01 1           
157:         9.296290e-01 7.037085e-02 1.020960e-07 1           
158:         1.751841e-01 8.248159e-01 7.347529e-09 1           
159:         1.000000e-09 6.801985e-01 3.198015e-01 1           
160:         1.000000e-09 1.000000e+00 1.000000e-09 1           
161:         1.000000e-09 1.000000e+00 1.000000e-09 1           
162:         1.000000e+00 1.000000e-09 1.000000e-09 1           
163:         4.783985e-01 5.207213e-01 8.801847e-04 1           
164:         2.164830e-01 7.835170e-01 1.000000e-09 1           
165:         3.022334e-01 4.851843e-01 2.125822e-01 1           
166:         3.306421e-01 6.693579e-01 1.000000e-09 1           
167:         4.885450e-01 5.114550e-01 1.000000e-09 1           
168:         6.278450e-01 3.721550e-01 1.000000e-09 1           
169:         1.925488e-02 9.807451e-01 1.000000e-09 1           
170:         2.445725e-01 7.554275e-01 1.000000e-09 1           
171:         1.000000e-09 1.000000e+00 1.000000e-09 1           
172:         1.000000e-09 1.000000e+00 1.000000e-09 1           
173:         7.385548e-01 2.614452e-01 1.000000e-09 1           
174:         4.862449e-01 5.137551e-01 1.000000e-09 1           
175:         1.000000e+00 1.000000e-09 1.000000e-09 1           
176:         1.000000e+00 1.000000e-09 1.000000e-09 1           
177:         1.000000e+00 1.000000e-09 1.000000e-09 1           
178:         1.000000e+00 1.000000e-09 1.000000e-09 1           
179:         1.000000e+00 1.000000e-09 1.000000e-09 1           
180:         1.000000e+00 1.000000e-09 1.000000e-09 1           
181:         1.000000e-09 3.503361e-01 6.496639e-01 1           
              
              
1:           6.169583e-01 1.000000e-09 3.830417e-01 1           
2:           1.000000e-09 4.362900e-04 9.995637e-01 1           
3:           1.000000e-09 9.435425e-02 9.056457e-01 1           
4:           1.000000e-09 5.632236e-02 9.436776e-01 1           
5:           1.606282e-01 2.323202e-02 8.161398e-01 1           
6:           6.164572e-03 1.000000e-09 9.938354e-01 1           
7:           6.882952e-04 2.328690e-01 7.664427e-01 1           
8:           5.912323e-01 4.087677e-01 1.000000e-09 1           
9:           1.275148e-03 6.934830e-02 9.293766e-01 1           
10:          5.315870e-01 4.684130e-01 1.000000e-09 1           
11:          1.000000e+00 1.000000e-09 1.000000e-09 1           
12:          1.000000e-09 8.923152e-02 9.107685e-01 1           
13:          1.000000e-09 3.521058e-01 6.478942e-01 1           
14:          1.000000e-09 1.000000e-09 1.000000e+00 1           
15:          1.412101e-01 1.000000e-09 8.587899e-01 1           
16:          4.768600e-01 1.000000e-09 5.231400e-01 1           
17:          1.000000e-09 1.000000e-09 1.000000e+00 1           
18:          1.000000e-09 9.546074e-02 9.045393e-01 1           
19:          2.508920e-01 1.000000e-09 7.491080e-01 1           
20:          2.606937e-01 1.021223e-03 7.382851e-01 1           
21:          1.955883e-01 2.370547e-02 7.807062e-01 1           
22:          1.000000e-09 5.419881e-01 4.580119e-01 1           
23:          9.998150e-01 1.000000e-09 1.850156e-04 1           
24:          3.170358e-01 1.000000e-09 6.829642e-01 1           
25:          1.084368e-01 1.000000e-09 8.915632e-01 1           
26:          1.795145e-01 8.204855e-01 1.000000e-09 1           
27:          5.643925e-01 1.000000e-09 4.356075e-01 1           
28:          5.164970e-01 1.550148e-01 3.284881e-01 1           
29:          5.184228e-01 1.000000e-09 4.815772e-01 1           
30:          4.508526e-01 1.000000e-09 5.491474e-01 1           
31:          3.483519e-01 1.000000e-09 6.516481e-01 1           
32:          1.000000e-09 2.975648e-01 7.024352e-01 1           
33:          6.063819e-02 3.465970e-01 5.927648e-01 1           
34:          6.378825e-02 1.868367e-01 7.493750e-01 1           
35:          1.000000e-09 1.225539e-02 9.877446e-01 1           
36:          1.000000e-09 1.000000e-09 1.000000e+00 1           
37:          1.000000e-09 1.000000e-09 1.000000e+00 1           
38:          2.512711e-02 2.471239e-01 7.277490e-01 1           
39:          5.913746e-01 1.000000e-09 4.086254e-01 1           
40:          1.000000e-09 1.000000e-09 1.000000e+00 1           
41:          1.000000e-09 1.000000e-09 1.000000e+00 1           
42:          1.000000e-09 3.583586e-01 6.416414e-01 1           
43:          1.000000e+00 1.000000e-09 1.000000e-09 1           
44:          1.000000e+00 1.000000e-09 1.000000e-09 1           
45:          1.000000e+00 1.000000e-09 1.000000e-09 1           
46:          1.000000e-09 1.000000e+00 1.000000e-09 1           
47:          8.939408e-01 1.000000e-09 1.060592e-01 1           
48:          1.000000e+00 1.000000e-09 1.000000e-09 1           
49:          9.560702e-01 4.392979e-02 1.000000e-09 1           
50:          1.000000e+00 1.000000e-09 1.000000e-09 1           
51:          5.916760e-01 4.083240e-01 1.000000e-09 1           
52:          1.713884e-01 8.286116e-01 1.000000e-09 1           
53:          1.000000e+00 1.000000e-09 1.000000e-09 1           
54:          1.000000e+00 1.000000e-09 1.000000e-09 1           
55:          1.000000e+00 1.000000e-09 1.000000e-09 1           
56:          1.000000e+00 1.000000e-09 1.000000e-09 1           
57:          5.196686e-01 4.803314e-01 2.571793e-08 1           
58:          1.000000e-09 1.000000e+00 1.000000e-09 1           
59:          3.262760e-01 6.737240e-01 1.000000e-09 1           
60:          1.000000e-09 1.000000e+00 1.000000e-09 1           
61:          1.000000e-09 1.000000e+00 1.000000e-09 1           
62:          4.248184e-01 5.751816e-01 1.000000e-09 1           
63:          3.465972e-01 6.534028e-01 1.000000e-09 1           
64:          4.290194e-01 5.709806e-01 1.000000e-09 1           
65:          1.000000e-09 4.004549e-01 5.995451e-01 1           
66:          4.178653e-01 1.000000e-09 5.821347e-01 1           
67:          3.343465e-01 4.851319e-01 1.805216e-01 1           
68:          6.664184e-01 3.335816e-01 1.000000e-09 1           
69:          1.000000e-09 5.638246e-02 9.436175e-01 1           
70:          1.000000e-09 1.535475e-01 8.464525e-01 1           
71:          7.795479e-01 2.204521e-01 1.000000e-09 1           
72:          7.112372e-01 2.887628e-01 1.000000e-09 1           
73:          4.243245e-01 5.756755e-01 1.000000e-09 1           
74:          1.000000e+00 1.000000e-09 1.000000e-09 1           
75:          3.884437e-01 6.115563e-01 1.000000e-09 1           
76:          6.792986e-01 3.207014e-01 1.000000e-09 1           
77:          1.000000e+00 1.000000e-09 1.000000e-09 1           
78:          8.567511e-01 1.432489e-01 1.000000e-09 1           
79:          1.000000e-09 1.000000e+00 1.000000e-09 1           
80:          1.000000e-09 4.691994e-01 5.308006e-01 1           
81:          4.357811e-01 5.642189e-01 1.000000e-09 1           
82:          1.000000e-09 1.000000e+00 1.000000e-09 1           
83:          1.000000e-09 1.000000e+00 1.000000e-09 1           
84:          2.461212e-01 7.538788e-01 1.000000e-09 1           
85:          6.594654e-01 3.405346e-01 1.000000e-09 1           
86:          1.000000e-09 1.000000e+00 1.000000e-09 1           
87:          4.400413e-01 5.217263e-01 3.823244e-02 1           
88:          2.251648e-01 4.096772e-02 7.338674e-01 1           
89:          1.000000e-09 1.000000e+00 1.000000e-09 1           
90:          1.000000e-09 3.205403e-01 6.794597e-01 1           
91:          1.000000e+00 1.000000e-09 1.000000e-09 1           
92:          7.020908e-01 2.979092e-01 1.000000e-09 1           
93:          6.182543e-01 3.817457e-01 1.000000e-09 1           
94:          5.133863e-01 4.866137e-01 1.000000e-09 1           
95:          1.000000e+00 1.000000e-09 1.000000e-09 1           
96:          5.642554e-01 4.357446e-01 1.000000e-09 1           
97:          8.659412e-01 1.340588e-01 1.000000e-09 1           
98:          1.000000e-09 1.000000e+00 1.000000e-09 1           
99:          4.289069e-01 5.710931e-01 1.000000e-09 1           
100:         3.241627e-01 6.758373e-01 1.000000e-09 1           
101:         7.961533e-01 2.038467e-01 1.000000e-09 1           
102:         1.000000e-09 1.042850e-01 8.957150e-01 1           
103:         1.000000e-09 6.076629e-01 3.923371e-01 1           
104:         1.000000e-09 1.000000e-09 1.000000e+00 1           
105:         1.000000e-09 1.000000e-09 1.000000e+00 1           
106:         2.217985e-01 1.000000e-09 7.782015e-01 1           
107:         1.000000e-09 7.746253e-02 9.225375e-01 1           
108:         1.000000e-09 1.000000e-09 1.000000e+00 1           
109:         1.000000e-09 1.000000e-09 1.000000e+00 1           
110:         1.181768e-01 1.000000e-09 8.818232e-01 1           
111:         5.257925e-09 1.000000e-09 1.000000e+00 1           
112:         1.000000e-09 9.695899e-02 9.030410e-01 1           
113:         1.000000e-09 1.000000e-09 1.000000e+00 1           
114:         2.455570e-01 1.000000e-09 7.544430e-01 1           
115:         1.000000e-09 1.000000e-09 1.000000e+00 1           
116:         1.000000e-09 1.000000e-09 1.000000e+00 1           
117:         1.000000e-09 9.177850e-02 9.082215e-01 1           
118:         5.238135e-01 1.000000e-09 4.761865e-01 1           
119:         1.371247e-01 1.000000e-09 8.628753e-01 1           
120:         5.198203e-02 1.000000e-09 9.480180e-01 1           
121:         3.557673e-01 1.000000e-09 6.442327e-01 1           
122:         1.000000e-09 2.032424e-01 7.967576e-01 1           
123:         1.000000e-09 4.492605e-01 5.507395e-01 1           
124:         1.000000e-09 2.248689e-01 7.751311e-01 1           
125:         1.000000e-09 1.288476e-01 8.711524e-01 1           
126:         1.000000e-09 1.839627e-01 8.160373e-01 1           
127:         1.000000e-09 1.000000e-09 1.000000e+00 1           
128:         1.000000e-09 4.580549e-02 9.541945e-01 1           
129:         1.000000e-09 9.486251e-06 9.999905e-01 1           
130:         1.000000e-09 2.045292e-01 7.954708e-01 1           
131:         6.161900e-01 3.838100e-01 1.000000e-09 1           
132:         1.000000e-09 1.000000e+00 1.000000e-09 1           
133:         1.000000e-09 1.000000e+00 1.000000e-09 1           
134:         1.000000e-09 1.000000e+00 1.000000e-09 1           
135:         2.535102e-01 7.464898e-01 1.000000e-09 1           
136:         1.000000e+00 1.000000e-09 1.000000e-09 1           
137:         1.000000e+00 1.000000e-09 1.000000e-09 1           
138:         9.667356e-01 3.326442e-02 1.000000e-09 1           
139:         1.000000e+00 1.000000e-09 1.000000e-09 1           
140:         3.194983e-01 6.804900e-01 1.168823e-05 1           
141:         5.983222e-01 4.016778e-01 1.000000e-09 1           
142:         7.891103e-01 1.000000e-09 2.108897e-01 1           
143:         6.514637e-01 3.485363e-01 1.000000e-09 1           
144:         1.000000e-09 1.000000e+00 1.000000e-09 1           
145:         5.383258e-01 4.616742e-01 1.000000e-09 1           
146:         3.480767e-01 6.519233e-01 1.000000e-09 1           
147:         1.000000e+00 1.000000e-09 1.000000e-09 1           
148:         1.000000e-09 1.000000e+00 1.000000e-09 1           
149:         3.797995e-01 6.202005e-01 1.000000e-09 1           
150:         2.578180e-04 6.309677e-01 3.687745e-01 1           
151:         1.703696e-01 5.038862e-01 3.257442e-01 1           
152:         1.000000e-09 1.000000e+00 1.000000e-09 1           
153:         1.000000e+00 1.000000e-09 1.000000e-09 1           
154:         1.000000e-09 1.000000e+00 1.000000e-09 1           
155:         1.000000e+00 1.000000e-09 1.000000e-09 1           
156:         8.767611e-01 1.000000e-09 1.232389e-01 1           
157:         9.296290e-01 7.037085e-02 1.020960e-07 1           
158:         1.751841e-01 8.248159e-01 7.347529e-09 1           
159:         1.000000e-09 6.801985e-01 3.198015e-01 1           
160:         1.000000e-09 1.000000e+00 1.000000e-09 1           
161:         1.000000e-09 1.000000e+00 1.000000e-09 1           
162:         1.000000e+00 1.000000e-09 1.000000e-09 1           
163:         4.783985e-01 5.207213e-01 8.801847e-04 1           
164:         2.164830e-01 7.835170e-01 1.000000e-09 1           
165:         3.022334e-01 4.851843e-01 2.125822e-01 1           
166:         3.306421e-01 6.693579e-01 1.000000e-09 1           
167:         4.885450e-01 5.114550e-01 1.000000e-09 1           
168:         6.278450e-01 3.721550e-01 1.000000e-09 1           
169:         1.925488e-02 9.807451e-01 1.000000e-09 1           
170:         2.445725e-01 7.554275e-01 1.000000e-09 1           
171:         1.000000e-09 1.000000e+00 1.000000e-09 1           
172:         1.000000e-09 1.000000e+00 1.000000e-09 1           
173:         7.385548e-01 2.614452e-01 1.000000e-09 1           
174:         4.862449e-01 5.137551e-01 1.000000e-09 1           
175:         1.000000e+00 1.000000e-09 1.000000e-09 1           
176:         1.000000e+00 1.000000e-09 1.000000e-09 1           
177:         1.000000e+00 1.000000e-09 1.000000e-09 1           
178:         1.000000e+00 1.000000e-09 1.000000e-09 1           
179:         1.000000e+00 1.000000e-09 1.000000e-09 1           
180:         1.000000e+00 1.000000e-09 1.000000e-09 1           
181:         1.000000e-09 3.503361e-01 6.496639e-01 1           
              
              
1:           4.796493e-01 2.730389e-01 2.473118e-01 1           
2:           1.000000e-09 1.000000e+00 1.000000e-09 1           
3:           1.000000e-09 9.671021e-01 3.289793e-02 1           
4:           1.000000e-09 1.000000e+00 1.000000e-09 1           
5:           1.122533e-02 8.211723e-01 1.676024e-01 1           
6:           1.000000e-09 1.000000e+00 1.000000e-09 1           
7:           1.000000e-09 7.483199e-01 2.516801e-01 1           
8:           6.715198e-01 1.000000e-09 3.284802e-01 1           
9:           6.477809e-02 9.352219e-01 1.000000e-09 1           
10:          5.116065e-01 1.000000e-09 4.883935e-01 1           
11:          1.000000e-09 1.000000e-09 1.000000e+00 1           
12:          1.001509e-09 1.000000e+00 1.000000e-09 1           
13:          1.553653e-01 8.446347e-01 1.000000e-09 1           
14:          1.000000e-09 7.555752e-01 2.444248e-01 1           
15:          8.063747e-02 9.193625e-01 1.000000e-09 1           
16:          1.000000e-09 5.175428e-01 4.824572e-01 1           
17:          1.000000e-09 9.997864e-01 2.136466e-04 1           
18:          5.649189e-02 9.435081e-01 1.000000e-09 1           
19:          1.156586e-01 8.843414e-01 1.000000e-09 1           
20:          1.000000e-09 6.746714e-01 3.253286e-01 1           
21:          1.000000e-09 6.579591e-01 3.420409e-01 1           
22:          3.711243e-01 6.288757e-01 1.000000e-09 1           
23:          5.126872e-02 1.323488e-01 8.163825e-01 1           
24:          1.000000e-09 5.842501e-01 4.157499e-01 1           
25:          1.000000e-09 9.939868e-01 6.013157e-03 1           
26:          1.000000e-09 1.000000e-09 1.000000e+00 1           
27:          1.000000e-09 1.000000e-09 1.000000e+00 1           
28:          3.360505e-01 2.929481e-01 3.710014e-01 1           
29:          4.433341e-02 5.180017e-01 4.376649e-01 1           
30:          1.864240e-01 6.431124e-01 1.704636e-01 1           
31:          1.000000e-09 5.546365e-01 4.453635e-01 1           
32:          1.000000e-09 1.000000e+00 1.000000e-09 1           
33:          1.000000e-09 5.113032e-01 4.886968e-01 1           
34:          2.097097e-01 7.902903e-01 1.000000e-09 1           
35:          1.000000e-09 1.000000e+00 1.000000e-09 1           
36:          1.000000e-09 1.000000e+00 1.000000e-09 1           
37:          1.000000e-09 1.000000e+00 1.000000e-09 1           
38:          1.232712e-01 6.883399e-01 1.883888e-01 1           
39:          1.000000e-09 4.460068e-01 5.539932e-01 1           
40:          1.000000e-09 1.000000e+00 1.000000e-09 1           
41:          1.000000e-09 1.000000e+00 1.000000e-09 1           
42:          2.800922e-01 7.199078e-01 1.000000e-09 1           
43:          1.000000e-09 1.000000e-09 1.000000e+00 1           
44:          1.000000e-09 1.000000e-09 1.000000e+00 1           
45:          4.420819e-01 1.000000e-09 5.579181e-01 1           
46:          7.221168e-01 1.000000e-09 2.778832e-01 1           
47:          1.000000e-09 1.000000e-09 1.000000e+00 1           
48:          1.000000e-09 1.000000e-09 1.000000e+00 1           
49:          6.204183e-01 1.000000e-09 3.795817e-01 1           
50:          1.927989e-04 3.158293e-01 6.839779e-01 1           
51:          3.592027e-01 1.000000e-09 6.407973e-01 1           
52:          1.000000e-09 1.000000e-09 1.000000e+00 1           
53:          1.000000e-09 1.000000e-09 1.000000e+00 1           
54:          1.000000e-09 1.000000e-09 1.000000e+00 1           
55:          1.000000e-09 1.000000e-09 1.000000e+00 1           
56:          6.558500e-01 1.000000e-09 3.441500e-01 1           
57:          1.000000e-09 6.411857e-01 3.588143e-01 1           
58:          1.000000e+00 1.000000e-09 1.000000e-09 1           
59:          5.610561e-01 1.000000e-09 4.389439e-01 1           
60:          1.000000e+00 1.000000e-09 1.000000e-09 1           
61:          1.000000e+00 1.000000e-09 1.000000e-09 1           
62:          1.000000e+00 1.000000e-09 1.000000e-09 1           
63:          8.935825e-01 1.000000e-09 1.064175e-01 1           
64:          1.000000e+00 1.000000e-09 1.000000e-09 1           
65:          2.823939e-01 7.176061e-01 1.000000e-09 1           
66:          1.000000e-09 7.931463e-01 2.068537e-01 1           
67:          7.685742e-01 2.314258e-01 1.000000e-09 1           
68:          1.000000e+00 1.000000e-09 1.000000e-09 1           
69:          1.000000e-09 1.000000e+00 1.000000e-09 1           
70:          1.150565e-01 8.849435e-01 1.000000e-09 1           
71:          7.637156e-01 1.000000e-09 2.362844e-01 1           
72:          5.382835e-01 1.000000e-09 4.617165e-01 1           
73:          8.413036e-01 1.000000e-09 1.586964e-01 1           
74:          6.250947e-01 1.000000e-09 3.749053e-01 1           
75:          7.375088e-01 1.000000e-09 2.624912e-01 1           
76:          9.997697e-01 1.000000e-09 2.302601e-04 1           
77:          1.000000e+00 1.000000e-09 1.000000e-09 1           
78:          5.235616e-01 1.000000e-09 4.764384e-01 1           
79:          1.000000e+00 1.000000e-09 1.000000e-09 1           
80:          1.130242e-01 5.664905e-01 3.204853e-01 1           
81:          6.084205e-01 1.000000e-09 3.915795e-01 1           
82:          1.000000e+00 1.000000e-09 1.000000e-09 1           
83:          1.000000e+00 1.000000e-09 1.000000e-09 1           
84:          1.000000e+00 1.000000e-09 1.000000e-09 1           
85:          6.493600e-01 1.000000e-09 3.506400e-01 1           
86:          9.999998e-01 1.000000e-09 2.265151e-07 1           
87:          1.000000e+00 1.000000e-09 1.000000e-09 1           
88:          2.407015e-01 7.590107e-01 2.878474e-04 1           
89:          1.000000e+00 1.000000e-09 1.000000e-09 1           
90:          3.356364e-01 6.643636e-01 1.000000e-09 1           
91:          8.116860e-01 2.623255e-08 1.883140e-01 1           
92:          6.311363e-01 1.000000e-09 3.688637e-01 1           
93:          8.376088e-01 1.000000e-09 1.623912e-01 1           
94:          8.691106e-01 1.000000e-09 1.308894e-01 1           
95:          7.932184e-01 1.000000e-09 2.067816e-01 1           
96:          6.362790e-01 1.000000e-09 3.637210e-01 1           
97:          6.871022e-01 1.000000e-09 3.128978e-01 1           
98:          1.000000e+00 1.000000e-09 1.000000e-09 1           
99:          1.000000e+00 1.000000e-09 1.217513e-09 1           
100:         1.000000e+00 1.000000e-09 2.799990e-09 1           
101:         4.386669e-01 1.000000e-09 5.613331e-01 1           
102:         8.426409e-03 9.915736e-01 1.000000e-09 1           
103:         1.080604e-06 5.822728e-01 4.177261e-01 1           
104:         1.000000e-09 1.000000e+00 1.000000e-09 1           
105:         1.000000e-09 1.000000e+00 1.000000e-09 1           
106:         1.000000e-09 7.926527e-01 2.073473e-01 1           
107:         1.000000e-09 9.660567e-01 3.394327e-02 1           
108:         1.000000e-09 1.000000e+00 1.000000e-09 1           
109:         1.000000e-09 1.000000e+00 1.000000e-09 1           
110:         1.491388e-01 8.508612e-01 1.000000e-09 1           
111:         1.000000e-09 9.421291e-01 5.787092e-02 1           
112:         1.065451e-01 8.934549e-01 1.000000e-09 1           
113:         1.000000e-09 1.000000e+00 1.000000e-09 1           
114:         1.000000e-09 9.149701e-01 8.502985e-02 1           
115:         1.000000e-09 1.000000e+00 1.000000e-09 1           
116:         1.000000e-09 1.000000e+00 1.000000e-09 1           
117:         1.000000e-09 1.000000e+00 1.000000e-09 1           
118:         2.163861e-01 5.265138e-01 2.571000e-01 1           
119:         8.804997e-02 9.119500e-01 1.000000e-09 1           
120:         1.000000e-09 7.609060e-01 2.390940e-01 1           
121:         1.931882e-01 6.943959e-01 1.124159e-01 1           
122:         1.340577e-01 8.656454e-01 2.968860e-04 1           
123:         3.553265e-01 6.446735e-01 1.000000e-09 1           
124:         2.628027e-01 7.371973e-01 1.000000e-09 1           
125:         1.000000e-09 8.645556e-01 1.354444e-01 1           
126:         1.000000e-09 9.864488e-01 1.355124e-02 1           
127:         1.000000e-09 1.000000e+00 1.000000e-09 1           
128:         1.000000e-09 7.717586e-01 2.282414e-01 1           
129:         1.000000e-09 1.000000e+00 1.000000e-09 1           
130:         1.000000e-09 1.000000e+00 1.000000e-09 1           
131:         9.999994e-01 1.000000e-09 5.713907e-07 1           
132:         1.000000e+00 1.000000e-09 1.000000e-09 1           
133:         1.000000e+00 1.000000e-09 1.000000e-09 1           
134:         1.000000e+00 1.000000e-09 1.000000e-09 1           
135:         1.000000e+00 1.000000e-09 1.000000e-09 1           
136:         1.000000e+00 1.000000e-09 1.000000e-09 1           
137:         7.727526e-01 1.000000e-09 2.272474e-01 1           
138:         7.798089e-01 1.000000e-09 2.201911e-01 1           
139:         1.000000e-09 1.000000e-09 1.000000e+00 1           
140:         8.328589e-01 1.000000e-09 1.671411e-01 1           
141:         6.943702e-01 1.000000e-09 3.056298e-01 1           
142:         6.412392e-01 3.587608e-01 1.000000e-09 1           
143:         7.128638e-01 2.871362e-01 1.000000e-09 1           
144:         1.000000e+00 1.000000e-09 1.000000e-09 1           
145:         1.000000e+00 1.000000e-09 1.000000e-09 1           
146:         3.984451e-01 1.000000e-09 6.015549e-01 1           
147:         6.013590e-01 1.000000e-09 3.986410e-01 1           
148:         7.331643e-01 2.668357e-01 1.000000e-09 1           
149:         8.873837e-01 1.000000e-09 1.126163e-01 1           
150:         5.476262e-01 3.534477e-01 9.892603e-02 1           
151:         5.017249e-01 3.600912e-01 1.381839e-01 1           
152:         8.051694e-01 1.000000e-09 1.948306e-01 1           
153:         8.317620e-01 1.000000e-09 1.682380e-01 1           
154:         1.000000e+00 1.000000e-09 1.000000e-09 1           
155:         7.653816e-01 1.000000e-09 2.346184e-01 1           
156:         5.668989e-01 1.505922e-01 2.825089e-01 1           
157:         7.908400e-01 8.150248e-02 1.276575e-01 1           
158:         1.000000e-09 1.000000e-09 1.000000e+00 1           
159:         6.271114e-01 3.728886e-01 1.000000e-09 1           
160:         9.999544e-01 1.000000e-09 4.560978e-05 1           
161:         1.000000e+00 1.000000e-09 1.000000e-09 1           
162:         5.713034e-01 1.000000e-09 4.286966e-01 1           
163:         7.971038e-01 8.898324e-03 1.939978e-01 1           
164:         1.000000e+00 1.000000e-09 1.000000e-09 1           
165:         8.345213e-01 1.654787e-01 1.000000e-09 1           
166:         1.000000e+00 1.000000e-09 1.000000e-09 1           
167:         7.934001e-01 1.000000e-09 2.065999e-01 1           
168:         1.000000e+00 1.000000e-09 1.000000e-09 1           
169:         1.000000e+00 1.000000e-09 1.000000e-09 1           
170:         1.000000e+00 1.000000e-09 1.000000e-09 1           
171:         1.000000e+00 1.000000e-09 1.000000e-09 1           
172:         1.000000e+00 1.000000e-09 1.000000e-09 1           
173:         4.179068e-01 1.000000e-09 5.820932e-01 1           
174:         1.000000e+00 1.000000e-09 1.000000e-09 1           
175:         9.093585e-04 1.000000e-09 9.990906e-01 1           
176:         2.304923e-01 1.000000e-09 7.695077e-01 1           
177:         1.000000e-09 1.000000e-09 1.000000e+00 1           
178:         1.000000e-09 1.000000e-09 1.000000e+00 1           
179:         1.000000e-09 1.000000e-09 1.000000e+00 1           
180:         1.000000e-09 1.000000e-09 1.000000e+00 1           
181:         1.000000e-09 1.000000e+00 1.000000e-09 1           
              
              
1:           4.796493e-01 2.730389e-01 2.473118e-01 1           
2:           1.000000e-09 1.000000e+00 1.000000e-09 1           
3:           1.000000e-09 9.671021e-01 3.289793e-02 1           
4:           1.000000e-09 1.000000e+00 1.000000e-09 1           
5:           1.122533e-02 8.211723e-01 1.676024e-01 1           
6:           1.000000e-09 1.000000e+00 1.000000e-09 1           
7:           1.000000e-09 7.483199e-01 2.516801e-01 1           
8:           6.715198e-01 1.000000e-09 3.284802e-01 1           
9:           6.477809e-02 9.352219e-01 1.000000e-09 1           
10:          5.116065e-01 1.000000e-09 4.883935e-01 1           
11:          1.000000e-09 1.000000e-09 1.000000e+00 1           
12:          1.001509e-09 1.000000e+00 1.000000e-09 1           
13:          1.553653e-01 8.446347e-01 1.000000e-09 1           
14:          1.000000e-09 7.555752e-01 2.444248e-01 1           
15:          8.063747e-02 9.193625e-01 1.000000e-09 1           
16:          1.000000e-09 5.175428e-01 4.824572e-01 1           
17:          1.000000e-09 9.997864e-01 2.136466e-04 1           
18:          5.649189e-02 9.435081e-01 1.000000e-09 1           
19:          1.156586e-01 8.843414e-01 1.000000e-09 1           
20:          1.000000e-09 6.746714e-01 3.253286e-01 1           
21:          1.000000e-09 6.579591e-01 3.420409e-01 1           
22:          3.711243e-01 6.288757e-01 1.000000e-09 1           
23:          5.126872e-02 1.323488e-01 8.163825e-01 1           
24:          1.000000e-09 5.842501e-01 4.157499e-01 1           
25:          1.000000e-09 9.939868e-01 6.013157e-03 1           
26:          1.000000e-09 1.000000e-09 1.000000e+00 1           
27:          1.000000e-09 1.000000e-09 1.000000e+00 1           
28:          3.360505e-01 2.929481e-01 3.710014e-01 1           
29:          4.433341e-02 5.180017e-01 4.376649e-01 1           
30:          1.864240e-01 6.431124e-01 1.704636e-01 1           
31:          1.000000e-09 5.546365e-01 4.453635e-01 1           
32:          1.000000e-09 1.000000e+00 1.000000e-09 1           
33:          1.000000e-09 5.113032e-01 4.886968e-01 1           
34:          2.097097e-01 7.902903e-01 1.000000e-09 1           
35:          1.000000e-09 1.000000e+00 1.000000e-09 1           
36:          1.000000e-09 1.000000e+00 1.000000e-09 1           
37:          1.000000e-09 1.000000e+00 1.000000e-09 1           
38:          1.232712e-01 6.883399e-01 1.883888e-01 1           
39:          1.000000e-09 4.460068e-01 5.539932e-01 1           
40:          1.000000e-09 1.000000e+00 1.000000e-09 1           
41:          1.000000e-09 1.000000e+00 1.000000e-09 1           
42:          2.800922e-01 7.199078e-01 1.000000e-09 1           
43:          1.000000e-09 1.000000e-09 1.000000e+00 1           
44:          1.000000e-09 1.000000e-09 1.000000e+00 1           
45:          4.420819e-01 1.000000e-09 5.579181e-01 1           
46:          7.221168e-01 1.000000e-09 2.778832e-01 1           
47:          1.000000e-09 1.000000e-09 1.000000e+00 1           
48:          1.000000e-09 1.000000e-09 1.000000e+00 1           
49:          6.204183e-01 1.000000e-09 3.795817e-01 1           
50:          1.927989e-04 3.158293e-01 6.839779e-01 1           
51:          3.592027e-01 1.000000e-09 6.407973e-01 1           
52:          1.000000e-09 1.000000e-09 1.000000e+00 1           
53:          1.000000e-09 1.000000e-09 1.000000e+00 1           
54:          1.000000e-09 1.000000e-09 1.000000e+00 1           
55:          1.000000e-09 1.000000e-09 1.000000e+00 1           
56:          6.558500e-01 1.000000e-09 3.441500e-01 1           
57:          1.000000e-09 6.411857e-01 3.588143e-01 1           
58:          1.000000e+00 1.000000e-09 1.000000e-09 1           
59:          5.610561e-01 1.000000e-09 4.389439e-01 1           
60:          1.000000e+00 1.000000e-09 1.000000e-09 1           
61:          1.000000e+00 1.000000e-09 1.000000e-09 1           
62:          1.000000e+00 1.000000e-09 1.000000e-09 1           
63:          8.935825e-01 1.000000e-09 1.064175e-01 1           
64:          1.000000e+00 1.000000e-09 1.000000e-09 1           
65:          2.823939e-01 7.176061e-01 1.000000e-09 1           
66:          1.000000e-09 7.931463e-01 2.068537e-01 1           
67:          7.685742e-01 2.314258e-01 1.000000e-09 1           
68:          1.000000e+00 1.000000e-09 1.000000e-09 1           
69:          1.000000e-09 1.000000e+00 1.000000e-09 1           
70:          1.150565e-01 8.849435e-01 1.000000e-09 1           
71:          7.637156e-01 1.000000e-09 2.362844e-01 1           
72:          5.382835e-01 1.000000e-09 4.617165e-01 1           
73:          8.413036e-01 1.000000e-09 1.586964e-01 1           
74:          6.250947e-01 1.000000e-09 3.749053e-01 1           
75:          7.375088e-01 1.000000e-09 2.624912e-01 1           
76:          9.997697e-01 1.000000e-09 2.302601e-04 1           
77:          1.000000e+00 1.000000e-09 1.000000e-09 1           
78:          5.235616e-01 1.000000e-09 4.764384e-01 1           
79:          1.000000e+00 1.000000e-09 1.000000e-09 1           
80:          1.130242e-01 5.664905e-01 3.204853e-01 1           
81:          6.084205e-01 1.000000e-09 3.915795e-01 1           
82:          1.000000e+00 1.000000e-09 1.000000e-09 1           
83:          1.000000e+00 1.000000e-09 1.000000e-09 1           
84:          1.000000e+00 1.000000e-09 1.000000e-09 1           
85:          6.493600e-01 1.000000e-09 3.506400e-01 1           
86:          9.999998e-01 1.000000e-09 2.265151e-07 1           
87:          1.000000e+00 1.000000e-09 1.000000e-09 1           
88:          2.407015e-01 7.590107e-01 2.878474e-04 1           
89:          1.000000e+00 1.000000e-09 1.000000e-09 1           
90:          3.356364e-01 6.643636e-01 1.000000e-09 1           
91:          8.116860e-01 2.623255e-08 1.883140e-01 1           
92:          6.311363e-01 1.000000e-09 3.688637e-01 1           
93:          8.376088e-01 1.000000e-09 1.623912e-01 1           
94:          8.691106e-01 1.000000e-09 1.308894e-01 1           
95:          7.932184e-01 1.000000e-09 2.067816e-01 1           
96:          6.362790e-01 1.000000e-09 3.637210e-01 1           
97:          6.871022e-01 1.000000e-09 3.128978e-01 1           
98:          1.000000e+00 1.000000e-09 1.000000e-09 1           
99:          1.000000e+00 1.000000e-09 1.217513e-09 1           
100:         1.000000e+00 1.000000e-09 2.799990e-09 1           
101:         4.386669e-01 1.000000e-09 5.613331e-01 1           
102:         8.426409e-03 9.915736e-01 1.000000e-09 1           
103:         1.080604e-06 5.822728e-01 4.177261e-01 1           
104:         1.000000e-09 1.000000e+00 1.000000e-09 1           
105:         1.000000e-09 1.000000e+00 1.000000e-09 1           
106:         1.000000e-09 7.926527e-01 2.073473e-01 1           
107:         1.000000e-09 9.660567e-01 3.394327e-02 1           
108:         1.000000e-09 1.000000e+00 1.000000e-09 1           
109:         1.000000e-09 1.000000e+00 1.000000e-09 1           
110:         1.491388e-01 8.508612e-01 1.000000e-09 1           
111:         1.000000e-09 9.421291e-01 5.787092e-02 1           
112:         1.065451e-01 8.934549e-01 1.000000e-09 1           
113:         1.000000e-09 1.000000e+00 1.000000e-09 1           
114:         1.000000e-09 9.149701e-01 8.502985e-02 1           
115:         1.000000e-09 1.000000e+00 1.000000e-09 1           
116:         1.000000e-09 1.000000e+00 1.000000e-09 1           
117:         1.000000e-09 1.000000e+00 1.000000e-09 1           
118:         2.163861e-01 5.265138e-01 2.571000e-01 1           
119:         8.804997e-02 9.119500e-01 1.000000e-09 1           
120:         1.000000e-09 7.609060e-01 2.390940e-01 1           
121:         1.931882e-01 6.943959e-01 1.124159e-01 1           
122:         1.340577e-01 8.656454e-01 2.968860e-04 1           
123:         3.553265e-01 6.446735e-01 1.000000e-09 1           
124:         2.628027e-01 7.371973e-01 1.000000e-09 1           
125:         1.000000e-09 8.645556e-01 1.354444e-01 1           
126:         1.000000e-09 9.864488e-01 1.355124e-02 1           
127:         1.000000e-09 1.000000e+00 1.000000e-09 1           
128:         1.000000e-09 7.717586e-01 2.282414e-01 1           
129:         1.000000e-09 1.000000e+00 1.000000e-09 1           
130:         1.000000e-09 1.000000e+00 1.000000e-09 1           
131:         9.999994e-01 1.000000e-09 5.713907e-07 1           
132:         1.000000e+00 1.000000e-09 1.000000e-09 1           
133:         1.000000e+00 1.000000e-09 1.000000e-09 1           
134:         1.000000e+00 1.000000e-09 1.000000e-09 1           
135:         1.000000e+00 1.000000e-09 1.000000e-09 1           
136:         1.000000e+00 1.000000e-09 1.000000e-09 1           
137:         7.727526e-01 1.000000e-09 2.272474e-01 1           
138:         7.798089e-01 1.000000e-09 2.201911e-01 1           
139:         1.000000e-09 1.000000e-09 1.000000e+00 1           
140:         8.328589e-01 1.000000e-09 1.671411e-01 1           
141:         6.943702e-01 1.000000e-09 3.056298e-01 1           
142:         6.412392e-01 3.587608e-01 1.000000e-09 1           
143:         7.128638e-01 2.871362e-01 1.000000e-09 1           
144:         1.000000e+00 1.000000e-09 1.000000e-09 1           
145:         1.000000e+00 1.000000e-09 1.000000e-09 1           
146:         3.984451e-01 1.000000e-09 6.015549e-01 1           
147:         6.013590e-01 1.000000e-09 3.986410e-01 1           
148:         7.331643e-01 2.668357e-01 1.000000e-09 1           
149:         8.873837e-01 1.000000e-09 1.126163e-01 1           
150:         5.476262e-01 3.534477e-01 9.892603e-02 1           
151:         5.017249e-01 3.600912e-01 1.381839e-01 1           
152:         8.051694e-01 1.000000e-09 1.948306e-01 1           
153:         8.317620e-01 1.000000e-09 1.682380e-01 1           
154:         1.000000e+00 1.000000e-09 1.000000e-09 1           
155:         7.653816e-01 1.000000e-09 2.346184e-01 1           
156:         5.668989e-01 1.505922e-01 2.825089e-01 1           
157:         7.908400e-01 8.150248e-02 1.276575e-01 1           
158:         1.000000e-09 1.000000e-09 1.000000e+00 1           
159:         6.271114e-01 3.728886e-01 1.000000e-09 1           
160:         9.999544e-01 1.000000e-09 4.560978e-05 1           
161:         1.000000e+00 1.000000e-09 1.000000e-09 1           
162:         5.713034e-01 1.000000e-09 4.286966e-01 1           
163:         7.971038e-01 8.898324e-03 1.939978e-01 1           
164:         1.000000e+00 1.000000e-09 1.000000e-09 1           
165:         8.345213e-01 1.654787e-01 1.000000e-09 1           
166:         1.000000e+00 1.000000e-09 1.000000e-09 1           
167:         7.934001e-01 1.000000e-09 2.065999e-01 1           
168:         1.000000e+00 1.000000e-09 1.000000e-09 1           
169:         1.000000e+00 1.000000e-09 1.000000e-09 1           
170:         1.000000e+00 1.000000e-09 1.000000e-09 1           
171:         1.000000e+00 1.000000e-09 1.000000e-09 1           
172:         1.000000e+00 1.000000e-09 1.000000e-09 1           
173:         4.179068e-01 1.000000e-09 5.820932e-01 1           
174:         1.000000e+00 1.000000e-09 1.000000e-09 1           
175:         9.093585e-04 1.000000e-09 9.990906e-01 1           
176:         2.304923e-01 1.000000e-09 7.695077e-01 1           
177:         1.000000e-09 1.000000e-09 1.000000e+00 1           
178:         1.000000e-09 1.000000e-09 1.000000e+00 1           
179:         1.000000e-09 1.000000e-09 1.000000e+00 1           
180:         1.000000e-09 1.000000e-09 1.000000e+00 1           
181:         1.000000e-09 1.000000e+00 1.000000e-09 1           
